datetime,timestamp_desc,source,source_long,message,parser,display_name,tag
2023-12-20T23:46:16.000000+00:00,Content Modification Time,FILE,File stat,NTFS:\Program Files (x86)\Microsoft\EdgeWebView\Application\120.0.2210.91\ResiliencyLinks\Locales\fr-CA.pak.DATA Type: file,filestat,NTFS:\Program Files (x86)\Microsoft\EdgeWebView\Application\120.0.2210.91\ResiliencyLinks\Locales\fr-CA.pak.DATA,-
2023-12-20T23:46:16.000000+00:00,Content Modification Time,FILE,File stat,NTFS:\Program Files (x86)\Microsoft\EdgeWebView\Application\120.0.2210.91\ResiliencyLinks\Locales\fr.pak.DATA Type: file,filestat,NTFS:\Program Files (x86)\Microsoft\EdgeWebView\Application\120.0.2210.91\ResiliencyLinks\Locales\fr.pak.DATA,-
2023-12-20T23:46:16.000000+00:00,Content Modification Time,FILE,File stat,NTFS:\Program Files (x86)\Microsoft\EdgeWebView\Application\120.0.2210.91\ResiliencyLinks\Locales\ga.pak.DATA Type: file,filestat,NTFS:\Program Files (x86)\Microsoft\EdgeWebView\Application\120.0.2210.91\ResiliencyLinks\Locales\ga.pak.DATA,-
2023-12-20T23:46:16.000000+00:00,Content Modification Time,FILE,File stat,NTFS:\Program Files (x86)\Microsoft\EdgeWebView\Application\120.0.2210.91\ResiliencyLinks\Locales\gd.pak.DATA Type: file,filestat,NTFS:\Program Files (x86)\Microsoft\EdgeWebView\Application\120.0.2210.91\ResiliencyLinks\Locales\gd.pak.DATA,-
2023-12-20T23:46:16.000000+00:00,Content Modification Time,FILE,File stat,NTFS:\Program Files (x86)\Microsoft\EdgeWebView\Application\120.0.2210.91\ResiliencyLinks\Locales\gl.pak.DATA Type: file,filestat,NTFS:\Program Files (x86)\Microsoft\EdgeWebView\Application\120.0.2210.91\ResiliencyLinks\Locales\gl.pak.DATA,-
2023-12-20T23:46:16.000000+00:00,Content Modification Time,FILE,File stat,NTFS:\Program Files (x86)\Microsoft\EdgeWebView\Application\120.0.2210.91\ResiliencyLinks\Locales\gu.pak.DATA Type: file,filestat,NTFS:\Program Files (x86)\Microsoft\EdgeWebView\Application\120.0.2210.91\ResiliencyLinks\Locales\gu.pak.DATA,-
2023-12-20T23:46:16.000000+00:00,Content Modification Time,FILE,File stat,NTFS:\Program Files (x86)\Microsoft\EdgeWebView\Application\120.0.2210.91\ResiliencyLinks\Locales\he.pak.DATA Type: file,filestat,NTFS:\Program Files (x86)\Microsoft\EdgeWebView\Application\120.0.2210.91\ResiliencyLinks\Locales\he.pak.DATA,-
2023-12-20T23:46:16.000000+00:00,Content Modification Time,FILE,File stat,NTFS:\Program Files (x86)\Microsoft\EdgeWebView\Application\120.0.2210.91\ResiliencyLinks\Locales\hi.pak.DATA Type: file,filestat,NTFS:\Program Files (x86)\Microsoft\EdgeWebView\Application\120.0.2210.91\ResiliencyLinks\Locales\hi.pak.DATA,-
2023-12-20T23:46:16.000000+00:00,Content Modification Time,FILE,File stat,NTFS:\Program Files (x86)\Microsoft\EdgeWebView\Application\120.0.2210.91\ResiliencyLinks\Locales\hr.pak.DATA Type: file,filestat,NTFS:\Program Files (x86)\Microsoft\EdgeWebView\Application\120.0.2210.91\ResiliencyLinks\Locales\hr.pak.DATA,-
2023-12-20T23:46:16.000000+00:00,Content Modification Time,FILE,File stat,NTFS:\Program Files (x86)\Microsoft\EdgeWebView\Application\120.0.2210.91\ResiliencyLinks\Locales\hu.pak.DATA Type: file,filestat,NTFS:\Program Files (x86)\Microsoft\EdgeWebView\Application\120.0.2210.91\ResiliencyLinks\Locales\hu.pak.DATA,-
2023-12-20T23:46:16.000000+00:00,Content Modification Time,FILE,File stat,NTFS:\Program Files (x86)\Microsoft\EdgeWebView\Application\120.0.2210.91\ResiliencyLinks\Locales\id.pak.DATA Type: file,filestat,NTFS:\Program Files (x86)\Microsoft\EdgeWebView\Application\120.0.2210.91\ResiliencyLinks\Locales\id.pak.DATA,-
2023-12-20T23:46:16.000000+00:00,Content Modification Time,FILE,File stat,NTFS:\Program Files (x86)\Microsoft\EdgeWebView\Application\120.0.2210.91\ResiliencyLinks\Locales\is.pak.DATA Type: file,filestat,NTFS:\Program Files (x86)\Microsoft\EdgeWebView\Application\120.0.2210.91\ResiliencyLinks\Locales\is.pak.DATA,-
2023-12-20T23:46:16.000000+00:00,Content Modification Time,FILE,File stat,NTFS:\Program Files (x86)\Microsoft\EdgeWebView\Application\120.0.2210.91\ResiliencyLinks\Locales\it.pak.DATA Type: file,filestat,NTFS:\Program Files (x86)\Microsoft\EdgeWebView\Application\120.0.2210.91\ResiliencyLinks\Locales\it.pak.DATA,-
2023-12-20T23:46:16.000000+00:00,Content Modification Time,FILE,File stat,NTFS:\Program Files (x86)\Microsoft\EdgeWebView\Application\120.0.2210.91\ResiliencyLinks\Locales\ja.pak.DATA Type: file,filestat,NTFS:\Program Files (x86)\Microsoft\EdgeWebView\Application\120.0.2210.91\ResiliencyLinks\Locales\ja.pak.DATA,-
2023-12-20T23:46:16.000000+00:00,Content Modification Time,FILE,File stat,NTFS:\Program Files (x86)\Microsoft\EdgeWebView\Application\120.0.2210.91\ResiliencyLinks\Locales\ka.pak.DATA Type: file,filestat,NTFS:\Program Files (x86)\Microsoft\EdgeWebView\Application\120.0.2210.91\ResiliencyLinks\Locales\ka.pak.DATA,-
2023-12-20T23:46:16.000000+00:00,Content Modification Time,FILE,File stat,NTFS:\Program Files (x86)\Microsoft\EdgeWebView\Application\120.0.2210.91\ResiliencyLinks\Locales\kk.pak.DATA Type: file,filestat,NTFS:\Program Files (x86)\Microsoft\EdgeWebView\Application\120.0.2210.91\ResiliencyLinks\Locales\kk.pak.DATA,-
2023-12-20T23:46:16.000000+00:00,Content Modification Time,FILE,File stat,NTFS:\Program Files (x86)\Microsoft\EdgeWebView\Application\120.0.2210.91\ResiliencyLinks\Locales\km.pak.DATA Type: file,filestat,NTFS:\Program Files (x86)\Microsoft\EdgeWebView\Application\120.0.2210.91\ResiliencyLinks\Locales\km.pak.DATA,-
2023-12-20T23:46:16.000000+00:00,Content Modification Time,FILE,File stat,NTFS:\Program Files (x86)\Microsoft\EdgeWebView\Application\120.0.2210.91\ResiliencyLinks\Locales\kn.pak.DATA Type: file,filestat,NTFS:\Program Files (x86)\Microsoft\EdgeWebView\Application\120.0.2210.91\ResiliencyLinks\Locales\kn.pak.DATA,-
2023-12-20T23:46:16.000000+00:00,Content Modification Time,FILE,File stat,NTFS:\Program Files (x86)\Microsoft\EdgeWebView\Application\120.0.2210.91\ResiliencyLinks\Locales\ko.pak.DATA Type: file,filestat,NTFS:\Program Files (x86)\Microsoft\EdgeWebView\Application\120.0.2210.91\ResiliencyLinks\Locales\ko.pak.DATA,-
2023-12-20T23:46:16.000000+00:00,Content Modification Time,FILE,File stat,NTFS:\Program Files (x86)\Microsoft\EdgeWebView\Application\120.0.2210.91\ResiliencyLinks\Locales\kok.pak.DATA Type: file,filestat,NTFS:\Program Files (x86)\Microsoft\EdgeWebView\Application\120.0.2210.91\ResiliencyLinks\Locales\kok.pak.DATA,-
2023-12-20T23:46:16.000000+00:00,Content Modification Time,FILE,File stat,NTFS:\Program Files (x86)\Microsoft\EdgeWebView\Application\120.0.2210.91\ResiliencyLinks\Locales\lb.pak.DATA Type: file,filestat,NTFS:\Program Files (x86)\Microsoft\EdgeWebView\Application\120.0.2210.91\ResiliencyLinks\Locales\lb.pak.DATA,-
2023-12-20T23:46:16.000000+00:00,Content Modification Time,FILE,File stat,NTFS:\Program Files (x86)\Microsoft\EdgeWebView\Application\120.0.2210.91\ResiliencyLinks\Locales\lo.pak.DATA Type: file,filestat,NTFS:\Program Files (x86)\Microsoft\EdgeWebView\Application\120.0.2210.91\ResiliencyLinks\Locales\lo.pak.DATA,-
2023-12-20T23:46:16.000000+00:00,Content Modification Time,FILE,File stat,NTFS:\Program Files (x86)\Microsoft\EdgeWebView\Application\120.0.2210.91\ResiliencyLinks\Locales\lt.pak.DATA Type: file,filestat,NTFS:\Program Files (x86)\Microsoft\EdgeWebView\Application\120.0.2210.91\ResiliencyLinks\Locales\lt.pak.DATA,-
2023-12-20T23:46:16.000000+00:00,Content Modification Time,FILE,File stat,NTFS:\Program Files (x86)\Microsoft\EdgeWebView\Application\120.0.2210.91\ResiliencyLinks\Locales\lv.pak.DATA Type: file,filestat,NTFS:\Program Files (x86)\Microsoft\EdgeWebView\Application\120.0.2210.91\ResiliencyLinks\Locales\lv.pak.DATA,-
2023-12-20T23:46:16.000000+00:00,Content Modification Time,FILE,File stat,NTFS:\Program Files (x86)\Microsoft\EdgeWebView\Application\120.0.2210.91\ResiliencyLinks\Locales\mi.pak.DATA Type: file,filestat,NTFS:\Program Files (x86)\Microsoft\EdgeWebView\Application\120.0.2210.91\ResiliencyLinks\Locales\mi.pak.DATA,-
2023-12-20T23:46:16.000000+00:00,Content Modification Time,FILE,File stat,NTFS:\Program Files (x86)\Microsoft\EdgeWebView\Application\120.0.2210.91\ResiliencyLinks\Locales\mk.pak.DATA Type: file,filestat,NTFS:\Program Files (x86)\Microsoft\EdgeWebView\Application\120.0.2210.91\ResiliencyLinks\Locales\mk.pak.DATA,-
2023-12-20T23:46:16.000000+00:00,Content Modification Time,FILE,File stat,NTFS:\Program Files (x86)\Microsoft\EdgeWebView\Application\120.0.2210.91\ResiliencyLinks\Locales\ml.pak.DATA Type: file,filestat,NTFS:\Program Files (x86)\Microsoft\EdgeWebView\Application\120.0.2210.91\ResiliencyLinks\Locales\ml.pak.DATA,-
2023-12-20T23:46:16.000000+00:00,Content Modification Time,FILE,File stat,NTFS:\Program Files (x86)\Microsoft\EdgeWebView\Application\120.0.2210.91\ResiliencyLinks\Locales\mr.pak.DATA Type: file,filestat,NTFS:\Program Files (x86)\Microsoft\EdgeWebView\Application\120.0.2210.91\ResiliencyLinks\Locales\mr.pak.DATA,-
2023-12-20T23:46:16.000000+00:00,Content Modification Time,FILE,File stat,NTFS:\Program Files (x86)\Microsoft\EdgeWebView\Application\120.0.2210.91\ResiliencyLinks\Locales\ms.pak.DATA Type: file,filestat,NTFS:\Program Files (x86)\Microsoft\EdgeWebView\Application\120.0.2210.91\ResiliencyLinks\Locales\ms.pak.DATA,-
2023-12-20T23:46:16.000000+00:00,Content Modification Time,FILE,File stat,NTFS:\Program Files (x86)\Microsoft\EdgeWebView\Application\120.0.2210.91\ResiliencyLinks\Locales\mt.pak.DATA Type: file,filestat,NTFS:\Program Files (x86)\Microsoft\EdgeWebView\Application\120.0.2210.91\ResiliencyLinks\Locales\mt.pak.DATA,-
2023-12-20T23:46:16.000000+00:00,Content Modification Time,FILE,File stat,NTFS:\Program Files (x86)\Microsoft\EdgeWebView\Application\120.0.2210.91\ResiliencyLinks\Locales\nb.pak.DATA Type: file,filestat,NTFS:\Program Files (x86)\Microsoft\EdgeWebView\Application\120.0.2210.91\ResiliencyLinks\Locales\nb.pak.DATA,-
2023-12-20T23:46:16.000000+00:00,Content Modification Time,FILE,File stat,NTFS:\Program Files (x86)\Microsoft\EdgeWebView\Application\120.0.2210.91\ResiliencyLinks\Locales\ne.pak.DATA Type: file,filestat,NTFS:\Program Files (x86)\Microsoft\EdgeWebView\Application\120.0.2210.91\ResiliencyLinks\Locales\ne.pak.DATA,-
2023-12-20T23:46:16.000000+00:00,Content Modification Time,FILE,File stat,NTFS:\Program Files (x86)\Microsoft\EdgeWebView\Application\120.0.2210.91\ResiliencyLinks\Locales\nl.pak.DATA Type: file,filestat,NTFS:\Program Files (x86)\Microsoft\EdgeWebView\Application\120.0.2210.91\ResiliencyLinks\Locales\nl.pak.DATA,-
2023-12-20T23:46:16.000000+00:00,Content Modification Time,FILE,File stat,NTFS:\Program Files (x86)\Microsoft\EdgeWebView\Application\120.0.2210.91\ResiliencyLinks\Locales\nn.pak.DATA Type: file,filestat,NTFS:\Program Files (x86)\Microsoft\EdgeWebView\Application\120.0.2210.91\ResiliencyLinks\Locales\nn.pak.DATA,-
2023-12-20T23:46:16.000000+00:00,Content Modification Time,FILE,File stat,NTFS:\Program Files (x86)\Microsoft\EdgeWebView\Application\120.0.2210.91\ResiliencyLinks\Locales\or.pak.DATA Type: file,filestat,NTFS:\Program Files (x86)\Microsoft\EdgeWebView\Application\120.0.2210.91\ResiliencyLinks\Locales\or.pak.DATA,-
2023-12-20T23:46:16.000000+00:00,Content Modification Time,FILE,File stat,NTFS:\Program Files (x86)\Microsoft\EdgeWebView\Application\120.0.2210.91\ResiliencyLinks\Locales\pa.pak.DATA Type: file,filestat,NTFS:\Program Files (x86)\Microsoft\EdgeWebView\Application\120.0.2210.91\ResiliencyLinks\Locales\pa.pak.DATA,-
2023-12-20T23:46:16.000000+00:00,Content Modification Time,FILE,File stat,NTFS:\Program Files (x86)\Microsoft\EdgeWebView\Application\120.0.2210.91\ResiliencyLinks\Locales\pl.pak.DATA Type: file,filestat,NTFS:\Program Files (x86)\Microsoft\EdgeWebView\Application\120.0.2210.91\ResiliencyLinks\Locales\pl.pak.DATA,-
2023-12-20T23:46:16.000000+00:00,Content Modification Time,FILE,File stat,NTFS:\Program Files (x86)\Microsoft\EdgeWebView\Application\120.0.2210.91\ResiliencyLinks\Locales\pt-BR.pak.DATA Type: file,filestat,NTFS:\Program Files (x86)\Microsoft\EdgeWebView\Application\120.0.2210.91\ResiliencyLinks\Locales\pt-BR.pak.DATA,-
2023-12-20T23:46:16.000000+00:00,Content Modification Time,FILE,File stat,NTFS:\Program Files (x86)\Microsoft\EdgeWebView\Application\120.0.2210.91\ResiliencyLinks\Locales\pt-PT.pak.DATA Type: file,filestat,NTFS:\Program Files (x86)\Microsoft\EdgeWebView\Application\120.0.2210.91\ResiliencyLinks\Locales\pt-PT.pak.DATA,-
2023-12-20T23:46:16.000000+00:00,Content Modification Time,FILE,File stat,NTFS:\Program Files (x86)\Microsoft\EdgeWebView\Application\120.0.2210.91\ResiliencyLinks\Locales\qu.pak.DATA Type: file,filestat,NTFS:\Program Files (x86)\Microsoft\EdgeWebView\Application\120.0.2210.91\ResiliencyLinks\Locales\qu.pak.DATA,-
2023-12-20T23:46:16.000000+00:00,Content Modification Time,FILE,File stat,NTFS:\Program Files (x86)\Microsoft\EdgeWebView\Application\120.0.2210.91\ResiliencyLinks\Locales\ro.pak.DATA Type: file,filestat,NTFS:\Program Files (x86)\Microsoft\EdgeWebView\Application\120.0.2210.91\ResiliencyLinks\Locales\ro.pak.DATA,-
2023-12-20T23:46:16.000000+00:00,Content Modification Time,FILE,File stat,NTFS:\Program Files (x86)\Microsoft\EdgeWebView\Application\120.0.2210.91\ResiliencyLinks\Locales\ru.pak.DATA Type: file,filestat,NTFS:\Program Files (x86)\Microsoft\EdgeWebView\Application\120.0.2210.91\ResiliencyLinks\Locales\ru.pak.DATA,-
2023-12-20T23:46:16.000000+00:00,Content Modification Time,FILE,File stat,NTFS:\Program Files (x86)\Microsoft\EdgeWebView\Application\120.0.2210.91\ResiliencyLinks\Locales\sk.pak.DATA Type: file,filestat,NTFS:\Program Files (x86)\Microsoft\EdgeWebView\Application\120.0.2210.91\ResiliencyLinks\Locales\sk.pak.DATA,-
2023-12-20T23:46:16.000000+00:00,Content Modification Time,FILE,File stat,NTFS:\Program Files (x86)\Microsoft\EdgeWebView\Application\120.0.2210.91\ResiliencyLinks\Locales\sl.pak.DATA Type: file,filestat,NTFS:\Program Files (x86)\Microsoft\EdgeWebView\Application\120.0.2210.91\ResiliencyLinks\Locales\sl.pak.DATA,-
2023-12-20T23:46:16.000000+00:00,Content Modification Time,FILE,File stat,NTFS:\Program Files (x86)\Microsoft\EdgeWebView\Application\120.0.2210.91\ResiliencyLinks\Locales\sq.pak.DATA Type: file,filestat,NTFS:\Program Files (x86)\Microsoft\EdgeWebView\Application\120.0.2210.91\ResiliencyLinks\Locales\sq.pak.DATA,-
2023-12-20T23:46:16.000000+00:00,Content Modification Time,FILE,File stat,NTFS:\Program Files (x86)\Microsoft\EdgeWebView\Application\120.0.2210.91\ResiliencyLinks\Locales\sr-Cyrl-BA.pak.DATA Type: file,filestat,NTFS:\Program Files (x86)\Microsoft\EdgeWebView\Application\120.0.2210.91\ResiliencyLinks\Locales\sr-Cyrl-BA.pak.DATA,-
2023-12-20T23:46:16.000000+00:00,Content Modification Time,FILE,File stat,NTFS:\Program Files (x86)\Microsoft\EdgeWebView\Application\120.0.2210.91\ResiliencyLinks\Locales\sr-Latn-RS.pak.DATA Type: file,filestat,NTFS:\Program Files (x86)\Microsoft\EdgeWebView\Application\120.0.2210.91\ResiliencyLinks\Locales\sr-Latn-RS.pak.DATA,-
2023-12-20T23:46:16.000000+00:00,Content Modification Time,FILE,File stat,NTFS:\Program Files (x86)\Microsoft\EdgeWebView\Application\120.0.2210.91\ResiliencyLinks\Locales\sr.pak.DATA Type: file,filestat,NTFS:\Program Files (x86)\Microsoft\EdgeWebView\Application\120.0.2210.91\ResiliencyLinks\Locales\sr.pak.DATA,-
2023-12-20T23:46:16.000000+00:00,Content Modification Time,FILE,File stat,NTFS:\Program Files (x86)\Microsoft\EdgeWebView\Application\120.0.2210.91\ResiliencyLinks\Locales\sv.pak.DATA Type: file,filestat,NTFS:\Program Files (x86)\Microsoft\EdgeWebView\Application\120.0.2210.91\ResiliencyLinks\Locales\sv.pak.DATA,-
2023-12-20T23:46:16.000000+00:00,Content Modification Time,FILE,File stat,NTFS:\Program Files (x86)\Microsoft\EdgeWebView\Application\120.0.2210.91\ResiliencyLinks\Locales\ta.pak.DATA Type: file,filestat,NTFS:\Program Files (x86)\Microsoft\EdgeWebView\Application\120.0.2210.91\ResiliencyLinks\Locales\ta.pak.DATA,-
2023-12-20T23:46:16.000000+00:00,Content Modification Time,FILE,File stat,NTFS:\Program Files (x86)\Microsoft\EdgeWebView\Application\120.0.2210.91\ResiliencyLinks\Locales\te.pak.DATA Type: file,filestat,NTFS:\Program Files (x86)\Microsoft\EdgeWebView\Application\120.0.2210.91\ResiliencyLinks\Locales\te.pak.DATA,-
2023-12-20T23:46:16.000000+00:00,Content Modification Time,FILE,File stat,NTFS:\Program Files (x86)\Microsoft\EdgeWebView\Application\120.0.2210.91\ResiliencyLinks\Locales\th.pak.DATA Type: file,filestat,NTFS:\Program Files (x86)\Microsoft\EdgeWebView\Application\120.0.2210.91\ResiliencyLinks\Locales\th.pak.DATA,-
2023-12-20T23:46:16.000000+00:00,Content Modification Time,FILE,File stat,NTFS:\Program Files (x86)\Microsoft\EdgeWebView\Application\120.0.2210.91\ResiliencyLinks\Locales\tr.pak.DATA Type: file,filestat,NTFS:\Program Files (x86)\Microsoft\EdgeWebView\Application\120.0.2210.91\ResiliencyLinks\Locales\tr.pak.DATA,-
2023-12-20T23:46:16.000000+00:00,Content Modification Time,FILE,File stat,NTFS:\Program Files (x86)\Microsoft\EdgeWebView\Application\120.0.2210.91\ResiliencyLinks\Locales\tt.pak.DATA Type: file,filestat,NTFS:\Program Files (x86)\Microsoft\EdgeWebView\Application\120.0.2210.91\ResiliencyLinks\Locales\tt.pak.DATA,-
2023-12-20T23:46:16.000000+00:00,Content Modification Time,FILE,File stat,NTFS:\Program Files (x86)\Microsoft\EdgeWebView\Application\120.0.2210.91\ResiliencyLinks\Locales\ug.pak.DATA Type: file,filestat,NTFS:\Program Files (x86)\Microsoft\EdgeWebView\Application\120.0.2210.91\ResiliencyLinks\Locales\ug.pak.DATA,-
2023-12-20T23:46:16.000000+00:00,Content Modification Time,FILE,File stat,NTFS:\Program Files (x86)\Microsoft\EdgeWebView\Application\120.0.2210.91\ResiliencyLinks\Locales\uk.pak.DATA Type: file,filestat,NTFS:\Program Files (x86)\Microsoft\EdgeWebView\Application\120.0.2210.91\ResiliencyLinks\Locales\uk.pak.DATA,-
2023-12-20T23:46:16.000000+00:00,Content Modification Time,FILE,File stat,NTFS:\Program Files (x86)\Microsoft\EdgeWebView\Application\120.0.2210.91\ResiliencyLinks\Locales\ur.pak.DATA Type: file,filestat,NTFS:\Program Files (x86)\Microsoft\EdgeWebView\Application\120.0.2210.91\ResiliencyLinks\Locales\ur.pak.DATA,-
2023-12-20T23:46:16.000000+00:00,Content Modification Time,FILE,File stat,NTFS:\Program Files (x86)\Microsoft\EdgeWebView\Application\120.0.2210.91\ResiliencyLinks\Locales\vi.pak.DATA Type: file,filestat,NTFS:\Program Files (x86)\Microsoft\EdgeWebView\Application\120.0.2210.91\ResiliencyLinks\Locales\vi.pak.DATA,-
2023-12-20T23:46:16.000000+00:00,Content Modification Time,FILE,File stat,NTFS:\Program Files (x86)\Microsoft\EdgeWebView\Application\120.0.2210.91\ResiliencyLinks\Locales\zh-CN.pak.DATA Type: file,filestat,NTFS:\Program Files (x86)\Microsoft\EdgeWebView\Application\120.0.2210.91\ResiliencyLinks\Locales\zh-CN.pak.DATA,-
2023-12-20T23:46:16.000000+00:00,Content Modification Time,FILE,File stat,NTFS:\Program Files (x86)\Microsoft\EdgeWebView\Application\120.0.2210.91\ResiliencyLinks\Locales\zh-TW.pak.DATA Type: file,filestat,NTFS:\Program Files (x86)\Microsoft\EdgeWebView\Application\120.0.2210.91\ResiliencyLinks\Locales\zh-TW.pak.DATA,-
2023-12-20T23:46:16.000000+00:00,Content Modification Time,FILE,File stat,NTFS:\Program Files (x86)\Microsoft\EdgeWebView\Application\120.0.2210.91\ResiliencyLinks\MEIPreload\manifest.json.DATA Type: file,filestat,NTFS:\Program Files (x86)\Microsoft\EdgeWebView\Application\120.0.2210.91\ResiliencyLinks\MEIPreload\manifest.json.DATA,-
2023-12-20T23:46:16.000000+00:00,Content Modification Time,FILE,File stat,NTFS:\Program Files (x86)\Microsoft\EdgeWebView\Application\120.0.2210.91\ResiliencyLinks\MEIPreload\preloaded_data.pb.DATA Type: file,filestat,NTFS:\Program Files (x86)\Microsoft\EdgeWebView\Application\120.0.2210.91\ResiliencyLinks\MEIPreload\preloaded_data.pb.DATA,-
2023-12-20T23:46:16.000000+00:00,Content Modification Time,FILE,File stat,NTFS:\Program Files (x86)\Microsoft\EdgeWebView\Application\120.0.2210.91\ResiliencyLinks\Notifications\SoftLandingAssetDark.gif.DATA Type: file,filestat,NTFS:\Program Files (x86)\Microsoft\EdgeWebView\Application\120.0.2210.91\ResiliencyLinks\Notifications\SoftLandingAssetDark.gif.DATA,-
2023-12-20T23:46:16.000000+00:00,Content Modification Time,FILE,File stat,NTFS:\Program Files (x86)\Microsoft\EdgeWebView\Application\120.0.2210.91\ResiliencyLinks\Notifications\SoftLandingAssetLight.gif.DATA Type: file,filestat,NTFS:\Program Files (x86)\Microsoft\EdgeWebView\Application\120.0.2210.91\ResiliencyLinks\Notifications\SoftLandingAssetLight.gif.DATA,-
2023-12-20T23:46:16.000000+00:00,Content Modification Time,FILE,File stat,NTFS:\Program Files (x86)\Microsoft\EdgeWebView\Application\120.0.2210.91\ResiliencyLinks\Trust Protection Lists\Mu\Advertising.DATA Type: file,filestat,NTFS:\Program Files (x86)\Microsoft\EdgeWebView\Application\120.0.2210.91\ResiliencyLinks\Trust Protection Lists\Mu\Advertising.DATA,-
2023-12-20T23:46:16.000000+00:00,Content Modification Time,FILE,File stat,NTFS:\Program Files (x86)\Microsoft\EdgeWebView\Application\120.0.2210.91\ResiliencyLinks\Trust Protection Lists\Mu\Analytics.DATA Type: file,filestat,NTFS:\Program Files (x86)\Microsoft\EdgeWebView\Application\120.0.2210.91\ResiliencyLinks\Trust Protection Lists\Mu\Analytics.DATA,-
2023-12-20T23:46:16.000000+00:00,Content Modification Time,FILE,File stat,NTFS:\Program Files (x86)\Microsoft\EdgeWebView\Application\120.0.2210.91\ResiliencyLinks\Trust Protection Lists\Mu\CompatExceptions.DATA Type: file,filestat,NTFS:\Program Files (x86)\Microsoft\EdgeWebView\Application\120.0.2210.91\ResiliencyLinks\Trust Protection Lists\Mu\CompatExceptions.DATA,-
2023-12-20T23:46:16.000000+00:00,Content Modification Time,FILE,File stat,NTFS:\Program Files (x86)\Microsoft\EdgeWebView\Application\120.0.2210.91\ResiliencyLinks\Trust Protection Lists\Mu\Content.DATA Type: file,filestat,NTFS:\Program Files (x86)\Microsoft\EdgeWebView\Application\120.0.2210.91\ResiliencyLinks\Trust Protection Lists\Mu\Content.DATA,-
2023-12-20T23:46:16.000000+00:00,Content Modification Time,FILE,File stat,NTFS:\Program Files (x86)\Microsoft\EdgeWebView\Application\120.0.2210.91\ResiliencyLinks\Trust Protection Lists\Mu\Cryptomining.DATA Type: file,filestat,NTFS:\Program Files (x86)\Microsoft\EdgeWebView\Application\120.0.2210.91\ResiliencyLinks\Trust Protection Lists\Mu\Cryptomining.DATA,-
2023-12-20T23:46:16.000000+00:00,Content Modification Time,FILE,File stat,NTFS:\Program Files (x86)\Microsoft\EdgeWebView\Application\120.0.2210.91\ResiliencyLinks\Trust Protection Lists\Mu\Entities.DATA Type: file,filestat,NTFS:\Program Files (x86)\Microsoft\EdgeWebView\Application\120.0.2210.91\ResiliencyLinks\Trust Protection Lists\Mu\Entities.DATA,-
2023-12-20T23:46:16.000000+00:00,Content Modification Time,FILE,File stat,NTFS:\Program Files (x86)\Microsoft\EdgeWebView\Application\120.0.2210.91\ResiliencyLinks\Trust Protection Lists\Mu\Fingerprinting.DATA Type: file,filestat,NTFS:\Program Files (x86)\Microsoft\EdgeWebView\Application\120.0.2210.91\ResiliencyLinks\Trust Protection Lists\Mu\Fingerprinting.DATA,-
2023-12-20T23:46:16.000000+00:00,Content Modification Time,FILE,File stat,NTFS:\Program Files (x86)\Microsoft\EdgeWebView\Application\120.0.2210.91\ResiliencyLinks\Trust Protection Lists\Mu\LICENSE.DATA Type: file,filestat,NTFS:\Program Files (x86)\Microsoft\EdgeWebView\Application\120.0.2210.91\ResiliencyLinks\Trust Protection Lists\Mu\LICENSE.DATA,-
2023-12-20T23:46:16.000000+00:00,Content Modification Time,FILE,File stat,NTFS:\Program Files (x86)\Microsoft\EdgeWebView\Application\120.0.2210.91\ResiliencyLinks\Trust Protection Lists\Mu\Other.DATA Type: file,filestat,NTFS:\Program Files (x86)\Microsoft\EdgeWebView\Application\120.0.2210.91\ResiliencyLinks\Trust Protection Lists\Mu\Other.DATA,-
2023-12-20T23:46:16.000000+00:00,Content Modification Time,FILE,File stat,NTFS:\Program Files (x86)\Microsoft\EdgeWebView\Application\120.0.2210.91\ResiliencyLinks\Trust Protection Lists\Mu\Social.DATA Type: file,filestat,NTFS:\Program Files (x86)\Microsoft\EdgeWebView\Application\120.0.2210.91\ResiliencyLinks\Trust Protection Lists\Mu\Social.DATA,-
2023-12-20T23:46:16.000000+00:00,Content Modification Time,FILE,File stat,NTFS:\Program Files (x86)\Microsoft\EdgeWebView\Application\120.0.2210.91\ResiliencyLinks\Trust Protection Lists\Mu\TransparentAdvertisers.DATA Type: file,filestat,NTFS:\Program Files (x86)\Microsoft\EdgeWebView\Application\120.0.2210.91\ResiliencyLinks\Trust Protection Lists\Mu\TransparentAdvertisers.DATA,-
2023-12-20T23:46:16.000000+00:00,Content Modification Time,FILE,File stat,NTFS:\Program Files (x86)\Microsoft\EdgeWebView\Application\120.0.2210.91\ResiliencyLinks\Trust Protection Lists\Sigma\Advertising.DATA Type: file,filestat,NTFS:\Program Files (x86)\Microsoft\EdgeWebView\Application\120.0.2210.91\ResiliencyLinks\Trust Protection Lists\Sigma\Advertising.DATA,-
2023-12-20T23:46:16.000000+00:00,Content Modification Time,FILE,File stat,NTFS:\Program Files (x86)\Microsoft\EdgeWebView\Application\120.0.2210.91\ResiliencyLinks\Trust Protection Lists\Sigma\Analytics.DATA Type: file,filestat,NTFS:\Program Files (x86)\Microsoft\EdgeWebView\Application\120.0.2210.91\ResiliencyLinks\Trust Protection Lists\Sigma\Analytics.DATA,-
2023-12-20T23:46:16.000000+00:00,Content Modification Time,FILE,File stat,NTFS:\Program Files (x86)\Microsoft\EdgeWebView\Application\120.0.2210.91\ResiliencyLinks\Trust Protection Lists\Sigma\Content.DATA Type: file,filestat,NTFS:\Program Files (x86)\Microsoft\EdgeWebView\Application\120.0.2210.91\ResiliencyLinks\Trust Protection Lists\Sigma\Content.DATA,-
2023-12-20T23:46:16.000000+00:00,Content Modification Time,FILE,File stat,NTFS:\Program Files (x86)\Microsoft\EdgeWebView\Application\120.0.2210.91\ResiliencyLinks\Trust Protection Lists\Sigma\Cryptomining.DATA Type: file,filestat,NTFS:\Program Files (x86)\Microsoft\EdgeWebView\Application\120.0.2210.91\ResiliencyLinks\Trust Protection Lists\Sigma\Cryptomining.DATA,-
2023-12-20T23:46:16.000000+00:00,Content Modification Time,FILE,File stat,NTFS:\Program Files (x86)\Microsoft\EdgeWebView\Application\120.0.2210.91\ResiliencyLinks\Trust Protection Lists\Sigma\Entities.DATA Type: file,filestat,NTFS:\Program Files (x86)\Microsoft\EdgeWebView\Application\120.0.2210.91\ResiliencyLinks\Trust Protection Lists\Sigma\Entities.DATA,-
2023-12-20T23:46:16.000000+00:00,Content Modification Time,FILE,File stat,NTFS:\Program Files (x86)\Microsoft\EdgeWebView\Application\120.0.2210.91\ResiliencyLinks\Trust Protection Lists\Sigma\Fingerprinting.DATA Type: file,filestat,NTFS:\Program Files (x86)\Microsoft\EdgeWebView\Application\120.0.2210.91\ResiliencyLinks\Trust Protection Lists\Sigma\Fingerprinting.DATA,-
2023-12-20T23:46:16.000000+00:00,Content Modification Time,FILE,File stat,NTFS:\Program Files (x86)\Microsoft\EdgeWebView\Application\120.0.2210.91\ResiliencyLinks\Trust Protection Lists\Sigma\LICENSE.DATA Type: file,filestat,NTFS:\Program Files (x86)\Microsoft\EdgeWebView\Application\120.0.2210.91\ResiliencyLinks\Trust Protection Lists\Sigma\LICENSE.DATA,-
2023-12-20T23:46:16.000000+00:00,Content Modification Time,FILE,File stat,NTFS:\Program Files (x86)\Microsoft\EdgeWebView\Application\120.0.2210.91\ResiliencyLinks\Trust Protection Lists\Sigma\Other.DATA Type: file,filestat,NTFS:\Program Files (x86)\Microsoft\EdgeWebView\Application\120.0.2210.91\ResiliencyLinks\Trust Protection Lists\Sigma\Other.DATA,-
2023-12-20T23:46:16.000000+00:00,Content Modification Time,FILE,File stat,NTFS:\Program Files (x86)\Microsoft\EdgeWebView\Application\120.0.2210.91\ResiliencyLinks\Trust Protection Lists\Sigma\Social.DATA Type: file,filestat,NTFS:\Program Files (x86)\Microsoft\EdgeWebView\Application\120.0.2210.91\ResiliencyLinks\Trust Protection Lists\Sigma\Social.DATA,-
2023-12-20T23:46:16.000000+00:00,Content Modification Time,FILE,File stat,NTFS:\Program Files (x86)\Microsoft\EdgeWebView\Application\120.0.2210.91\ResiliencyLinks\Trust Protection Lists\Sigma\Staging.DATA Type: file,filestat,NTFS:\Program Files (x86)\Microsoft\EdgeWebView\Application\120.0.2210.91\ResiliencyLinks\Trust Protection Lists\Sigma\Staging.DATA,-
2023-12-20T23:46:16.000000+00:00,Content Modification Time,FILE,File stat,NTFS:\Program Files (x86)\Microsoft\EdgeWebView\Application\120.0.2210.91\ResiliencyLinks\Trust Protection Lists\manifest.json.DATA Type: file,filestat,NTFS:\Program Files (x86)\Microsoft\EdgeWebView\Application\120.0.2210.91\ResiliencyLinks\Trust Protection Lists\manifest.json.DATA,-
2023-12-20T23:46:16.000000+00:00,Content Modification Time,FILE,File stat,NTFS:\Program Files (x86)\Microsoft\EdgeWebView\Application\120.0.2210.91\ResiliencyLinks\VisualElements\Logo.png.DATA Type: file,filestat,NTFS:\Program Files (x86)\Microsoft\EdgeWebView\Application\120.0.2210.91\ResiliencyLinks\VisualElements\Logo.png.DATA,-
2023-12-20T23:46:16.000000+00:00,Content Modification Time,FILE,File stat,NTFS:\Program Files (x86)\Microsoft\EdgeWebView\Application\120.0.2210.91\ResiliencyLinks\VisualElements\LogoBeta.png.DATA Type: file,filestat,NTFS:\Program Files (x86)\Microsoft\EdgeWebView\Application\120.0.2210.91\ResiliencyLinks\VisualElements\LogoBeta.png.DATA,-
2023-12-20T23:46:16.000000+00:00,Content Modification Time,FILE,File stat,NTFS:\Program Files (x86)\Microsoft\EdgeWebView\Application\120.0.2210.91\ResiliencyLinks\VisualElements\LogoCanary.png.DATA Type: file,filestat,NTFS:\Program Files (x86)\Microsoft\EdgeWebView\Application\120.0.2210.91\ResiliencyLinks\VisualElements\LogoCanary.png.DATA,-
2023-12-20T23:46:16.000000+00:00,Content Modification Time,FILE,File stat,NTFS:\Program Files (x86)\Microsoft\EdgeWebView\Application\120.0.2210.91\ResiliencyLinks\VisualElements\LogoDev.png.DATA Type: file,filestat,NTFS:\Program Files (x86)\Microsoft\EdgeWebView\Application\120.0.2210.91\ResiliencyLinks\VisualElements\LogoDev.png.DATA,-
2023-12-20T23:46:16.000000+00:00,Content Modification Time,FILE,File stat,NTFS:\Program Files (x86)\Microsoft\EdgeWebView\Application\120.0.2210.91\ResiliencyLinks\VisualElements\SmallLogo.png.DATA Type: file,filestat,NTFS:\Program Files (x86)\Microsoft\EdgeWebView\Application\120.0.2210.91\ResiliencyLinks\VisualElements\SmallLogo.png.DATA,-
2023-12-20T23:46:16.000000+00:00,Content Modification Time,FILE,File stat,NTFS:\Program Files (x86)\Microsoft\EdgeWebView\Application\120.0.2210.91\ResiliencyLinks\VisualElements\SmallLogoBeta.png.DATA Type: file,filestat,NTFS:\Program Files (x86)\Microsoft\EdgeWebView\Application\120.0.2210.91\ResiliencyLinks\VisualElements\SmallLogoBeta.png.DATA,-
2023-12-20T23:46:16.000000+00:00,Content Modification Time,FILE,File stat,NTFS:\Program Files (x86)\Microsoft\EdgeWebView\Application\120.0.2210.91\ResiliencyLinks\VisualElements\SmallLogoCanary.png.DATA Type: file,filestat,NTFS:\Program Files (x86)\Microsoft\EdgeWebView\Application\120.0.2210.91\ResiliencyLinks\VisualElements\SmallLogoCanary.png.DATA,-
2023-12-20T23:46:16.000000+00:00,Content Modification Time,FILE,File stat,NTFS:\Program Files (x86)\Microsoft\EdgeWebView\Application\120.0.2210.91\ResiliencyLinks\VisualElements\SmallLogoDev.png.DATA Type: file,filestat,NTFS:\Program Files (x86)\Microsoft\EdgeWebView\Application\120.0.2210.91\ResiliencyLinks\VisualElements\SmallLogoDev.png.DATA,-
2023-12-20T23:46:16.000000+00:00,Content Modification Time,FILE,File stat,NTFS:\Program Files (x86)\Microsoft\EdgeWebView\Application\120.0.2210.91\ResiliencyLinks\WidevineCdm\manifest.json.DATA Type: file,filestat,NTFS:\Program Files (x86)\Microsoft\EdgeWebView\Application\120.0.2210.91\ResiliencyLinks\WidevineCdm\manifest.json.DATA,-
2023-12-20T23:46:16.000000+00:00,Content Modification Time,FILE,File stat,NTFS:\Program Files (x86)\Microsoft\EdgeWebView\Application\120.0.2210.91\ResiliencyLinks\delegatedWebFeatures.sccd.DATA Type: file,filestat,NTFS:\Program Files (x86)\Microsoft\EdgeWebView\Application\120.0.2210.91\ResiliencyLinks\delegatedWebFeatures.sccd.DATA,-
2023-12-20T23:46:16.000000+00:00,Content Modification Time,FILE,File stat,NTFS:\Program Files (x86)\Microsoft\EdgeWebView\Application\120.0.2210.91\ResiliencyLinks\edge_feedback\camera_mf_trace.wprp.DATA Type: file,filestat,NTFS:\Program Files (x86)\Microsoft\EdgeWebView\Application\120.0.2210.91\ResiliencyLinks\edge_feedback\camera_mf_trace.wprp.DATA,-
2023-12-20T23:46:16.000000+00:00,Content Modification Time,FILE,File stat,NTFS:\Program Files (x86)\Microsoft\EdgeWebView\Application\120.0.2210.91\ResiliencyLinks\edge_feedback\mf_trace.wprp.DATA Type: file,filestat,NTFS:\Program Files (x86)\Microsoft\EdgeWebView\Application\120.0.2210.91\ResiliencyLinks\edge_feedback\mf_trace.wprp.DATA,-
2023-12-20T23:46:16.000000+00:00,Content Modification Time,FILE,File stat,NTFS:\Program Files (x86)\Microsoft\EdgeWebView\Application\120.0.2210.91\ResiliencyLinks\icudtl.dat.DATA Type: file,filestat,NTFS:\Program Files (x86)\Microsoft\EdgeWebView\Application\120.0.2210.91\ResiliencyLinks\icudtl.dat.DATA,-
2023-12-20T23:46:16.000000+00:00,Content Modification Time,FILE,File stat,NTFS:\Program Files (x86)\Microsoft\EdgeWebView\Application\120.0.2210.91\ResiliencyLinks\identity_proxy\resources.pri.DATA Type: file,filestat,NTFS:\Program Files (x86)\Microsoft\EdgeWebView\Application\120.0.2210.91\ResiliencyLinks\identity_proxy\resources.pri.DATA,-
2023-12-20T23:46:16.000000+00:00,Content Modification Time,FILE,File stat,NTFS:\Program Files (x86)\Microsoft\EdgeWebView\Application\120.0.2210.91\ResiliencyLinks\msedge_100_percent.pak.DATA Type: file,filestat,NTFS:\Program Files (x86)\Microsoft\EdgeWebView\Application\120.0.2210.91\ResiliencyLinks\msedge_100_percent.pak.DATA,-
2023-12-20T23:46:16.000000+00:00,Content Modification Time,FILE,File stat,NTFS:\Program Files (x86)\Microsoft\EdgeWebView\Application\120.0.2210.91\ResiliencyLinks\msedge_200_percent.pak.DATA Type: file,filestat,NTFS:\Program Files (x86)\Microsoft\EdgeWebView\Application\120.0.2210.91\ResiliencyLinks\msedge_200_percent.pak.DATA,-
2023-12-20T23:46:16.000000+00:00,Content Modification Time,FILE,File stat,NTFS:\Program Files (x86)\Microsoft\EdgeWebView\Application\120.0.2210.91\ResiliencyLinks\resources.pak.DATA Type: file,filestat,NTFS:\Program Files (x86)\Microsoft\EdgeWebView\Application\120.0.2210.91\ResiliencyLinks\resources.pak.DATA,-
2023-12-20T23:46:16.000000+00:00,Content Modification Time,FILE,File stat,NTFS:\Program Files (x86)\Microsoft\EdgeWebView\Application\120.0.2210.91\ResiliencyLinks\v8_context_snapshot.bin.DATA Type: file,filestat,NTFS:\Program Files (x86)\Microsoft\EdgeWebView\Application\120.0.2210.91\ResiliencyLinks\v8_context_snapshot.bin.DATA,-
2023-12-20T23:46:16.000000+00:00,Content Modification Time,FILE,File stat,NTFS:\Program Files (x86)\Microsoft\EdgeWebView\Application\120.0.2210.91\ResiliencyLinks\vk_swiftshader_icd.json.DATA Type: file,filestat,NTFS:\Program Files (x86)\Microsoft\EdgeWebView\Application\120.0.2210.91\ResiliencyLinks\vk_swiftshader_icd.json.DATA,-
2023-12-20T23:46:16.000000+00:00,Content Modification Time,FILE,File stat,NTFS:\Program Files (x86)\Microsoft\EdgeWebView\Application\120.0.2210.91\Trust Protection Lists\Mu\Advertising Type: file,filestat,NTFS:\Program Files (x86)\Microsoft\EdgeWebView\Application\120.0.2210.91\Trust Protection Lists\Mu\Advertising,-
2023-12-20T23:46:16.000000+00:00,Content Modification Time,FILE,File stat,NTFS:\Program Files (x86)\Microsoft\EdgeWebView\Application\120.0.2210.91\Trust Protection Lists\Mu\Analytics Type: file,filestat,NTFS:\Program Files (x86)\Microsoft\EdgeWebView\Application\120.0.2210.91\Trust Protection Lists\Mu\Analytics,-
2023-12-20T23:46:16.000000+00:00,Content Modification Time,FILE,File stat,NTFS:\Program Files (x86)\Microsoft\EdgeWebView\Application\120.0.2210.91\Trust Protection Lists\Mu\CompatExceptions Type: file,filestat,NTFS:\Program Files (x86)\Microsoft\EdgeWebView\Application\120.0.2210.91\Trust Protection Lists\Mu\CompatExceptions,-
2023-12-20T23:46:16.000000+00:00,Content Modification Time,FILE,File stat,NTFS:\Program Files (x86)\Microsoft\EdgeWebView\Application\120.0.2210.91\Trust Protection Lists\Mu\Content Type: file,filestat,NTFS:\Program Files (x86)\Microsoft\EdgeWebView\Application\120.0.2210.91\Trust Protection Lists\Mu\Content,-
2023-12-20T23:46:16.000000+00:00,Content Modification Time,FILE,File stat,NTFS:\Program Files (x86)\Microsoft\EdgeWebView\Application\120.0.2210.91\Trust Protection Lists\Mu\Cryptomining Type: file,filestat,NTFS:\Program Files (x86)\Microsoft\EdgeWebView\Application\120.0.2210.91\Trust Protection Lists\Mu\Cryptomining,-
2023-12-20T23:46:16.000000+00:00,Content Modification Time,FILE,File stat,NTFS:\Program Files (x86)\Microsoft\EdgeWebView\Application\120.0.2210.91\Trust Protection Lists\Mu\Entities Type: file,filestat,NTFS:\Program Files (x86)\Microsoft\EdgeWebView\Application\120.0.2210.91\Trust Protection Lists\Mu\Entities,-
2023-12-20T23:46:16.000000+00:00,Content Modification Time,FILE,File stat,NTFS:\Program Files (x86)\Microsoft\EdgeWebView\Application\120.0.2210.91\Trust Protection Lists\Mu\Fingerprinting Type: file,filestat,NTFS:\Program Files (x86)\Microsoft\EdgeWebView\Application\120.0.2210.91\Trust Protection Lists\Mu\Fingerprinting,-
2023-12-20T23:46:16.000000+00:00,Content Modification Time,FILE,File stat,NTFS:\Program Files (x86)\Microsoft\EdgeWebView\Application\120.0.2210.91\Trust Protection Lists\Mu\LICENSE Type: file,filestat,NTFS:\Program Files (x86)\Microsoft\EdgeWebView\Application\120.0.2210.91\Trust Protection Lists\Mu\LICENSE,-
2023-12-20T23:46:16.000000+00:00,Content Modification Time,FILE,File stat,NTFS:\Program Files (x86)\Microsoft\EdgeWebView\Application\120.0.2210.91\Trust Protection Lists\Mu\Other Type: file,filestat,NTFS:\Program Files (x86)\Microsoft\EdgeWebView\Application\120.0.2210.91\Trust Protection Lists\Mu\Other,-
2023-12-20T23:46:16.000000+00:00,Content Modification Time,FILE,File stat,NTFS:\Program Files (x86)\Microsoft\EdgeWebView\Application\120.0.2210.91\Trust Protection Lists\Mu\Social Type: file,filestat,NTFS:\Program Files (x86)\Microsoft\EdgeWebView\Application\120.0.2210.91\Trust Protection Lists\Mu\Social,-
2023-12-20T23:46:16.000000+00:00,Content Modification Time,FILE,File stat,NTFS:\Program Files (x86)\Microsoft\EdgeWebView\Application\120.0.2210.91\Trust Protection Lists\Mu\TransparentAdvertisers Type: file,filestat,NTFS:\Program Files (x86)\Microsoft\EdgeWebView\Application\120.0.2210.91\Trust Protection Lists\Mu\TransparentAdvertisers,-
2023-12-20T23:46:16.000000+00:00,Content Modification Time,FILE,File stat,NTFS:\Program Files (x86)\Microsoft\EdgeWebView\Application\120.0.2210.91\Trust Protection Lists\Sigma\Advertising Type: file,filestat,NTFS:\Program Files (x86)\Microsoft\EdgeWebView\Application\120.0.2210.91\Trust Protection Lists\Sigma\Advertising,-
2023-12-20T23:46:16.000000+00:00,Content Modification Time,FILE,File stat,NTFS:\Program Files (x86)\Microsoft\EdgeWebView\Application\120.0.2210.91\Trust Protection Lists\Sigma\Analytics Type: file,filestat,NTFS:\Program Files (x86)\Microsoft\EdgeWebView\Application\120.0.2210.91\Trust Protection Lists\Sigma\Analytics,-
2023-12-20T23:46:16.000000+00:00,Content Modification Time,FILE,File stat,NTFS:\Program Files (x86)\Microsoft\EdgeWebView\Application\120.0.2210.91\Trust Protection Lists\Sigma\Content Type: file,filestat,NTFS:\Program Files (x86)\Microsoft\EdgeWebView\Application\120.0.2210.91\Trust Protection Lists\Sigma\Content,-
2023-12-20T23:46:16.000000+00:00,Content Modification Time,FILE,File stat,NTFS:\Program Files (x86)\Microsoft\EdgeWebView\Application\120.0.2210.91\Trust Protection Lists\Sigma\Cryptomining Type: file,filestat,NTFS:\Program Files (x86)\Microsoft\EdgeWebView\Application\120.0.2210.91\Trust Protection Lists\Sigma\Cryptomining,-
2023-12-20T23:46:16.000000+00:00,Content Modification Time,FILE,File stat,NTFS:\Program Files (x86)\Microsoft\EdgeWebView\Application\120.0.2210.91\Trust Protection Lists\Sigma\Entities Type: file,filestat,NTFS:\Program Files (x86)\Microsoft\EdgeWebView\Application\120.0.2210.91\Trust Protection Lists\Sigma\Entities,-
2023-12-20T23:46:16.000000+00:00,Content Modification Time,FILE,File stat,NTFS:\Program Files (x86)\Microsoft\EdgeWebView\Application\120.0.2210.91\Trust Protection Lists\Sigma\Fingerprinting Type: file,filestat,NTFS:\Program Files (x86)\Microsoft\EdgeWebView\Application\120.0.2210.91\Trust Protection Lists\Sigma\Fingerprinting,-
2023-12-20T23:46:16.000000+00:00,Content Modification Time,FILE,File stat,NTFS:\Program Files (x86)\Microsoft\EdgeWebView\Application\120.0.2210.91\Trust Protection Lists\Sigma\LICENSE Type: file,filestat,NTFS:\Program Files (x86)\Microsoft\EdgeWebView\Application\120.0.2210.91\Trust Protection Lists\Sigma\LICENSE,-
2023-12-20T23:46:16.000000+00:00,Content Modification Time,FILE,File stat,NTFS:\Program Files (x86)\Microsoft\EdgeWebView\Application\120.0.2210.91\Trust Protection Lists\Sigma\Other Type: file,filestat,NTFS:\Program Files (x86)\Microsoft\EdgeWebView\Application\120.0.2210.91\Trust Protection Lists\Sigma\Other,-
2023-12-20T23:46:16.000000+00:00,Content Modification Time,FILE,File stat,NTFS:\Program Files (x86)\Microsoft\EdgeWebView\Application\120.0.2210.91\Trust Protection Lists\Sigma\Social Type: file,filestat,NTFS:\Program Files (x86)\Microsoft\EdgeWebView\Application\120.0.2210.91\Trust Protection Lists\Sigma\Social,-
2023-12-20T23:46:16.000000+00:00,Content Modification Time,FILE,File stat,NTFS:\Program Files (x86)\Microsoft\EdgeWebView\Application\120.0.2210.91\Trust Protection Lists\Sigma\Staging Type: file,filestat,NTFS:\Program Files (x86)\Microsoft\EdgeWebView\Application\120.0.2210.91\Trust Protection Lists\Sigma\Staging,-
2023-12-20T23:46:16.000000+00:00,Content Modification Time,FILE,File stat,NTFS:\Program Files (x86)\Microsoft\EdgeWebView\Application\120.0.2210.91\Trust Protection Lists\manifest.json Type: file,filestat,NTFS:\Program Files (x86)\Microsoft\EdgeWebView\Application\120.0.2210.91\Trust Protection Lists\manifest.json,-
2023-12-20T23:46:16.000000+00:00,Content Modification Time,FILE,File stat,NTFS:\Program Files (x86)\Microsoft\EdgeWebView\Application\120.0.2210.91\VisualElements\Logo.png Type: file,filestat,NTFS:\Program Files (x86)\Microsoft\EdgeWebView\Application\120.0.2210.91\VisualElements\Logo.png,-
2023-12-20T23:46:16.000000+00:00,Content Modification Time,FILE,File stat,NTFS:\Program Files (x86)\Microsoft\EdgeWebView\Application\120.0.2210.91\VisualElements\LogoBeta.png Type: file,filestat,NTFS:\Program Files (x86)\Microsoft\EdgeWebView\Application\120.0.2210.91\VisualElements\LogoBeta.png,-
2023-12-20T23:46:16.000000+00:00,Content Modification Time,FILE,File stat,NTFS:\Program Files (x86)\Microsoft\EdgeWebView\Application\120.0.2210.91\VisualElements\LogoCanary.png Type: file,filestat,NTFS:\Program Files (x86)\Microsoft\EdgeWebView\Application\120.0.2210.91\VisualElements\LogoCanary.png,-
2023-12-20T23:46:16.000000+00:00,Content Modification Time,FILE,File stat,NTFS:\Program Files (x86)\Microsoft\EdgeWebView\Application\120.0.2210.91\VisualElements\LogoDev.png Type: file,filestat,NTFS:\Program Files (x86)\Microsoft\EdgeWebView\Application\120.0.2210.91\VisualElements\LogoDev.png,-
2023-12-20T23:46:16.000000+00:00,Content Modification Time,FILE,File stat,NTFS:\Program Files (x86)\Microsoft\EdgeWebView\Application\120.0.2210.91\VisualElements\SmallLogo.png Type: file,filestat,NTFS:\Program Files (x86)\Microsoft\EdgeWebView\Application\120.0.2210.91\VisualElements\SmallLogo.png,-
2023-12-20T23:46:16.000000+00:00,Content Modification Time,FILE,File stat,NTFS:\Program Files (x86)\Microsoft\EdgeWebView\Application\120.0.2210.91\VisualElements\SmallLogoBeta.png Type: file,filestat,NTFS:\Program Files (x86)\Microsoft\EdgeWebView\Application\120.0.2210.91\VisualElements\SmallLogoBeta.png,-
2023-12-20T23:46:16.000000+00:00,Content Modification Time,FILE,File stat,NTFS:\Program Files (x86)\Microsoft\EdgeWebView\Application\120.0.2210.91\VisualElements\SmallLogoCanary.png Type: file,filestat,NTFS:\Program Files (x86)\Microsoft\EdgeWebView\Application\120.0.2210.91\VisualElements\SmallLogoCanary.png,-
2023-12-20T23:46:16.000000+00:00,Content Modification Time,FILE,File stat,NTFS:\Program Files (x86)\Microsoft\EdgeWebView\Application\120.0.2210.91\VisualElements\SmallLogoDev.png Type: file,filestat,NTFS:\Program Files (x86)\Microsoft\EdgeWebView\Application\120.0.2210.91\VisualElements\SmallLogoDev.png,-
2023-12-20T23:46:16.000000+00:00,Content Modification Time,FILE,File stat,NTFS:\Program Files (x86)\Microsoft\EdgeWebView\Application\120.0.2210.91\WidevineCdm\manifest.json Type: file,filestat,NTFS:\Program Files (x86)\Microsoft\EdgeWebView\Application\120.0.2210.91\WidevineCdm\manifest.json,-
2023-12-20T23:46:16.000000+00:00,Creation Time,PE,PE/COFF file,PE Type: Dynamic Link Library (DLL) Import hash: 0c52c5bf0043ebb7c5fc3f50c571c69f Export DLL name: augloop_client.dll,pe,NTFS:\Program Files (x86)\Microsoft\EdgeWebView\Application\120.0.2210.91\augloop_client.dll,-
2023-12-20T23:46:16.000000+00:00,Creation Time,PE,PE/COFF file,PE Type: Executable (EXE) Import hash: 93623b0f02883b108b7f1e14b1da842c,pe,NTFS:\Program Files (x86)\Microsoft\EdgeWebView\Application\120.0.2210.91\cookie_exporter.exe,-
2023-12-20T23:46:16.000000+00:00,Content Modification Time,FILE,File stat,NTFS:\Program Files (x86)\Microsoft\EdgeWebView\Application\120.0.2210.91\delegatedWebFeatures.sccd Type: file,filestat,NTFS:\Program Files (x86)\Microsoft\EdgeWebView\Application\120.0.2210.91\delegatedWebFeatures.sccd,-
2023-12-20T23:46:16.000000+00:00,Creation Time,PE,PE/COFF file,PE Type: Dynamic Link Library (DLL) Import hash: 315cd50625aa1ef71116c69bd11f0c38 Export DLL name: dual_engine_adapter_x64.dll,pe,NTFS:\Program Files (x86)\Microsoft\EdgeWebView\Application\120.0.2210.91\dual_engine_adapter_x64.dll,-
2023-12-20T23:46:16.000000+00:00,Creation Time,PE,PE/COFF file,PE Type: Dynamic Link Library (DLL) Import hash: 86379d9f4693f2aa059197611ab2ffc7 Export DLL name: dxcompiler.dll,pe,NTFS:\Program Files (x86)\Microsoft\EdgeWebView\Application\120.0.2210.91\dxcompiler.dll,-
2023-12-20T23:46:16.000000+00:00,Content Modification Time,FILE,File stat,NTFS:\Program Files (x86)\Microsoft\EdgeWebView\Application\120.0.2210.91\edge_feedback\camera_mf_trace.wprp Type: file,filestat,NTFS:\Program Files (x86)\Microsoft\EdgeWebView\Application\120.0.2210.91\edge_feedback\camera_mf_trace.wprp,-
2023-12-20T23:46:16.000000+00:00,Content Modification Time,FILE,File stat,NTFS:\Program Files (x86)\Microsoft\EdgeWebView\Application\120.0.2210.91\edge_feedback\mf_trace.wprp Type: file,filestat,NTFS:\Program Files (x86)\Microsoft\EdgeWebView\Application\120.0.2210.91\edge_feedback\mf_trace.wprp,-
2023-12-20T23:46:16.000000+00:00,Creation Time,PE,PE/COFF file,PE Type: Executable (EXE) Import hash: ec3d37729acbe5a05a8129df446445d1 Export DLL name: elevation_service.exe,pe,NTFS:\Program Files (x86)\Microsoft\EdgeWebView\Application\120.0.2210.91\elevation_service.exe,-
2023-12-20T23:46:16.000000+00:00,Creation Time,PE,PE/COFF file,PE Type: Dynamic Link Library (DLL) Export DLL name: eventlog_provider.dll,pe,NTFS:\Program Files (x86)\Microsoft\EdgeWebView\Application\120.0.2210.91\eventlog_provider.dll,-
2023-12-20T23:46:16.000000+00:00,Creation Time,PE,PE/COFF file,PE Type: Dynamic Link Library (DLL) Import hash: 14338d2168d869b1b53d66354179e8c5 Export DLL name: ffmpeg.dll,pe,NTFS:\Program Files (x86)\Microsoft\EdgeWebView\Application\120.0.2210.91\ffmpeg.dll,-
2023-12-20T23:46:16.000000+00:00,Content Modification Time,FILE,File stat,NTFS:\Program Files (x86)\Microsoft\EdgeWebView\Application\120.0.2210.91\icudtl.dat Type: file,filestat,NTFS:\Program Files (x86)\Microsoft\EdgeWebView\Application\120.0.2210.91\icudtl.dat,-
2023-12-20T23:46:16.000000+00:00,Creation Time,PE,PE/COFF file,PE Type: Executable (EXE) Import hash: b7e244ba46aac2a40ea643244bcedc5b Export DLL name: identity_helper.exe,pe,NTFS:\Program Files (x86)\Microsoft\EdgeWebView\Application\120.0.2210.91\identity_helper.exe,-
2023-12-20T23:46:16.000000+00:00,Content Modification Time,FILE,File stat,NTFS:\Program Files (x86)\Microsoft\EdgeWebView\Application\120.0.2210.91\identity_proxy\beta.identity_helper.exe.manifest Type: file,filestat,NTFS:\Program Files (x86)\Microsoft\EdgeWebView\Application\120.0.2210.91\identity_proxy\beta.identity_helper.exe.manifest,-
2023-12-20T23:46:16.000000+00:00,Content Modification Time,FILE,File stat,NTFS:\Program Files (x86)\Microsoft\EdgeWebView\Application\120.0.2210.91\identity_proxy\canary.identity_helper.exe.manifest Type: file,filestat,NTFS:\Program Files (x86)\Microsoft\EdgeWebView\Application\120.0.2210.91\identity_proxy\canary.identity_helper.exe.manifest,-
2023-12-20T23:46:16.000000+00:00,Content Modification Time,FILE,File stat,NTFS:\Program Files (x86)\Microsoft\EdgeWebView\Application\120.0.2210.91\identity_proxy\dev.identity_helper.exe.manifest Type: file,filestat,NTFS:\Program Files (x86)\Microsoft\EdgeWebView\Application\120.0.2210.91\identity_proxy\dev.identity_helper.exe.manifest,-
2023-12-20T23:46:16.000000+00:00,Content Modification Time,FILE,File stat,NTFS:\Program Files (x86)\Microsoft\EdgeWebView\Application\120.0.2210.91\identity_proxy\internal.identity_helper.exe.manifest Type: file,filestat,NTFS:\Program Files (x86)\Microsoft\EdgeWebView\Application\120.0.2210.91\identity_proxy\internal.identity_helper.exe.manifest,-
2023-12-20T23:46:16.000000+00:00,Content Modification Time,FILE,File stat,NTFS:\Program Files (x86)\Microsoft\EdgeWebView\Application\120.0.2210.91\identity_proxy\resources.pri Type: file,filestat,NTFS:\Program Files (x86)\Microsoft\EdgeWebView\Application\120.0.2210.91\identity_proxy\resources.pri,-
2023-12-20T23:46:16.000000+00:00,Content Modification Time,FILE,File stat,NTFS:\Program Files (x86)\Microsoft\EdgeWebView\Application\120.0.2210.91\identity_proxy\stable.identity_helper.exe.manifest Type: file,filestat,NTFS:\Program Files (x86)\Microsoft\EdgeWebView\Application\120.0.2210.91\identity_proxy\stable.identity_helper.exe.manifest,-
2023-12-20T23:46:16.000000+00:00,Creation Time,PE,PE/COFF file,PE Type: Dynamic Link Library (DLL) Import hash: 245dee34b9003caf603e6a79a3808b51 Export DLL name: learning_tools.dll,pe,NTFS:\Program Files (x86)\Microsoft\EdgeWebView\Application\120.0.2210.91\learning_tools.dll,-
2023-12-20T23:46:16.000000+00:00,Creation Time,PE,PE/COFF file,PE Type: Dynamic Link Library (DLL) Import hash: 592e6e55d4fe33d1bd84e3b3016fe3b2 Export DLL name: libEGL.dll,pe,NTFS:\Program Files (x86)\Microsoft\EdgeWebView\Application\120.0.2210.91\libEGL.dll,-
2023-12-20T23:46:16.000000+00:00,Creation Time,PE,PE/COFF file,PE Type: Dynamic Link Library (DLL) Import hash: 181c5e1b8305f6185aa211878e735406 Export DLL name: libGLESv2.dll,pe,NTFS:\Program Files (x86)\Microsoft\EdgeWebView\Application\120.0.2210.91\libGLESv2.dll,-
2023-12-20T23:46:16.000000+00:00,Creation Time,PE,PE/COFF file,PE Type: Dynamic Link Library (DLL) Import hash: ede5feb923c36932839c696d981b5c53 Export DLL name: microsoft_shell_integration.dll,pe,NTFS:\Program Files (x86)\Microsoft\EdgeWebView\Application\120.0.2210.91\microsoft_shell_integration.dll,-
2023-12-20T23:46:16.000000+00:00,Creation Time,PE,PE/COFF file,PE Type: Dynamic Link Library (DLL) Import hash: a7fb28d23f6898b064d3b762c7e44a48 Export DLL name: mojo_core.dll,pe,NTFS:\Program Files (x86)\Microsoft\EdgeWebView\Application\120.0.2210.91\mojo_core.dll,-
2023-12-20T23:46:16.000000+00:00,Creation Time,PE,PE/COFF file,PE Type: Dynamic Link Library (DLL) Import hash: ee25710d7870a30dbe6c0a4f0b3ec33e Export DLL name: msedge.dll,pe,NTFS:\Program Files (x86)\Microsoft\EdgeWebView\Application\120.0.2210.91\msedge.dll,-
2023-12-20T23:46:16.000000+00:00,Creation Time,PE,PE/COFF file,PE Type: Executable (EXE) Import hash: ea4ca1f8e3b3d9373d39c13fd1348a63 Export DLL name: msedge.exe,pe,NTFS:\Program Files (x86)\Microsoft\EdgeWebView\Application\120.0.2210.91\msedge.exe,-
2023-12-20T23:46:16.000000+00:00,Content Modification Time,FILE,File stat,NTFS:\Program Files (x86)\Microsoft\EdgeWebView\Application\120.0.2210.91\msedge_100_percent.pak Type: file,filestat,NTFS:\Program Files (x86)\Microsoft\EdgeWebView\Application\120.0.2210.91\msedge_100_percent.pak,-
2023-12-20T23:46:16.000000+00:00,Content Modification Time,FILE,File stat,NTFS:\Program Files (x86)\Microsoft\EdgeWebView\Application\120.0.2210.91\msedge_200_percent.pak Type: file,filestat,NTFS:\Program Files (x86)\Microsoft\EdgeWebView\Application\120.0.2210.91\msedge_200_percent.pak,-
2023-12-20T23:46:16.000000+00:00,Creation Time,PE,PE/COFF file,PE Type: Dynamic Link Library (DLL) Import hash: e5e4f3f5367c0c82df24a4723fbd8a3c Export DLL name: msedge_elf.dll,pe,NTFS:\Program Files (x86)\Microsoft\EdgeWebView\Application\120.0.2210.91\msedge_elf.dll,-
2023-12-20T23:46:16.000000+00:00,Creation Time,PE,PE/COFF file,PE Type: Executable (EXE) Import hash: de26eaa9d278cc0dba26fd740bd69de5 Export DLL name: msedge_proxy.exe,pe,NTFS:\Program Files (x86)\Microsoft\EdgeWebView\Application\120.0.2210.91\msedge_proxy.exe,-
2023-12-20T23:46:16.000000+00:00,Creation Time,PE,PE/COFF file,PE Type: Executable (EXE) Import hash: de41f9de99e8b59a5fd04ed8f3e47a23 Export DLL name: msedge_pwa_launcher.exe,pe,NTFS:\Program Files (x86)\Microsoft\EdgeWebView\Application\120.0.2210.91\msedge_pwa_launcher.exe,-
2023-12-20T23:46:16.000000+00:00,Creation Time,PE,PE/COFF file,PE Type: Dynamic Link Library (DLL) Import hash: 11cfe52be448f6616d5059e01d25574f Export DLL name: msedge_wer.dll,pe,NTFS:\Program Files (x86)\Microsoft\EdgeWebView\Application\120.0.2210.91\msedge_wer.dll,-
2023-12-20T23:46:16.000000+00:00,Creation Time,PE,PE/COFF file,PE Type: Executable (EXE) Import hash: ea4ca1f8e3b3d9373d39c13fd1348a63 Export DLL name: msedgewebview2.exe,pe,NTFS:\Program Files (x86)\Microsoft\EdgeWebView\Application\120.0.2210.91\msedgewebview2.exe,-
2023-12-20T23:46:16.000000+00:00,Creation Time,PE,PE/COFF file,PE Type: Executable (EXE) Import hash: f999b9e2a1a7ee8d6c0a62ac96cb8e00 Export DLL name: notification_helper.exe,pe,NTFS:\Program Files (x86)\Microsoft\EdgeWebView\Application\120.0.2210.91\notification_helper.exe,-
2023-12-20T23:46:16.000000+00:00,Creation Time,PE,PE/COFF file,PE Type: Dynamic Link Library (DLL) Import hash: 84a3a44cda8210433388e362d0711350 Export DLL name: oneauth.dll,pe,NTFS:\Program Files (x86)\Microsoft\EdgeWebView\Application\120.0.2210.91\oneauth.dll,-
2023-12-20T23:46:16.000000+00:00,Creation Time,PE,PE/COFF file,PE Type: Dynamic Link Library (DLL) Import hash: 901547c141e655eaa42dda272194aa5f Export DLL name: oneds.dll,pe,NTFS:\Program Files (x86)\Microsoft\EdgeWebView\Application\120.0.2210.91\oneds.dll,-
2023-12-20T23:46:16.000000+00:00,Creation Time,PE,PE/COFF file,PE Type: Dynamic Link Library (DLL) Import hash: b5a256ffb9731c6d4f188d47128cd426 Export DLL name: onramp.dll,pe,NTFS:\Program Files (x86)\Microsoft\EdgeWebView\Application\120.0.2210.91\onramp.dll,-
2023-12-20T23:46:16.000000+00:00,Creation Time,PE,PE/COFF file,PE Type: Executable (EXE) Import hash: e5475fe275fc1810d6058a5ebd704304 Export DLL name: pwahelper.exe,pe,NTFS:\Program Files (x86)\Microsoft\EdgeWebView\Application\120.0.2210.91\pwahelper.exe,-
2023-12-20T23:46:16.000000+00:00,Content Modification Time,FILE,File stat,NTFS:\Program Files (x86)\Microsoft\EdgeWebView\Application\120.0.2210.91\resources.pak Type: file,filestat,NTFS:\Program Files (x86)\Microsoft\EdgeWebView\Application\120.0.2210.91\resources.pak,-
2023-12-20T23:46:16.000000+00:00,Content Modification Time,FILE,File stat,NTFS:\Program Files (x86)\Microsoft\EdgeWebView\Application\120.0.2210.91\show_third_party_software_licenses.bat Type: file,filestat,NTFS:\Program Files (x86)\Microsoft\EdgeWebView\Application\120.0.2210.91\show_third_party_software_licenses.bat,-
2023-12-20T23:46:16.000000+00:00,Creation Time,PE,PE/COFF file,PE Type: Dynamic Link Library (DLL) Import hash: d6dbf82dc6a4932b4f6d5a857b2d2ee4 Export DLL name: telclient.dll,pe,NTFS:\Program Files (x86)\Microsoft\EdgeWebView\Application\120.0.2210.91\telclient.dll,-
2023-12-20T23:46:16.000000+00:00,Content Modification Time,FILE,File stat,NTFS:\Program Files (x86)\Microsoft\EdgeWebView\Application\120.0.2210.91\v8_context_snapshot.bin Type: file,filestat,NTFS:\Program Files (x86)\Microsoft\EdgeWebView\Application\120.0.2210.91\v8_context_snapshot.bin,-
2023-12-20T23:46:16.000000+00:00,Creation Time,PE,PE/COFF file,PE Type: Dynamic Link Library (DLL) Import hash: c6d5499631d983c25f3393a4b4b13399 Export DLL name: vk_swiftshader.dll,pe,NTFS:\Program Files (x86)\Microsoft\EdgeWebView\Application\120.0.2210.91\vk_swiftshader.dll,-
2023-12-20T23:46:16.000000+00:00,Content Modification Time,FILE,File stat,NTFS:\Program Files (x86)\Microsoft\EdgeWebView\Application\120.0.2210.91\vk_swiftshader_icd.json Type: file,filestat,NTFS:\Program Files (x86)\Microsoft\EdgeWebView\Application\120.0.2210.91\vk_swiftshader_icd.json,-
2023-12-20T23:46:16.000000+00:00,Creation Time,PE,PE/COFF file,PE Type: Dynamic Link Library (DLL) Import hash: 49ed29c3ff417b26c7cd92ecc9b7dcb3 Export DLL name: vulkan-1.dll,pe,NTFS:\Program Files (x86)\Microsoft\EdgeWebView\Application\120.0.2210.91\vulkan-1.dll,-
2023-12-20T23:46:16.000000+00:00,Creation Time,PE,PE/COFF file,PE Type: Dynamic Link Library (DLL) Import hash: 671c679ffeb5f4076c20445dc94c7eec Export DLL name: wdag.dll,pe,NTFS:\Program Files (x86)\Microsoft\EdgeWebView\Application\120.0.2210.91\wdag.dll,-
2023-12-20T23:46:16.000000+00:00,Creation Time,PE,PE/COFF file,PE Type: Dynamic Link Library (DLL) Import hash: 78dddc1db019dc0a88e18bb6984ecb65 Export DLL name: webview2_integration.dll,pe,NTFS:\Program Files (x86)\Microsoft\EdgeWebView\Application\120.0.2210.91\webview2_integration.dll,-
2023-12-20T23:46:16.000000+00:00,Creation Time,PE,PE/COFF file,PE Type: Dynamic Link Library (DLL) Import hash: ccad27ddcacd8ba801cc1ba84b9e017e Export DLL name: wns_push_client.dll,pe,NTFS:\Program Files (x86)\Microsoft\EdgeWebView\Application\120.0.2210.91\wns_push_client.dll,-
2023-12-20T23:46:16.000000+00:00,Content Modification Time,FILE,File stat,NTFS:\Program Files (x86)\Microsoft\Edge\Application\120.0.2210.91\120.0.2210.91.manifest Type: file,filestat,NTFS:\Program Files (x86)\Microsoft\Edge\Application\120.0.2210.91\120.0.2210.91.manifest,-
2023-12-20T23:46:16.000000+00:00,Creation Time,PE,PE/COFF file,PE Type: Dynamic Link Library (DLL) Import hash: 5d07bfc805e48a393c01d34c0b5a3caf Export DLL name: ie_to_edge_bho.dll,pe,NTFS:\Program Files (x86)\Microsoft\Edge\Application\120.0.2210.91\BHO\ie_to_edge_bho.dll,-
2023-12-20T23:46:16.000000+00:00,Creation Time,PE,PE/COFF file,PE Type: Dynamic Link Library (DLL) Import hash: 89d21614e96b2221559dce91e84a272f Export DLL name: ie_to_edge_bho_64.dll,pe,NTFS:\Program Files (x86)\Microsoft\Edge\Application\120.0.2210.91\BHO\ie_to_edge_bho_64.dll,-
2023-12-20T23:46:16.000000+00:00,Creation Time,PE,PE/COFF file,PE Type: Executable (EXE) Import hash: 0a2ef3be6e8fa003a59fdd3ecca7a683,pe,NTFS:\Program Files (x86)\Microsoft\Edge\Application\120.0.2210.91\BHO\ie_to_edge_stub.exe,-
2023-12-20T23:46:16.000000+00:00,Creation Time,PE,PE/COFF file,PE Type: Dynamic Link Library (DLL) Import hash: 65637e19b762b7da29855f08cb6d3f3d Export DLL name: EmbeddedBrowserWebView.dll,pe,NTFS:\Program Files (x86)\Microsoft\Edge\Application\120.0.2210.91\EBWebView\x64\EmbeddedBrowserWebView.dll,-
2023-12-20T23:46:16.000000+00:00,Creation Time,PE,PE/COFF file,PE Type: Dynamic Link Library (DLL) Import hash: b0dca34fab2bb760c185cfe19b76ce85 Export DLL name: EmbeddedBrowserWebView.dll,pe,NTFS:\Program Files (x86)\Microsoft\Edge\Application\120.0.2210.91\EBWebView\x86\EmbeddedBrowserWebView.dll,-
2023-12-20T23:46:16.000000+00:00,Content Modification Time,FILE,File stat,NTFS:\Program Files (x86)\Microsoft\Edge\Application\120.0.2210.91\Edge.dat Type: file,filestat,NTFS:\Program Files (x86)\Microsoft\Edge\Application\120.0.2210.91\Edge.dat,-
2023-12-20T23:46:16.000000+00:00,Content Modification Time,FILE,File stat,NTFS:\Program Files (x86)\Microsoft\Edge\Application\120.0.2210.91\EdgeWebView.dat Type: file,filestat,NTFS:\Program Files (x86)\Microsoft\Edge\Application\120.0.2210.91\EdgeWebView.dat,-
2023-12-20T23:46:16.000000+00:00,Content Modification Time,FILE,File stat,NTFS:\Program Files (x86)\Microsoft\Edge\Application\120.0.2210.91\Extensions\external_extensions.json Type: file,filestat,NTFS:\Program Files (x86)\Microsoft\Edge\Application\120.0.2210.91\Extensions\external_extensions.json,-
2023-12-20T23:46:16.000000+00:00,Creation Time,PE,PE/COFF file,PE Type: Executable (EXE) Import hash: 18668a14d37c09242822b18d4c2856dd Export DLL name: setup.exe,pe,NTFS:\Program Files (x86)\Microsoft\Edge\Application\120.0.2210.91\Installer\setup.exe,-
2023-12-20T23:46:16.000000+00:00,Content Modification Time,FILE,File stat,NTFS:\Program Files (x86)\Microsoft\Edge\Application\120.0.2210.91\Locales\af.pak Type: file,filestat,NTFS:\Program Files (x86)\Microsoft\Edge\Application\120.0.2210.91\Locales\af.pak,-
2023-12-20T23:46:16.000000+00:00,Content Modification Time,FILE,File stat,NTFS:\Program Files (x86)\Microsoft\Edge\Application\120.0.2210.91\Locales\am.pak Type: file,filestat,NTFS:\Program Files (x86)\Microsoft\Edge\Application\120.0.2210.91\Locales\am.pak,-
2023-12-20T23:46:16.000000+00:00,Content Modification Time,FILE,File stat,NTFS:\Program Files (x86)\Microsoft\Edge\Application\120.0.2210.91\Locales\ar.pak Type: file,filestat,NTFS:\Program Files (x86)\Microsoft\Edge\Application\120.0.2210.91\Locales\ar.pak,-
2023-12-20T23:46:16.000000+00:00,Content Modification Time,FILE,File stat,NTFS:\Program Files (x86)\Microsoft\Edge\Application\120.0.2210.91\Locales\as.pak Type: file,filestat,NTFS:\Program Files (x86)\Microsoft\Edge\Application\120.0.2210.91\Locales\as.pak,-
2023-12-20T23:46:16.000000+00:00,Content Modification Time,FILE,File stat,NTFS:\Program Files (x86)\Microsoft\Edge\Application\120.0.2210.91\Locales\az.pak Type: file,filestat,NTFS:\Program Files (x86)\Microsoft\Edge\Application\120.0.2210.91\Locales\az.pak,-
2023-12-20T23:46:16.000000+00:00,Content Modification Time,FILE,File stat,NTFS:\Program Files (x86)\Microsoft\Edge\Application\120.0.2210.91\Locales\bg.pak Type: file,filestat,NTFS:\Program Files (x86)\Microsoft\Edge\Application\120.0.2210.91\Locales\bg.pak,-
2023-12-20T23:46:16.000000+00:00,Content Modification Time,FILE,File stat,NTFS:\Program Files (x86)\Microsoft\Edge\Application\120.0.2210.91\Locales\bn-IN.pak Type: file,filestat,NTFS:\Program Files (x86)\Microsoft\Edge\Application\120.0.2210.91\Locales\bn-IN.pak,-
2023-12-20T23:46:16.000000+00:00,Content Modification Time,FILE,File stat,NTFS:\Program Files (x86)\Microsoft\Edge\Application\120.0.2210.91\Locales\bs.pak Type: file,filestat,NTFS:\Program Files (x86)\Microsoft\Edge\Application\120.0.2210.91\Locales\bs.pak,-
2023-12-20T23:46:16.000000+00:00,Content Modification Time,FILE,File stat,NTFS:\Program Files (x86)\Microsoft\Edge\Application\120.0.2210.91\Locales\ca-Es-VALENCIA.pak Type: file,filestat,NTFS:\Program Files (x86)\Microsoft\Edge\Application\120.0.2210.91\Locales\ca-Es-VALENCIA.pak,-
2023-12-20T23:46:16.000000+00:00,Content Modification Time,FILE,File stat,NTFS:\Program Files (x86)\Microsoft\Edge\Application\120.0.2210.91\Locales\ca.pak Type: file,filestat,NTFS:\Program Files (x86)\Microsoft\Edge\Application\120.0.2210.91\Locales\ca.pak,-
2023-12-20T23:46:16.000000+00:00,Content Modification Time,FILE,File stat,NTFS:\Program Files (x86)\Microsoft\Edge\Application\120.0.2210.91\Locales\cs.pak Type: file,filestat,NTFS:\Program Files (x86)\Microsoft\Edge\Application\120.0.2210.91\Locales\cs.pak,-
2023-12-20T23:46:16.000000+00:00,Content Modification Time,FILE,File stat,NTFS:\Program Files (x86)\Microsoft\Edge\Application\120.0.2210.91\Locales\cy.pak Type: file,filestat,NTFS:\Program Files (x86)\Microsoft\Edge\Application\120.0.2210.91\Locales\cy.pak,-
2023-12-20T23:46:16.000000+00:00,Content Modification Time,FILE,File stat,NTFS:\Program Files (x86)\Microsoft\Edge\Application\120.0.2210.91\Locales\da.pak Type: file,filestat,NTFS:\Program Files (x86)\Microsoft\Edge\Application\120.0.2210.91\Locales\da.pak,-
2023-12-20T23:46:16.000000+00:00,Content Modification Time,FILE,File stat,NTFS:\Program Files (x86)\Microsoft\Edge\Application\120.0.2210.91\Locales\de.pak Type: file,filestat,NTFS:\Program Files (x86)\Microsoft\Edge\Application\120.0.2210.91\Locales\de.pak,-
2023-12-20T23:46:16.000000+00:00,Content Modification Time,FILE,File stat,NTFS:\Program Files (x86)\Microsoft\Edge\Application\120.0.2210.91\Locales\el.pak Type: file,filestat,NTFS:\Program Files (x86)\Microsoft\Edge\Application\120.0.2210.91\Locales\el.pak,-
2023-12-20T23:46:16.000000+00:00,Content Modification Time,FILE,File stat,NTFS:\Program Files (x86)\Microsoft\Edge\Application\120.0.2210.91\Locales\en-GB.pak Type: file,filestat,NTFS:\Program Files (x86)\Microsoft\Edge\Application\120.0.2210.91\Locales\en-GB.pak,-
2023-12-20T23:46:16.000000+00:00,Content Modification Time,FILE,File stat,NTFS:\Program Files (x86)\Microsoft\Edge\Application\120.0.2210.91\Locales\en-US.pak Type: file,filestat,NTFS:\Program Files (x86)\Microsoft\Edge\Application\120.0.2210.91\Locales\en-US.pak,-
2023-12-20T23:46:16.000000+00:00,Content Modification Time,FILE,File stat,NTFS:\Program Files (x86)\Microsoft\Edge\Application\120.0.2210.91\Locales\es-419.pak Type: file,filestat,NTFS:\Program Files (x86)\Microsoft\Edge\Application\120.0.2210.91\Locales\es-419.pak,-
2023-12-20T23:46:16.000000+00:00,Content Modification Time,FILE,File stat,NTFS:\Program Files (x86)\Microsoft\Edge\Application\120.0.2210.91\Locales\es.pak Type: file,filestat,NTFS:\Program Files (x86)\Microsoft\Edge\Application\120.0.2210.91\Locales\es.pak,-
2023-12-20T23:46:16.000000+00:00,Content Modification Time,FILE,File stat,NTFS:\Program Files (x86)\Microsoft\Edge\Application\120.0.2210.91\Locales\et.pak Type: file,filestat,NTFS:\Program Files (x86)\Microsoft\Edge\Application\120.0.2210.91\Locales\et.pak,-
2023-12-20T23:46:16.000000+00:00,Content Modification Time,FILE,File stat,NTFS:\Program Files (x86)\Microsoft\Edge\Application\120.0.2210.91\Locales\eu.pak Type: file,filestat,NTFS:\Program Files (x86)\Microsoft\Edge\Application\120.0.2210.91\Locales\eu.pak,-
2023-12-20T23:46:16.000000+00:00,Content Modification Time,FILE,File stat,NTFS:\Program Files (x86)\Microsoft\Edge\Application\120.0.2210.91\Locales\fa.pak Type: file,filestat,NTFS:\Program Files (x86)\Microsoft\Edge\Application\120.0.2210.91\Locales\fa.pak,-
2023-12-20T23:46:16.000000+00:00,Content Modification Time,FILE,File stat,NTFS:\Program Files (x86)\Microsoft\Edge\Application\120.0.2210.91\Locales\fi.pak Type: file,filestat,NTFS:\Program Files (x86)\Microsoft\Edge\Application\120.0.2210.91\Locales\fi.pak,-
2023-12-20T23:46:16.000000+00:00,Content Modification Time,FILE,File stat,NTFS:\Program Files (x86)\Microsoft\Edge\Application\120.0.2210.91\Locales\fil.pak Type: file,filestat,NTFS:\Program Files (x86)\Microsoft\Edge\Application\120.0.2210.91\Locales\fil.pak,-
2023-12-20T23:46:16.000000+00:00,Content Modification Time,FILE,File stat,NTFS:\Program Files (x86)\Microsoft\Edge\Application\120.0.2210.91\Locales\fr-CA.pak Type: file,filestat,NTFS:\Program Files (x86)\Microsoft\Edge\Application\120.0.2210.91\Locales\fr-CA.pak,-
2023-12-20T23:46:16.000000+00:00,Content Modification Time,FILE,File stat,NTFS:\Program Files (x86)\Microsoft\Edge\Application\120.0.2210.91\Locales\fr.pak Type: file,filestat,NTFS:\Program Files (x86)\Microsoft\Edge\Application\120.0.2210.91\Locales\fr.pak,-
2023-12-20T23:46:16.000000+00:00,Content Modification Time,FILE,File stat,NTFS:\Program Files (x86)\Microsoft\Edge\Application\120.0.2210.91\Locales\ga.pak Type: file,filestat,NTFS:\Program Files (x86)\Microsoft\Edge\Application\120.0.2210.91\Locales\ga.pak,-
2023-12-20T23:46:16.000000+00:00,Content Modification Time,FILE,File stat,NTFS:\Program Files (x86)\Microsoft\Edge\Application\120.0.2210.91\Locales\gd.pak Type: file,filestat,NTFS:\Program Files (x86)\Microsoft\Edge\Application\120.0.2210.91\Locales\gd.pak,-
2023-12-20T23:46:16.000000+00:00,Content Modification Time,FILE,File stat,NTFS:\Program Files (x86)\Microsoft\Edge\Application\120.0.2210.91\Locales\gl.pak Type: file,filestat,NTFS:\Program Files (x86)\Microsoft\Edge\Application\120.0.2210.91\Locales\gl.pak,-
2023-12-20T23:46:16.000000+00:00,Content Modification Time,FILE,File stat,NTFS:\Program Files (x86)\Microsoft\Edge\Application\120.0.2210.91\Locales\gu.pak Type: file,filestat,NTFS:\Program Files (x86)\Microsoft\Edge\Application\120.0.2210.91\Locales\gu.pak,-
2023-12-20T23:46:16.000000+00:00,Content Modification Time,FILE,File stat,NTFS:\Program Files (x86)\Microsoft\Edge\Application\120.0.2210.91\Locales\he.pak Type: file,filestat,NTFS:\Program Files (x86)\Microsoft\Edge\Application\120.0.2210.91\Locales\he.pak,-
2023-12-20T23:46:16.000000+00:00,Content Modification Time,FILE,File stat,NTFS:\Program Files (x86)\Microsoft\Edge\Application\120.0.2210.91\Locales\hi.pak Type: file,filestat,NTFS:\Program Files (x86)\Microsoft\Edge\Application\120.0.2210.91\Locales\hi.pak,-
2023-12-20T23:46:16.000000+00:00,Content Modification Time,FILE,File stat,NTFS:\Program Files (x86)\Microsoft\Edge\Application\120.0.2210.91\Locales\hr.pak Type: file,filestat,NTFS:\Program Files (x86)\Microsoft\Edge\Application\120.0.2210.91\Locales\hr.pak,-
2023-12-20T23:46:16.000000+00:00,Content Modification Time,FILE,File stat,NTFS:\Program Files (x86)\Microsoft\Edge\Application\120.0.2210.91\Locales\hu.pak Type: file,filestat,NTFS:\Program Files (x86)\Microsoft\Edge\Application\120.0.2210.91\Locales\hu.pak,-
2023-12-20T23:46:16.000000+00:00,Content Modification Time,FILE,File stat,NTFS:\Program Files (x86)\Microsoft\Edge\Application\120.0.2210.91\Locales\id.pak Type: file,filestat,NTFS:\Program Files (x86)\Microsoft\Edge\Application\120.0.2210.91\Locales\id.pak,-
2023-12-20T23:46:16.000000+00:00,Content Modification Time,FILE,File stat,NTFS:\Program Files (x86)\Microsoft\Edge\Application\120.0.2210.91\Locales\is.pak Type: file,filestat,NTFS:\Program Files (x86)\Microsoft\Edge\Application\120.0.2210.91\Locales\is.pak,-
2023-12-20T23:46:16.000000+00:00,Content Modification Time,FILE,File stat,NTFS:\Program Files (x86)\Microsoft\Edge\Application\120.0.2210.91\Locales\it.pak Type: file,filestat,NTFS:\Program Files (x86)\Microsoft\Edge\Application\120.0.2210.91\Locales\it.pak,-
2023-12-20T23:46:16.000000+00:00,Content Modification Time,FILE,File stat,NTFS:\Program Files (x86)\Microsoft\Edge\Application\120.0.2210.91\Locales\ja.pak Type: file,filestat,NTFS:\Program Files (x86)\Microsoft\Edge\Application\120.0.2210.91\Locales\ja.pak,-
2023-12-20T23:46:16.000000+00:00,Content Modification Time,FILE,File stat,NTFS:\Program Files (x86)\Microsoft\Edge\Application\120.0.2210.91\Locales\ka.pak Type: file,filestat,NTFS:\Program Files (x86)\Microsoft\Edge\Application\120.0.2210.91\Locales\ka.pak,-
2023-12-20T23:46:16.000000+00:00,Content Modification Time,FILE,File stat,NTFS:\Program Files (x86)\Microsoft\Edge\Application\120.0.2210.91\Locales\kk.pak Type: file,filestat,NTFS:\Program Files (x86)\Microsoft\Edge\Application\120.0.2210.91\Locales\kk.pak,-
2023-12-20T23:46:16.000000+00:00,Content Modification Time,FILE,File stat,NTFS:\Program Files (x86)\Microsoft\Edge\Application\120.0.2210.91\Locales\km.pak Type: file,filestat,NTFS:\Program Files (x86)\Microsoft\Edge\Application\120.0.2210.91\Locales\km.pak,-
2023-12-20T23:46:16.000000+00:00,Content Modification Time,FILE,File stat,NTFS:\Program Files (x86)\Microsoft\Edge\Application\120.0.2210.91\Locales\kn.pak Type: file,filestat,NTFS:\Program Files (x86)\Microsoft\Edge\Application\120.0.2210.91\Locales\kn.pak,-
2023-12-20T23:46:16.000000+00:00,Content Modification Time,FILE,File stat,NTFS:\Program Files (x86)\Microsoft\Edge\Application\120.0.2210.91\Locales\ko.pak Type: file,filestat,NTFS:\Program Files (x86)\Microsoft\Edge\Application\120.0.2210.91\Locales\ko.pak,-
2023-12-20T23:46:16.000000+00:00,Content Modification Time,FILE,File stat,NTFS:\Program Files (x86)\Microsoft\Edge\Application\120.0.2210.91\Locales\kok.pak Type: file,filestat,NTFS:\Program Files (x86)\Microsoft\Edge\Application\120.0.2210.91\Locales\kok.pak,-
2023-12-20T23:46:16.000000+00:00,Content Modification Time,FILE,File stat,NTFS:\Program Files (x86)\Microsoft\Edge\Application\120.0.2210.91\Locales\lb.pak Type: file,filestat,NTFS:\Program Files (x86)\Microsoft\Edge\Application\120.0.2210.91\Locales\lb.pak,-
2023-12-20T23:46:16.000000+00:00,Content Modification Time,FILE,File stat,NTFS:\Program Files (x86)\Microsoft\Edge\Application\120.0.2210.91\Locales\lo.pak Type: file,filestat,NTFS:\Program Files (x86)\Microsoft\Edge\Application\120.0.2210.91\Locales\lo.pak,-
2023-12-20T23:46:16.000000+00:00,Content Modification Time,FILE,File stat,NTFS:\Program Files (x86)\Microsoft\Edge\Application\120.0.2210.91\Locales\lt.pak Type: file,filestat,NTFS:\Program Files (x86)\Microsoft\Edge\Application\120.0.2210.91\Locales\lt.pak,-
2023-12-20T23:46:16.000000+00:00,Content Modification Time,FILE,File stat,NTFS:\Program Files (x86)\Microsoft\Edge\Application\120.0.2210.91\Locales\lv.pak Type: file,filestat,NTFS:\Program Files (x86)\Microsoft\Edge\Application\120.0.2210.91\Locales\lv.pak,-
2023-12-20T23:46:16.000000+00:00,Content Modification Time,FILE,File stat,NTFS:\Program Files (x86)\Microsoft\Edge\Application\120.0.2210.91\Locales\mi.pak Type: file,filestat,NTFS:\Program Files (x86)\Microsoft\Edge\Application\120.0.2210.91\Locales\mi.pak,-
2023-12-20T23:46:16.000000+00:00,Content Modification Time,FILE,File stat,NTFS:\Program Files (x86)\Microsoft\Edge\Application\120.0.2210.91\Locales\mk.pak Type: file,filestat,NTFS:\Program Files (x86)\Microsoft\Edge\Application\120.0.2210.91\Locales\mk.pak,-
2023-12-20T23:46:16.000000+00:00,Content Modification Time,FILE,File stat,NTFS:\Program Files (x86)\Microsoft\Edge\Application\120.0.2210.91\Locales\ml.pak Type: file,filestat,NTFS:\Program Files (x86)\Microsoft\Edge\Application\120.0.2210.91\Locales\ml.pak,-
2023-12-20T23:46:16.000000+00:00,Content Modification Time,FILE,File stat,NTFS:\Program Files (x86)\Microsoft\Edge\Application\120.0.2210.91\Locales\mr.pak Type: file,filestat,NTFS:\Program Files (x86)\Microsoft\Edge\Application\120.0.2210.91\Locales\mr.pak,-
2023-12-20T23:46:16.000000+00:00,Content Modification Time,FILE,File stat,NTFS:\Program Files (x86)\Microsoft\Edge\Application\120.0.2210.91\Locales\ms.pak Type: file,filestat,NTFS:\Program Files (x86)\Microsoft\Edge\Application\120.0.2210.91\Locales\ms.pak,-
2023-12-20T23:46:16.000000+00:00,Content Modification Time,FILE,File stat,NTFS:\Program Files (x86)\Microsoft\Edge\Application\120.0.2210.91\Locales\mt.pak Type: file,filestat,NTFS:\Program Files (x86)\Microsoft\Edge\Application\120.0.2210.91\Locales\mt.pak,-
2023-12-20T23:46:16.000000+00:00,Content Modification Time,FILE,File stat,NTFS:\Program Files (x86)\Microsoft\Edge\Application\120.0.2210.91\Locales\nb.pak Type: file,filestat,NTFS:\Program Files (x86)\Microsoft\Edge\Application\120.0.2210.91\Locales\nb.pak,-
2023-12-20T23:46:16.000000+00:00,Content Modification Time,FILE,File stat,NTFS:\Program Files (x86)\Microsoft\Edge\Application\120.0.2210.91\Locales\ne.pak Type: file,filestat,NTFS:\Program Files (x86)\Microsoft\Edge\Application\120.0.2210.91\Locales\ne.pak,-
2023-12-20T23:46:16.000000+00:00,Content Modification Time,FILE,File stat,NTFS:\Program Files (x86)\Microsoft\Edge\Application\120.0.2210.91\Locales\nl.pak Type: file,filestat,NTFS:\Program Files (x86)\Microsoft\Edge\Application\120.0.2210.91\Locales\nl.pak,-
2023-12-20T23:46:16.000000+00:00,Content Modification Time,FILE,File stat,NTFS:\Program Files (x86)\Microsoft\Edge\Application\120.0.2210.91\Locales\nn.pak Type: file,filestat,NTFS:\Program Files (x86)\Microsoft\Edge\Application\120.0.2210.91\Locales\nn.pak,-
2023-12-20T23:46:16.000000+00:00,Content Modification Time,FILE,File stat,NTFS:\Program Files (x86)\Microsoft\Edge\Application\120.0.2210.91\Locales\or.pak Type: file,filestat,NTFS:\Program Files (x86)\Microsoft\Edge\Application\120.0.2210.91\Locales\or.pak,-
2023-12-20T23:46:16.000000+00:00,Content Modification Time,FILE,File stat,NTFS:\Program Files (x86)\Microsoft\Edge\Application\120.0.2210.91\Locales\pa.pak Type: file,filestat,NTFS:\Program Files (x86)\Microsoft\Edge\Application\120.0.2210.91\Locales\pa.pak,-
2023-12-20T23:46:16.000000+00:00,Content Modification Time,FILE,File stat,NTFS:\Program Files (x86)\Microsoft\Edge\Application\120.0.2210.91\Locales\pl.pak Type: file,filestat,NTFS:\Program Files (x86)\Microsoft\Edge\Application\120.0.2210.91\Locales\pl.pak,-
2023-12-20T23:46:16.000000+00:00,Content Modification Time,FILE,File stat,NTFS:\Program Files (x86)\Microsoft\Edge\Application\120.0.2210.91\Locales\pt-BR.pak Type: file,filestat,NTFS:\Program Files (x86)\Microsoft\Edge\Application\120.0.2210.91\Locales\pt-BR.pak,-
2023-12-20T23:46:16.000000+00:00,Content Modification Time,FILE,File stat,NTFS:\Program Files (x86)\Microsoft\Edge\Application\120.0.2210.91\Locales\pt-PT.pak Type: file,filestat,NTFS:\Program Files (x86)\Microsoft\Edge\Application\120.0.2210.91\Locales\pt-PT.pak,-
2023-12-20T23:46:16.000000+00:00,Content Modification Time,FILE,File stat,NTFS:\Program Files (x86)\Microsoft\Edge\Application\120.0.2210.91\Locales\qu.pak Type: file,filestat,NTFS:\Program Files (x86)\Microsoft\Edge\Application\120.0.2210.91\Locales\qu.pak,-
2023-12-20T23:46:16.000000+00:00,Content Modification Time,FILE,File stat,NTFS:\Program Files (x86)\Microsoft\Edge\Application\120.0.2210.91\Locales\ro.pak Type: file,filestat,NTFS:\Program Files (x86)\Microsoft\Edge\Application\120.0.2210.91\Locales\ro.pak,-
2023-12-20T23:46:16.000000+00:00,Content Modification Time,FILE,File stat,NTFS:\Program Files (x86)\Microsoft\Edge\Application\120.0.2210.91\Locales\ru.pak Type: file,filestat,NTFS:\Program Files (x86)\Microsoft\Edge\Application\120.0.2210.91\Locales\ru.pak,-
2023-12-20T23:46:16.000000+00:00,Content Modification Time,FILE,File stat,NTFS:\Program Files (x86)\Microsoft\Edge\Application\120.0.2210.91\Locales\sk.pak Type: file,filestat,NTFS:\Program Files (x86)\Microsoft\Edge\Application\120.0.2210.91\Locales\sk.pak,-
2023-12-20T23:46:16.000000+00:00,Content Modification Time,FILE,File stat,NTFS:\Program Files (x86)\Microsoft\Edge\Application\120.0.2210.91\Locales\sl.pak Type: file,filestat,NTFS:\Program Files (x86)\Microsoft\Edge\Application\120.0.2210.91\Locales\sl.pak,-
2023-12-20T23:46:16.000000+00:00,Content Modification Time,FILE,File stat,NTFS:\Program Files (x86)\Microsoft\Edge\Application\120.0.2210.91\Locales\sq.pak Type: file,filestat,NTFS:\Program Files (x86)\Microsoft\Edge\Application\120.0.2210.91\Locales\sq.pak,-
2023-12-20T23:46:16.000000+00:00,Content Modification Time,FILE,File stat,NTFS:\Program Files (x86)\Microsoft\Edge\Application\120.0.2210.91\Locales\sr-Cyrl-BA.pak Type: file,filestat,NTFS:\Program Files (x86)\Microsoft\Edge\Application\120.0.2210.91\Locales\sr-Cyrl-BA.pak,-
2023-12-20T23:46:16.000000+00:00,Content Modification Time,FILE,File stat,NTFS:\Program Files (x86)\Microsoft\Edge\Application\120.0.2210.91\Locales\sr-Latn-RS.pak Type: file,filestat,NTFS:\Program Files (x86)\Microsoft\Edge\Application\120.0.2210.91\Locales\sr-Latn-RS.pak,-
2023-12-20T23:46:16.000000+00:00,Content Modification Time,FILE,File stat,NTFS:\Program Files (x86)\Microsoft\Edge\Application\120.0.2210.91\Locales\sr.pak Type: file,filestat,NTFS:\Program Files (x86)\Microsoft\Edge\Application\120.0.2210.91\Locales\sr.pak,-
2023-12-20T23:46:16.000000+00:00,Content Modification Time,FILE,File stat,NTFS:\Program Files (x86)\Microsoft\Edge\Application\120.0.2210.91\Locales\sv.pak Type: file,filestat,NTFS:\Program Files (x86)\Microsoft\Edge\Application\120.0.2210.91\Locales\sv.pak,-
2023-12-20T23:46:16.000000+00:00,Content Modification Time,FILE,File stat,NTFS:\Program Files (x86)\Microsoft\Edge\Application\120.0.2210.91\Locales\ta.pak Type: file,filestat,NTFS:\Program Files (x86)\Microsoft\Edge\Application\120.0.2210.91\Locales\ta.pak,-
2023-12-20T23:46:16.000000+00:00,Content Modification Time,FILE,File stat,NTFS:\Program Files (x86)\Microsoft\Edge\Application\120.0.2210.91\Locales\te.pak Type: file,filestat,NTFS:\Program Files (x86)\Microsoft\Edge\Application\120.0.2210.91\Locales\te.pak,-
2023-12-20T23:46:16.000000+00:00,Content Modification Time,FILE,File stat,NTFS:\Program Files (x86)\Microsoft\Edge\Application\120.0.2210.91\Locales\th.pak Type: file,filestat,NTFS:\Program Files (x86)\Microsoft\Edge\Application\120.0.2210.91\Locales\th.pak,-
2023-12-20T23:46:16.000000+00:00,Content Modification Time,FILE,File stat,NTFS:\Program Files (x86)\Microsoft\Edge\Application\120.0.2210.91\Locales\tr.pak Type: file,filestat,NTFS:\Program Files (x86)\Microsoft\Edge\Application\120.0.2210.91\Locales\tr.pak,-
2023-12-20T23:46:16.000000+00:00,Content Modification Time,FILE,File stat,NTFS:\Program Files (x86)\Microsoft\Edge\Application\120.0.2210.91\Locales\tt.pak Type: file,filestat,NTFS:\Program Files (x86)\Microsoft\Edge\Application\120.0.2210.91\Locales\tt.pak,-
2023-12-20T23:46:16.000000+00:00,Content Modification Time,FILE,File stat,NTFS:\Program Files (x86)\Microsoft\Edge\Application\120.0.2210.91\Locales\ug.pak Type: file,filestat,NTFS:\Program Files (x86)\Microsoft\Edge\Application\120.0.2210.91\Locales\ug.pak,-
2023-12-20T23:46:16.000000+00:00,Content Modification Time,FILE,File stat,NTFS:\Program Files (x86)\Microsoft\Edge\Application\120.0.2210.91\Locales\uk.pak Type: file,filestat,NTFS:\Program Files (x86)\Microsoft\Edge\Application\120.0.2210.91\Locales\uk.pak,-
2023-12-20T23:46:16.000000+00:00,Content Modification Time,FILE,File stat,NTFS:\Program Files (x86)\Microsoft\Edge\Application\120.0.2210.91\Locales\ur.pak Type: file,filestat,NTFS:\Program Files (x86)\Microsoft\Edge\Application\120.0.2210.91\Locales\ur.pak,-
2023-12-20T23:46:16.000000+00:00,Content Modification Time,FILE,File stat,NTFS:\Program Files (x86)\Microsoft\Edge\Application\120.0.2210.91\Locales\vi.pak Type: file,filestat,NTFS:\Program Files (x86)\Microsoft\Edge\Application\120.0.2210.91\Locales\vi.pak,-
2023-12-20T23:46:16.000000+00:00,Content Modification Time,FILE,File stat,NTFS:\Program Files (x86)\Microsoft\Edge\Application\120.0.2210.91\Locales\zh-CN.pak Type: file,filestat,NTFS:\Program Files (x86)\Microsoft\Edge\Application\120.0.2210.91\Locales\zh-CN.pak,-
2023-12-20T23:46:16.000000+00:00,Content Modification Time,FILE,File stat,NTFS:\Program Files (x86)\Microsoft\Edge\Application\120.0.2210.91\Locales\zh-TW.pak Type: file,filestat,NTFS:\Program Files (x86)\Microsoft\Edge\Application\120.0.2210.91\Locales\zh-TW.pak,-
2023-12-20T23:46:16.000000+00:00,Content Modification Time,FILE,File stat,NTFS:\Program Files (x86)\Microsoft\Edge\Application\120.0.2210.91\MEIPreload\manifest.json Type: file,filestat,NTFS:\Program Files (x86)\Microsoft\Edge\Application\120.0.2210.91\MEIPreload\manifest.json,-
2023-12-20T23:46:16.000000+00:00,Content Modification Time,FILE,File stat,NTFS:\Program Files (x86)\Microsoft\Edge\Application\120.0.2210.91\MEIPreload\preloaded_data.pb Type: file,filestat,NTFS:\Program Files (x86)\Microsoft\Edge\Application\120.0.2210.91\MEIPreload\preloaded_data.pb,-
2023-12-20T23:46:16.000000+00:00,Content Modification Time,FILE,File stat,NTFS:\Program Files (x86)\Microsoft\Edge\Application\120.0.2210.91\Notifications\SoftLandingAssetDark.gif Type: file,filestat,NTFS:\Program Files (x86)\Microsoft\Edge\Application\120.0.2210.91\Notifications\SoftLandingAssetDark.gif,-
2023-12-20T23:46:16.000000+00:00,Content Modification Time,FILE,File stat,NTFS:\Program Files (x86)\Microsoft\Edge\Application\120.0.2210.91\Notifications\SoftLandingAssetLight.gif Type: file,filestat,NTFS:\Program Files (x86)\Microsoft\Edge\Application\120.0.2210.91\Notifications\SoftLandingAssetLight.gif,-
2023-12-20T23:46:16.000000+00:00,Creation Time,PE,PE/COFF file,PE Type: Dynamic Link Library (DLL) Import hash: 24be66ebd566c834040f494a218f54f0 Export DLL name: PdfPreviewHandler.dll,pe,NTFS:\Program Files (x86)\Microsoft\Edge\Application\120.0.2210.91\PdfPreview\PdfPreviewHandler.dll,-
2023-12-20T23:46:16.000000+00:00,Content Modification Time,FILE,File stat,NTFS:\Program Files (x86)\Microsoft\Edge\Application\120.0.2210.91\ResiliencyLinks\Edge.dat.DATA Type: file,filestat,NTFS:\Program Files (x86)\Microsoft\Edge\Application\120.0.2210.91\ResiliencyLinks\Edge.dat.DATA,-
2023-12-20T23:46:16.000000+00:00,Content Modification Time,FILE,File stat,NTFS:\Program Files (x86)\Microsoft\Edge\Application\120.0.2210.91\ResiliencyLinks\EdgeWebView.dat.DATA Type: file,filestat,NTFS:\Program Files (x86)\Microsoft\Edge\Application\120.0.2210.91\ResiliencyLinks\EdgeWebView.dat.DATA,-
2023-12-20T23:46:16.000000+00:00,Content Modification Time,FILE,File stat,NTFS:\Program Files (x86)\Microsoft\Edge\Application\120.0.2210.91\ResiliencyLinks\Extensions\external_extensions.json.DATA Type: file,filestat,NTFS:\Program Files (x86)\Microsoft\Edge\Application\120.0.2210.91\ResiliencyLinks\Extensions\external_extensions.json.DATA,-
2023-12-20T23:46:16.000000+00:00,Content Modification Time,FILE,File stat,NTFS:\Program Files (x86)\Microsoft\Edge\Application\120.0.2210.91\ResiliencyLinks\Locales\af.pak.DATA Type: file,filestat,NTFS:\Program Files (x86)\Microsoft\Edge\Application\120.0.2210.91\ResiliencyLinks\Locales\af.pak.DATA,-
2023-12-20T23:46:16.000000+00:00,Content Modification Time,FILE,File stat,NTFS:\Program Files (x86)\Microsoft\Edge\Application\120.0.2210.91\ResiliencyLinks\Locales\am.pak.DATA Type: file,filestat,NTFS:\Program Files (x86)\Microsoft\Edge\Application\120.0.2210.91\ResiliencyLinks\Locales\am.pak.DATA,-
2023-12-20T23:46:16.000000+00:00,Content Modification Time,FILE,File stat,NTFS:\Program Files (x86)\Microsoft\Edge\Application\120.0.2210.91\ResiliencyLinks\Locales\ar.pak.DATA Type: file,filestat,NTFS:\Program Files (x86)\Microsoft\Edge\Application\120.0.2210.91\ResiliencyLinks\Locales\ar.pak.DATA,-
2023-12-20T23:46:16.000000+00:00,Content Modification Time,FILE,File stat,NTFS:\Program Files (x86)\Microsoft\Edge\Application\120.0.2210.91\ResiliencyLinks\Locales\as.pak.DATA Type: file,filestat,NTFS:\Program Files (x86)\Microsoft\Edge\Application\120.0.2210.91\ResiliencyLinks\Locales\as.pak.DATA,-
2023-12-20T23:46:16.000000+00:00,Content Modification Time,FILE,File stat,NTFS:\Program Files (x86)\Microsoft\Edge\Application\120.0.2210.91\ResiliencyLinks\Locales\az.pak.DATA Type: file,filestat,NTFS:\Program Files (x86)\Microsoft\Edge\Application\120.0.2210.91\ResiliencyLinks\Locales\az.pak.DATA,-
2023-12-20T23:46:16.000000+00:00,Content Modification Time,FILE,File stat,NTFS:\Program Files (x86)\Microsoft\Edge\Application\120.0.2210.91\ResiliencyLinks\Locales\bg.pak.DATA Type: file,filestat,NTFS:\Program Files (x86)\Microsoft\Edge\Application\120.0.2210.91\ResiliencyLinks\Locales\bg.pak.DATA,-
2023-12-20T23:46:16.000000+00:00,Content Modification Time,FILE,File stat,NTFS:\Program Files (x86)\Microsoft\Edge\Application\120.0.2210.91\ResiliencyLinks\Locales\bn-IN.pak.DATA Type: file,filestat,NTFS:\Program Files (x86)\Microsoft\Edge\Application\120.0.2210.91\ResiliencyLinks\Locales\bn-IN.pak.DATA,-
2023-12-20T23:46:16.000000+00:00,Content Modification Time,FILE,File stat,NTFS:\Program Files (x86)\Microsoft\Edge\Application\120.0.2210.91\ResiliencyLinks\Locales\bs.pak.DATA Type: file,filestat,NTFS:\Program Files (x86)\Microsoft\Edge\Application\120.0.2210.91\ResiliencyLinks\Locales\bs.pak.DATA,-
2023-12-20T23:46:16.000000+00:00,Content Modification Time,FILE,File stat,NTFS:\Program Files (x86)\Microsoft\Edge\Application\120.0.2210.91\ResiliencyLinks\Locales\ca-Es-VALENCIA.pak.DATA Type: file,filestat,NTFS:\Program Files (x86)\Microsoft\Edge\Application\120.0.2210.91\ResiliencyLinks\Locales\ca-Es-VALENCIA.pak.DATA,-
2023-12-20T23:46:16.000000+00:00,Content Modification Time,FILE,File stat,NTFS:\Program Files (x86)\Microsoft\Edge\Application\120.0.2210.91\ResiliencyLinks\Locales\ca.pak.DATA Type: file,filestat,NTFS:\Program Files (x86)\Microsoft\Edge\Application\120.0.2210.91\ResiliencyLinks\Locales\ca.pak.DATA,-
2023-12-20T23:46:16.000000+00:00,Content Modification Time,FILE,File stat,NTFS:\Program Files (x86)\Microsoft\Edge\Application\120.0.2210.91\ResiliencyLinks\Locales\cs.pak.DATA Type: file,filestat,NTFS:\Program Files (x86)\Microsoft\Edge\Application\120.0.2210.91\ResiliencyLinks\Locales\cs.pak.DATA,-
2023-12-20T23:46:16.000000+00:00,Content Modification Time,FILE,File stat,NTFS:\Program Files (x86)\Microsoft\Edge\Application\120.0.2210.91\ResiliencyLinks\Locales\cy.pak.DATA Type: file,filestat,NTFS:\Program Files (x86)\Microsoft\Edge\Application\120.0.2210.91\ResiliencyLinks\Locales\cy.pak.DATA,-
2023-12-20T23:46:16.000000+00:00,Content Modification Time,FILE,File stat,NTFS:\Program Files (x86)\Microsoft\Edge\Application\120.0.2210.91\ResiliencyLinks\Locales\da.pak.DATA Type: file,filestat,NTFS:\Program Files (x86)\Microsoft\Edge\Application\120.0.2210.91\ResiliencyLinks\Locales\da.pak.DATA,-
2023-12-20T23:46:16.000000+00:00,Content Modification Time,FILE,File stat,NTFS:\Program Files (x86)\Microsoft\Edge\Application\120.0.2210.91\ResiliencyLinks\Locales\de.pak.DATA Type: file,filestat,NTFS:\Program Files (x86)\Microsoft\Edge\Application\120.0.2210.91\ResiliencyLinks\Locales\de.pak.DATA,-
2023-12-20T23:46:16.000000+00:00,Content Modification Time,FILE,File stat,NTFS:\Program Files (x86)\Microsoft\Edge\Application\120.0.2210.91\ResiliencyLinks\Locales\el.pak.DATA Type: file,filestat,NTFS:\Program Files (x86)\Microsoft\Edge\Application\120.0.2210.91\ResiliencyLinks\Locales\el.pak.DATA,-
2023-12-20T23:46:16.000000+00:00,Content Modification Time,FILE,File stat,NTFS:\Program Files (x86)\Microsoft\Edge\Application\120.0.2210.91\ResiliencyLinks\Locales\en-GB.pak.DATA Type: file,filestat,NTFS:\Program Files (x86)\Microsoft\Edge\Application\120.0.2210.91\ResiliencyLinks\Locales\en-GB.pak.DATA,-
2023-12-20T23:46:16.000000+00:00,Content Modification Time,FILE,File stat,NTFS:\Program Files (x86)\Microsoft\Edge\Application\120.0.2210.91\ResiliencyLinks\Locales\en-US.pak.DATA Type: file,filestat,NTFS:\Program Files (x86)\Microsoft\Edge\Application\120.0.2210.91\ResiliencyLinks\Locales\en-US.pak.DATA,-
2023-12-20T23:46:16.000000+00:00,Content Modification Time,FILE,File stat,NTFS:\Program Files (x86)\Microsoft\Edge\Application\120.0.2210.91\ResiliencyLinks\Locales\es-419.pak.DATA Type: file,filestat,NTFS:\Program Files (x86)\Microsoft\Edge\Application\120.0.2210.91\ResiliencyLinks\Locales\es-419.pak.DATA,-
2023-12-20T23:46:16.000000+00:00,Content Modification Time,FILE,File stat,NTFS:\Program Files (x86)\Microsoft\Edge\Application\120.0.2210.91\ResiliencyLinks\Locales\es.pak.DATA Type: file,filestat,NTFS:\Program Files (x86)\Microsoft\Edge\Application\120.0.2210.91\ResiliencyLinks\Locales\es.pak.DATA,-
2023-12-20T23:46:16.000000+00:00,Content Modification Time,FILE,File stat,NTFS:\Program Files (x86)\Microsoft\Edge\Application\120.0.2210.91\ResiliencyLinks\Locales\et.pak.DATA Type: file,filestat,NTFS:\Program Files (x86)\Microsoft\Edge\Application\120.0.2210.91\ResiliencyLinks\Locales\et.pak.DATA,-
2023-12-20T23:46:16.000000+00:00,Content Modification Time,FILE,File stat,NTFS:\Program Files (x86)\Microsoft\Edge\Application\120.0.2210.91\ResiliencyLinks\Locales\eu.pak.DATA Type: file,filestat,NTFS:\Program Files (x86)\Microsoft\Edge\Application\120.0.2210.91\ResiliencyLinks\Locales\eu.pak.DATA,-
2023-12-20T23:46:16.000000+00:00,Content Modification Time,FILE,File stat,NTFS:\Program Files (x86)\Microsoft\Edge\Application\120.0.2210.91\ResiliencyLinks\Locales\fa.pak.DATA Type: file,filestat,NTFS:\Program Files (x86)\Microsoft\Edge\Application\120.0.2210.91\ResiliencyLinks\Locales\fa.pak.DATA,-
2023-12-20T23:46:16.000000+00:00,Content Modification Time,FILE,File stat,NTFS:\Program Files (x86)\Microsoft\Edge\Application\120.0.2210.91\ResiliencyLinks\Locales\fi.pak.DATA Type: file,filestat,NTFS:\Program Files (x86)\Microsoft\Edge\Application\120.0.2210.91\ResiliencyLinks\Locales\fi.pak.DATA,-
2023-12-20T23:46:16.000000+00:00,Content Modification Time,FILE,File stat,NTFS:\Program Files (x86)\Microsoft\Edge\Application\120.0.2210.91\ResiliencyLinks\Locales\fil.pak.DATA Type: file,filestat,NTFS:\Program Files (x86)\Microsoft\Edge\Application\120.0.2210.91\ResiliencyLinks\Locales\fil.pak.DATA,-
2023-12-20T23:46:16.000000+00:00,Content Modification Time,FILE,File stat,NTFS:\Program Files (x86)\Microsoft\Edge\Application\120.0.2210.91\ResiliencyLinks\Locales\fr-CA.pak.DATA Type: file,filestat,NTFS:\Program Files (x86)\Microsoft\Edge\Application\120.0.2210.91\ResiliencyLinks\Locales\fr-CA.pak.DATA,-
2023-12-20T23:46:16.000000+00:00,Content Modification Time,FILE,File stat,NTFS:\Program Files (x86)\Microsoft\Edge\Application\120.0.2210.91\ResiliencyLinks\Locales\fr.pak.DATA Type: file,filestat,NTFS:\Program Files (x86)\Microsoft\Edge\Application\120.0.2210.91\ResiliencyLinks\Locales\fr.pak.DATA,-
2023-12-20T23:46:16.000000+00:00,Content Modification Time,FILE,File stat,NTFS:\Program Files (x86)\Microsoft\Edge\Application\120.0.2210.91\ResiliencyLinks\Locales\ga.pak.DATA Type: file,filestat,NTFS:\Program Files (x86)\Microsoft\Edge\Application\120.0.2210.91\ResiliencyLinks\Locales\ga.pak.DATA,-
2023-12-20T23:46:16.000000+00:00,Content Modification Time,FILE,File stat,NTFS:\Program Files (x86)\Microsoft\Edge\Application\120.0.2210.91\ResiliencyLinks\Locales\gd.pak.DATA Type: file,filestat,NTFS:\Program Files (x86)\Microsoft\Edge\Application\120.0.2210.91\ResiliencyLinks\Locales\gd.pak.DATA,-
2023-12-20T23:46:16.000000+00:00,Content Modification Time,FILE,File stat,NTFS:\Program Files (x86)\Microsoft\Edge\Application\120.0.2210.91\ResiliencyLinks\Locales\gl.pak.DATA Type: file,filestat,NTFS:\Program Files (x86)\Microsoft\Edge\Application\120.0.2210.91\ResiliencyLinks\Locales\gl.pak.DATA,-
2023-12-20T23:46:16.000000+00:00,Content Modification Time,FILE,File stat,NTFS:\Program Files (x86)\Microsoft\Edge\Application\120.0.2210.91\ResiliencyLinks\Locales\gu.pak.DATA Type: file,filestat,NTFS:\Program Files (x86)\Microsoft\Edge\Application\120.0.2210.91\ResiliencyLinks\Locales\gu.pak.DATA,-
2023-12-20T23:46:16.000000+00:00,Content Modification Time,FILE,File stat,NTFS:\Program Files (x86)\Microsoft\Edge\Application\120.0.2210.91\ResiliencyLinks\Locales\he.pak.DATA Type: file,filestat,NTFS:\Program Files (x86)\Microsoft\Edge\Application\120.0.2210.91\ResiliencyLinks\Locales\he.pak.DATA,-
2023-12-20T23:46:16.000000+00:00,Content Modification Time,FILE,File stat,NTFS:\Program Files (x86)\Microsoft\Edge\Application\120.0.2210.91\ResiliencyLinks\Locales\hi.pak.DATA Type: file,filestat,NTFS:\Program Files (x86)\Microsoft\Edge\Application\120.0.2210.91\ResiliencyLinks\Locales\hi.pak.DATA,-
2023-12-20T23:46:16.000000+00:00,Content Modification Time,FILE,File stat,NTFS:\Program Files (x86)\Microsoft\Edge\Application\120.0.2210.91\ResiliencyLinks\Locales\hr.pak.DATA Type: file,filestat,NTFS:\Program Files (x86)\Microsoft\Edge\Application\120.0.2210.91\ResiliencyLinks\Locales\hr.pak.DATA,-
2023-12-20T23:46:16.000000+00:00,Content Modification Time,FILE,File stat,NTFS:\Program Files (x86)\Microsoft\Edge\Application\120.0.2210.91\ResiliencyLinks\Locales\hu.pak.DATA Type: file,filestat,NTFS:\Program Files (x86)\Microsoft\Edge\Application\120.0.2210.91\ResiliencyLinks\Locales\hu.pak.DATA,-
2023-12-20T23:46:16.000000+00:00,Content Modification Time,FILE,File stat,NTFS:\Program Files (x86)\Microsoft\Edge\Application\120.0.2210.91\ResiliencyLinks\Locales\id.pak.DATA Type: file,filestat,NTFS:\Program Files (x86)\Microsoft\Edge\Application\120.0.2210.91\ResiliencyLinks\Locales\id.pak.DATA,-
2023-12-20T23:46:16.000000+00:00,Content Modification Time,FILE,File stat,NTFS:\Program Files (x86)\Microsoft\Edge\Application\120.0.2210.91\ResiliencyLinks\Locales\is.pak.DATA Type: file,filestat,NTFS:\Program Files (x86)\Microsoft\Edge\Application\120.0.2210.91\ResiliencyLinks\Locales\is.pak.DATA,-
2023-12-20T23:46:16.000000+00:00,Content Modification Time,FILE,File stat,NTFS:\Program Files (x86)\Microsoft\Edge\Application\120.0.2210.91\ResiliencyLinks\Locales\it.pak.DATA Type: file,filestat,NTFS:\Program Files (x86)\Microsoft\Edge\Application\120.0.2210.91\ResiliencyLinks\Locales\it.pak.DATA,-
2023-12-20T23:46:16.000000+00:00,Content Modification Time,FILE,File stat,NTFS:\Program Files (x86)\Microsoft\Edge\Application\120.0.2210.91\ResiliencyLinks\Locales\ja.pak.DATA Type: file,filestat,NTFS:\Program Files (x86)\Microsoft\Edge\Application\120.0.2210.91\ResiliencyLinks\Locales\ja.pak.DATA,-
2023-12-20T23:46:16.000000+00:00,Content Modification Time,FILE,File stat,NTFS:\Program Files (x86)\Microsoft\Edge\Application\120.0.2210.91\ResiliencyLinks\Locales\ka.pak.DATA Type: file,filestat,NTFS:\Program Files (x86)\Microsoft\Edge\Application\120.0.2210.91\ResiliencyLinks\Locales\ka.pak.DATA,-
2023-12-20T23:46:16.000000+00:00,Content Modification Time,FILE,File stat,NTFS:\Program Files (x86)\Microsoft\Edge\Application\120.0.2210.91\ResiliencyLinks\Locales\kk.pak.DATA Type: file,filestat,NTFS:\Program Files (x86)\Microsoft\Edge\Application\120.0.2210.91\ResiliencyLinks\Locales\kk.pak.DATA,-
2023-12-20T23:46:16.000000+00:00,Content Modification Time,FILE,File stat,NTFS:\Program Files (x86)\Microsoft\Edge\Application\120.0.2210.91\ResiliencyLinks\Locales\km.pak.DATA Type: file,filestat,NTFS:\Program Files (x86)\Microsoft\Edge\Application\120.0.2210.91\ResiliencyLinks\Locales\km.pak.DATA,-
2023-12-20T23:46:16.000000+00:00,Content Modification Time,FILE,File stat,NTFS:\Program Files (x86)\Microsoft\Edge\Application\120.0.2210.91\ResiliencyLinks\Locales\kn.pak.DATA Type: file,filestat,NTFS:\Program Files (x86)\Microsoft\Edge\Application\120.0.2210.91\ResiliencyLinks\Locales\kn.pak.DATA,-
2023-12-20T23:46:16.000000+00:00,Content Modification Time,FILE,File stat,NTFS:\Program Files (x86)\Microsoft\Edge\Application\120.0.2210.91\ResiliencyLinks\Locales\ko.pak.DATA Type: file,filestat,NTFS:\Program Files (x86)\Microsoft\Edge\Application\120.0.2210.91\ResiliencyLinks\Locales\ko.pak.DATA,-
2023-12-20T23:46:16.000000+00:00,Content Modification Time,FILE,File stat,NTFS:\Program Files (x86)\Microsoft\Edge\Application\120.0.2210.91\ResiliencyLinks\Locales\kok.pak.DATA Type: file,filestat,NTFS:\Program Files (x86)\Microsoft\Edge\Application\120.0.2210.91\ResiliencyLinks\Locales\kok.pak.DATA,-
2023-12-20T23:46:16.000000+00:00,Content Modification Time,FILE,File stat,NTFS:\Program Files (x86)\Microsoft\Edge\Application\120.0.2210.91\ResiliencyLinks\Locales\lb.pak.DATA Type: file,filestat,NTFS:\Program Files (x86)\Microsoft\Edge\Application\120.0.2210.91\ResiliencyLinks\Locales\lb.pak.DATA,-
2023-12-20T23:46:16.000000+00:00,Content Modification Time,FILE,File stat,NTFS:\Program Files (x86)\Microsoft\Edge\Application\120.0.2210.91\ResiliencyLinks\Locales\lo.pak.DATA Type: file,filestat,NTFS:\Program Files (x86)\Microsoft\Edge\Application\120.0.2210.91\ResiliencyLinks\Locales\lo.pak.DATA,-
2023-12-20T23:46:16.000000+00:00,Content Modification Time,FILE,File stat,NTFS:\Program Files (x86)\Microsoft\Edge\Application\120.0.2210.91\ResiliencyLinks\Locales\lt.pak.DATA Type: file,filestat,NTFS:\Program Files (x86)\Microsoft\Edge\Application\120.0.2210.91\ResiliencyLinks\Locales\lt.pak.DATA,-
2023-12-20T23:46:16.000000+00:00,Content Modification Time,FILE,File stat,NTFS:\Program Files (x86)\Microsoft\Edge\Application\120.0.2210.91\ResiliencyLinks\Locales\lv.pak.DATA Type: file,filestat,NTFS:\Program Files (x86)\Microsoft\Edge\Application\120.0.2210.91\ResiliencyLinks\Locales\lv.pak.DATA,-
2023-12-20T23:46:16.000000+00:00,Content Modification Time,FILE,File stat,NTFS:\Program Files (x86)\Microsoft\Edge\Application\120.0.2210.91\ResiliencyLinks\Locales\mi.pak.DATA Type: file,filestat,NTFS:\Program Files (x86)\Microsoft\Edge\Application\120.0.2210.91\ResiliencyLinks\Locales\mi.pak.DATA,-
2023-12-20T23:46:16.000000+00:00,Content Modification Time,FILE,File stat,NTFS:\Program Files (x86)\Microsoft\Edge\Application\120.0.2210.91\ResiliencyLinks\Locales\mk.pak.DATA Type: file,filestat,NTFS:\Program Files (x86)\Microsoft\Edge\Application\120.0.2210.91\ResiliencyLinks\Locales\mk.pak.DATA,-
2023-12-20T23:46:16.000000+00:00,Content Modification Time,FILE,File stat,NTFS:\Program Files (x86)\Microsoft\Edge\Application\120.0.2210.91\ResiliencyLinks\Locales\ml.pak.DATA Type: file,filestat,NTFS:\Program Files (x86)\Microsoft\Edge\Application\120.0.2210.91\ResiliencyLinks\Locales\ml.pak.DATA,-
2023-12-20T23:46:16.000000+00:00,Content Modification Time,FILE,File stat,NTFS:\Program Files (x86)\Microsoft\Edge\Application\120.0.2210.91\ResiliencyLinks\Locales\mr.pak.DATA Type: file,filestat,NTFS:\Program Files (x86)\Microsoft\Edge\Application\120.0.2210.91\ResiliencyLinks\Locales\mr.pak.DATA,-
2023-12-20T23:46:16.000000+00:00,Content Modification Time,FILE,File stat,NTFS:\Program Files (x86)\Microsoft\Edge\Application\120.0.2210.91\ResiliencyLinks\Locales\ms.pak.DATA Type: file,filestat,NTFS:\Program Files (x86)\Microsoft\Edge\Application\120.0.2210.91\ResiliencyLinks\Locales\ms.pak.DATA,-
2023-12-20T23:46:16.000000+00:00,Content Modification Time,FILE,File stat,NTFS:\Program Files (x86)\Microsoft\Edge\Application\120.0.2210.91\ResiliencyLinks\Locales\mt.pak.DATA Type: file,filestat,NTFS:\Program Files (x86)\Microsoft\Edge\Application\120.0.2210.91\ResiliencyLinks\Locales\mt.pak.DATA,-
2023-12-20T23:46:16.000000+00:00,Content Modification Time,FILE,File stat,NTFS:\Program Files (x86)\Microsoft\Edge\Application\120.0.2210.91\ResiliencyLinks\Locales\nb.pak.DATA Type: file,filestat,NTFS:\Program Files (x86)\Microsoft\Edge\Application\120.0.2210.91\ResiliencyLinks\Locales\nb.pak.DATA,-
2023-12-20T23:46:16.000000+00:00,Content Modification Time,FILE,File stat,NTFS:\Program Files (x86)\Microsoft\Edge\Application\120.0.2210.91\ResiliencyLinks\Locales\ne.pak.DATA Type: file,filestat,NTFS:\Program Files (x86)\Microsoft\Edge\Application\120.0.2210.91\ResiliencyLinks\Locales\ne.pak.DATA,-
2023-12-20T23:46:16.000000+00:00,Content Modification Time,FILE,File stat,NTFS:\Program Files (x86)\Microsoft\Edge\Application\120.0.2210.91\ResiliencyLinks\Locales\nl.pak.DATA Type: file,filestat,NTFS:\Program Files (x86)\Microsoft\Edge\Application\120.0.2210.91\ResiliencyLinks\Locales\nl.pak.DATA,-
2023-12-20T23:46:16.000000+00:00,Content Modification Time,FILE,File stat,NTFS:\Program Files (x86)\Microsoft\Edge\Application\120.0.2210.91\ResiliencyLinks\Locales\nn.pak.DATA Type: file,filestat,NTFS:\Program Files (x86)\Microsoft\Edge\Application\120.0.2210.91\ResiliencyLinks\Locales\nn.pak.DATA,-
2023-12-20T23:46:16.000000+00:00,Content Modification Time,FILE,File stat,NTFS:\Program Files (x86)\Microsoft\Edge\Application\120.0.2210.91\ResiliencyLinks\Locales\or.pak.DATA Type: file,filestat,NTFS:\Program Files (x86)\Microsoft\Edge\Application\120.0.2210.91\ResiliencyLinks\Locales\or.pak.DATA,-
2023-12-20T23:46:16.000000+00:00,Content Modification Time,FILE,File stat,NTFS:\Program Files (x86)\Microsoft\Edge\Application\120.0.2210.91\ResiliencyLinks\Locales\pa.pak.DATA Type: file,filestat,NTFS:\Program Files (x86)\Microsoft\Edge\Application\120.0.2210.91\ResiliencyLinks\Locales\pa.pak.DATA,-
2023-12-20T23:46:16.000000+00:00,Content Modification Time,FILE,File stat,NTFS:\Program Files (x86)\Microsoft\Edge\Application\120.0.2210.91\ResiliencyLinks\Locales\pl.pak.DATA Type: file,filestat,NTFS:\Program Files (x86)\Microsoft\Edge\Application\120.0.2210.91\ResiliencyLinks\Locales\pl.pak.DATA,-
2023-12-20T23:46:16.000000+00:00,Content Modification Time,FILE,File stat,NTFS:\Program Files (x86)\Microsoft\Edge\Application\120.0.2210.91\ResiliencyLinks\Locales\pt-BR.pak.DATA Type: file,filestat,NTFS:\Program Files (x86)\Microsoft\Edge\Application\120.0.2210.91\ResiliencyLinks\Locales\pt-BR.pak.DATA,-
2023-12-20T23:46:16.000000+00:00,Content Modification Time,FILE,File stat,NTFS:\Program Files (x86)\Microsoft\Edge\Application\120.0.2210.91\ResiliencyLinks\Locales\pt-PT.pak.DATA Type: file,filestat,NTFS:\Program Files (x86)\Microsoft\Edge\Application\120.0.2210.91\ResiliencyLinks\Locales\pt-PT.pak.DATA,-
2023-12-20T23:46:16.000000+00:00,Content Modification Time,FILE,File stat,NTFS:\Program Files (x86)\Microsoft\Edge\Application\120.0.2210.91\ResiliencyLinks\Locales\qu.pak.DATA Type: file,filestat,NTFS:\Program Files (x86)\Microsoft\Edge\Application\120.0.2210.91\ResiliencyLinks\Locales\qu.pak.DATA,-
2023-12-20T23:46:16.000000+00:00,Content Modification Time,FILE,File stat,NTFS:\Program Files (x86)\Microsoft\Edge\Application\120.0.2210.91\ResiliencyLinks\Locales\ro.pak.DATA Type: file,filestat,NTFS:\Program Files (x86)\Microsoft\Edge\Application\120.0.2210.91\ResiliencyLinks\Locales\ro.pak.DATA,-
2023-12-20T23:46:16.000000+00:00,Content Modification Time,FILE,File stat,NTFS:\Program Files (x86)\Microsoft\Edge\Application\120.0.2210.91\ResiliencyLinks\Locales\ru.pak.DATA Type: file,filestat,NTFS:\Program Files (x86)\Microsoft\Edge\Application\120.0.2210.91\ResiliencyLinks\Locales\ru.pak.DATA,-
2023-12-20T23:46:16.000000+00:00,Content Modification Time,FILE,File stat,NTFS:\Program Files (x86)\Microsoft\Edge\Application\120.0.2210.91\ResiliencyLinks\Locales\sk.pak.DATA Type: file,filestat,NTFS:\Program Files (x86)\Microsoft\Edge\Application\120.0.2210.91\ResiliencyLinks\Locales\sk.pak.DATA,-
2023-12-20T23:46:16.000000+00:00,Content Modification Time,FILE,File stat,NTFS:\Program Files (x86)\Microsoft\Edge\Application\120.0.2210.91\ResiliencyLinks\Locales\sl.pak.DATA Type: file,filestat,NTFS:\Program Files (x86)\Microsoft\Edge\Application\120.0.2210.91\ResiliencyLinks\Locales\sl.pak.DATA,-
2023-12-20T23:46:16.000000+00:00,Content Modification Time,FILE,File stat,NTFS:\Program Files (x86)\Microsoft\Edge\Application\120.0.2210.91\ResiliencyLinks\Locales\sq.pak.DATA Type: file,filestat,NTFS:\Program Files (x86)\Microsoft\Edge\Application\120.0.2210.91\ResiliencyLinks\Locales\sq.pak.DATA,-
2023-12-20T23:46:16.000000+00:00,Content Modification Time,FILE,File stat,NTFS:\Program Files (x86)\Microsoft\Edge\Application\120.0.2210.91\ResiliencyLinks\Locales\sr-Cyrl-BA.pak.DATA Type: file,filestat,NTFS:\Program Files (x86)\Microsoft\Edge\Application\120.0.2210.91\ResiliencyLinks\Locales\sr-Cyrl-BA.pak.DATA,-
2023-12-20T23:46:16.000000+00:00,Content Modification Time,FILE,File stat,NTFS:\Program Files (x86)\Microsoft\Edge\Application\120.0.2210.91\ResiliencyLinks\Locales\sr-Latn-RS.pak.DATA Type: file,filestat,NTFS:\Program Files (x86)\Microsoft\Edge\Application\120.0.2210.91\ResiliencyLinks\Locales\sr-Latn-RS.pak.DATA,-
2023-12-20T23:46:16.000000+00:00,Content Modification Time,FILE,File stat,NTFS:\Program Files (x86)\Microsoft\Edge\Application\120.0.2210.91\ResiliencyLinks\Locales\sr.pak.DATA Type: file,filestat,NTFS:\Program Files (x86)\Microsoft\Edge\Application\120.0.2210.91\ResiliencyLinks\Locales\sr.pak.DATA,-
2023-12-20T23:46:16.000000+00:00,Content Modification Time,FILE,File stat,NTFS:\Program Files (x86)\Microsoft\Edge\Application\120.0.2210.91\ResiliencyLinks\Locales\sv.pak.DATA Type: file,filestat,NTFS:\Program Files (x86)\Microsoft\Edge\Application\120.0.2210.91\ResiliencyLinks\Locales\sv.pak.DATA,-
2023-12-20T23:46:16.000000+00:00,Content Modification Time,FILE,File stat,NTFS:\Program Files (x86)\Microsoft\Edge\Application\120.0.2210.91\ResiliencyLinks\Locales\ta.pak.DATA Type: file,filestat,NTFS:\Program Files (x86)\Microsoft\Edge\Application\120.0.2210.91\ResiliencyLinks\Locales\ta.pak.DATA,-
2023-12-20T23:46:16.000000+00:00,Content Modification Time,FILE,File stat,NTFS:\Program Files (x86)\Microsoft\Edge\Application\120.0.2210.91\ResiliencyLinks\Locales\te.pak.DATA Type: file,filestat,NTFS:\Program Files (x86)\Microsoft\Edge\Application\120.0.2210.91\ResiliencyLinks\Locales\te.pak.DATA,-
2023-12-20T23:46:16.000000+00:00,Content Modification Time,FILE,File stat,NTFS:\Program Files (x86)\Microsoft\Edge\Application\120.0.2210.91\ResiliencyLinks\Locales\th.pak.DATA Type: file,filestat,NTFS:\Program Files (x86)\Microsoft\Edge\Application\120.0.2210.91\ResiliencyLinks\Locales\th.pak.DATA,-
2023-12-20T23:46:16.000000+00:00,Content Modification Time,FILE,File stat,NTFS:\Program Files (x86)\Microsoft\Edge\Application\120.0.2210.91\ResiliencyLinks\Locales\tr.pak.DATA Type: file,filestat,NTFS:\Program Files (x86)\Microsoft\Edge\Application\120.0.2210.91\ResiliencyLinks\Locales\tr.pak.DATA,-
2023-12-20T23:46:16.000000+00:00,Content Modification Time,FILE,File stat,NTFS:\Program Files (x86)\Microsoft\Edge\Application\120.0.2210.91\ResiliencyLinks\Locales\tt.pak.DATA Type: file,filestat,NTFS:\Program Files (x86)\Microsoft\Edge\Application\120.0.2210.91\ResiliencyLinks\Locales\tt.pak.DATA,-
2023-12-20T23:46:16.000000+00:00,Content Modification Time,FILE,File stat,NTFS:\Program Files (x86)\Microsoft\Edge\Application\120.0.2210.91\ResiliencyLinks\Locales\ug.pak.DATA Type: file,filestat,NTFS:\Program Files (x86)\Microsoft\Edge\Application\120.0.2210.91\ResiliencyLinks\Locales\ug.pak.DATA,-
2023-12-20T23:46:16.000000+00:00,Content Modification Time,FILE,File stat,NTFS:\Program Files (x86)\Microsoft\Edge\Application\120.0.2210.91\ResiliencyLinks\Locales\uk.pak.DATA Type: file,filestat,NTFS:\Program Files (x86)\Microsoft\Edge\Application\120.0.2210.91\ResiliencyLinks\Locales\uk.pak.DATA,-
2023-12-20T23:46:16.000000+00:00,Content Modification Time,FILE,File stat,NTFS:\Program Files (x86)\Microsoft\Edge\Application\120.0.2210.91\ResiliencyLinks\Locales\ur.pak.DATA Type: file,filestat,NTFS:\Program Files (x86)\Microsoft\Edge\Application\120.0.2210.91\ResiliencyLinks\Locales\ur.pak.DATA,-
2023-12-20T23:46:16.000000+00:00,Content Modification Time,FILE,File stat,NTFS:\Program Files (x86)\Microsoft\Edge\Application\120.0.2210.91\ResiliencyLinks\Locales\vi.pak.DATA Type: file,filestat,NTFS:\Program Files (x86)\Microsoft\Edge\Application\120.0.2210.91\ResiliencyLinks\Locales\vi.pak.DATA,-
2023-12-20T23:46:16.000000+00:00,Content Modification Time,FILE,File stat,NTFS:\Program Files (x86)\Microsoft\Edge\Application\120.0.2210.91\ResiliencyLinks\Locales\zh-CN.pak.DATA Type: file,filestat,NTFS:\Program Files (x86)\Microsoft\Edge\Application\120.0.2210.91\ResiliencyLinks\Locales\zh-CN.pak.DATA,-
2023-12-20T23:46:16.000000+00:00,Content Modification Time,FILE,File stat,NTFS:\Program Files (x86)\Microsoft\Edge\Application\120.0.2210.91\ResiliencyLinks\Locales\zh-TW.pak.DATA Type: file,filestat,NTFS:\Program Files (x86)\Microsoft\Edge\Application\120.0.2210.91\ResiliencyLinks\Locales\zh-TW.pak.DATA,-
2023-12-20T23:46:16.000000+00:00,Content Modification Time,FILE,File stat,NTFS:\Program Files (x86)\Microsoft\Edge\Application\120.0.2210.91\ResiliencyLinks\MEIPreload\manifest.json.DATA Type: file,filestat,NTFS:\Program Files (x86)\Microsoft\Edge\Application\120.0.2210.91\ResiliencyLinks\MEIPreload\manifest.json.DATA,-
2023-12-20T23:46:16.000000+00:00,Content Modification Time,FILE,File stat,NTFS:\Program Files (x86)\Microsoft\Edge\Application\120.0.2210.91\ResiliencyLinks\MEIPreload\preloaded_data.pb.DATA Type: file,filestat,NTFS:\Program Files (x86)\Microsoft\Edge\Application\120.0.2210.91\ResiliencyLinks\MEIPreload\preloaded_data.pb.DATA,-
2023-12-20T23:46:16.000000+00:00,Content Modification Time,FILE,File stat,NTFS:\Program Files (x86)\Microsoft\Edge\Application\120.0.2210.91\ResiliencyLinks\Notifications\SoftLandingAssetDark.gif.DATA Type: file,filestat,NTFS:\Program Files (x86)\Microsoft\Edge\Application\120.0.2210.91\ResiliencyLinks\Notifications\SoftLandingAssetDark.gif.DATA,-
2023-12-20T23:46:16.000000+00:00,Content Modification Time,FILE,File stat,NTFS:\Program Files (x86)\Microsoft\Edge\Application\120.0.2210.91\ResiliencyLinks\Notifications\SoftLandingAssetLight.gif.DATA Type: file,filestat,NTFS:\Program Files (x86)\Microsoft\Edge\Application\120.0.2210.91\ResiliencyLinks\Notifications\SoftLandingAssetLight.gif.DATA,-
2023-12-20T23:46:16.000000+00:00,Content Modification Time,FILE,File stat,NTFS:\Program Files (x86)\Microsoft\Edge\Application\120.0.2210.91\ResiliencyLinks\Trust Protection Lists\Mu\Advertising.DATA Type: file,filestat,NTFS:\Program Files (x86)\Microsoft\Edge\Application\120.0.2210.91\ResiliencyLinks\Trust Protection Lists\Mu\Advertising.DATA,-
2023-12-20T23:46:16.000000+00:00,Content Modification Time,FILE,File stat,NTFS:\Program Files (x86)\Microsoft\Edge\Application\120.0.2210.91\ResiliencyLinks\Trust Protection Lists\Mu\Analytics.DATA Type: file,filestat,NTFS:\Program Files (x86)\Microsoft\Edge\Application\120.0.2210.91\ResiliencyLinks\Trust Protection Lists\Mu\Analytics.DATA,-
2023-12-20T23:46:16.000000+00:00,Content Modification Time,FILE,File stat,NTFS:\Program Files (x86)\Microsoft\Edge\Application\120.0.2210.91\ResiliencyLinks\Trust Protection Lists\Mu\CompatExceptions.DATA Type: file,filestat,NTFS:\Program Files (x86)\Microsoft\Edge\Application\120.0.2210.91\ResiliencyLinks\Trust Protection Lists\Mu\CompatExceptions.DATA,-
2023-12-20T23:46:16.000000+00:00,Content Modification Time,FILE,File stat,NTFS:\Program Files (x86)\Microsoft\Edge\Application\120.0.2210.91\ResiliencyLinks\Trust Protection Lists\Mu\Content.DATA Type: file,filestat,NTFS:\Program Files (x86)\Microsoft\Edge\Application\120.0.2210.91\ResiliencyLinks\Trust Protection Lists\Mu\Content.DATA,-
2023-12-20T23:46:16.000000+00:00,Content Modification Time,FILE,File stat,NTFS:\Program Files (x86)\Microsoft\Edge\Application\120.0.2210.91\ResiliencyLinks\Trust Protection Lists\Mu\Cryptomining.DATA Type: file,filestat,NTFS:\Program Files (x86)\Microsoft\Edge\Application\120.0.2210.91\ResiliencyLinks\Trust Protection Lists\Mu\Cryptomining.DATA,-
2023-12-20T23:46:16.000000+00:00,Content Modification Time,FILE,File stat,NTFS:\Program Files (x86)\Microsoft\Edge\Application\120.0.2210.91\ResiliencyLinks\Trust Protection Lists\Mu\Entities.DATA Type: file,filestat,NTFS:\Program Files (x86)\Microsoft\Edge\Application\120.0.2210.91\ResiliencyLinks\Trust Protection Lists\Mu\Entities.DATA,-
2023-12-20T23:46:16.000000+00:00,Content Modification Time,FILE,File stat,NTFS:\Program Files (x86)\Microsoft\Edge\Application\120.0.2210.91\ResiliencyLinks\Trust Protection Lists\Mu\Fingerprinting.DATA Type: file,filestat,NTFS:\Program Files (x86)\Microsoft\Edge\Application\120.0.2210.91\ResiliencyLinks\Trust Protection Lists\Mu\Fingerprinting.DATA,-
2023-12-20T23:46:16.000000+00:00,Content Modification Time,FILE,File stat,NTFS:\Program Files (x86)\Microsoft\Edge\Application\120.0.2210.91\ResiliencyLinks\Trust Protection Lists\Mu\LICENSE.DATA Type: file,filestat,NTFS:\Program Files (x86)\Microsoft\Edge\Application\120.0.2210.91\ResiliencyLinks\Trust Protection Lists\Mu\LICENSE.DATA,-
2023-12-20T23:46:16.000000+00:00,Content Modification Time,FILE,File stat,NTFS:\Program Files (x86)\Microsoft\Edge\Application\120.0.2210.91\ResiliencyLinks\Trust Protection Lists\Mu\Other.DATA Type: file,filestat,NTFS:\Program Files (x86)\Microsoft\Edge\Application\120.0.2210.91\ResiliencyLinks\Trust Protection Lists\Mu\Other.DATA,-
2023-12-20T23:46:16.000000+00:00,Content Modification Time,FILE,File stat,NTFS:\Program Files (x86)\Microsoft\Edge\Application\120.0.2210.91\ResiliencyLinks\Trust Protection Lists\Mu\Social.DATA Type: file,filestat,NTFS:\Program Files (x86)\Microsoft\Edge\Application\120.0.2210.91\ResiliencyLinks\Trust Protection Lists\Mu\Social.DATA,-
2023-12-20T23:46:16.000000+00:00,Content Modification Time,FILE,File stat,NTFS:\Program Files (x86)\Microsoft\Edge\Application\120.0.2210.91\ResiliencyLinks\Trust Protection Lists\Mu\TransparentAdvertisers.DATA Type: file,filestat,NTFS:\Program Files (x86)\Microsoft\Edge\Application\120.0.2210.91\ResiliencyLinks\Trust Protection Lists\Mu\TransparentAdvertisers.DATA,-
2023-12-20T23:46:16.000000+00:00,Content Modification Time,FILE,File stat,NTFS:\Program Files (x86)\Microsoft\Edge\Application\120.0.2210.91\ResiliencyLinks\Trust Protection Lists\Sigma\Advertising.DATA Type: file,filestat,NTFS:\Program Files (x86)\Microsoft\Edge\Application\120.0.2210.91\ResiliencyLinks\Trust Protection Lists\Sigma\Advertising.DATA,-
2023-12-20T23:46:16.000000+00:00,Content Modification Time,FILE,File stat,NTFS:\Program Files (x86)\Microsoft\Edge\Application\120.0.2210.91\ResiliencyLinks\Trust Protection Lists\Sigma\Analytics.DATA Type: file,filestat,NTFS:\Program Files (x86)\Microsoft\Edge\Application\120.0.2210.91\ResiliencyLinks\Trust Protection Lists\Sigma\Analytics.DATA,-
2023-12-20T23:46:16.000000+00:00,Content Modification Time,FILE,File stat,NTFS:\Program Files (x86)\Microsoft\Edge\Application\120.0.2210.91\ResiliencyLinks\Trust Protection Lists\Sigma\Content.DATA Type: file,filestat,NTFS:\Program Files (x86)\Microsoft\Edge\Application\120.0.2210.91\ResiliencyLinks\Trust Protection Lists\Sigma\Content.DATA,-
2023-12-20T23:46:16.000000+00:00,Content Modification Time,FILE,File stat,NTFS:\Program Files (x86)\Microsoft\Edge\Application\120.0.2210.91\ResiliencyLinks\Trust Protection Lists\Sigma\Cryptomining.DATA Type: file,filestat,NTFS:\Program Files (x86)\Microsoft\Edge\Application\120.0.2210.91\ResiliencyLinks\Trust Protection Lists\Sigma\Cryptomining.DATA,-
2023-12-20T23:46:16.000000+00:00,Content Modification Time,FILE,File stat,NTFS:\Program Files (x86)\Microsoft\Edge\Application\120.0.2210.91\ResiliencyLinks\Trust Protection Lists\Sigma\Entities.DATA Type: file,filestat,NTFS:\Program Files (x86)\Microsoft\Edge\Application\120.0.2210.91\ResiliencyLinks\Trust Protection Lists\Sigma\Entities.DATA,-
2023-12-20T23:46:16.000000+00:00,Content Modification Time,FILE,File stat,NTFS:\Program Files (x86)\Microsoft\Edge\Application\120.0.2210.91\ResiliencyLinks\Trust Protection Lists\Sigma\Fingerprinting.DATA Type: file,filestat,NTFS:\Program Files (x86)\Microsoft\Edge\Application\120.0.2210.91\ResiliencyLinks\Trust Protection Lists\Sigma\Fingerprinting.DATA,-
2023-12-20T23:46:16.000000+00:00,Content Modification Time,FILE,File stat,NTFS:\Program Files (x86)\Microsoft\Edge\Application\120.0.2210.91\ResiliencyLinks\Trust Protection Lists\Sigma\LICENSE.DATA Type: file,filestat,NTFS:\Program Files (x86)\Microsoft\Edge\Application\120.0.2210.91\ResiliencyLinks\Trust Protection Lists\Sigma\LICENSE.DATA,-
2023-12-20T23:46:16.000000+00:00,Content Modification Time,FILE,File stat,NTFS:\Program Files (x86)\Microsoft\Edge\Application\120.0.2210.91\ResiliencyLinks\Trust Protection Lists\Sigma\Other.DATA Type: file,filestat,NTFS:\Program Files (x86)\Microsoft\Edge\Application\120.0.2210.91\ResiliencyLinks\Trust Protection Lists\Sigma\Other.DATA,-
2023-12-20T23:46:16.000000+00:00,Content Modification Time,FILE,File stat,NTFS:\Program Files (x86)\Microsoft\Edge\Application\120.0.2210.91\ResiliencyLinks\Trust Protection Lists\Sigma\Social.DATA Type: file,filestat,NTFS:\Program Files (x86)\Microsoft\Edge\Application\120.0.2210.91\ResiliencyLinks\Trust Protection Lists\Sigma\Social.DATA,-
2023-12-20T23:46:16.000000+00:00,Content Modification Time,FILE,File stat,NTFS:\Program Files (x86)\Microsoft\Edge\Application\120.0.2210.91\ResiliencyLinks\Trust Protection Lists\Sigma\Staging.DATA Type: file,filestat,NTFS:\Program Files (x86)\Microsoft\Edge\Application\120.0.2210.91\ResiliencyLinks\Trust Protection Lists\Sigma\Staging.DATA,-
2023-12-20T23:46:16.000000+00:00,Content Modification Time,FILE,File stat,NTFS:\Program Files (x86)\Microsoft\Edge\Application\120.0.2210.91\ResiliencyLinks\Trust Protection Lists\manifest.json.DATA Type: file,filestat,NTFS:\Program Files (x86)\Microsoft\Edge\Application\120.0.2210.91\ResiliencyLinks\Trust Protection Lists\manifest.json.DATA,-
2023-12-20T23:46:16.000000+00:00,Content Modification Time,FILE,File stat,NTFS:\Program Files (x86)\Microsoft\Edge\Application\120.0.2210.91\ResiliencyLinks\VisualElements\Logo.png.DATA Type: file,filestat,NTFS:\Program Files (x86)\Microsoft\Edge\Application\120.0.2210.91\ResiliencyLinks\VisualElements\Logo.png.DATA,-
2023-12-20T23:46:16.000000+00:00,Content Modification Time,FILE,File stat,NTFS:\Program Files (x86)\Microsoft\Edge\Application\120.0.2210.91\ResiliencyLinks\VisualElements\LogoBeta.png.DATA Type: file,filestat,NTFS:\Program Files (x86)\Microsoft\Edge\Application\120.0.2210.91\ResiliencyLinks\VisualElements\LogoBeta.png.DATA,-
2023-12-20T23:46:16.000000+00:00,Content Modification Time,FILE,File stat,NTFS:\Program Files (x86)\Microsoft\Edge\Application\120.0.2210.91\ResiliencyLinks\VisualElements\LogoCanary.png.DATA Type: file,filestat,NTFS:\Program Files (x86)\Microsoft\Edge\Application\120.0.2210.91\ResiliencyLinks\VisualElements\LogoCanary.png.DATA,-
2023-12-20T23:46:16.000000+00:00,Content Modification Time,FILE,File stat,NTFS:\Program Files (x86)\Microsoft\Edge\Application\120.0.2210.91\ResiliencyLinks\VisualElements\LogoDev.png.DATA Type: file,filestat,NTFS:\Program Files (x86)\Microsoft\Edge\Application\120.0.2210.91\ResiliencyLinks\VisualElements\LogoDev.png.DATA,-
2023-12-20T23:46:16.000000+00:00,Content Modification Time,FILE,File stat,NTFS:\Program Files (x86)\Microsoft\Edge\Application\120.0.2210.91\ResiliencyLinks\VisualElements\SmallLogo.png.DATA Type: file,filestat,NTFS:\Program Files (x86)\Microsoft\Edge\Application\120.0.2210.91\ResiliencyLinks\VisualElements\SmallLogo.png.DATA,-
2023-12-20T23:46:16.000000+00:00,Content Modification Time,FILE,File stat,NTFS:\Program Files (x86)\Microsoft\Edge\Application\120.0.2210.91\ResiliencyLinks\VisualElements\SmallLogoBeta.png.DATA Type: file,filestat,NTFS:\Program Files (x86)\Microsoft\Edge\Application\120.0.2210.91\ResiliencyLinks\VisualElements\SmallLogoBeta.png.DATA,-
2023-12-20T23:46:16.000000+00:00,Content Modification Time,FILE,File stat,NTFS:\Program Files (x86)\Microsoft\Edge\Application\120.0.2210.91\ResiliencyLinks\VisualElements\SmallLogoCanary.png.DATA Type: file,filestat,NTFS:\Program Files (x86)\Microsoft\Edge\Application\120.0.2210.91\ResiliencyLinks\VisualElements\SmallLogoCanary.png.DATA,-
2023-12-20T23:46:16.000000+00:00,Content Modification Time,FILE,File stat,NTFS:\Program Files (x86)\Microsoft\Edge\Application\120.0.2210.91\ResiliencyLinks\VisualElements\SmallLogoDev.png.DATA Type: file,filestat,NTFS:\Program Files (x86)\Microsoft\Edge\Application\120.0.2210.91\ResiliencyLinks\VisualElements\SmallLogoDev.png.DATA,-
2023-12-20T23:46:16.000000+00:00,Content Modification Time,FILE,File stat,NTFS:\Program Files (x86)\Microsoft\Edge\Application\120.0.2210.91\ResiliencyLinks\WidevineCdm\manifest.json.DATA Type: file,filestat,NTFS:\Program Files (x86)\Microsoft\Edge\Application\120.0.2210.91\ResiliencyLinks\WidevineCdm\manifest.json.DATA,-
2023-12-20T23:46:16.000000+00:00,Content Modification Time,FILE,File stat,NTFS:\Program Files (x86)\Microsoft\Edge\Application\120.0.2210.91\ResiliencyLinks\delegatedWebFeatures.sccd.DATA Type: file,filestat,NTFS:\Program Files (x86)\Microsoft\Edge\Application\120.0.2210.91\ResiliencyLinks\delegatedWebFeatures.sccd.DATA,-
2023-12-20T23:46:16.000000+00:00,Content Modification Time,FILE,File stat,NTFS:\Program Files (x86)\Microsoft\Edge\Application\120.0.2210.91\ResiliencyLinks\edge_feedback\camera_mf_trace.wprp.DATA Type: file,filestat,NTFS:\Program Files (x86)\Microsoft\Edge\Application\120.0.2210.91\ResiliencyLinks\edge_feedback\camera_mf_trace.wprp.DATA,-
2023-12-20T23:46:16.000000+00:00,Content Modification Time,FILE,File stat,NTFS:\Program Files (x86)\Microsoft\Edge\Application\120.0.2210.91\ResiliencyLinks\edge_feedback\mf_trace.wprp.DATA Type: file,filestat,NTFS:\Program Files (x86)\Microsoft\Edge\Application\120.0.2210.91\ResiliencyLinks\edge_feedback\mf_trace.wprp.DATA,-
2023-12-20T23:46:16.000000+00:00,Content Modification Time,FILE,File stat,NTFS:\Program Files (x86)\Microsoft\Edge\Application\120.0.2210.91\ResiliencyLinks\icudtl.dat.DATA Type: file,filestat,NTFS:\Program Files (x86)\Microsoft\Edge\Application\120.0.2210.91\ResiliencyLinks\icudtl.dat.DATA,-
2023-12-20T23:46:16.000000+00:00,Content Modification Time,FILE,File stat,NTFS:\Program Files (x86)\Microsoft\Edge\Application\120.0.2210.91\ResiliencyLinks\identity_proxy\resources.pri.DATA Type: file,filestat,NTFS:\Program Files (x86)\Microsoft\Edge\Application\120.0.2210.91\ResiliencyLinks\identity_proxy\resources.pri.DATA,-
2023-12-20T23:46:16.000000+00:00,Content Modification Time,FILE,File stat,NTFS:\Program Files (x86)\Microsoft\Edge\Application\120.0.2210.91\ResiliencyLinks\msedge_100_percent.pak.DATA Type: file,filestat,NTFS:\Program Files (x86)\Microsoft\Edge\Application\120.0.2210.91\ResiliencyLinks\msedge_100_percent.pak.DATA,-
2023-12-20T23:46:16.000000+00:00,Content Modification Time,FILE,File stat,NTFS:\Program Files (x86)\Microsoft\Edge\Application\120.0.2210.91\ResiliencyLinks\msedge_200_percent.pak.DATA Type: file,filestat,NTFS:\Program Files (x86)\Microsoft\Edge\Application\120.0.2210.91\ResiliencyLinks\msedge_200_percent.pak.DATA,-
2023-12-20T23:46:16.000000+00:00,Content Modification Time,FILE,File stat,NTFS:\Program Files (x86)\Microsoft\Edge\Application\120.0.2210.91\ResiliencyLinks\resources.pak.DATA Type: file,filestat,NTFS:\Program Files (x86)\Microsoft\Edge\Application\120.0.2210.91\ResiliencyLinks\resources.pak.DATA,-
2023-12-20T23:46:16.000000+00:00,Content Modification Time,FILE,File stat,NTFS:\Program Files (x86)\Microsoft\Edge\Application\120.0.2210.91\ResiliencyLinks\v8_context_snapshot.bin.DATA Type: file,filestat,NTFS:\Program Files (x86)\Microsoft\Edge\Application\120.0.2210.91\ResiliencyLinks\v8_context_snapshot.bin.DATA,-
2023-12-20T23:46:16.000000+00:00,Content Modification Time,FILE,File stat,NTFS:\Program Files (x86)\Microsoft\Edge\Application\120.0.2210.91\ResiliencyLinks\vk_swiftshader_icd.json.DATA Type: file,filestat,NTFS:\Program Files (x86)\Microsoft\Edge\Application\120.0.2210.91\ResiliencyLinks\vk_swiftshader_icd.json.DATA,-
2023-12-20T23:46:16.000000+00:00,Content Modification Time,FILE,File stat,NTFS:\Program Files (x86)\Microsoft\Edge\Application\120.0.2210.91\Trust Protection Lists\Mu\Advertising Type: file,filestat,NTFS:\Program Files (x86)\Microsoft\Edge\Application\120.0.2210.91\Trust Protection Lists\Mu\Advertising,-
2023-12-20T23:46:16.000000+00:00,Content Modification Time,FILE,File stat,NTFS:\Program Files (x86)\Microsoft\Edge\Application\120.0.2210.91\Trust Protection Lists\Mu\Analytics Type: file,filestat,NTFS:\Program Files (x86)\Microsoft\Edge\Application\120.0.2210.91\Trust Protection Lists\Mu\Analytics,-
2023-12-20T23:46:16.000000+00:00,Content Modification Time,FILE,File stat,NTFS:\Program Files (x86)\Microsoft\Edge\Application\120.0.2210.91\Trust Protection Lists\Mu\CompatExceptions Type: file,filestat,NTFS:\Program Files (x86)\Microsoft\Edge\Application\120.0.2210.91\Trust Protection Lists\Mu\CompatExceptions,-
2023-12-20T23:46:16.000000+00:00,Content Modification Time,FILE,File stat,NTFS:\Program Files (x86)\Microsoft\Edge\Application\120.0.2210.91\Trust Protection Lists\Mu\Content Type: file,filestat,NTFS:\Program Files (x86)\Microsoft\Edge\Application\120.0.2210.91\Trust Protection Lists\Mu\Content,-
2023-12-20T23:46:16.000000+00:00,Content Modification Time,FILE,File stat,NTFS:\Program Files (x86)\Microsoft\Edge\Application\120.0.2210.91\Trust Protection Lists\Mu\Cryptomining Type: file,filestat,NTFS:\Program Files (x86)\Microsoft\Edge\Application\120.0.2210.91\Trust Protection Lists\Mu\Cryptomining,-
2023-12-20T23:46:16.000000+00:00,Content Modification Time,FILE,File stat,NTFS:\Program Files (x86)\Microsoft\Edge\Application\120.0.2210.91\Trust Protection Lists\Mu\Entities Type: file,filestat,NTFS:\Program Files (x86)\Microsoft\Edge\Application\120.0.2210.91\Trust Protection Lists\Mu\Entities,-
2023-12-20T23:46:16.000000+00:00,Content Modification Time,FILE,File stat,NTFS:\Program Files (x86)\Microsoft\Edge\Application\120.0.2210.91\Trust Protection Lists\Mu\Fingerprinting Type: file,filestat,NTFS:\Program Files (x86)\Microsoft\Edge\Application\120.0.2210.91\Trust Protection Lists\Mu\Fingerprinting,-
2023-12-20T23:46:16.000000+00:00,Content Modification Time,FILE,File stat,NTFS:\Program Files (x86)\Microsoft\Edge\Application\120.0.2210.91\Trust Protection Lists\Mu\LICENSE Type: file,filestat,NTFS:\Program Files (x86)\Microsoft\Edge\Application\120.0.2210.91\Trust Protection Lists\Mu\LICENSE,-
2023-12-20T23:46:16.000000+00:00,Content Modification Time,FILE,File stat,NTFS:\Program Files (x86)\Microsoft\Edge\Application\120.0.2210.91\Trust Protection Lists\Mu\Other Type: file,filestat,NTFS:\Program Files (x86)\Microsoft\Edge\Application\120.0.2210.91\Trust Protection Lists\Mu\Other,-
2023-12-20T23:46:16.000000+00:00,Content Modification Time,FILE,File stat,NTFS:\Program Files (x86)\Microsoft\Edge\Application\120.0.2210.91\Trust Protection Lists\Mu\Social Type: file,filestat,NTFS:\Program Files (x86)\Microsoft\Edge\Application\120.0.2210.91\Trust Protection Lists\Mu\Social,-
2023-12-20T23:46:16.000000+00:00,Content Modification Time,FILE,File stat,NTFS:\Program Files (x86)\Microsoft\Edge\Application\120.0.2210.91\Trust Protection Lists\Mu\TransparentAdvertisers Type: file,filestat,NTFS:\Program Files (x86)\Microsoft\Edge\Application\120.0.2210.91\Trust Protection Lists\Mu\TransparentAdvertisers,-
2023-12-20T23:46:16.000000+00:00,Content Modification Time,FILE,File stat,NTFS:\Program Files (x86)\Microsoft\Edge\Application\120.0.2210.91\Trust Protection Lists\Sigma\Advertising Type: file,filestat,NTFS:\Program Files (x86)\Microsoft\Edge\Application\120.0.2210.91\Trust Protection Lists\Sigma\Advertising,-
2023-12-20T23:46:16.000000+00:00,Content Modification Time,FILE,File stat,NTFS:\Program Files (x86)\Microsoft\Edge\Application\120.0.2210.91\Trust Protection Lists\Sigma\Analytics Type: file,filestat,NTFS:\Program Files (x86)\Microsoft\Edge\Application\120.0.2210.91\Trust Protection Lists\Sigma\Analytics,-
2023-12-20T23:46:16.000000+00:00,Content Modification Time,FILE,File stat,NTFS:\Program Files (x86)\Microsoft\Edge\Application\120.0.2210.91\Trust Protection Lists\Sigma\Content Type: file,filestat,NTFS:\Program Files (x86)\Microsoft\Edge\Application\120.0.2210.91\Trust Protection Lists\Sigma\Content,-
2023-12-20T23:46:16.000000+00:00,Content Modification Time,FILE,File stat,NTFS:\Program Files (x86)\Microsoft\Edge\Application\120.0.2210.91\Trust Protection Lists\Sigma\Cryptomining Type: file,filestat,NTFS:\Program Files (x86)\Microsoft\Edge\Application\120.0.2210.91\Trust Protection Lists\Sigma\Cryptomining,-
2023-12-20T23:46:16.000000+00:00,Content Modification Time,FILE,File stat,NTFS:\Program Files (x86)\Microsoft\Edge\Application\120.0.2210.91\Trust Protection Lists\Sigma\Entities Type: file,filestat,NTFS:\Program Files (x86)\Microsoft\Edge\Application\120.0.2210.91\Trust Protection Lists\Sigma\Entities,-
2023-12-20T23:46:16.000000+00:00,Content Modification Time,FILE,File stat,NTFS:\Program Files (x86)\Microsoft\Edge\Application\120.0.2210.91\Trust Protection Lists\Sigma\Fingerprinting Type: file,filestat,NTFS:\Program Files (x86)\Microsoft\Edge\Application\120.0.2210.91\Trust Protection Lists\Sigma\Fingerprinting,-
2023-12-20T23:46:16.000000+00:00,Content Modification Time,FILE,File stat,NTFS:\Program Files (x86)\Microsoft\Edge\Application\120.0.2210.91\Trust Protection Lists\Sigma\LICENSE Type: file,filestat,NTFS:\Program Files (x86)\Microsoft\Edge\Application\120.0.2210.91\Trust Protection Lists\Sigma\LICENSE,-
2023-12-20T23:46:16.000000+00:00,Content Modification Time,FILE,File stat,NTFS:\Program Files (x86)\Microsoft\Edge\Application\120.0.2210.91\Trust Protection Lists\Sigma\Other Type: file,filestat,NTFS:\Program Files (x86)\Microsoft\Edge\Application\120.0.2210.91\Trust Protection Lists\Sigma\Other,-
2023-12-20T23:46:16.000000+00:00,Content Modification Time,FILE,File stat,NTFS:\Program Files (x86)\Microsoft\Edge\Application\120.0.2210.91\Trust Protection Lists\Sigma\Social Type: file,filestat,NTFS:\Program Files (x86)\Microsoft\Edge\Application\120.0.2210.91\Trust Protection Lists\Sigma\Social,-
2023-12-20T23:46:16.000000+00:00,Content Modification Time,FILE,File stat,NTFS:\Program Files (x86)\Microsoft\Edge\Application\120.0.2210.91\Trust Protection Lists\Sigma\Staging Type: file,filestat,NTFS:\Program Files (x86)\Microsoft\Edge\Application\120.0.2210.91\Trust Protection Lists\Sigma\Staging,-
2023-12-20T23:46:16.000000+00:00,Content Modification Time,FILE,File stat,NTFS:\Program Files (x86)\Microsoft\Edge\Application\120.0.2210.91\Trust Protection Lists\manifest.json Type: file,filestat,NTFS:\Program Files (x86)\Microsoft\Edge\Application\120.0.2210.91\Trust Protection Lists\manifest.json,-
2023-12-20T23:46:16.000000+00:00,Content Modification Time,FILE,File stat,NTFS:\Program Files (x86)\Microsoft\Edge\Application\120.0.2210.91\VisualElements\Logo.png Type: file,filestat,NTFS:\Program Files (x86)\Microsoft\Edge\Application\120.0.2210.91\VisualElements\Logo.png,-
2023-12-20T23:46:16.000000+00:00,Content Modification Time,FILE,File stat,NTFS:\Program Files (x86)\Microsoft\Edge\Application\120.0.2210.91\VisualElements\LogoBeta.png Type: file,filestat,NTFS:\Program Files (x86)\Microsoft\Edge\Application\120.0.2210.91\VisualElements\LogoBeta.png,-
2023-12-20T23:46:16.000000+00:00,Content Modification Time,FILE,File stat,NTFS:\Program Files (x86)\Microsoft\Edge\Application\120.0.2210.91\VisualElements\LogoCanary.png Type: file,filestat,NTFS:\Program Files (x86)\Microsoft\Edge\Application\120.0.2210.91\VisualElements\LogoCanary.png,-
2023-12-20T23:46:16.000000+00:00,Content Modification Time,FILE,File stat,NTFS:\Program Files (x86)\Microsoft\Edge\Application\120.0.2210.91\VisualElements\LogoDev.png Type: file,filestat,NTFS:\Program Files (x86)\Microsoft\Edge\Application\120.0.2210.91\VisualElements\LogoDev.png,-
2023-12-20T23:46:16.000000+00:00,Content Modification Time,FILE,File stat,NTFS:\Program Files (x86)\Microsoft\Edge\Application\120.0.2210.91\VisualElements\SmallLogo.png Type: file,filestat,NTFS:\Program Files (x86)\Microsoft\Edge\Application\120.0.2210.91\VisualElements\SmallLogo.png,-
2023-12-20T23:46:16.000000+00:00,Content Modification Time,FILE,File stat,NTFS:\Program Files (x86)\Microsoft\Edge\Application\120.0.2210.91\VisualElements\SmallLogoBeta.png Type: file,filestat,NTFS:\Program Files (x86)\Microsoft\Edge\Application\120.0.2210.91\VisualElements\SmallLogoBeta.png,-
2023-12-20T23:46:16.000000+00:00,Content Modification Time,FILE,File stat,NTFS:\Program Files (x86)\Microsoft\Edge\Application\120.0.2210.91\VisualElements\SmallLogoCanary.png Type: file,filestat,NTFS:\Program Files (x86)\Microsoft\Edge\Application\120.0.2210.91\VisualElements\SmallLogoCanary.png,-
2023-12-20T23:46:16.000000+00:00,Content Modification Time,FILE,File stat,NTFS:\Program Files (x86)\Microsoft\Edge\Application\120.0.2210.91\VisualElements\SmallLogoDev.png Type: file,filestat,NTFS:\Program Files (x86)\Microsoft\Edge\Application\120.0.2210.91\VisualElements\SmallLogoDev.png,-
2023-12-20T23:46:16.000000+00:00,Content Modification Time,FILE,File stat,NTFS:\Program Files (x86)\Microsoft\Edge\Application\120.0.2210.91\WidevineCdm\manifest.json Type: file,filestat,NTFS:\Program Files (x86)\Microsoft\Edge\Application\120.0.2210.91\WidevineCdm\manifest.json,-
2023-12-20T23:46:16.000000+00:00,Creation Time,PE,PE/COFF file,PE Type: Dynamic Link Library (DLL) Import hash: 0c52c5bf0043ebb7c5fc3f50c571c69f Export DLL name: augloop_client.dll,pe,NTFS:\Program Files (x86)\Microsoft\Edge\Application\120.0.2210.91\augloop_client.dll,-
2023-12-20T23:46:16.000000+00:00,Creation Time,PE,PE/COFF file,PE Type: Executable (EXE) Import hash: 93623b0f02883b108b7f1e14b1da842c,pe,NTFS:\Program Files (x86)\Microsoft\Edge\Application\120.0.2210.91\cookie_exporter.exe,-
2023-12-20T23:46:16.000000+00:00,Content Modification Time,FILE,File stat,NTFS:\Program Files (x86)\Microsoft\Edge\Application\120.0.2210.91\delegatedWebFeatures.sccd Type: file,filestat,NTFS:\Program Files (x86)\Microsoft\Edge\Application\120.0.2210.91\delegatedWebFeatures.sccd,-
2023-12-20T23:46:16.000000+00:00,Creation Time,PE,PE/COFF file,PE Type: Dynamic Link Library (DLL) Import hash: 315cd50625aa1ef71116c69bd11f0c38 Export DLL name: dual_engine_adapter_x64.dll,pe,NTFS:\Program Files (x86)\Microsoft\Edge\Application\120.0.2210.91\dual_engine_adapter_x64.dll,-
2023-12-20T23:46:16.000000+00:00,Creation Time,PE,PE/COFF file,PE Type: Dynamic Link Library (DLL) Import hash: 86379d9f4693f2aa059197611ab2ffc7 Export DLL name: dxcompiler.dll,pe,NTFS:\Program Files (x86)\Microsoft\Edge\Application\120.0.2210.91\dxcompiler.dll,-
2023-12-20T23:46:16.000000+00:00,Content Modification Time,FILE,File stat,NTFS:\Program Files (x86)\Microsoft\Edge\Application\120.0.2210.91\edge_feedback\camera_mf_trace.wprp Type: file,filestat,NTFS:\Program Files (x86)\Microsoft\Edge\Application\120.0.2210.91\edge_feedback\camera_mf_trace.wprp,-
2023-12-20T23:46:16.000000+00:00,Content Modification Time,FILE,File stat,NTFS:\Program Files (x86)\Microsoft\Edge\Application\120.0.2210.91\edge_feedback\mf_trace.wprp Type: file,filestat,NTFS:\Program Files (x86)\Microsoft\Edge\Application\120.0.2210.91\edge_feedback\mf_trace.wprp,-
2023-12-20T23:46:16.000000+00:00,Creation Time,PE,PE/COFF file,PE Type: Executable (EXE) Import hash: ec3d37729acbe5a05a8129df446445d1 Export DLL name: elevation_service.exe,pe,NTFS:\Program Files (x86)\Microsoft\Edge\Application\120.0.2210.91\elevation_service.exe,-
2023-12-20T23:46:16.000000+00:00,Creation Time,PE,PE/COFF file,PE Type: Dynamic Link Library (DLL) Export DLL name: eventlog_provider.dll,pe,NTFS:\Program Files (x86)\Microsoft\Edge\Application\120.0.2210.91\eventlog_provider.dll,-
2023-12-20T23:46:16.000000+00:00,Creation Time,PE,PE/COFF file,PE Type: Dynamic Link Library (DLL) Import hash: 14338d2168d869b1b53d66354179e8c5 Export DLL name: ffmpeg.dll,pe,NTFS:\Program Files (x86)\Microsoft\Edge\Application\120.0.2210.91\ffmpeg.dll,-
2023-12-20T23:46:16.000000+00:00,Content Modification Time,FILE,File stat,NTFS:\Program Files (x86)\Microsoft\Edge\Application\120.0.2210.91\icudtl.dat Type: file,filestat,NTFS:\Program Files (x86)\Microsoft\Edge\Application\120.0.2210.91\icudtl.dat,-
2023-12-20T23:46:16.000000+00:00,Creation Time,PE,PE/COFF file,PE Type: Executable (EXE) Import hash: b7e244ba46aac2a40ea643244bcedc5b Export DLL name: identity_helper.exe,pe,NTFS:\Program Files (x86)\Microsoft\Edge\Application\120.0.2210.91\identity_helper.exe,-
2023-12-20T23:46:16.000000+00:00,Content Modification Time,FILE,File stat,NTFS:\Program Files (x86)\Microsoft\Edge\Application\120.0.2210.91\identity_helper.exe.manifest Type: file,filestat,NTFS:\Program Files (x86)\Microsoft\Edge\Application\120.0.2210.91\identity_helper.exe.manifest,-
2023-12-20T23:46:16.000000+00:00,Content Modification Time,FILE,File stat,NTFS:\Program Files (x86)\Microsoft\Edge\Application\120.0.2210.91\identity_proxy\beta.identity_helper.exe.manifest Type: file,filestat,NTFS:\Program Files (x86)\Microsoft\Edge\Application\120.0.2210.91\identity_proxy\beta.identity_helper.exe.manifest,-
2023-12-20T23:46:16.000000+00:00,Content Modification Time,FILE,File stat,NTFS:\Program Files (x86)\Microsoft\Edge\Application\120.0.2210.91\identity_proxy\canary.identity_helper.exe.manifest Type: file,filestat,NTFS:\Program Files (x86)\Microsoft\Edge\Application\120.0.2210.91\identity_proxy\canary.identity_helper.exe.manifest,-
2023-12-20T23:46:16.000000+00:00,Content Modification Time,FILE,File stat,NTFS:\Program Files (x86)\Microsoft\Edge\Application\120.0.2210.91\identity_proxy\dev.identity_helper.exe.manifest Type: file,filestat,NTFS:\Program Files (x86)\Microsoft\Edge\Application\120.0.2210.91\identity_proxy\dev.identity_helper.exe.manifest,-
2023-12-20T23:46:16.000000+00:00,Content Modification Time,FILE,File stat,NTFS:\Program Files (x86)\Microsoft\Edge\Application\120.0.2210.91\identity_proxy\internal.identity_helper.exe.manifest Type: file,filestat,NTFS:\Program Files (x86)\Microsoft\Edge\Application\120.0.2210.91\identity_proxy\internal.identity_helper.exe.manifest,-
2023-12-20T23:46:16.000000+00:00,Content Modification Time,FILE,File stat,NTFS:\Program Files (x86)\Microsoft\Edge\Application\120.0.2210.91\identity_proxy\resources.pri Type: file,filestat,NTFS:\Program Files (x86)\Microsoft\Edge\Application\120.0.2210.91\identity_proxy\resources.pri,-
2023-12-20T23:46:16.000000+00:00,Content Modification Time,FILE,File stat,NTFS:\Program Files (x86)\Microsoft\Edge\Application\120.0.2210.91\identity_proxy\stable.identity_helper.exe.manifest Type: file,filestat,NTFS:\Program Files (x86)\Microsoft\Edge\Application\120.0.2210.91\identity_proxy\stable.identity_helper.exe.manifest,-
2023-12-20T23:46:16.000000+00:00,Creation Time,PE,PE/COFF file,PE Type: Dynamic Link Library (DLL) Import hash: 245dee34b9003caf603e6a79a3808b51 Export DLL name: learning_tools.dll,pe,NTFS:\Program Files (x86)\Microsoft\Edge\Application\120.0.2210.91\learning_tools.dll,-
2023-12-20T23:46:16.000000+00:00,Creation Time,PE,PE/COFF file,PE Type: Dynamic Link Library (DLL) Import hash: 592e6e55d4fe33d1bd84e3b3016fe3b2 Export DLL name: libEGL.dll,pe,NTFS:\Program Files (x86)\Microsoft\Edge\Application\120.0.2210.91\libEGL.dll,-
2023-12-20T23:46:16.000000+00:00,Creation Time,PE,PE/COFF file,PE Type: Dynamic Link Library (DLL) Import hash: 181c5e1b8305f6185aa211878e735406 Export DLL name: libGLESv2.dll,pe,NTFS:\Program Files (x86)\Microsoft\Edge\Application\120.0.2210.91\libGLESv2.dll,-
2023-12-20T23:46:16.000000+00:00,Creation Time,PE,PE/COFF file,PE Type: Dynamic Link Library (DLL) Import hash: ede5feb923c36932839c696d981b5c53 Export DLL name: microsoft_shell_integration.dll,pe,NTFS:\Program Files (x86)\Microsoft\Edge\Application\120.0.2210.91\microsoft_shell_integration.dll,-
2023-12-20T23:46:16.000000+00:00,Creation Time,PE,PE/COFF file,PE Type: Dynamic Link Library (DLL) Import hash: a7fb28d23f6898b064d3b762c7e44a48 Export DLL name: mojo_core.dll,pe,NTFS:\Program Files (x86)\Microsoft\Edge\Application\120.0.2210.91\mojo_core.dll,-
2023-12-20T23:46:16.000000+00:00,Creation Time,PE,PE/COFF file,PE Type: Dynamic Link Library (DLL) Import hash: ee25710d7870a30dbe6c0a4f0b3ec33e Export DLL name: msedge.dll,pe,NTFS:\Program Files (x86)\Microsoft\Edge\Application\120.0.2210.91\msedge.dll,-
2023-12-20T23:46:16.000000+00:00,Creation Time,PE,PE/COFF file,PE Type: Executable (EXE) Import hash: ea4ca1f8e3b3d9373d39c13fd1348a63 Export DLL name: msedge.exe,pe,NTFS:\Program Files (x86)\Microsoft\Edge\Application\120.0.2210.91\msedge.exe,-
2023-12-20T23:46:16.000000+00:00,Content Modification Time,FILE,File stat,NTFS:\Program Files (x86)\Microsoft\Edge\Application\120.0.2210.91\msedge_100_percent.pak Type: file,filestat,NTFS:\Program Files (x86)\Microsoft\Edge\Application\120.0.2210.91\msedge_100_percent.pak,-
2023-12-20T23:46:16.000000+00:00,Content Modification Time,FILE,File stat,NTFS:\Program Files (x86)\Microsoft\Edge\Application\120.0.2210.91\msedge_200_percent.pak Type: file,filestat,NTFS:\Program Files (x86)\Microsoft\Edge\Application\120.0.2210.91\msedge_200_percent.pak,-
2023-12-20T23:46:16.000000+00:00,Creation Time,PE,PE/COFF file,PE Type: Dynamic Link Library (DLL) Import hash: e5e4f3f5367c0c82df24a4723fbd8a3c Export DLL name: msedge_elf.dll,pe,NTFS:\Program Files (x86)\Microsoft\Edge\Application\120.0.2210.91\msedge_elf.dll,-
2023-12-20T23:46:16.000000+00:00,Creation Time,PE,PE/COFF file,PE Type: Executable (EXE) Import hash: de26eaa9d278cc0dba26fd740bd69de5 Export DLL name: msedge_proxy.exe,pe,NTFS:\Program Files (x86)\Microsoft\Edge\Application\120.0.2210.91\msedge_proxy.exe,-
2023-12-20T23:46:16.000000+00:00,Creation Time,PE,PE/COFF file,PE Type: Executable (EXE) Import hash: de41f9de99e8b59a5fd04ed8f3e47a23 Export DLL name: msedge_pwa_launcher.exe,pe,NTFS:\Program Files (x86)\Microsoft\Edge\Application\120.0.2210.91\msedge_pwa_launcher.exe,-
2023-12-20T23:46:16.000000+00:00,Creation Time,PE,PE/COFF file,PE Type: Dynamic Link Library (DLL) Import hash: 11cfe52be448f6616d5059e01d25574f Export DLL name: msedge_wer.dll,pe,NTFS:\Program Files (x86)\Microsoft\Edge\Application\120.0.2210.91\msedge_wer.dll,-
2023-12-20T23:46:16.000000+00:00,Creation Time,PE,PE/COFF file,PE Type: Executable (EXE) Import hash: ea4ca1f8e3b3d9373d39c13fd1348a63 Export DLL name: msedgewebview2.exe,pe,NTFS:\Program Files (x86)\Microsoft\Edge\Application\120.0.2210.91\msedgewebview2.exe,-
2023-12-20T23:46:16.000000+00:00,Creation Time,PE,PE/COFF file,PE Type: Executable (EXE) Import hash: f999b9e2a1a7ee8d6c0a62ac96cb8e00 Export DLL name: notification_helper.exe,pe,NTFS:\Program Files (x86)\Microsoft\Edge\Application\120.0.2210.91\notification_click_helper.exe,-
2023-12-20T23:46:16.000000+00:00,Creation Time,PE,PE/COFF file,PE Type: Executable (EXE) Import hash: f999b9e2a1a7ee8d6c0a62ac96cb8e00 Export DLL name: notification_helper.exe,pe,NTFS:\Program Files (x86)\Microsoft\Edge\Application\120.0.2210.91\notification_helper.exe,-
2023-12-20T23:46:16.000000+00:00,Content Modification Time,FILE,File stat,NTFS:\Program Files (x86)\Microsoft\Edge\Application\120.0.2210.91\notification_helper.exe.manifest Type: file,filestat,NTFS:\Program Files (x86)\Microsoft\Edge\Application\120.0.2210.91\notification_helper.exe.manifest,-
2023-12-20T23:46:16.000000+00:00,Creation Time,PE,PE/COFF file,PE Type: Dynamic Link Library (DLL) Import hash: 84a3a44cda8210433388e362d0711350 Export DLL name: oneauth.dll,pe,NTFS:\Program Files (x86)\Microsoft\Edge\Application\120.0.2210.91\oneauth.dll,-
2023-12-20T23:46:16.000000+00:00,Creation Time,PE,PE/COFF file,PE Type: Dynamic Link Library (DLL) Import hash: 901547c141e655eaa42dda272194aa5f Export DLL name: oneds.dll,pe,NTFS:\Program Files (x86)\Microsoft\Edge\Application\120.0.2210.91\oneds.dll,-
2023-12-20T23:46:16.000000+00:00,Creation Time,PE,PE/COFF file,PE Type: Dynamic Link Library (DLL) Import hash: b5a256ffb9731c6d4f188d47128cd426 Export DLL name: onramp.dll,pe,NTFS:\Program Files (x86)\Microsoft\Edge\Application\120.0.2210.91\onramp.dll,-
2023-12-20T23:46:16.000000+00:00,Creation Time,PE,PE/COFF file,PE Type: Executable (EXE) Import hash: e5475fe275fc1810d6058a5ebd704304 Export DLL name: pwahelper.exe,pe,NTFS:\Program Files (x86)\Microsoft\Edge\Application\120.0.2210.91\pwahelper.exe,-
2023-12-20T23:46:16.000000+00:00,Content Modification Time,FILE,File stat,NTFS:\Program Files (x86)\Microsoft\Edge\Application\120.0.2210.91\resources.pak Type: file,filestat,NTFS:\Program Files (x86)\Microsoft\Edge\Application\120.0.2210.91\resources.pak,-
2023-12-20T23:46:16.000000+00:00,Content Modification Time,FILE,File stat,NTFS:\Program Files (x86)\Microsoft\Edge\Application\120.0.2210.91\show_third_party_software_licenses.bat Type: file,filestat,NTFS:\Program Files (x86)\Microsoft\Edge\Application\120.0.2210.91\show_third_party_software_licenses.bat,-
2023-12-20T23:46:16.000000+00:00,Creation Time,PE,PE/COFF file,PE Type: Dynamic Link Library (DLL) Import hash: d6dbf82dc6a4932b4f6d5a857b2d2ee4 Export DLL name: telclient.dll,pe,NTFS:\Program Files (x86)\Microsoft\Edge\Application\120.0.2210.91\telclient.dll,-
2023-12-20T23:46:16.000000+00:00,Content Modification Time,FILE,File stat,NTFS:\Program Files (x86)\Microsoft\Edge\Application\120.0.2210.91\v8_context_snapshot.bin Type: file,filestat,NTFS:\Program Files (x86)\Microsoft\Edge\Application\120.0.2210.91\v8_context_snapshot.bin,-
2023-12-20T23:46:16.000000+00:00,Creation Time,PE,PE/COFF file,PE Type: Dynamic Link Library (DLL) Import hash: c6d5499631d983c25f3393a4b4b13399 Export DLL name: vk_swiftshader.dll,pe,NTFS:\Program Files (x86)\Microsoft\Edge\Application\120.0.2210.91\vk_swiftshader.dll,-
2023-12-20T23:46:16.000000+00:00,Content Modification Time,FILE,File stat,NTFS:\Program Files (x86)\Microsoft\Edge\Application\120.0.2210.91\vk_swiftshader_icd.json Type: file,filestat,NTFS:\Program Files (x86)\Microsoft\Edge\Application\120.0.2210.91\vk_swiftshader_icd.json,-
2023-12-20T23:46:16.000000+00:00,Creation Time,PE,PE/COFF file,PE Type: Dynamic Link Library (DLL) Import hash: 49ed29c3ff417b26c7cd92ecc9b7dcb3 Export DLL name: vulkan-1.dll,pe,NTFS:\Program Files (x86)\Microsoft\Edge\Application\120.0.2210.91\vulkan-1.dll,-
2023-12-20T23:46:16.000000+00:00,Creation Time,PE,PE/COFF file,PE Type: Dynamic Link Library (DLL) Import hash: 671c679ffeb5f4076c20445dc94c7eec Export DLL name: wdag.dll,pe,NTFS:\Program Files (x86)\Microsoft\Edge\Application\120.0.2210.91\wdag.dll,-
2023-12-20T23:46:16.000000+00:00,Creation Time,PE,PE/COFF file,PE Type: Dynamic Link Library (DLL) Import hash: 78dddc1db019dc0a88e18bb6984ecb65 Export DLL name: webview2_integration.dll,pe,NTFS:\Program Files (x86)\Microsoft\Edge\Application\120.0.2210.91\webview2_integration.dll,-
2023-12-20T23:46:16.000000+00:00,Creation Time,PE,PE/COFF file,PE Type: Dynamic Link Library (DLL) Import hash: ccad27ddcacd8ba801cc1ba84b9e017e Export DLL name: wns_push_client.dll,pe,NTFS:\Program Files (x86)\Microsoft\Edge\Application\120.0.2210.91\wns_push_client.dll,-
2023-12-20T23:46:16.000000+00:00,Content Modification Time,FILE,File stat,NTFS:\Program Files (x86)\Microsoft\Edge\Application\delegatedWebFeatures.sccd Type: file,filestat,NTFS:\Program Files (x86)\Microsoft\Edge\Application\delegatedWebFeatures.sccd,-
2023-12-20T23:46:16.000000+00:00,Creation Time,PE,PE/COFF file,PE Type: Executable (EXE) Import hash: ea4ca1f8e3b3d9373d39c13fd1348a63 Export DLL name: msedge.exe,pe,NTFS:\Program Files (x86)\Microsoft\Edge\Application\msedge.exe,-
2023-12-20T23:46:16.000000+00:00,Creation Time,PE,PE/COFF file,PE Type: Executable (EXE) Import hash: de26eaa9d278cc0dba26fd740bd69de5 Export DLL name: msedge_proxy.exe,pe,NTFS:\Program Files (x86)\Microsoft\Edge\Application\msedge_proxy.exe,-
2023-12-20T23:46:16.000000+00:00,Creation Time,PE,PE/COFF file,PE Type: Executable (EXE) Import hash: e5475fe275fc1810d6058a5ebd704304 Export DLL name: pwahelper.exe,pe,NTFS:\Program Files (x86)\Microsoft\Edge\Application\pwahelper.exe,-
2023-12-20T23:46:16.000000+00:00,Link Time,AMCACHE,Amcache Registry Entry,path: c:\program files (x86)\microsoft\edge\application\120.0.2210.91\installer\setup.exe product_name: microsoft edge installer company_name: microsoft corporation file_version: 120.0.2210.91 file_size: 4650448 program_identifier: 000628e352e7b7941067fcd3a9b7a0fbe6e600000904,winreg/amcache,NTFS:\Windows\appcompat\Programs\Amcache.hve,-
2023-12-20T23:46:16.000000+00:00,Link Time,AMCACHE,Amcache Registry Entry,path: c:\program files (x86)\microsoft\edgeupdate\install\{54e3c12f-e35e-4ce6-bebf-918ab26e2700}\edgemitmp_6bc61.tmp\setup.exe product_name: microsoft edge installer company_name: microsoft corporation file_version: 120.0.2210.91 file_size: 4650448 program_identifier: 000628e352e7b7941067fcd3a9b7a0fbe6e600000904,winreg/amcache,NTFS:\Windows\appcompat\Programs\Amcache.hve,-
2023-12-20T23:46:16.000000+00:00,Link Time,AMCACHE,Amcache Registry Entry,path: c:\program files (x86)\microsoft\edgeupdate\install\{54e3c12f-e35e-4ce6-bebf-918ab26e2700}\microsoftedge_x64_120.0.2210.91.exe product_name: microsoft edge installer company_name: microsoft corporation file_version: 120.0.2210.91 file_size: 171516472 program_identifier: 000628e352e7b7941067fcd3a9b7a0fbe6e600000904,winreg/amcache,NTFS:\Windows\appcompat\Programs\Amcache.hve,-
2023-12-20T23:46:16.000000+00:00,Link Time,AMCACHE,Amcache Registry Entry,path: c:\program files (x86)\microsoft\edgeupdate\install\{dae041b3-caf0-4017-abdd-ed95ae5b5b98}\microsoftedge_x64_120.0.2210.91.exe product_name: microsoft edge installer company_name: microsoft corporation file_version: 120.0.2210.91 file_size: 171516472 program_identifier: 000628e352e7b7941067fcd3a9b7a0fbe6e600000904,winreg/amcache,NTFS:\Windows\appcompat\Programs\Amcache.hve,-
2023-12-20T23:46:16.000000+00:00,Link Time,AMCACHE,Amcache Registry Entry,path: c:\program files (x86)\microsoft\edgewebview\application\120.0.2210.91\msedgewebview2.exe product_name: microsoft edge webview2 company_name: microsoft corporation file_version: 120.0.2210.91 file_size: 3393472 program_identifier: 0006c9fea95f5f798c866e4994df10b517d700000904,winreg/amcache,NTFS:\Windows\appcompat\Programs\Amcache.hve,-
2023-12-21T04:02:03.191601+00:00,Content Modification Time,FILE,File stat,NTFS:\Program Files (x86)\Microsoft\EdgeCore\120.0.2210.91\identity_proxy\win11\identity_helper.Sparse.Internal.msix Type: file,filestat,NTFS:\Program Files (x86)\Microsoft\EdgeCore\120.0.2210.91\identity_proxy\win11\identity_helper.Sparse.Internal.msix,-
2023-12-21T04:02:03.191601+00:00,Content Modification Time,FILE,File stat,NTFS:\Program Files (x86)\Microsoft\EdgeWebView\Application\120.0.2210.91\ResiliencyLinks\identity_proxy\win11\identity_helper.Sparse.Internal.msix.DATA Type: file,filestat,NTFS:\Program Files (x86)\Microsoft\EdgeWebView\Application\120.0.2210.91\ResiliencyLinks\identity_proxy\win11\identity_helper.Sparse.Internal.msix.DATA,-
2023-12-21T04:02:03.191601+00:00,Content Modification Time,FILE,File stat,NTFS:\Program Files (x86)\Microsoft\EdgeWebView\Application\120.0.2210.91\identity_proxy\win11\identity_helper.Sparse.Internal.msix Type: file,filestat,NTFS:\Program Files (x86)\Microsoft\EdgeWebView\Application\120.0.2210.91\identity_proxy\win11\identity_helper.Sparse.Internal.msix,-
2023-12-21T04:02:03.191601+00:00,Content Modification Time,FILE,File stat,NTFS:\Program Files (x86)\Microsoft\Edge\Application\120.0.2210.91\ResiliencyLinks\identity_proxy\win11\identity_helper.Sparse.Internal.msix.DATA Type: file,filestat,NTFS:\Program Files (x86)\Microsoft\Edge\Application\120.0.2210.91\ResiliencyLinks\identity_proxy\win11\identity_helper.Sparse.Internal.msix.DATA,-
2023-12-21T04:02:03.191601+00:00,Content Modification Time,FILE,File stat,NTFS:\Program Files (x86)\Microsoft\Edge\Application\120.0.2210.91\identity_proxy\win11\identity_helper.Sparse.Internal.msix Type: file,filestat,NTFS:\Program Files (x86)\Microsoft\Edge\Application\120.0.2210.91\identity_proxy\win11\identity_helper.Sparse.Internal.msix,-
2023-12-21T04:02:15.160813+00:00,Content Modification Time,FILE,File stat,NTFS:\Program Files (x86)\Microsoft\EdgeCore\120.0.2210.91\identity_proxy\win11\identity_helper.Sparse.Dev.msix Type: file,filestat,NTFS:\Program Files (x86)\Microsoft\EdgeCore\120.0.2210.91\identity_proxy\win11\identity_helper.Sparse.Dev.msix,-
2023-12-21T04:02:15.160813+00:00,Content Modification Time,FILE,File stat,NTFS:\Program Files (x86)\Microsoft\EdgeWebView\Application\120.0.2210.91\ResiliencyLinks\identity_proxy\win11\identity_helper.Sparse.Dev.msix.DATA Type: file,filestat,NTFS:\Program Files (x86)\Microsoft\EdgeWebView\Application\120.0.2210.91\ResiliencyLinks\identity_proxy\win11\identity_helper.Sparse.Dev.msix.DATA,-
2023-12-21T04:02:15.160813+00:00,Content Modification Time,FILE,File stat,NTFS:\Program Files (x86)\Microsoft\EdgeWebView\Application\120.0.2210.91\identity_proxy\win11\identity_helper.Sparse.Dev.msix Type: file,filestat,NTFS:\Program Files (x86)\Microsoft\EdgeWebView\Application\120.0.2210.91\identity_proxy\win11\identity_helper.Sparse.Dev.msix,-
2023-12-21T04:02:15.160813+00:00,Content Modification Time,FILE,File stat,NTFS:\Program Files (x86)\Microsoft\Edge\Application\120.0.2210.91\ResiliencyLinks\identity_proxy\win11\identity_helper.Sparse.Dev.msix.DATA Type: file,filestat,NTFS:\Program Files (x86)\Microsoft\Edge\Application\120.0.2210.91\ResiliencyLinks\identity_proxy\win11\identity_helper.Sparse.Dev.msix.DATA,-
2023-12-21T04:02:15.160813+00:00,Content Modification Time,FILE,File stat,NTFS:\Program Files (x86)\Microsoft\Edge\Application\120.0.2210.91\identity_proxy\win11\identity_helper.Sparse.Dev.msix Type: file,filestat,NTFS:\Program Files (x86)\Microsoft\Edge\Application\120.0.2210.91\identity_proxy\win11\identity_helper.Sparse.Dev.msix,-
2023-12-21T04:02:27.786352+00:00,Content Modification Time,FILE,File stat,NTFS:\Program Files (x86)\Microsoft\EdgeCore\120.0.2210.91\identity_proxy\win11\identity_helper.Sparse.Beta.msix Type: file,filestat,NTFS:\Program Files (x86)\Microsoft\EdgeCore\120.0.2210.91\identity_proxy\win11\identity_helper.Sparse.Beta.msix,-
2023-12-21T04:02:27.786352+00:00,Content Modification Time,FILE,File stat,NTFS:\Program Files (x86)\Microsoft\EdgeWebView\Application\120.0.2210.91\ResiliencyLinks\identity_proxy\win11\identity_helper.Sparse.Beta.msix.DATA Type: file,filestat,NTFS:\Program Files (x86)\Microsoft\EdgeWebView\Application\120.0.2210.91\ResiliencyLinks\identity_proxy\win11\identity_helper.Sparse.Beta.msix.DATA,-
2023-12-21T04:02:27.786352+00:00,Content Modification Time,FILE,File stat,NTFS:\Program Files (x86)\Microsoft\EdgeWebView\Application\120.0.2210.91\identity_proxy\win11\identity_helper.Sparse.Beta.msix Type: file,filestat,NTFS:\Program Files (x86)\Microsoft\EdgeWebView\Application\120.0.2210.91\identity_proxy\win11\identity_helper.Sparse.Beta.msix,-
2023-12-21T04:02:27.786352+00:00,Content Modification Time,FILE,File stat,NTFS:\Program Files (x86)\Microsoft\Edge\Application\120.0.2210.91\ResiliencyLinks\identity_proxy\win11\identity_helper.Sparse.Beta.msix.DATA Type: file,filestat,NTFS:\Program Files (x86)\Microsoft\Edge\Application\120.0.2210.91\ResiliencyLinks\identity_proxy\win11\identity_helper.Sparse.Beta.msix.DATA,-
2023-12-21T04:02:27.786352+00:00,Content Modification Time,FILE,File stat,NTFS:\Program Files (x86)\Microsoft\Edge\Application\120.0.2210.91\identity_proxy\win11\identity_helper.Sparse.Beta.msix Type: file,filestat,NTFS:\Program Files (x86)\Microsoft\Edge\Application\120.0.2210.91\identity_proxy\win11\identity_helper.Sparse.Beta.msix,-
2023-12-21T04:02:38.833697+00:00,Content Modification Time,FILE,File stat,NTFS:\Program Files (x86)\Microsoft\EdgeCore\120.0.2210.91\identity_proxy\win10\identity_helper.Sparse.Canary.msix Type: file,filestat,NTFS:\Program Files (x86)\Microsoft\EdgeCore\120.0.2210.91\identity_proxy\win10\identity_helper.Sparse.Canary.msix,-
2023-12-21T04:02:38.833697+00:00,Content Modification Time,FILE,File stat,NTFS:\Program Files (x86)\Microsoft\EdgeWebView\Application\120.0.2210.91\ResiliencyLinks\identity_proxy\win10\identity_helper.Sparse.Canary.msix.DATA Type: file,filestat,NTFS:\Program Files (x86)\Microsoft\EdgeWebView\Application\120.0.2210.91\ResiliencyLinks\identity_proxy\win10\identity_helper.Sparse.Canary.msix.DATA,-
2023-12-21T04:02:38.833697+00:00,Content Modification Time,FILE,File stat,NTFS:\Program Files (x86)\Microsoft\EdgeWebView\Application\120.0.2210.91\identity_proxy\win10\identity_helper.Sparse.Canary.msix Type: file,filestat,NTFS:\Program Files (x86)\Microsoft\EdgeWebView\Application\120.0.2210.91\identity_proxy\win10\identity_helper.Sparse.Canary.msix,-
2023-12-21T04:02:38.833697+00:00,Content Modification Time,FILE,File stat,NTFS:\Program Files (x86)\Microsoft\Edge\Application\120.0.2210.91\ResiliencyLinks\identity_proxy\win10\identity_helper.Sparse.Canary.msix.DATA Type: file,filestat,NTFS:\Program Files (x86)\Microsoft\Edge\Application\120.0.2210.91\ResiliencyLinks\identity_proxy\win10\identity_helper.Sparse.Canary.msix.DATA,-
2023-12-21T04:02:38.833697+00:00,Content Modification Time,FILE,File stat,NTFS:\Program Files (x86)\Microsoft\Edge\Application\120.0.2210.91\identity_proxy\win10\identity_helper.Sparse.Canary.msix Type: file,filestat,NTFS:\Program Files (x86)\Microsoft\Edge\Application\120.0.2210.91\identity_proxy\win10\identity_helper.Sparse.Canary.msix,-
2023-12-21T04:02:38.911824+00:00,Content Modification Time,FILE,File stat,NTFS:\Program Files (x86)\Microsoft\EdgeCore\120.0.2210.91\identity_proxy\win10\identity_helper.Sparse.Dev.msix Type: file,filestat,NTFS:\Program Files (x86)\Microsoft\EdgeCore\120.0.2210.91\identity_proxy\win10\identity_helper.Sparse.Dev.msix,-
2023-12-21T04:02:38.911824+00:00,Content Modification Time,FILE,File stat,NTFS:\Program Files (x86)\Microsoft\EdgeCore\120.0.2210.91\identity_proxy\win10\identity_helper.Sparse.Internal.msix Type: file,filestat,NTFS:\Program Files (x86)\Microsoft\EdgeCore\120.0.2210.91\identity_proxy\win10\identity_helper.Sparse.Internal.msix,-
2023-12-21T04:02:38.911824+00:00,Content Modification Time,FILE,File stat,NTFS:\Program Files (x86)\Microsoft\EdgeCore\120.0.2210.91\identity_proxy\win11\identity_helper.Sparse.Canary.msix Type: file,filestat,NTFS:\Program Files (x86)\Microsoft\EdgeCore\120.0.2210.91\identity_proxy\win11\identity_helper.Sparse.Canary.msix,-
2023-12-21T04:02:38.911824+00:00,Content Modification Time,FILE,File stat,NTFS:\Program Files (x86)\Microsoft\EdgeWebView\Application\120.0.2210.91\ResiliencyLinks\identity_proxy\win10\identity_helper.Sparse.Dev.msix.DATA Type: file,filestat,NTFS:\Program Files (x86)\Microsoft\EdgeWebView\Application\120.0.2210.91\ResiliencyLinks\identity_proxy\win10\identity_helper.Sparse.Dev.msix.DATA,-
2023-12-21T04:02:38.911824+00:00,Content Modification Time,FILE,File stat,NTFS:\Program Files (x86)\Microsoft\EdgeWebView\Application\120.0.2210.91\ResiliencyLinks\identity_proxy\win10\identity_helper.Sparse.Internal.msix.DATA Type: file,filestat,NTFS:\Program Files (x86)\Microsoft\EdgeWebView\Application\120.0.2210.91\ResiliencyLinks\identity_proxy\win10\identity_helper.Sparse.Internal.msix.DATA,-
2023-12-21T04:02:38.911824+00:00,Content Modification Time,FILE,File stat,NTFS:\Program Files (x86)\Microsoft\EdgeWebView\Application\120.0.2210.91\ResiliencyLinks\identity_proxy\win11\identity_helper.Sparse.Canary.msix.DATA Type: file,filestat,NTFS:\Program Files (x86)\Microsoft\EdgeWebView\Application\120.0.2210.91\ResiliencyLinks\identity_proxy\win11\identity_helper.Sparse.Canary.msix.DATA,-
2023-12-21T04:02:38.911824+00:00,Content Modification Time,FILE,File stat,NTFS:\Program Files (x86)\Microsoft\EdgeWebView\Application\120.0.2210.91\identity_proxy\win10\identity_helper.Sparse.Dev.msix Type: file,filestat,NTFS:\Program Files (x86)\Microsoft\EdgeWebView\Application\120.0.2210.91\identity_proxy\win10\identity_helper.Sparse.Dev.msix,-
2023-12-21T04:02:38.911824+00:00,Content Modification Time,FILE,File stat,NTFS:\Program Files (x86)\Microsoft\EdgeWebView\Application\120.0.2210.91\identity_proxy\win10\identity_helper.Sparse.Internal.msix Type: file,filestat,NTFS:\Program Files (x86)\Microsoft\EdgeWebView\Application\120.0.2210.91\identity_proxy\win10\identity_helper.Sparse.Internal.msix,-
2023-12-21T04:02:38.911824+00:00,Content Modification Time,FILE,File stat,NTFS:\Program Files (x86)\Microsoft\EdgeWebView\Application\120.0.2210.91\identity_proxy\win11\identity_helper.Sparse.Canary.msix Type: file,filestat,NTFS:\Program Files (x86)\Microsoft\EdgeWebView\Application\120.0.2210.91\identity_proxy\win11\identity_helper.Sparse.Canary.msix,-
2023-12-21T04:02:38.911824+00:00,Content Modification Time,FILE,File stat,NTFS:\Program Files (x86)\Microsoft\Edge\Application\120.0.2210.91\ResiliencyLinks\identity_proxy\win10\identity_helper.Sparse.Dev.msix.DATA Type: file,filestat,NTFS:\Program Files (x86)\Microsoft\Edge\Application\120.0.2210.91\ResiliencyLinks\identity_proxy\win10\identity_helper.Sparse.Dev.msix.DATA,-
2023-12-21T04:02:38.911824+00:00,Content Modification Time,FILE,File stat,NTFS:\Program Files (x86)\Microsoft\Edge\Application\120.0.2210.91\ResiliencyLinks\identity_proxy\win10\identity_helper.Sparse.Internal.msix.DATA Type: file,filestat,NTFS:\Program Files (x86)\Microsoft\Edge\Application\120.0.2210.91\ResiliencyLinks\identity_proxy\win10\identity_helper.Sparse.Internal.msix.DATA,-
2023-12-21T04:02:38.911824+00:00,Content Modification Time,FILE,File stat,NTFS:\Program Files (x86)\Microsoft\Edge\Application\120.0.2210.91\ResiliencyLinks\identity_proxy\win11\identity_helper.Sparse.Canary.msix.DATA Type: file,filestat,NTFS:\Program Files (x86)\Microsoft\Edge\Application\120.0.2210.91\ResiliencyLinks\identity_proxy\win11\identity_helper.Sparse.Canary.msix.DATA,-
2023-12-21T04:02:38.911824+00:00,Content Modification Time,FILE,File stat,NTFS:\Program Files (x86)\Microsoft\Edge\Application\120.0.2210.91\identity_proxy\win10\identity_helper.Sparse.Dev.msix Type: file,filestat,NTFS:\Program Files (x86)\Microsoft\Edge\Application\120.0.2210.91\identity_proxy\win10\identity_helper.Sparse.Dev.msix,-
2023-12-21T04:02:38.911824+00:00,Content Modification Time,FILE,File stat,NTFS:\Program Files (x86)\Microsoft\Edge\Application\120.0.2210.91\identity_proxy\win10\identity_helper.Sparse.Internal.msix Type: file,filestat,NTFS:\Program Files (x86)\Microsoft\Edge\Application\120.0.2210.91\identity_proxy\win10\identity_helper.Sparse.Internal.msix,-
2023-12-21T04:02:38.911824+00:00,Content Modification Time,FILE,File stat,NTFS:\Program Files (x86)\Microsoft\Edge\Application\120.0.2210.91\identity_proxy\win11\identity_helper.Sparse.Canary.msix Type: file,filestat,NTFS:\Program Files (x86)\Microsoft\Edge\Application\120.0.2210.91\identity_proxy\win11\identity_helper.Sparse.Canary.msix,-
2023-12-21T04:02:38.927449+00:00,Content Modification Time,FILE,File stat,NTFS:\Program Files (x86)\Microsoft\EdgeCore\120.0.2210.91\identity_proxy\win10\identity_helper.Sparse.Stable.msix Type: file,filestat,NTFS:\Program Files (x86)\Microsoft\EdgeCore\120.0.2210.91\identity_proxy\win10\identity_helper.Sparse.Stable.msix,-
2023-12-21T04:02:38.927449+00:00,Content Modification Time,FILE,File stat,NTFS:\Program Files (x86)\Microsoft\EdgeWebView\Application\120.0.2210.91\ResiliencyLinks\identity_proxy\win10\identity_helper.Sparse.Stable.msix.DATA Type: file,filestat,NTFS:\Program Files (x86)\Microsoft\EdgeWebView\Application\120.0.2210.91\ResiliencyLinks\identity_proxy\win10\identity_helper.Sparse.Stable.msix.DATA,-
2023-12-21T04:02:38.927449+00:00,Content Modification Time,FILE,File stat,NTFS:\Program Files (x86)\Microsoft\EdgeWebView\Application\120.0.2210.91\identity_proxy\win10\identity_helper.Sparse.Stable.msix Type: file,filestat,NTFS:\Program Files (x86)\Microsoft\EdgeWebView\Application\120.0.2210.91\identity_proxy\win10\identity_helper.Sparse.Stable.msix,-
2023-12-21T04:02:38.927449+00:00,Content Modification Time,FILE,File stat,NTFS:\Program Files (x86)\Microsoft\Edge\Application\120.0.2210.91\ResiliencyLinks\identity_proxy\win10\identity_helper.Sparse.Stable.msix.DATA Type: file,filestat,NTFS:\Program Files (x86)\Microsoft\Edge\Application\120.0.2210.91\ResiliencyLinks\identity_proxy\win10\identity_helper.Sparse.Stable.msix.DATA,-
2023-12-21T04:02:38.927449+00:00,Content Modification Time,FILE,File stat,NTFS:\Program Files (x86)\Microsoft\Edge\Application\120.0.2210.91\identity_proxy\win10\identity_helper.Sparse.Stable.msix Type: file,filestat,NTFS:\Program Files (x86)\Microsoft\Edge\Application\120.0.2210.91\identity_proxy\win10\identity_helper.Sparse.Stable.msix,-
2023-12-21T04:02:49.271689+00:00,Content Modification Time,FILE,File stat,NTFS:\Program Files (x86)\Microsoft\EdgeCore\120.0.2210.91\identity_proxy\win10\identity_helper.Sparse.Beta.msix Type: file,filestat,NTFS:\Program Files (x86)\Microsoft\EdgeCore\120.0.2210.91\identity_proxy\win10\identity_helper.Sparse.Beta.msix,-
2023-12-21T04:02:49.271689+00:00,Content Modification Time,FILE,File stat,NTFS:\Program Files (x86)\Microsoft\EdgeWebView\Application\120.0.2210.91\ResiliencyLinks\identity_proxy\win10\identity_helper.Sparse.Beta.msix.DATA Type: file,filestat,NTFS:\Program Files (x86)\Microsoft\EdgeWebView\Application\120.0.2210.91\ResiliencyLinks\identity_proxy\win10\identity_helper.Sparse.Beta.msix.DATA,-
2023-12-21T04:02:49.271689+00:00,Content Modification Time,FILE,File stat,NTFS:\Program Files (x86)\Microsoft\EdgeWebView\Application\120.0.2210.91\identity_proxy\win10\identity_helper.Sparse.Beta.msix Type: file,filestat,NTFS:\Program Files (x86)\Microsoft\EdgeWebView\Application\120.0.2210.91\identity_proxy\win10\identity_helper.Sparse.Beta.msix,-
2023-12-21T04:02:49.271689+00:00,Content Modification Time,FILE,File stat,NTFS:\Program Files (x86)\Microsoft\Edge\Application\120.0.2210.91\ResiliencyLinks\identity_proxy\win10\identity_helper.Sparse.Beta.msix.DATA Type: file,filestat,NTFS:\Program Files (x86)\Microsoft\Edge\Application\120.0.2210.91\ResiliencyLinks\identity_proxy\win10\identity_helper.Sparse.Beta.msix.DATA,-
2023-12-21T04:02:49.271689+00:00,Content Modification Time,FILE,File stat,NTFS:\Program Files (x86)\Microsoft\Edge\Application\120.0.2210.91\identity_proxy\win10\identity_helper.Sparse.Beta.msix Type: file,filestat,NTFS:\Program Files (x86)\Microsoft\Edge\Application\120.0.2210.91\identity_proxy\win10\identity_helper.Sparse.Beta.msix,-
2023-12-21T04:03:19.975605+00:00,Content Modification Time,FILE,File stat,NTFS:\Program Files (x86)\Microsoft\EdgeCore\120.0.2210.91\identity_proxy\win11\identity_helper.Sparse.Stable.msix Type: file,filestat,NTFS:\Program Files (x86)\Microsoft\EdgeCore\120.0.2210.91\identity_proxy\win11\identity_helper.Sparse.Stable.msix,-
2023-12-21T04:03:19.975605+00:00,Content Modification Time,FILE,File stat,NTFS:\Program Files (x86)\Microsoft\EdgeWebView\Application\120.0.2210.91\ResiliencyLinks\identity_proxy\win11\identity_helper.Sparse.Stable.msix.DATA Type: file,filestat,NTFS:\Program Files (x86)\Microsoft\EdgeWebView\Application\120.0.2210.91\ResiliencyLinks\identity_proxy\win11\identity_helper.Sparse.Stable.msix.DATA,-
2023-12-21T04:03:19.975605+00:00,Content Modification Time,FILE,File stat,NTFS:\Program Files (x86)\Microsoft\EdgeWebView\Application\120.0.2210.91\identity_proxy\win11\identity_helper.Sparse.Stable.msix Type: file,filestat,NTFS:\Program Files (x86)\Microsoft\EdgeWebView\Application\120.0.2210.91\identity_proxy\win11\identity_helper.Sparse.Stable.msix,-
2023-12-21T04:03:19.975605+00:00,Content Modification Time,FILE,File stat,NTFS:\Program Files (x86)\Microsoft\Edge\Application\120.0.2210.91\ResiliencyLinks\identity_proxy\win11\identity_helper.Sparse.Stable.msix.DATA Type: file,filestat,NTFS:\Program Files (x86)\Microsoft\Edge\Application\120.0.2210.91\ResiliencyLinks\identity_proxy\win11\identity_helper.Sparse.Stable.msix.DATA,-
2023-12-21T04:03:19.975605+00:00,Content Modification Time,FILE,File stat,NTFS:\Program Files (x86)\Microsoft\Edge\Application\120.0.2210.91\identity_proxy\win11\identity_helper.Sparse.Stable.msix Type: file,filestat,NTFS:\Program Files (x86)\Microsoft\Edge\Application\120.0.2210.91\identity_proxy\win11\identity_helper.Sparse.Stable.msix,-
2023-12-21T04:06:15.954400+00:00,Content Modification Time,FILE,File stat,NTFS:\Program Files (x86)\Microsoft\EdgeCore\120.0.2210.91\prefs_enclave_x64.dll Type: file,filestat,NTFS:\Program Files (x86)\Microsoft\EdgeCore\120.0.2210.91\prefs_enclave_x64.dll,-
2023-12-21T04:06:15.954400+00:00,Content Modification Time,FILE,File stat,NTFS:\Program Files (x86)\Microsoft\EdgeWebView\Application\120.0.2210.91\prefs_enclave_x64.dll Type: file,filestat,NTFS:\Program Files (x86)\Microsoft\EdgeWebView\Application\120.0.2210.91\prefs_enclave_x64.dll,-
2023-12-21T04:06:15.954400+00:00,Content Modification Time,FILE,File stat,NTFS:\Program Files (x86)\Microsoft\Edge\Application\120.0.2210.91\prefs_enclave_x64.dll Type: file,filestat,NTFS:\Program Files (x86)\Microsoft\Edge\Application\120.0.2210.91\prefs_enclave_x64.dll,-
2023-12-21T04:06:15.134552+00:00,Content Modification Time,FILE,File stat,NTFS:\Program Files (x86)\Microsoft\EdgeCore\120.0.2210.91\msvcp140_codecvt_ids.dll Type: file,filestat,NTFS:\Program Files (x86)\Microsoft\EdgeCore\120.0.2210.91\msvcp140_codecvt_ids.dll,-
2023-12-21T04:06:15.134552+00:00,Content Modification Time,FILE,File stat,NTFS:\Program Files (x86)\Microsoft\EdgeWebView\Application\120.0.2210.91\msvcp140_codecvt_ids.dll Type: file,filestat,NTFS:\Program Files (x86)\Microsoft\EdgeWebView\Application\120.0.2210.91\msvcp140_codecvt_ids.dll,-
2023-12-21T04:06:15.134552+00:00,Content Modification Time,FILE,File stat,NTFS:\Program Files (x86)\Microsoft\Edge\Application\120.0.2210.91\msvcp140_codecvt_ids.dll Type: file,filestat,NTFS:\Program Files (x86)\Microsoft\Edge\Application\120.0.2210.91\msvcp140_codecvt_ids.dll,-
2023-12-21T04:06:15.181426+00:00,Content Modification Time,FILE,File stat,NTFS:\Program Files (x86)\Microsoft\EdgeCore\120.0.2210.91\vcruntime140_1.dll Type: file,filestat,NTFS:\Program Files (x86)\Microsoft\EdgeCore\120.0.2210.91\vcruntime140_1.dll,-
2023-12-21T04:06:15.181426+00:00,Content Modification Time,FILE,File stat,NTFS:\Program Files (x86)\Microsoft\EdgeWebView\Application\120.0.2210.91\vcruntime140_1.dll Type: file,filestat,NTFS:\Program Files (x86)\Microsoft\EdgeWebView\Application\120.0.2210.91\vcruntime140_1.dll,-
2023-12-21T04:06:15.181426+00:00,Content Modification Time,FILE,File stat,NTFS:\Program Files (x86)\Microsoft\Edge\Application\120.0.2210.91\vcruntime140_1.dll Type: file,filestat,NTFS:\Program Files (x86)\Microsoft\Edge\Application\120.0.2210.91\vcruntime140_1.dll,-
2023-12-21T04:06:15.212681+00:00,Content Modification Time,FILE,File stat,NTFS:\Program Files (x86)\Microsoft\EdgeCore\120.0.2210.91\vcruntime140.dll Type: file,filestat,NTFS:\Program Files (x86)\Microsoft\EdgeCore\120.0.2210.91\vcruntime140.dll,-
2023-12-21T04:06:15.212681+00:00,Content Modification Time,FILE,File stat,NTFS:\Program Files (x86)\Microsoft\EdgeWebView\Application\120.0.2210.91\vcruntime140.dll Type: file,filestat,NTFS:\Program Files (x86)\Microsoft\EdgeWebView\Application\120.0.2210.91\vcruntime140.dll,-
2023-12-21T04:06:15.212681+00:00,Content Modification Time,FILE,File stat,NTFS:\Program Files (x86)\Microsoft\Edge\Application\120.0.2210.91\vcruntime140.dll Type: file,filestat,NTFS:\Program Files (x86)\Microsoft\Edge\Application\120.0.2210.91\vcruntime140.dll,-
2023-12-21T04:06:15.228305+00:00,Content Modification Time,FILE,File stat,NTFS:\Program Files (x86)\Microsoft\EdgeCore\120.0.2210.91\concrt140.dll Type: file,filestat,NTFS:\Program Files (x86)\Microsoft\EdgeCore\120.0.2210.91\concrt140.dll,-
2023-12-21T04:06:15.228305+00:00,Content Modification Time,FILE,File stat,NTFS:\Program Files (x86)\Microsoft\EdgeWebView\Application\120.0.2210.91\concrt140.dll Type: file,filestat,NTFS:\Program Files (x86)\Microsoft\EdgeWebView\Application\120.0.2210.91\concrt140.dll,-
2023-12-21T04:06:15.228305+00:00,Content Modification Time,FILE,File stat,NTFS:\Program Files (x86)\Microsoft\Edge\Application\120.0.2210.91\concrt140.dll Type: file,filestat,NTFS:\Program Files (x86)\Microsoft\Edge\Application\120.0.2210.91\concrt140.dll,-
2023-12-21T04:06:15.243931+00:00,Content Modification Time,FILE,File stat,NTFS:\Program Files (x86)\Microsoft\EdgeCore\120.0.2210.91\msvcp140.dll Type: file,filestat,NTFS:\Program Files (x86)\Microsoft\EdgeCore\120.0.2210.91\msvcp140.dll,-
2023-12-21T04:06:15.243931+00:00,Content Modification Time,FILE,File stat,NTFS:\Program Files (x86)\Microsoft\EdgeWebView\Application\120.0.2210.91\msvcp140.dll Type: file,filestat,NTFS:\Program Files (x86)\Microsoft\EdgeWebView\Application\120.0.2210.91\msvcp140.dll,-
2023-12-21T04:06:15.243931+00:00,Content Modification Time,FILE,File stat,NTFS:\Program Files (x86)\Microsoft\Edge\Application\120.0.2210.91\msvcp140.dll Type: file,filestat,NTFS:\Program Files (x86)\Microsoft\Edge\Application\120.0.2210.91\msvcp140.dll,-
2023-12-21T04:06:15.322060+00:00,Content Modification Time,FILE,File stat,NTFS:\Program Files (x86)\Microsoft\EdgeCore\120.0.2210.91\vccorlib140.dll Type: file,filestat,NTFS:\Program Files (x86)\Microsoft\EdgeCore\120.0.2210.91\vccorlib140.dll,-
2023-12-21T04:06:15.322060+00:00,Content Modification Time,FILE,File stat,NTFS:\Program Files (x86)\Microsoft\EdgeWebView\Application\120.0.2210.91\vccorlib140.dll Type: file,filestat,NTFS:\Program Files (x86)\Microsoft\EdgeWebView\Application\120.0.2210.91\vccorlib140.dll,-
2023-12-21T04:06:15.322060+00:00,Content Modification Time,FILE,File stat,NTFS:\Program Files (x86)\Microsoft\Edge\Application\120.0.2210.91\vccorlib140.dll Type: file,filestat,NTFS:\Program Files (x86)\Microsoft\Edge\Application\120.0.2210.91\vccorlib140.dll,-
2023-12-21T04:06:15.384559+00:00,Content Modification Time,FILE,File stat,NTFS:\Program Files (x86)\Microsoft\EdgeCore\120.0.2210.91\dwritemin.dll Type: file,filestat,NTFS:\Program Files (x86)\Microsoft\EdgeCore\120.0.2210.91\dwritemin.dll,-
2023-12-21T04:06:15.384559+00:00,Content Modification Time,FILE,File stat,NTFS:\Program Files (x86)\Microsoft\EdgeWebView\Application\120.0.2210.91\dwritemin.dll Type: file,filestat,NTFS:\Program Files (x86)\Microsoft\EdgeWebView\Application\120.0.2210.91\dwritemin.dll,-
2023-12-21T04:06:15.384559+00:00,Content Modification Time,FILE,File stat,NTFS:\Program Files (x86)\Microsoft\Edge\Application\120.0.2210.91\dwritemin.dll Type: file,filestat,NTFS:\Program Files (x86)\Microsoft\Edge\Application\120.0.2210.91\dwritemin.dll,-
2023-12-21T04:06:15.462682+00:00,Content Modification Time,FILE,File stat,NTFS:\Program Files (x86)\Microsoft\EdgeCore\120.0.2210.91\dxil.dll Type: file,filestat,NTFS:\Program Files (x86)\Microsoft\EdgeCore\120.0.2210.91\dxil.dll,-
2023-12-21T04:06:15.462682+00:00,Content Modification Time,FILE,File stat,NTFS:\Program Files (x86)\Microsoft\EdgeWebView\Application\120.0.2210.91\dxil.dll Type: file,filestat,NTFS:\Program Files (x86)\Microsoft\EdgeWebView\Application\120.0.2210.91\dxil.dll,-
2023-12-21T04:06:15.462682+00:00,Content Modification Time,FILE,File stat,NTFS:\Program Files (x86)\Microsoft\Edge\Application\120.0.2210.91\dxil.dll Type: file,filestat,NTFS:\Program Files (x86)\Microsoft\Edge\Application\120.0.2210.91\dxil.dll,-
2023-12-21T04:06:15.556436+00:00,Content Modification Time,FILE,File stat,NTFS:\Program Files (x86)\Microsoft\EdgeCore\120.0.2210.91\mip_protection_sdk.dll Type: file,filestat,NTFS:\Program Files (x86)\Microsoft\EdgeCore\120.0.2210.91\mip_protection_sdk.dll,-
2023-12-21T04:06:15.556436+00:00,Content Modification Time,FILE,File stat,NTFS:\Program Files (x86)\Microsoft\EdgeCore\120.0.2210.91\onnxruntime.dll Type: file,filestat,NTFS:\Program Files (x86)\Microsoft\EdgeCore\120.0.2210.91\onnxruntime.dll,-
2023-12-21T04:06:15.556436+00:00,Content Modification Time,FILE,File stat,NTFS:\Program Files (x86)\Microsoft\EdgeWebView\Application\120.0.2210.91\mip_protection_sdk.dll Type: file,filestat,NTFS:\Program Files (x86)\Microsoft\EdgeWebView\Application\120.0.2210.91\mip_protection_sdk.dll,-
2023-12-21T04:06:15.556436+00:00,Content Modification Time,FILE,File stat,NTFS:\Program Files (x86)\Microsoft\EdgeWebView\Application\120.0.2210.91\onnxruntime.dll Type: file,filestat,NTFS:\Program Files (x86)\Microsoft\EdgeWebView\Application\120.0.2210.91\onnxruntime.dll,-
2023-12-21T04:06:15.556436+00:00,Content Modification Time,FILE,File stat,NTFS:\Program Files (x86)\Microsoft\Edge\Application\120.0.2210.91\mip_protection_sdk.dll Type: file,filestat,NTFS:\Program Files (x86)\Microsoft\Edge\Application\120.0.2210.91\mip_protection_sdk.dll,-
2023-12-21T04:06:15.556436+00:00,Content Modification Time,FILE,File stat,NTFS:\Program Files (x86)\Microsoft\Edge\Application\120.0.2210.91\onnxruntime.dll Type: file,filestat,NTFS:\Program Files (x86)\Microsoft\Edge\Application\120.0.2210.91\onnxruntime.dll,-
2023-12-21T04:06:15.650199+00:00,Content Modification Time,FILE,File stat,NTFS:\Program Files (x86)\Microsoft\EdgeCore\120.0.2210.91\d3dcompiler_47.dll Type: file,filestat,NTFS:\Program Files (x86)\Microsoft\EdgeCore\120.0.2210.91\d3dcompiler_47.dll,-
2023-12-21T04:06:15.650199+00:00,Content Modification Time,FILE,File stat,NTFS:\Program Files (x86)\Microsoft\EdgeCore\120.0.2210.91\mip_core.dll Type: file,filestat,NTFS:\Program Files (x86)\Microsoft\EdgeCore\120.0.2210.91\mip_core.dll,-
2023-12-21T04:06:15.650199+00:00,Content Modification Time,FILE,File stat,NTFS:\Program Files (x86)\Microsoft\EdgeWebView\Application\120.0.2210.91\d3dcompiler_47.dll Type: file,filestat,NTFS:\Program Files (x86)\Microsoft\EdgeWebView\Application\120.0.2210.91\d3dcompiler_47.dll,-
2023-12-21T04:06:15.650199+00:00,Content Modification Time,FILE,File stat,NTFS:\Program Files (x86)\Microsoft\EdgeWebView\Application\120.0.2210.91\mip_core.dll Type: file,filestat,NTFS:\Program Files (x86)\Microsoft\EdgeWebView\Application\120.0.2210.91\mip_core.dll,-
2023-12-21T04:06:15.650199+00:00,Content Modification Time,FILE,File stat,NTFS:\Program Files (x86)\Microsoft\Edge\Application\120.0.2210.91\d3dcompiler_47.dll Type: file,filestat,NTFS:\Program Files (x86)\Microsoft\Edge\Application\120.0.2210.91\d3dcompiler_47.dll,-
2023-12-21T04:06:15.650199+00:00,Content Modification Time,FILE,File stat,NTFS:\Program Files (x86)\Microsoft\Edge\Application\120.0.2210.91\mip_core.dll Type: file,filestat,NTFS:\Program Files (x86)\Microsoft\Edge\Application\120.0.2210.91\mip_core.dll,-
2023-12-21T04:06:15.759576+00:00,Content Modification Time,FILE,File stat,NTFS:\Program Files (x86)\Microsoft\EdgeCore\120.0.2210.91\mspdf.dll Type: file,filestat,NTFS:\Program Files (x86)\Microsoft\EdgeCore\120.0.2210.91\mspdf.dll,-
2023-12-21T04:06:15.759576+00:00,Content Modification Time,FILE,File stat,NTFS:\Program Files (x86)\Microsoft\EdgeWebView\Application\120.0.2210.91\mspdf.dll Type: file,filestat,NTFS:\Program Files (x86)\Microsoft\EdgeWebView\Application\120.0.2210.91\mspdf.dll,-
2023-12-21T04:06:15.759576+00:00,Content Modification Time,FILE,File stat,NTFS:\Program Files (x86)\Microsoft\Edge\Application\120.0.2210.91\mspdf.dll Type: file,filestat,NTFS:\Program Files (x86)\Microsoft\Edge\Application\120.0.2210.91\mspdf.dll,-
2023-12-21T04:07:24.868868+00:00,Content Modification Time,FILE,File stat,NTFS:\Program Files (x86)\Microsoft\EdgeCore\120.0.2210.91\cookie_exporter.exe Type: file,filestat,NTFS:\Program Files (x86)\Microsoft\EdgeCore\120.0.2210.91\cookie_exporter.exe,-
2023-12-21T04:07:24.868868+00:00,Content Modification Time,FILE,File stat,NTFS:\Program Files (x86)\Microsoft\EdgeWebView\Application\120.0.2210.91\cookie_exporter.exe Type: file,filestat,NTFS:\Program Files (x86)\Microsoft\EdgeWebView\Application\120.0.2210.91\cookie_exporter.exe,-
2023-12-21T04:07:24.868868+00:00,Content Modification Time,FILE,File stat,NTFS:\Program Files (x86)\Microsoft\Edge\Application\120.0.2210.91\cookie_exporter.exe Type: file,filestat,NTFS:\Program Files (x86)\Microsoft\Edge\Application\120.0.2210.91\cookie_exporter.exe,-
2023-12-21T04:07:25.134498+00:00,Content Modification Time,FILE,File stat,NTFS:\Program Files (x86)\Microsoft\EdgeCore\120.0.2210.91\onramp.dll Type: file,filestat,NTFS:\Program Files (x86)\Microsoft\EdgeCore\120.0.2210.91\onramp.dll,-
2023-12-21T04:07:25.134498+00:00,Content Modification Time,FILE,File stat,NTFS:\Program Files (x86)\Microsoft\EdgeWebView\Application\120.0.2210.91\onramp.dll Type: file,filestat,NTFS:\Program Files (x86)\Microsoft\EdgeWebView\Application\120.0.2210.91\onramp.dll,-
2023-12-21T04:07:25.134498+00:00,Content Modification Time,FILE,File stat,NTFS:\Program Files (x86)\Microsoft\Edge\Application\120.0.2210.91\onramp.dll Type: file,filestat,NTFS:\Program Files (x86)\Microsoft\Edge\Application\120.0.2210.91\onramp.dll,-
2023-12-21T04:07:25.181374+00:00,Content Modification Time,FILE,File stat,NTFS:\Program Files (x86)\Microsoft\EdgeCore\120.0.2210.91\telclient.dll Type: file,filestat,NTFS:\Program Files (x86)\Microsoft\EdgeCore\120.0.2210.91\telclient.dll,-
2023-12-21T04:07:25.181374+00:00,Content Modification Time,FILE,File stat,NTFS:\Program Files (x86)\Microsoft\EdgeWebView\Application\120.0.2210.91\telclient.dll Type: file,filestat,NTFS:\Program Files (x86)\Microsoft\EdgeWebView\Application\120.0.2210.91\telclient.dll,-
2023-12-21T04:07:25.181374+00:00,Content Modification Time,FILE,File stat,NTFS:\Program Files (x86)\Microsoft\Edge\Application\120.0.2210.91\telclient.dll Type: file,filestat,NTFS:\Program Files (x86)\Microsoft\Edge\Application\120.0.2210.91\telclient.dll,-
2023-12-21T04:07:25.259499+00:00,Content Modification Time,FILE,File stat,NTFS:\Program Files (x86)\Microsoft\EdgeCore\120.0.2210.91\EBWebView\x64\EmbeddedBrowserWebView.dll Type: file,filestat,NTFS:\Program Files (x86)\Microsoft\EdgeCore\120.0.2210.91\EBWebView\x64\EmbeddedBrowserWebView.dll,-
2023-12-21T04:07:25.259499+00:00,Content Modification Time,FILE,File stat,NTFS:\Program Files (x86)\Microsoft\EdgeWebView\Application\120.0.2210.91\EBWebView\x64\EmbeddedBrowserWebView.dll Type: file,filestat,NTFS:\Program Files (x86)\Microsoft\EdgeWebView\Application\120.0.2210.91\EBWebView\x64\EmbeddedBrowserWebView.dll,-
2023-12-21T04:07:25.259499+00:00,Content Modification Time,FILE,File stat,NTFS:\Program Files (x86)\Microsoft\Edge\Application\120.0.2210.91\EBWebView\x64\EmbeddedBrowserWebView.dll Type: file,filestat,NTFS:\Program Files (x86)\Microsoft\Edge\Application\120.0.2210.91\EBWebView\x64\EmbeddedBrowserWebView.dll,-
2023-12-21T04:07:25.275125+00:00,Content Modification Time,FILE,File stat,NTFS:\Program Files (x86)\Microsoft\EdgeCore\120.0.2210.91\ffmpeg.dll Type: file,filestat,NTFS:\Program Files (x86)\Microsoft\EdgeCore\120.0.2210.91\ffmpeg.dll,-
2023-12-21T04:07:25.275125+00:00,Content Modification Time,FILE,File stat,NTFS:\Program Files (x86)\Microsoft\EdgeCore\120.0.2210.91\vk_swiftshader.dll Type: file,filestat,NTFS:\Program Files (x86)\Microsoft\EdgeCore\120.0.2210.91\vk_swiftshader.dll,-
2023-12-21T04:07:25.275125+00:00,Content Modification Time,FILE,File stat,NTFS:\Program Files (x86)\Microsoft\EdgeWebView\Application\120.0.2210.91\ffmpeg.dll Type: file,filestat,NTFS:\Program Files (x86)\Microsoft\EdgeWebView\Application\120.0.2210.91\ffmpeg.dll,-
2023-12-21T04:07:25.275125+00:00,Content Modification Time,FILE,File stat,NTFS:\Program Files (x86)\Microsoft\EdgeWebView\Application\120.0.2210.91\vk_swiftshader.dll Type: file,filestat,NTFS:\Program Files (x86)\Microsoft\EdgeWebView\Application\120.0.2210.91\vk_swiftshader.dll,-
2023-12-21T04:07:25.275125+00:00,Content Modification Time,FILE,File stat,NTFS:\Program Files (x86)\Microsoft\Edge\Application\120.0.2210.91\ffmpeg.dll Type: file,filestat,NTFS:\Program Files (x86)\Microsoft\Edge\Application\120.0.2210.91\ffmpeg.dll,-
2023-12-21T04:07:25.275125+00:00,Content Modification Time,FILE,File stat,NTFS:\Program Files (x86)\Microsoft\Edge\Application\120.0.2210.91\vk_swiftshader.dll Type: file,filestat,NTFS:\Program Files (x86)\Microsoft\Edge\Application\120.0.2210.91\vk_swiftshader.dll,-
2023-12-21T04:07:25.322001+00:00,Content Modification Time,FILE,File stat,NTFS:\Program Files (x86)\Microsoft\EdgeCore\120.0.2210.91\oneauth.dll Type: file,filestat,NTFS:\Program Files (x86)\Microsoft\EdgeCore\120.0.2210.91\oneauth.dll,-
2023-12-21T04:07:25.322001+00:00,Content Modification Time,FILE,File stat,NTFS:\Program Files (x86)\Microsoft\EdgeWebView\Application\120.0.2210.91\oneauth.dll Type: file,filestat,NTFS:\Program Files (x86)\Microsoft\EdgeWebView\Application\120.0.2210.91\oneauth.dll,-
2023-12-21T04:07:25.322001+00:00,Content Modification Time,FILE,File stat,NTFS:\Program Files (x86)\Microsoft\Edge\Application\120.0.2210.91\oneauth.dll Type: file,filestat,NTFS:\Program Files (x86)\Microsoft\Edge\Application\120.0.2210.91\oneauth.dll,-
2023-12-21T04:07:25.400132+00:00,Content Modification Time,FILE,File stat,NTFS:\Program Files (x86)\Microsoft\EdgeCore\120.0.2210.91\identity_helper.exe Type: file,filestat,NTFS:\Program Files (x86)\Microsoft\EdgeCore\120.0.2210.91\identity_helper.exe,-
2023-12-21T04:07:25.400132+00:00,Content Modification Time,FILE,File stat,NTFS:\Program Files (x86)\Microsoft\EdgeWebView\Application\120.0.2210.91\identity_helper.exe Type: file,filestat,NTFS:\Program Files (x86)\Microsoft\EdgeWebView\Application\120.0.2210.91\identity_helper.exe,-
2023-12-21T04:07:25.400132+00:00,Content Modification Time,FILE,File stat,NTFS:\Program Files (x86)\Microsoft\Edge\Application\120.0.2210.91\identity_helper.exe Type: file,filestat,NTFS:\Program Files (x86)\Microsoft\Edge\Application\120.0.2210.91\identity_helper.exe,-
2023-12-21T04:07:25.400132+00:00,File Last Modification Time,REG,AppCompatCache Registry Key,[HKEY_LOCAL_MACHINE\System\ControlSet001\Control\Session Manager\AppCompatCache] Cached entry: 38 Path: C:\Program Files (x86)\Microsoft\Edge\Application\120.0.2210.91\identity_helper.exe,winreg/appcompatcache,NTFS:\Windows\System32\config\SYSTEM,-
2023-12-21T04:07:26.165795+00:00,Content Modification Time,FILE,File stat,NTFS:\Program Files (x86)\Microsoft\EdgeCore\120.0.2210.91\msedge.dll Type: file,filestat,NTFS:\Program Files (x86)\Microsoft\EdgeCore\120.0.2210.91\msedge.dll,-
2023-12-21T04:07:26.165795+00:00,Content Modification Time,FILE,File stat,NTFS:\Program Files (x86)\Microsoft\EdgeWebView\Application\120.0.2210.91\msedge.dll Type: file,filestat,NTFS:\Program Files (x86)\Microsoft\EdgeWebView\Application\120.0.2210.91\msedge.dll,-
2023-12-21T04:07:26.165795+00:00,Content Modification Time,FILE,File stat,NTFS:\Program Files (x86)\Microsoft\Edge\Application\120.0.2210.91\msedge.dll Type: file,filestat,NTFS:\Program Files (x86)\Microsoft\Edge\Application\120.0.2210.91\msedge.dll,-
2023-12-21T04:07:43.681998+00:00,Content Modification Time,FILE,File stat,NTFS:\Program Files (x86)\Microsoft\EdgeCore\120.0.2210.91\PdfPreview\PdfPreviewHandler.dll Type: file,filestat,NTFS:\Program Files (x86)\Microsoft\EdgeCore\120.0.2210.91\PdfPreview\PdfPreviewHandler.dll,-
2023-12-21T04:07:43.681998+00:00,Content Modification Time,FILE,File stat,NTFS:\Program Files (x86)\Microsoft\EdgeWebView\Application\120.0.2210.91\PdfPreview\PdfPreviewHandler.dll Type: file,filestat,NTFS:\Program Files (x86)\Microsoft\EdgeWebView\Application\120.0.2210.91\PdfPreview\PdfPreviewHandler.dll,-
2023-12-21T04:07:43.681998+00:00,Content Modification Time,FILE,File stat,NTFS:\Program Files (x86)\Microsoft\Edge\Application\120.0.2210.91\PdfPreview\PdfPreviewHandler.dll Type: file,filestat,NTFS:\Program Files (x86)\Microsoft\Edge\Application\120.0.2210.91\PdfPreview\PdfPreviewHandler.dll,-
2023-12-21T04:07:43.697629+00:00,Content Modification Time,FILE,File stat,NTFS:\Program Files (x86)\Microsoft\EdgeCore\120.0.2210.91\eventlog_provider.dll Type: file,filestat,NTFS:\Program Files (x86)\Microsoft\EdgeCore\120.0.2210.91\eventlog_provider.dll,-
2023-12-21T04:07:43.697629+00:00,Content Modification Time,FILE,File stat,NTFS:\Program Files (x86)\Microsoft\EdgeWebView\Application\120.0.2210.91\eventlog_provider.dll Type: file,filestat,NTFS:\Program Files (x86)\Microsoft\EdgeWebView\Application\120.0.2210.91\eventlog_provider.dll,-
2023-12-21T04:07:43.697629+00:00,Content Modification Time,FILE,File stat,NTFS:\Program Files (x86)\Microsoft\Edge\Application\120.0.2210.91\eventlog_provider.dll Type: file,filestat,NTFS:\Program Files (x86)\Microsoft\Edge\Application\120.0.2210.91\eventlog_provider.dll,-
2023-12-21T04:07:43.744505+00:00,Content Modification Time,FILE,File stat,NTFS:\Program Files (x86)\Microsoft\EdgeCore\120.0.2210.91\augloop_client.dll Type: file,filestat,NTFS:\Program Files (x86)\Microsoft\EdgeCore\120.0.2210.91\augloop_client.dll,-
2023-12-21T04:07:43.744505+00:00,Content Modification Time,FILE,File stat,NTFS:\Program Files (x86)\Microsoft\EdgeWebView\Application\120.0.2210.91\augloop_client.dll Type: file,filestat,NTFS:\Program Files (x86)\Microsoft\EdgeWebView\Application\120.0.2210.91\augloop_client.dll,-
2023-12-21T04:07:43.744505+00:00,Content Modification Time,FILE,File stat,NTFS:\Program Files (x86)\Microsoft\Edge\Application\120.0.2210.91\augloop_client.dll Type: file,filestat,NTFS:\Program Files (x86)\Microsoft\Edge\Application\120.0.2210.91\augloop_client.dll,-
2023-12-21T04:07:43.853875+00:00,Content Modification Time,FILE,File stat,NTFS:\Program Files (x86)\Microsoft\EdgeCore\120.0.2210.91\webview2_integration.dll Type: file,filestat,NTFS:\Program Files (x86)\Microsoft\EdgeCore\120.0.2210.91\webview2_integration.dll,-
2023-12-21T04:07:43.853875+00:00,Content Modification Time,FILE,File stat,NTFS:\Program Files (x86)\Microsoft\EdgeWebView\Application\120.0.2210.91\webview2_integration.dll Type: file,filestat,NTFS:\Program Files (x86)\Microsoft\EdgeWebView\Application\120.0.2210.91\webview2_integration.dll,-
2023-12-21T04:07:43.853875+00:00,Content Modification Time,FILE,File stat,NTFS:\Program Files (x86)\Microsoft\Edge\Application\120.0.2210.91\webview2_integration.dll Type: file,filestat,NTFS:\Program Files (x86)\Microsoft\Edge\Application\120.0.2210.91\webview2_integration.dll,-
2023-12-21T04:07:43.963254+00:00,Content Modification Time,FILE,File stat,NTFS:\Program Files (x86)\Microsoft\EdgeCore\120.0.2210.91\msedge_wer.dll Type: file,filestat,NTFS:\Program Files (x86)\Microsoft\EdgeCore\120.0.2210.91\msedge_wer.dll,-
2023-12-21T04:07:43.963254+00:00,Content Modification Time,FILE,File stat,NTFS:\Program Files (x86)\Microsoft\EdgeWebView\Application\120.0.2210.91\msedge_wer.dll Type: file,filestat,NTFS:\Program Files (x86)\Microsoft\EdgeWebView\Application\120.0.2210.91\msedge_wer.dll,-
2023-12-21T04:07:43.963254+00:00,Content Modification Time,FILE,File stat,NTFS:\Program Files (x86)\Microsoft\Edge\Application\120.0.2210.91\msedge_wer.dll Type: file,filestat,NTFS:\Program Files (x86)\Microsoft\Edge\Application\120.0.2210.91\msedge_wer.dll,-
2023-12-21T04:07:44.727222+00:00,Content Modification Time,FILE,File stat,NTFS:\Program Files (x86)\Microsoft\EdgeCore\120.0.2210.91\BHO\ie_to_edge_bho.dll Type: file,filestat,NTFS:\Program Files (x86)\Microsoft\EdgeCore\120.0.2210.91\BHO\ie_to_edge_bho.dll,-
2023-12-21T04:07:44.727222+00:00,Content Modification Time,FILE,File stat,NTFS:\Program Files (x86)\Microsoft\EdgeCore\120.0.2210.91\wdag.dll Type: file,filestat,NTFS:\Program Files (x86)\Microsoft\EdgeCore\120.0.2210.91\wdag.dll,-
2023-12-21T04:07:44.727222+00:00,Content Modification Time,FILE,File stat,NTFS:\Program Files (x86)\Microsoft\EdgeWebView\Application\120.0.2210.91\BHO\ie_to_edge_bho.dll Type: file,filestat,NTFS:\Program Files (x86)\Microsoft\EdgeWebView\Application\120.0.2210.91\BHO\ie_to_edge_bho.dll,-
2023-12-21T04:07:44.727222+00:00,Content Modification Time,FILE,File stat,NTFS:\Program Files (x86)\Microsoft\EdgeWebView\Application\120.0.2210.91\wdag.dll Type: file,filestat,NTFS:\Program Files (x86)\Microsoft\EdgeWebView\Application\120.0.2210.91\wdag.dll,-
2023-12-21T04:07:44.727222+00:00,Content Modification Time,FILE,File stat,NTFS:\Program Files (x86)\Microsoft\Edge\Application\120.0.2210.91\BHO\ie_to_edge_bho.dll Type: file,filestat,NTFS:\Program Files (x86)\Microsoft\Edge\Application\120.0.2210.91\BHO\ie_to_edge_bho.dll,-
2023-12-21T04:07:44.727222+00:00,Content Modification Time,FILE,File stat,NTFS:\Program Files (x86)\Microsoft\Edge\Application\120.0.2210.91\wdag.dll Type: file,filestat,NTFS:\Program Files (x86)\Microsoft\Edge\Application\120.0.2210.91\wdag.dll,-
2023-12-21T04:07:44.103887+00:00,Content Modification Time,FILE,File stat,NTFS:\Program Files (x86)\Microsoft\EdgeCore\120.0.2210.91\BHO\ie_to_edge_stub.exe Type: file,filestat,NTFS:\Program Files (x86)\Microsoft\EdgeCore\120.0.2210.91\BHO\ie_to_edge_stub.exe,-
2023-12-21T04:07:44.103887+00:00,Content Modification Time,FILE,File stat,NTFS:\Program Files (x86)\Microsoft\EdgeCore\120.0.2210.91\msedgewebview2.exe Type: file,filestat,NTFS:\Program Files (x86)\Microsoft\EdgeCore\120.0.2210.91\msedgewebview2.exe,-
2023-12-21T04:07:44.103887+00:00,Content Modification Time,FILE,File stat,NTFS:\Program Files (x86)\Microsoft\EdgeCore\120.0.2210.91\vulkan-1.dll Type: file,filestat,NTFS:\Program Files (x86)\Microsoft\EdgeCore\120.0.2210.91\vulkan-1.dll,-
2023-12-21T04:07:44.103887+00:00,Content Modification Time,FILE,File stat,NTFS:\Program Files (x86)\Microsoft\EdgeCore\120.0.2210.91\wns_push_client.dll Type: file,filestat,NTFS:\Program Files (x86)\Microsoft\EdgeCore\120.0.2210.91\wns_push_client.dll,-
2023-12-21T04:07:44.103887+00:00,Content Modification Time,FILE,File stat,NTFS:\Program Files (x86)\Microsoft\EdgeWebView\Application\120.0.2210.91\BHO\ie_to_edge_stub.exe Type: file,filestat,NTFS:\Program Files (x86)\Microsoft\EdgeWebView\Application\120.0.2210.91\BHO\ie_to_edge_stub.exe,-
2023-12-21T04:07:44.103887+00:00,Content Modification Time,FILE,File stat,NTFS:\Program Files (x86)\Microsoft\EdgeWebView\Application\120.0.2210.91\msedgewebview2.exe Type: file,filestat,NTFS:\Program Files (x86)\Microsoft\EdgeWebView\Application\120.0.2210.91\msedgewebview2.exe,-
2023-12-21T04:07:44.103887+00:00,Content Modification Time,FILE,File stat,NTFS:\Program Files (x86)\Microsoft\EdgeWebView\Application\120.0.2210.91\vulkan-1.dll Type: file,filestat,NTFS:\Program Files (x86)\Microsoft\EdgeWebView\Application\120.0.2210.91\vulkan-1.dll,-
2023-12-21T04:07:44.103887+00:00,Content Modification Time,FILE,File stat,NTFS:\Program Files (x86)\Microsoft\EdgeWebView\Application\120.0.2210.91\wns_push_client.dll Type: file,filestat,NTFS:\Program Files (x86)\Microsoft\EdgeWebView\Application\120.0.2210.91\wns_push_client.dll,-
2023-12-21T04:07:44.103887+00:00,Content Modification Time,FILE,File stat,NTFS:\Program Files (x86)\Microsoft\Edge\Application\120.0.2210.91\BHO\ie_to_edge_stub.exe Type: file,filestat,NTFS:\Program Files (x86)\Microsoft\Edge\Application\120.0.2210.91\BHO\ie_to_edge_stub.exe,-
2023-12-21T04:07:44.103887+00:00,Content Modification Time,FILE,File stat,NTFS:\Program Files (x86)\Microsoft\Edge\Application\120.0.2210.91\msedgewebview2.exe Type: file,filestat,NTFS:\Program Files (x86)\Microsoft\Edge\Application\120.0.2210.91\msedgewebview2.exe,-
2023-12-21T04:07:44.103887+00:00,Content Modification Time,FILE,File stat,NTFS:\Program Files (x86)\Microsoft\Edge\Application\120.0.2210.91\vulkan-1.dll Type: file,filestat,NTFS:\Program Files (x86)\Microsoft\Edge\Application\120.0.2210.91\vulkan-1.dll,-
2023-12-21T04:07:44.103887+00:00,Content Modification Time,FILE,File stat,NTFS:\Program Files (x86)\Microsoft\Edge\Application\120.0.2210.91\wns_push_client.dll Type: file,filestat,NTFS:\Program Files (x86)\Microsoft\Edge\Application\120.0.2210.91\wns_push_client.dll,-
2023-12-21T04:07:44.103887+00:00,File Last Modification Time,REG,AppCompatCache Registry Key,[HKEY_LOCAL_MACHINE\System\ControlSet001\Control\Session Manager\AppCompatCache] Cached entry: 29 Path: C:\Program Files (x86)\Microsoft\EdgeWebView\Application\120.0.2210.91\msedgewebview2.exe,winreg/appcompatcache,NTFS:\Windows\System32\config\SYSTEM,-
2023-12-21T04:07:44.150762+00:00,Content Modification Time,FILE,File stat,NTFS:\Program Files (x86)\Microsoft\EdgeCore\120.0.2210.91\microsoft_shell_integration.dll Type: file,filestat,NTFS:\Program Files (x86)\Microsoft\EdgeCore\120.0.2210.91\microsoft_shell_integration.dll,-
2023-12-21T04:07:44.150762+00:00,Content Modification Time,FILE,File stat,NTFS:\Program Files (x86)\Microsoft\EdgeWebView\Application\120.0.2210.91\microsoft_shell_integration.dll Type: file,filestat,NTFS:\Program Files (x86)\Microsoft\EdgeWebView\Application\120.0.2210.91\microsoft_shell_integration.dll,-
2023-12-21T04:07:44.150762+00:00,Content Modification Time,FILE,File stat,NTFS:\Program Files (x86)\Microsoft\Edge\Application\120.0.2210.91\microsoft_shell_integration.dll Type: file,filestat,NTFS:\Program Files (x86)\Microsoft\Edge\Application\120.0.2210.91\microsoft_shell_integration.dll,-
2023-12-21T04:07:44.182019+00:00,Content Modification Time,FILE,File stat,NTFS:\Program Files (x86)\Microsoft\EdgeCore\120.0.2210.91\learning_tools.dll Type: file,filestat,NTFS:\Program Files (x86)\Microsoft\EdgeCore\120.0.2210.91\learning_tools.dll,-
2023-12-21T04:07:44.182019+00:00,Content Modification Time,FILE,File stat,NTFS:\Program Files (x86)\Microsoft\EdgeCore\120.0.2210.91\msedge_proxy.exe Type: file,filestat,NTFS:\Program Files (x86)\Microsoft\EdgeCore\120.0.2210.91\msedge_proxy.exe,-
2023-12-21T04:07:44.182019+00:00,Content Modification Time,FILE,File stat,NTFS:\Program Files (x86)\Microsoft\EdgeCore\120.0.2210.91\pwahelper.exe Type: file,filestat,NTFS:\Program Files (x86)\Microsoft\EdgeCore\120.0.2210.91\pwahelper.exe,-
2023-12-21T04:07:44.182019+00:00,Content Modification Time,FILE,File stat,NTFS:\Program Files (x86)\Microsoft\EdgeWebView\Application\120.0.2210.91\learning_tools.dll Type: file,filestat,NTFS:\Program Files (x86)\Microsoft\EdgeWebView\Application\120.0.2210.91\learning_tools.dll,-
2023-12-21T04:07:44.182019+00:00,Content Modification Time,FILE,File stat,NTFS:\Program Files (x86)\Microsoft\EdgeWebView\Application\120.0.2210.91\msedge_proxy.exe Type: file,filestat,NTFS:\Program Files (x86)\Microsoft\EdgeWebView\Application\120.0.2210.91\msedge_proxy.exe,-
2023-12-21T04:07:44.182019+00:00,Content Modification Time,FILE,File stat,NTFS:\Program Files (x86)\Microsoft\EdgeWebView\Application\120.0.2210.91\pwahelper.exe Type: file,filestat,NTFS:\Program Files (x86)\Microsoft\EdgeWebView\Application\120.0.2210.91\pwahelper.exe,-
2023-12-21T04:07:44.182019+00:00,Content Modification Time,FILE,File stat,NTFS:\Program Files (x86)\Microsoft\Edge\Application\120.0.2210.91\learning_tools.dll Type: file,filestat,NTFS:\Program Files (x86)\Microsoft\Edge\Application\120.0.2210.91\learning_tools.dll,-
2023-12-21T04:07:44.182019+00:00,Content Modification Time,FILE,File stat,NTFS:\Program Files (x86)\Microsoft\Edge\Application\120.0.2210.91\msedge_proxy.exe Type: file,filestat,NTFS:\Program Files (x86)\Microsoft\Edge\Application\120.0.2210.91\msedge_proxy.exe,-
2023-12-21T04:07:44.182019+00:00,Content Modification Time,FILE,File stat,NTFS:\Program Files (x86)\Microsoft\Edge\Application\120.0.2210.91\pwahelper.exe Type: file,filestat,NTFS:\Program Files (x86)\Microsoft\Edge\Application\120.0.2210.91\pwahelper.exe,-
2023-12-21T04:07:44.182019+00:00,Content Modification Time,FILE,File stat,NTFS:\Program Files (x86)\Microsoft\Edge\Application\msedge_proxy.exe Type: file,filestat,NTFS:\Program Files (x86)\Microsoft\Edge\Application\msedge_proxy.exe,-
2023-12-21T04:07:44.182019+00:00,Content Modification Time,FILE,File stat,NTFS:\Program Files (x86)\Microsoft\Edge\Application\pwahelper.exe Type: file,filestat,NTFS:\Program Files (x86)\Microsoft\Edge\Application\pwahelper.exe,-
2023-12-21T04:07:44.244520+00:00,Content Modification Time,FILE,File stat,NTFS:\Program Files (x86)\Microsoft\EdgeCore\120.0.2210.91\elevation_service.exe Type: file,filestat,NTFS:\Program Files (x86)\Microsoft\EdgeCore\120.0.2210.91\elevation_service.exe,-
2023-12-21T04:07:44.244520+00:00,Content Modification Time,FILE,File stat,NTFS:\Program Files (x86)\Microsoft\EdgeWebView\Application\120.0.2210.91\elevation_service.exe Type: file,filestat,NTFS:\Program Files (x86)\Microsoft\EdgeWebView\Application\120.0.2210.91\elevation_service.exe,-
2023-12-21T04:07:44.244520+00:00,Content Modification Time,FILE,File stat,NTFS:\Program Files (x86)\Microsoft\Edge\Application\120.0.2210.91\elevation_service.exe Type: file,filestat,NTFS:\Program Files (x86)\Microsoft\Edge\Application\120.0.2210.91\elevation_service.exe,-
2023-12-21T04:07:44.260147+00:00,Content Modification Time,FILE,File stat,NTFS:\Program Files (x86)\Microsoft\EdgeCore\120.0.2210.91\msedge_pwa_launcher.exe Type: file,filestat,NTFS:\Program Files (x86)\Microsoft\EdgeCore\120.0.2210.91\msedge_pwa_launcher.exe,-
2023-12-21T04:07:44.260147+00:00,Content Modification Time,FILE,File stat,NTFS:\Program Files (x86)\Microsoft\EdgeWebView\Application\120.0.2210.91\msedge_pwa_launcher.exe Type: file,filestat,NTFS:\Program Files (x86)\Microsoft\EdgeWebView\Application\120.0.2210.91\msedge_pwa_launcher.exe,-
2023-12-21T04:07:44.260147+00:00,Content Modification Time,FILE,File stat,NTFS:\Program Files (x86)\Microsoft\Edge\Application\120.0.2210.91\msedge_pwa_launcher.exe Type: file,filestat,NTFS:\Program Files (x86)\Microsoft\Edge\Application\120.0.2210.91\msedge_pwa_launcher.exe,-
2023-12-21T04:07:44.275771+00:00,Content Modification Time,FILE,File stat,NTFS:\Program Files (x86)\Microsoft\EdgeCore\120.0.2210.91\mojo_core.dll Type: file,filestat,NTFS:\Program Files (x86)\Microsoft\EdgeCore\120.0.2210.91\mojo_core.dll,-
2023-12-21T04:07:44.275771+00:00,Content Modification Time,FILE,File stat,NTFS:\Program Files (x86)\Microsoft\EdgeWebView\Application\120.0.2210.91\mojo_core.dll Type: file,filestat,NTFS:\Program Files (x86)\Microsoft\EdgeWebView\Application\120.0.2210.91\mojo_core.dll,-
2023-12-21T04:07:44.275771+00:00,Content Modification Time,FILE,File stat,NTFS:\Program Files (x86)\Microsoft\Edge\Application\120.0.2210.91\mojo_core.dll Type: file,filestat,NTFS:\Program Files (x86)\Microsoft\Edge\Application\120.0.2210.91\mojo_core.dll,-
2023-12-21T04:07:44.291392+00:00,Content Modification Time,FILE,File stat,NTFS:\Program Files (x86)\Microsoft\EdgeCore\120.0.2210.91\notification_helper.exe Type: file,filestat,NTFS:\Program Files (x86)\Microsoft\EdgeCore\120.0.2210.91\notification_helper.exe,-
2023-12-21T04:07:44.291392+00:00,Content Modification Time,FILE,File stat,NTFS:\Program Files (x86)\Microsoft\EdgeWebView\Application\120.0.2210.91\notification_helper.exe Type: file,filestat,NTFS:\Program Files (x86)\Microsoft\EdgeWebView\Application\120.0.2210.91\notification_helper.exe,-
2023-12-21T04:07:44.291392+00:00,Content Modification Time,FILE,File stat,NTFS:\Program Files (x86)\Microsoft\Edge\Application\120.0.2210.91\notification_click_helper.exe Type: file,filestat,NTFS:\Program Files (x86)\Microsoft\Edge\Application\120.0.2210.91\notification_click_helper.exe,-
2023-12-21T04:07:44.291392+00:00,Content Modification Time,FILE,File stat,NTFS:\Program Files (x86)\Microsoft\Edge\Application\120.0.2210.91\notification_helper.exe Type: file,filestat,NTFS:\Program Files (x86)\Microsoft\Edge\Application\120.0.2210.91\notification_helper.exe,-
2023-12-21T04:07:44.307015+00:00,Content Modification Time,FILE,File stat,NTFS:\Program Files (x86)\Microsoft\EdgeCore\120.0.2210.91\msedge.exe Type: file,filestat,NTFS:\Program Files (x86)\Microsoft\EdgeCore\120.0.2210.91\msedge.exe,-
2023-12-21T04:07:44.307015+00:00,Content Modification Time,FILE,File stat,NTFS:\Program Files (x86)\Microsoft\EdgeWebView\Application\120.0.2210.91\msedge.exe Type: file,filestat,NTFS:\Program Files (x86)\Microsoft\EdgeWebView\Application\120.0.2210.91\msedge.exe,-
2023-12-21T04:07:44.307015+00:00,Content Modification Time,FILE,File stat,NTFS:\Program Files (x86)\Microsoft\Edge\Application\120.0.2210.91\msedge.exe Type: file,filestat,NTFS:\Program Files (x86)\Microsoft\Edge\Application\120.0.2210.91\msedge.exe,-
2023-12-21T04:07:44.307015+00:00,Content Modification Time,FILE,File stat,NTFS:\Program Files (x86)\Microsoft\Edge\Application\msedge.exe Type: file,filestat,NTFS:\Program Files (x86)\Microsoft\Edge\Application\msedge.exe,-
2023-12-21T04:07:44.307015+00:00,Content Modification Time,LNK,Windows Shortcut,[Browse the web] File size: 3854280 File attribute flags: 0x00000020 Drive type: 3 Drive serial number: 0x5ce1df5a Volume label: Windows Local path: C:\Program Files (x86)\Microsoft\Edge\Application\msedge.exe Relative path: ..\..\..\..\..\Program Files (x86)\Microsoft\Edge\Application\msedge.exe Working dir: C:\Program Files (x86)\Microsoft\Edge\Application Icon location: C:\Program Files (x86)\Microsoft\Edge\Application\msedge.exe Link target: <My Computer> C:\Program Files (x86)\Microsoft\Edge\Application\msedge.exe,lnk,NTFS:\ProgramData\Microsoft\Windows\Start Menu\Programs\Microsoft Edge.lnk,-
2023-12-21T04:07:44.307015+00:00,Content Modification Time,LNK,Windows Shortcut,[Browse the web] File size: 3854280 File attribute flags: 0x00000020 Drive type: 3 Drive serial number: 0x5ce1df5a Volume label: Windows Local path: C:\Program Files (x86)\Microsoft\Edge\Application\msedge.exe Relative path: ..\..\..\..\..\..\..\Program Files (x86)\Microsoft\Edge\Application\msedge.exe Working dir: C:\Program Files (x86)\Microsoft\Edge\Application Icon location: C:\Program Files (x86)\Microsoft\Edge\Application\msedge.exe Link target: <My Computer> C:\Program Files (x86)\Microsoft\Edge\Application\msedge.exe,lnk,NTFS:\Users\User\AppData\Roaming\Microsoft\Internet Explorer\Quick Launch\Microsoft Edge.lnk,-
2023-12-21T04:07:44.307015+00:00,Content Modification Time,LNK,Windows Shortcut,File size: 3854280 File attribute flags: 0x00000020 Drive type: 3 Drive serial number: 0x5ce1df5a Volume label: Windows Local path: C:\Program Files (x86)\Microsoft\Edge\Application\msedge.exe Icon location: C:\Program Files (x86)\Microsoft\Edge\Application\msedge.exe Link target: <My Computer> C:\Program Files (x86)\Microsoft\Edge\Application\msedge.exe,custom_destinations/lnk,NTFS:\Users\User\AppData\Roaming\Microsoft\Windows\Recent\CustomDestinations\ccba5a5986c77e43.customDestinations-ms,-
2023-12-21T04:07:44.307015+00:00,Content Modification Time,LNK,Windows Shortcut,File size: 3854280 File attribute flags: 0x00000020 Drive type: 3 Drive serial number: 0x5ce1df5a Volume label: Windows Local path: C:\Program Files (x86)\Microsoft\Edge\Application\msedge.exe cmd arguments: --inprivate Icon location: C:\Program Files (x86)\Microsoft\Edge\Application\msedge.exe Link target: <My Computer> C:\Program Files (x86)\Microsoft\Edge\Application\msedge.exe,custom_destinations/lnk,NTFS:\Users\User\AppData\Roaming\Microsoft\Windows\Recent\CustomDestinations\ccba5a5986c77e43.customDestinations-ms,-
2023-12-21T04:07:44.307015+00:00,File Last Modification Time,REG,AppCompatCache Registry Key,[HKEY_LOCAL_MACHINE\System\ControlSet001\Control\Session Manager\AppCompatCache] Cached entry: 52 Path: C:\Program Files (x86)\Microsoft\Edge\Application\msedge.exe,winreg/appcompatcache,NTFS:\Windows\System32\config\SYSTEM,-
2023-12-21T04:07:44.307015+00:00,Content Modification Time,LNK,Windows Shortcut,[Browse the web] File size: 3854280 File attribute flags: 0x00000020 Drive type: 3 Drive serial number: 0x5ce1df5a Volume label: Windows Local path: C:\Program Files (x86)\Microsoft\Edge\Application\msedge.exe Relative path: ..\..\..\..\..\..\..\..\..\Program Files (x86)\Microsoft\Edge\Application\msedge.exe Working dir: C:\Program Files (x86)\Microsoft\Edge\Application Icon location: C:\Program Files (x86)\Microsoft\Edge\Application\msedge.exe Link target: <My Computer> C:\Program Files (x86)\Microsoft\Edge\Application\msedge.exe,lnk,NTFS:\Windows\System32\config\systemprofile\AppData\Roaming\Microsoft\Internet Explorer\Quick Launch\Microsoft Edge.lnk,-
2023-12-21T04:07:44.353896+00:00,Content Modification Time,FILE,File stat,NTFS:\Program Files (x86)\Microsoft\EdgeCore\120.0.2210.91\EBWebView\x86\EmbeddedBrowserWebView.dll Type: file,filestat,NTFS:\Program Files (x86)\Microsoft\EdgeCore\120.0.2210.91\EBWebView\x86\EmbeddedBrowserWebView.dll,-
2023-12-21T04:07:44.353896+00:00,Content Modification Time,FILE,File stat,NTFS:\Program Files (x86)\Microsoft\EdgeCore\120.0.2210.91\msedge_elf.dll Type: file,filestat,NTFS:\Program Files (x86)\Microsoft\EdgeCore\120.0.2210.91\msedge_elf.dll,-
2023-12-21T04:07:44.353896+00:00,Content Modification Time,FILE,File stat,NTFS:\Program Files (x86)\Microsoft\EdgeWebView\Application\120.0.2210.91\EBWebView\x86\EmbeddedBrowserWebView.dll Type: file,filestat,NTFS:\Program Files (x86)\Microsoft\EdgeWebView\Application\120.0.2210.91\EBWebView\x86\EmbeddedBrowserWebView.dll,-
2023-12-21T04:07:44.353896+00:00,Content Modification Time,FILE,File stat,NTFS:\Program Files (x86)\Microsoft\EdgeWebView\Application\120.0.2210.91\msedge_elf.dll Type: file,filestat,NTFS:\Program Files (x86)\Microsoft\EdgeWebView\Application\120.0.2210.91\msedge_elf.dll,-
2023-12-21T04:07:44.353896+00:00,Content Modification Time,FILE,File stat,NTFS:\Program Files (x86)\Microsoft\Edge\Application\120.0.2210.91\EBWebView\x86\EmbeddedBrowserWebView.dll Type: file,filestat,NTFS:\Program Files (x86)\Microsoft\Edge\Application\120.0.2210.91\EBWebView\x86\EmbeddedBrowserWebView.dll,-
2023-12-21T04:07:44.353896+00:00,Content Modification Time,FILE,File stat,NTFS:\Program Files (x86)\Microsoft\Edge\Application\120.0.2210.91\msedge_elf.dll Type: file,filestat,NTFS:\Program Files (x86)\Microsoft\Edge\Application\120.0.2210.91\msedge_elf.dll,-
2023-12-21T04:07:44.557021+00:00,Content Modification Time,FILE,File stat,NTFS:\Program Files (x86)\Microsoft\EdgeCore\120.0.2210.91\dxcompiler.dll Type: file,filestat,NTFS:\Program Files (x86)\Microsoft\EdgeCore\120.0.2210.91\dxcompiler.dll,-
2023-12-21T04:07:44.557021+00:00,Content Modification Time,FILE,File stat,NTFS:\Program Files (x86)\Microsoft\EdgeWebView\Application\120.0.2210.91\dxcompiler.dll Type: file,filestat,NTFS:\Program Files (x86)\Microsoft\EdgeWebView\Application\120.0.2210.91\dxcompiler.dll,-
2023-12-21T04:07:44.557021+00:00,Content Modification Time,FILE,File stat,NTFS:\Program Files (x86)\Microsoft\Edge\Application\120.0.2210.91\dxcompiler.dll Type: file,filestat,NTFS:\Program Files (x86)\Microsoft\Edge\Application\120.0.2210.91\dxcompiler.dll,-
2023-12-21T04:07:46.000000+00:00,Content Modification Time,FILE,File entry shell item,Name: msedge.exe Long name: msedge.exe NTFS file reference: 133434-2 Shell item path: <My Computer> C:\Program Files (x86)\Microsoft\Edge\Application\msedge.exe Origin: Microsoft Edge.lnk,lnk/shell_items,NTFS:\ProgramData\Microsoft\Windows\Start Menu\Programs\Microsoft Edge.lnk,-
2023-12-21T04:07:46.000000+00:00,Content Modification Time,FILE,File entry shell item,Name: msedge.exe Long name: msedge.exe NTFS file reference: 133434-2 Shell item path: <My Computer> C:\Program Files (x86)\Microsoft\Edge\Application\msedge.exe Origin: Microsoft Edge.lnk,lnk/shell_items,NTFS:\Users\User\AppData\Roaming\Microsoft\Internet Explorer\Quick Launch\Microsoft Edge.lnk,-
2023-12-21T04:07:46.000000+00:00,Content Modification Time,FILE,File entry shell item,Name: msedge.exe Long name: msedge.exe NTFS file reference: 133434-2 Shell item path: <My Computer> C:\Program Files (x86)\Microsoft\Edge\Application\msedge.exe Origin: ccba5a5986c77e43.customDestinations-ms,custom_destinations/lnk/shell_items,NTFS:\Users\User\AppData\Roaming\Microsoft\Windows\Recent\CustomDestinations\ccba5a5986c77e43.customDestinations-ms,-
2023-12-21T04:07:46.000000+00:00,Content Modification Time,FILE,File entry shell item,Name: msedge.exe Long name: msedge.exe NTFS file reference: 133434-2 Shell item path: <My Computer> C:\Program Files (x86)\Microsoft\Edge\Application\msedge.exe Origin: Microsoft Edge.lnk,lnk/shell_items,NTFS:\Windows\System32\config\systemprofile\AppData\Roaming\Microsoft\Internet Explorer\Quick Launch\Microsoft Edge.lnk,-
2023-12-21T04:07:55.779159+00:00,Content Modification Time,FILE,File stat,NTFS:\Program Files (x86)\Microsoft\EdgeCore\120.0.2210.91\BHO\ie_to_edge_bho_64.dll Type: file,filestat,NTFS:\Program Files (x86)\Microsoft\EdgeCore\120.0.2210.91\BHO\ie_to_edge_bho_64.dll,-
2023-12-21T04:07:55.779159+00:00,Content Modification Time,FILE,File stat,NTFS:\Program Files (x86)\Microsoft\EdgeWebView\Application\120.0.2210.91\BHO\ie_to_edge_bho_64.dll Type: file,filestat,NTFS:\Program Files (x86)\Microsoft\EdgeWebView\Application\120.0.2210.91\BHO\ie_to_edge_bho_64.dll,-
2023-12-21T04:07:55.779159+00:00,Content Modification Time,FILE,File stat,NTFS:\Program Files (x86)\Microsoft\Edge\Application\120.0.2210.91\BHO\ie_to_edge_bho_64.dll Type: file,filestat,NTFS:\Program Files (x86)\Microsoft\Edge\Application\120.0.2210.91\BHO\ie_to_edge_bho_64.dll,-
2023-12-21T04:08:06.780883+00:00,Content Modification Time,FILE,File stat,NTFS:\Program Files (x86)\Microsoft\EdgeCore\120.0.2210.91\dual_engine_adapter_x64.dll Type: file,filestat,NTFS:\Program Files (x86)\Microsoft\EdgeCore\120.0.2210.91\dual_engine_adapter_x64.dll,-
2023-12-21T04:08:06.780883+00:00,Content Modification Time,FILE,File stat,NTFS:\Program Files (x86)\Microsoft\EdgeWebView\Application\120.0.2210.91\dual_engine_adapter_x64.dll Type: file,filestat,NTFS:\Program Files (x86)\Microsoft\EdgeWebView\Application\120.0.2210.91\dual_engine_adapter_x64.dll,-
2023-12-21T04:08:06.780883+00:00,Content Modification Time,FILE,File stat,NTFS:\Program Files (x86)\Microsoft\Edge\Application\120.0.2210.91\dual_engine_adapter_x64.dll Type: file,filestat,NTFS:\Program Files (x86)\Microsoft\Edge\Application\120.0.2210.91\dual_engine_adapter_x64.dll,-
2023-12-21T04:08:28.109824+00:00,Content Modification Time,FILE,File stat,NTFS:\Program Files (x86)\Microsoft\EdgeCore\120.0.2210.91\oneds.dll Type: file,filestat,NTFS:\Program Files (x86)\Microsoft\EdgeCore\120.0.2210.91\oneds.dll,-
2023-12-21T04:08:28.109824+00:00,Content Modification Time,FILE,File stat,NTFS:\Program Files (x86)\Microsoft\EdgeWebView\Application\120.0.2210.91\oneds.dll Type: file,filestat,NTFS:\Program Files (x86)\Microsoft\EdgeWebView\Application\120.0.2210.91\oneds.dll,-
2023-12-21T04:08:28.109824+00:00,Content Modification Time,FILE,File stat,NTFS:\Program Files (x86)\Microsoft\Edge\Application\120.0.2210.91\oneds.dll Type: file,filestat,NTFS:\Program Files (x86)\Microsoft\Edge\Application\120.0.2210.91\oneds.dll,-
2023-12-21T04:10:40.756520+00:00,Content Modification Time,FILE,File stat,NTFS:\Program Files (x86)\Microsoft\EdgeCore\120.0.2210.91\libEGL.dll Type: file,filestat,NTFS:\Program Files (x86)\Microsoft\EdgeCore\120.0.2210.91\libEGL.dll,-
2023-12-21T04:10:40.756520+00:00,Content Modification Time,FILE,File stat,NTFS:\Program Files (x86)\Microsoft\EdgeWebView\Application\120.0.2210.91\libEGL.dll Type: file,filestat,NTFS:\Program Files (x86)\Microsoft\EdgeWebView\Application\120.0.2210.91\libEGL.dll,-
2023-12-21T04:10:40.756520+00:00,Content Modification Time,FILE,File stat,NTFS:\Program Files (x86)\Microsoft\Edge\Application\120.0.2210.91\libEGL.dll Type: file,filestat,NTFS:\Program Files (x86)\Microsoft\Edge\Application\120.0.2210.91\libEGL.dll,-
2023-12-21T04:11:23.806930+00:00,Content Modification Time,FILE,File stat,NTFS:\Program Files (x86)\Microsoft\EdgeCore\120.0.2210.91\libGLESv2.dll Type: file,filestat,NTFS:\Program Files (x86)\Microsoft\EdgeCore\120.0.2210.91\libGLESv2.dll,-
2023-12-21T04:11:23.806930+00:00,Content Modification Time,FILE,File stat,NTFS:\Program Files (x86)\Microsoft\EdgeWebView\Application\120.0.2210.91\libGLESv2.dll Type: file,filestat,NTFS:\Program Files (x86)\Microsoft\EdgeWebView\Application\120.0.2210.91\libGLESv2.dll,-
2023-12-21T04:11:23.806930+00:00,Content Modification Time,FILE,File stat,NTFS:\Program Files (x86)\Microsoft\Edge\Application\120.0.2210.91\libGLESv2.dll Type: file,filestat,NTFS:\Program Files (x86)\Microsoft\Edge\Application\120.0.2210.91\libGLESv2.dll,-
2023-12-21T04:12:15.483722+00:00,Content Modification Time,FILE,File stat,NTFS:\Program Files (x86)\Microsoft\EdgeCore\120.0.2210.91\WidevineCdm\_platform_specific\win_x64\widevinecdm.dll Type: file,filestat,NTFS:\Program Files (x86)\Microsoft\EdgeCore\120.0.2210.91\WidevineCdm\_platform_specific\win_x64\widevinecdm.dll,-
2023-12-21T04:12:15.483722+00:00,Content Modification Time,FILE,File stat,NTFS:\Program Files (x86)\Microsoft\EdgeWebView\Application\120.0.2210.91\WidevineCdm\_platform_specific\win_x64\widevinecdm.dll Type: file,filestat,NTFS:\Program Files (x86)\Microsoft\EdgeWebView\Application\120.0.2210.91\WidevineCdm\_platform_specific\win_x64\widevinecdm.dll,-
2023-12-21T04:12:15.483722+00:00,Content Modification Time,FILE,File stat,NTFS:\Program Files (x86)\Microsoft\Edge\Application\120.0.2210.91\WidevineCdm\_platform_specific\win_x64\widevinecdm.dll Type: file,filestat,NTFS:\Program Files (x86)\Microsoft\Edge\Application\120.0.2210.91\WidevineCdm\_platform_specific\win_x64\widevinecdm.dll,-
2023-12-21T04:12:36.843838+00:00,Content Modification Time,FILE,File stat,NTFS:\Program Files (x86)\Microsoft\EdgeCore\120.0.2210.91\msedge.exe.sig Type: file,filestat,NTFS:\Program Files (x86)\Microsoft\EdgeCore\120.0.2210.91\msedge.exe.sig,-
2023-12-21T04:12:36.843838+00:00,Content Modification Time,FILE,File stat,NTFS:\Program Files (x86)\Microsoft\EdgeWebView\Application\120.0.2210.91\ResiliencyLinks\msedge.exe.sig.DATA Type: file,filestat,NTFS:\Program Files (x86)\Microsoft\EdgeWebView\Application\120.0.2210.91\ResiliencyLinks\msedge.exe.sig.DATA,-
2023-12-21T04:12:36.843838+00:00,Content Modification Time,FILE,File stat,NTFS:\Program Files (x86)\Microsoft\EdgeWebView\Application\120.0.2210.91\msedge.exe.sig Type: file,filestat,NTFS:\Program Files (x86)\Microsoft\EdgeWebView\Application\120.0.2210.91\msedge.exe.sig,-
2023-12-21T04:12:36.843838+00:00,Content Modification Time,FILE,File stat,NTFS:\Program Files (x86)\Microsoft\Edge\Application\120.0.2210.91\ResiliencyLinks\msedge.exe.sig.DATA Type: file,filestat,NTFS:\Program Files (x86)\Microsoft\Edge\Application\120.0.2210.91\ResiliencyLinks\msedge.exe.sig.DATA,-
2023-12-21T04:12:36.843838+00:00,Content Modification Time,FILE,File stat,NTFS:\Program Files (x86)\Microsoft\Edge\Application\120.0.2210.91\msedge.exe.sig Type: file,filestat,NTFS:\Program Files (x86)\Microsoft\Edge\Application\120.0.2210.91\msedge.exe.sig,-
2023-12-21T04:12:37.203222+00:00,Content Modification Time,FILE,File stat,NTFS:\Program Files (x86)\Microsoft\EdgeCore\120.0.2210.91\msedgewebview2.exe.sig Type: file,filestat,NTFS:\Program Files (x86)\Microsoft\EdgeCore\120.0.2210.91\msedgewebview2.exe.sig,-
2023-12-21T04:12:37.203222+00:00,Content Modification Time,FILE,File stat,NTFS:\Program Files (x86)\Microsoft\EdgeWebView\Application\120.0.2210.91\ResiliencyLinks\msedgewebview2.exe.sig.DATA Type: file,filestat,NTFS:\Program Files (x86)\Microsoft\EdgeWebView\Application\120.0.2210.91\ResiliencyLinks\msedgewebview2.exe.sig.DATA,-
2023-12-21T04:12:37.203222+00:00,Content Modification Time,FILE,File stat,NTFS:\Program Files (x86)\Microsoft\EdgeWebView\Application\120.0.2210.91\msedgewebview2.exe.sig Type: file,filestat,NTFS:\Program Files (x86)\Microsoft\EdgeWebView\Application\120.0.2210.91\msedgewebview2.exe.sig,-
2023-12-21T04:12:37.203222+00:00,Content Modification Time,FILE,File stat,NTFS:\Program Files (x86)\Microsoft\Edge\Application\120.0.2210.91\ResiliencyLinks\msedgewebview2.exe.sig.DATA Type: file,filestat,NTFS:\Program Files (x86)\Microsoft\Edge\Application\120.0.2210.91\ResiliencyLinks\msedgewebview2.exe.sig.DATA,-
2023-12-21T04:12:37.203222+00:00,Content Modification Time,FILE,File stat,NTFS:\Program Files (x86)\Microsoft\Edge\Application\120.0.2210.91\msedgewebview2.exe.sig Type: file,filestat,NTFS:\Program Files (x86)\Microsoft\Edge\Application\120.0.2210.91\msedgewebview2.exe.sig,-
2023-12-21T04:12:38.157356+00:00,Content Modification Time,FILE,File stat,NTFS:\Program Files (x86)\Microsoft\EdgeCore\120.0.2210.91\msedge.dll.sig Type: file,filestat,NTFS:\Program Files (x86)\Microsoft\EdgeCore\120.0.2210.91\msedge.dll.sig,-
2023-12-21T04:12:38.157356+00:00,Content Modification Time,FILE,File stat,NTFS:\Program Files (x86)\Microsoft\EdgeWebView\Application\120.0.2210.91\ResiliencyLinks\msedge.dll.sig.DATA Type: file,filestat,NTFS:\Program Files (x86)\Microsoft\EdgeWebView\Application\120.0.2210.91\ResiliencyLinks\msedge.dll.sig.DATA,-
2023-12-21T04:12:38.157356+00:00,Content Modification Time,FILE,File stat,NTFS:\Program Files (x86)\Microsoft\EdgeWebView\Application\120.0.2210.91\msedge.dll.sig Type: file,filestat,NTFS:\Program Files (x86)\Microsoft\EdgeWebView\Application\120.0.2210.91\msedge.dll.sig,-
2023-12-21T04:12:38.157356+00:00,Content Modification Time,FILE,File stat,NTFS:\Program Files (x86)\Microsoft\Edge\Application\120.0.2210.91\ResiliencyLinks\msedge.dll.sig.DATA Type: file,filestat,NTFS:\Program Files (x86)\Microsoft\Edge\Application\120.0.2210.91\ResiliencyLinks\msedge.dll.sig.DATA,-
2023-12-21T04:12:38.157356+00:00,Content Modification Time,FILE,File stat,NTFS:\Program Files (x86)\Microsoft\Edge\Application\120.0.2210.91\msedge.dll.sig Type: file,filestat,NTFS:\Program Files (x86)\Microsoft\Edge\Application\120.0.2210.91\msedge.dll.sig,-
2023-12-21T04:12:38.390719+00:00,Content Modification Time,FILE,File stat,NTFS:\Program Files (x86)\Microsoft\EdgeCore\120.0.2210.91\WidevineCdm\_platform_specific\win_x64\widevinecdm.dll.sig Type: file,filestat,NTFS:\Program Files (x86)\Microsoft\EdgeCore\120.0.2210.91\WidevineCdm\_platform_specific\win_x64\widevinecdm.dll.sig,-
2023-12-21T04:12:38.390719+00:00,Content Modification Time,FILE,File stat,NTFS:\Program Files (x86)\Microsoft\EdgeWebView\Application\120.0.2210.91\ResiliencyLinks\WidevineCdm\_platform_specific\win_x64\widevinecdm.dll.sig.DATA Type: file,filestat,NTFS:\Program Files (x86)\Microsoft\EdgeWebView\Application\120.0.2210.91\ResiliencyLinks\WidevineCdm\_platform_specific\win_x64\widevinecdm.dll.sig.DATA,-
2023-12-21T04:12:38.390719+00:00,Content Modification Time,FILE,File stat,NTFS:\Program Files (x86)\Microsoft\EdgeWebView\Application\120.0.2210.91\WidevineCdm\_platform_specific\win_x64\widevinecdm.dll.sig Type: file,filestat,NTFS:\Program Files (x86)\Microsoft\EdgeWebView\Application\120.0.2210.91\WidevineCdm\_platform_specific\win_x64\widevinecdm.dll.sig,-
2023-12-21T04:12:38.390719+00:00,Content Modification Time,FILE,File stat,NTFS:\Program Files (x86)\Microsoft\Edge\Application\120.0.2210.91\ResiliencyLinks\WidevineCdm\_platform_specific\win_x64\widevinecdm.dll.sig.DATA Type: file,filestat,NTFS:\Program Files (x86)\Microsoft\Edge\Application\120.0.2210.91\ResiliencyLinks\WidevineCdm\_platform_specific\win_x64\widevinecdm.dll.sig.DATA,-
2023-12-21T04:12:38.390719+00:00,Content Modification Time,FILE,File stat,NTFS:\Program Files (x86)\Microsoft\Edge\Application\120.0.2210.91\WidevineCdm\_platform_specific\win_x64\widevinecdm.dll.sig Type: file,filestat,NTFS:\Program Files (x86)\Microsoft\Edge\Application\120.0.2210.91\WidevineCdm\_platform_specific\win_x64\widevinecdm.dll.sig,-
2023-12-21T16:45:42.000000+00:00,Content Modification Time,FILE,File stat,NTFS:\Users\User\AppData\Local\Microsoft\Edge\User Data\SafetyTips\3012\_metadata\verified_contents.json Type: file,filestat,NTFS:\Users\User\AppData\Local\Microsoft\Edge\User Data\SafetyTips\3012\_metadata\verified_contents.json,-
2023-12-21T16:45:42.000000+00:00,Content Modification Time,FILE,File stat,NTFS:\Users\User\AppData\Local\Microsoft\Edge\User Data\SafetyTips\3012\manifest.json Type: file,filestat,NTFS:\Users\User\AppData\Local\Microsoft\Edge\User Data\SafetyTips\3012\manifest.json,-
2023-12-21T16:45:42.000000+00:00,Content Modification Time,FILE,File stat,NTFS:\Users\User\AppData\Local\Microsoft\Edge\User Data\SafetyTips\3012\safety_tips.pb Type: file,filestat,NTFS:\Users\User\AppData\Local\Microsoft\Edge\User Data\SafetyTips\3012\safety_tips.pb,-
2023-12-22T06:06:58.000000+00:00,Content Modification Time,FILE,File stat,NTFS:\Users\User\AppData\Local\Microsoft\Edge\User Data\SafetyTips\3012\typosquatting_list.pb Type: file,filestat,NTFS:\Users\User\AppData\Local\Microsoft\Edge\User Data\SafetyTips\3012\typosquatting_list.pb,-
2023-12-22T06:22:22.000000+00:00,Content Modification Time,FILE,File stat,NTFS:\Users\User\AppData\Local\Temp\edge_BITS_7860_947279352\f95d4e69-d6cf-4ee2-bc80-9d659c19f9b5 Type: file,filestat,NTFS:\Users\User\AppData\Local\Temp\edge_BITS_7860_947279352\f95d4e69-d6cf-4ee2-bc80-9d659c19f9b5,-
2023-12-22T06:22:22.000000+00:00,Creation Time,FILE,File stat,NTFS:\Users\User\AppData\Local\Temp\edge_BITS_7860_947279352\f95d4e69-d6cf-4ee2-bc80-9d659c19f9b5 Type: file,filestat,NTFS:\Users\User\AppData\Local\Temp\edge_BITS_7860_947279352\f95d4e69-d6cf-4ee2-bc80-9d659c19f9b5,-
2023-12-24T23:24:44.000000+00:00,Content Modification Time,PE,PE/COFF file,PE Type: Dynamic Link Library (DLL) Import hash: 22331a4545d5ae96b0e5bbc66eddb533 Export DLL name: NetworkDesktopSettings.dll,pe,NTFS:\Windows\System32\NetworkDesktopSettings.dll,-
2023-12-24T23:24:44.000000+00:00,Creation Time,PE,PE/COFF file,PE Type: Dynamic Link Library (DLL) Import hash: 22331a4545d5ae96b0e5bbc66eddb533 Export DLL name: NetworkDesktopSettings.dll,pe,NTFS:\Windows\System32\NetworkDesktopSettings.dll,-
2023-12-24T23:24:44.000000+00:00,Content Modification Time,PE,PE/COFF file,PE Type: Dynamic Link Library (DLL) Import hash: 22331a4545d5ae96b0e5bbc66eddb533 Export DLL name: NetworkDesktopSettings.dll,pe,NTFS:\Windows\WinSxS\amd64_microsoft-windows-s..workdesktophandlers_31bf3856ad364e35_10.0.22621.2506_none_bb145b1ca8f35fdd\NetworkDesktopSettings.dll,-
2023-12-24T23:24:44.000000+00:00,Creation Time,PE,PE/COFF file,PE Type: Dynamic Link Library (DLL) Import hash: 22331a4545d5ae96b0e5bbc66eddb533 Export DLL name: NetworkDesktopSettings.dll,pe,NTFS:\Windows\WinSxS\amd64_microsoft-windows-s..workdesktophandlers_31bf3856ad364e35_10.0.22621.2506_none_bb145b1ca8f35fdd\NetworkDesktopSettings.dll,-
2023-12-25T13:31:36.000000+00:00,Content Modification Time,FILE,File stat,NTFS:\Users\User\AppData\Local\Microsoft\Edge\User Data\Edge Wallet\120.16992.16988.1\Mini-Wallet\mini-wallet.html Type: file,filestat,NTFS:\Users\User\AppData\Local\Microsoft\Edge\User Data\Edge Wallet\120.16992.16988.1\Mini-Wallet\mini-wallet.html,-
2023-12-25T13:31:36.000000+00:00,Content Modification Time,FILE,File stat,NTFS:\Users\User\AppData\Local\Microsoft\Edge\User Data\Edge Wallet\120.16992.16988.1\Notification\_manifest\spdx_2.2\manifest.cat Type: file,filestat,NTFS:\Users\User\AppData\Local\Microsoft\Edge\User Data\Edge Wallet\120.16992.16988.1\Notification\_manifest\spdx_2.2\manifest.cat,-
2023-12-25T13:31:36.000000+00:00,Content Modification Time,FILE,File stat,NTFS:\Users\User\AppData\Local\Microsoft\Edge\User Data\Edge Wallet\120.16992.16988.1\Notification\notification.html Type: file,filestat,NTFS:\Users\User\AppData\Local\Microsoft\Edge\User Data\Edge Wallet\120.16992.16988.1\Notification\notification.html,-
2023-12-25T13:31:36.000000+00:00,Content Modification Time,FILE,File stat,NTFS:\Users\User\AppData\Local\Microsoft\Edge\User Data\Edge Wallet\120.16992.16988.1\Tokenized-Card\_manifest\spdx_2.2\bsi.json Type: file,filestat,NTFS:\Users\User\AppData\Local\Microsoft\Edge\User Data\Edge Wallet\120.16992.16988.1\Tokenized-Card\_manifest\spdx_2.2\bsi.json,-
2023-12-25T13:31:36.000000+00:00,Content Modification Time,FILE,File stat,NTFS:\Users\User\AppData\Local\Microsoft\Edge\User Data\Edge Wallet\120.16992.16988.1\Tokenized-Card\_manifest\spdx_2.2\manifest.cat Type: file,filestat,NTFS:\Users\User\AppData\Local\Microsoft\Edge\User Data\Edge Wallet\120.16992.16988.1\Tokenized-Card\_manifest\spdx_2.2\manifest.cat,-
2023-12-25T13:31:36.000000+00:00,Content Modification Time,FILE,File stat,NTFS:\Users\User\AppData\Local\Microsoft\Edge\User Data\Edge Wallet\120.16992.16988.1\Wallet-Checkout\app-setup.js Type: file,filestat,NTFS:\Users\User\AppData\Local\Microsoft\Edge\User Data\Edge Wallet\120.16992.16988.1\Wallet-Checkout\app-setup.js,-
2023-12-25T13:31:36.000000+00:00,Content Modification Time,FILE,File stat,NTFS:\Users\User\AppData\Local\Microsoft\Edge\User Data\Edge Wallet\120.16992.16988.1\Wallet-Checkout\wallet-drawer.html Type: file,filestat,NTFS:\Users\User\AppData\Local\Microsoft\Edge\User Data\Edge Wallet\120.16992.16988.1\Wallet-Checkout\wallet-drawer.html,-
2023-12-25T13:31:36.000000+00:00,Content Modification Time,FILE,File stat,NTFS:\Users\User\AppData\Local\Microsoft\Edge\User Data\Edge Wallet\120.16992.16988.1\bnpl\bnpl.bundle.js.LICENSE.txt Type: file,filestat,NTFS:\Users\User\AppData\Local\Microsoft\Edge\User Data\Edge Wallet\120.16992.16988.1\bnpl\bnpl.bundle.js.LICENSE.txt,-
2023-12-25T13:31:36.000000+00:00,Content Modification Time,FILE,File stat,NTFS:\Users\User\AppData\Local\Microsoft\Edge\User Data\Edge Wallet\120.16992.16988.1\bnpl_driver.js Type: file,filestat,NTFS:\Users\User\AppData\Local\Microsoft\Edge\User Data\Edge Wallet\120.16992.16988.1\bnpl_driver.js,-
2023-12-25T13:31:36.000000+00:00,Content Modification Time,FILE,File stat,NTFS:\Users\User\AppData\Local\Microsoft\Edge\User Data\Edge Wallet\120.16992.16988.1\crypto.bundle.js Type: file,filestat,NTFS:\Users\User\AppData\Local\Microsoft\Edge\User Data\Edge Wallet\120.16992.16988.1\crypto.bundle.js,-
2023-12-25T13:31:36.000000+00:00,Content Modification Time,FILE,File stat,NTFS:\Users\User\AppData\Local\Microsoft\Edge\User Data\Edge Wallet\120.16992.16988.1\json\i18n-ec\ar\strings.json Type: file,filestat,NTFS:\Users\User\AppData\Local\Microsoft\Edge\User Data\Edge Wallet\120.16992.16988.1\json\i18n-ec\ar\strings.json,-
2023-12-25T13:31:36.000000+00:00,Content Modification Time,FILE,File stat,NTFS:\Users\User\AppData\Local\Microsoft\Edge\User Data\Edge Wallet\120.16992.16988.1\json\i18n-ec\el\strings.json Type: file,filestat,NTFS:\Users\User\AppData\Local\Microsoft\Edge\User Data\Edge Wallet\120.16992.16988.1\json\i18n-ec\el\strings.json,-
2023-12-25T13:31:36.000000+00:00,Content Modification Time,FILE,File stat,NTFS:\Users\User\AppData\Local\Microsoft\Edge\User Data\Edge Wallet\120.16992.16988.1\json\i18n-ec\es\strings.json Type: file,filestat,NTFS:\Users\User\AppData\Local\Microsoft\Edge\User Data\Edge Wallet\120.16992.16988.1\json\i18n-ec\es\strings.json,-
2023-12-25T13:31:36.000000+00:00,Content Modification Time,FILE,File stat,NTFS:\Users\User\AppData\Local\Microsoft\Edge\User Data\Edge Wallet\120.16992.16988.1\json\i18n-ec\fr-CA\strings.json Type: file,filestat,NTFS:\Users\User\AppData\Local\Microsoft\Edge\User Data\Edge Wallet\120.16992.16988.1\json\i18n-ec\fr-CA\strings.json,-
2023-12-25T13:31:36.000000+00:00,Content Modification Time,FILE,File stat,NTFS:\Users\User\AppData\Local\Microsoft\Edge\User Data\Edge Wallet\120.16992.16988.1\json\i18n-ec\it\strings.json Type: file,filestat,NTFS:\Users\User\AppData\Local\Microsoft\Edge\User Data\Edge Wallet\120.16992.16988.1\json\i18n-ec\it\strings.json,-
2023-12-25T13:31:36.000000+00:00,Content Modification Time,FILE,File stat,NTFS:\Users\User\AppData\Local\Microsoft\Edge\User Data\Edge Wallet\120.16992.16988.1\json\i18n-ec\nl\strings.json Type: file,filestat,NTFS:\Users\User\AppData\Local\Microsoft\Edge\User Data\Edge Wallet\120.16992.16988.1\json\i18n-ec\nl\strings.json,-
2023-12-25T13:31:36.000000+00:00,Content Modification Time,FILE,File stat,NTFS:\Users\User\AppData\Local\Microsoft\Edge\User Data\Edge Wallet\120.16992.16988.1\json\i18n-ec\pt-BR\strings.json Type: file,filestat,NTFS:\Users\User\AppData\Local\Microsoft\Edge\User Data\Edge Wallet\120.16992.16988.1\json\i18n-ec\pt-BR\strings.json,-
2023-12-25T13:31:36.000000+00:00,Content Modification Time,FILE,File stat,NTFS:\Users\User\AppData\Local\Microsoft\Edge\User Data\Edge Wallet\120.16992.16988.1\json\i18n-ec\pt-PT\strings.json Type: file,filestat,NTFS:\Users\User\AppData\Local\Microsoft\Edge\User Data\Edge Wallet\120.16992.16988.1\json\i18n-ec\pt-PT\strings.json,-
2023-12-25T13:31:36.000000+00:00,Content Modification Time,FILE,File stat,NTFS:\Users\User\AppData\Local\Microsoft\Edge\User Data\Edge Wallet\120.16992.16988.1\json\i18n-ec\zh-Hans\strings.json Type: file,filestat,NTFS:\Users\User\AppData\Local\Microsoft\Edge\User Data\Edge Wallet\120.16992.16988.1\json\i18n-ec\zh-Hans\strings.json,-
2023-12-25T13:31:36.000000+00:00,Content Modification Time,FILE,File stat,NTFS:\Users\User\AppData\Local\Microsoft\Edge\User Data\Edge Wallet\120.16992.16988.1\json\i18n-hub\ja\strings.json Type: file,filestat,NTFS:\Users\User\AppData\Local\Microsoft\Edge\User Data\Edge Wallet\120.16992.16988.1\json\i18n-hub\ja\strings.json,-
2023-12-25T13:31:36.000000+00:00,Content Modification Time,FILE,File stat,NTFS:\Users\User\AppData\Local\Microsoft\Edge\User Data\Edge Wallet\120.16992.16988.1\json\i18n-hub\zh-Hans\strings.json Type: file,filestat,NTFS:\Users\User\AppData\Local\Microsoft\Edge\User Data\Edge Wallet\120.16992.16988.1\json\i18n-hub\zh-Hans\strings.json,-
2023-12-25T13:31:36.000000+00:00,Content Modification Time,FILE,File stat,NTFS:\Users\User\AppData\Local\Microsoft\Edge\User Data\Edge Wallet\120.16992.16988.1\json\i18n-hub\zh-Hant\strings.json Type: file,filestat,NTFS:\Users\User\AppData\Local\Microsoft\Edge\User Data\Edge Wallet\120.16992.16988.1\json\i18n-hub\zh-Hant\strings.json,-
2023-12-25T13:31:36.000000+00:00,Content Modification Time,FILE,File stat,NTFS:\Users\User\AppData\Local\Microsoft\Edge\User Data\Edge Wallet\120.16992.16988.1\json\i18n-mobile-hub\fr-CA\strings.json Type: file,filestat,NTFS:\Users\User\AppData\Local\Microsoft\Edge\User Data\Edge Wallet\120.16992.16988.1\json\i18n-mobile-hub\fr-CA\strings.json,-
2023-12-25T13:31:36.000000+00:00,Content Modification Time,FILE,File stat,NTFS:\Users\User\AppData\Local\Microsoft\Edge\User Data\Edge Wallet\120.16992.16988.1\json\i18n-mobile-hub\it\strings.json Type: file,filestat,NTFS:\Users\User\AppData\Local\Microsoft\Edge\User Data\Edge Wallet\120.16992.16988.1\json\i18n-mobile-hub\it\strings.json,-
2023-12-25T13:31:36.000000+00:00,Content Modification Time,FILE,File stat,NTFS:\Users\User\AppData\Local\Microsoft\Edge\User Data\Edge Wallet\120.16992.16988.1\json\i18n-mobile-hub\ja\strings.json Type: file,filestat,NTFS:\Users\User\AppData\Local\Microsoft\Edge\User Data\Edge Wallet\120.16992.16988.1\json\i18n-mobile-hub\ja\strings.json,-
2023-12-25T13:31:36.000000+00:00,Content Modification Time,FILE,File stat,NTFS:\Users\User\AppData\Local\Microsoft\Edge\User Data\Edge Wallet\120.16992.16988.1\json\i18n-mobile-hub\pt-BR\strings.json Type: file,filestat,NTFS:\Users\User\AppData\Local\Microsoft\Edge\User Data\Edge Wallet\120.16992.16988.1\json\i18n-mobile-hub\pt-BR\strings.json,-
2023-12-25T13:31:36.000000+00:00,Content Modification Time,FILE,File stat,NTFS:\Users\User\AppData\Local\Microsoft\Edge\User Data\Edge Wallet\120.16992.16988.1\json\i18n-mobile-hub\ru\strings.json Type: file,filestat,NTFS:\Users\User\AppData\Local\Microsoft\Edge\User Data\Edge Wallet\120.16992.16988.1\json\i18n-mobile-hub\ru\strings.json,-
2023-12-25T13:31:36.000000+00:00,Content Modification Time,FILE,File stat,NTFS:\Users\User\AppData\Local\Microsoft\Edge\User Data\Edge Wallet\120.16992.16988.1\json\i18n-notification-shared\es\strings.json Type: file,filestat,NTFS:\Users\User\AppData\Local\Microsoft\Edge\User Data\Edge Wallet\120.16992.16988.1\json\i18n-notification-shared\es\strings.json,-
2023-12-25T13:31:36.000000+00:00,Content Modification Time,FILE,File stat,NTFS:\Users\User\AppData\Local\Microsoft\Edge\User Data\Edge Wallet\120.16992.16988.1\json\i18n-notification-shared\fr\strings.json Type: file,filestat,NTFS:\Users\User\AppData\Local\Microsoft\Edge\User Data\Edge Wallet\120.16992.16988.1\json\i18n-notification-shared\fr\strings.json,-
2023-12-25T13:31:36.000000+00:00,Content Modification Time,FILE,File stat,NTFS:\Users\User\AppData\Local\Microsoft\Edge\User Data\Edge Wallet\120.16992.16988.1\json\i18n-notification-shared\id\strings.json Type: file,filestat,NTFS:\Users\User\AppData\Local\Microsoft\Edge\User Data\Edge Wallet\120.16992.16988.1\json\i18n-notification-shared\id\strings.json,-
2023-12-25T13:31:36.000000+00:00,Content Modification Time,FILE,File stat,NTFS:\Users\User\AppData\Local\Microsoft\Edge\User Data\Edge Wallet\120.16992.16988.1\json\i18n-notification-shared\sv\strings.json Type: file,filestat,NTFS:\Users\User\AppData\Local\Microsoft\Edge\User Data\Edge Wallet\120.16992.16988.1\json\i18n-notification-shared\sv\strings.json,-
2023-12-25T13:31:36.000000+00:00,Content Modification Time,FILE,File stat,NTFS:\Users\User\AppData\Local\Microsoft\Edge\User Data\Edge Wallet\120.16992.16988.1\json\i18n-shared-components\ar\strings.json Type: file,filestat,NTFS:\Users\User\AppData\Local\Microsoft\Edge\User Data\Edge Wallet\120.16992.16988.1\json\i18n-shared-components\ar\strings.json,-
2023-12-25T13:31:36.000000+00:00,Content Modification Time,FILE,File stat,NTFS:\Users\User\AppData\Local\Microsoft\Edge\User Data\Edge Wallet\120.16992.16988.1\json\i18n-shared-components\el\strings.json Type: file,filestat,NTFS:\Users\User\AppData\Local\Microsoft\Edge\User Data\Edge Wallet\120.16992.16988.1\json\i18n-shared-components\el\strings.json,-
2023-12-25T13:31:36.000000+00:00,Content Modification Time,FILE,File stat,NTFS:\Users\User\AppData\Local\Microsoft\Edge\User Data\Edge Wallet\120.16992.16988.1\json\i18n-shared-components\en-GB\strings.json Type: file,filestat,NTFS:\Users\User\AppData\Local\Microsoft\Edge\User Data\Edge Wallet\120.16992.16988.1\json\i18n-shared-components\en-GB\strings.json,-
2023-12-25T13:31:36.000000+00:00,Content Modification Time,FILE,File stat,NTFS:\Users\User\AppData\Local\Microsoft\Edge\User Data\Edge Wallet\120.16992.16988.1\json\i18n-shared-components\id\strings.json Type: file,filestat,NTFS:\Users\User\AppData\Local\Microsoft\Edge\User Data\Edge Wallet\120.16992.16988.1\json\i18n-shared-components\id\strings.json,-
2023-12-25T13:31:36.000000+00:00,Content Modification Time,FILE,File stat,NTFS:\Users\User\AppData\Local\Microsoft\Edge\User Data\Edge Wallet\120.16992.16988.1\json\i18n-shared-components\nl\strings.json Type: file,filestat,NTFS:\Users\User\AppData\Local\Microsoft\Edge\User Data\Edge Wallet\120.16992.16988.1\json\i18n-shared-components\nl\strings.json,-
2023-12-25T13:31:36.000000+00:00,Content Modification Time,FILE,File stat,NTFS:\Users\User\AppData\Local\Microsoft\Edge\User Data\Edge Wallet\120.16992.16988.1\json\i18n-shared-components\pt-BR\strings.json Type: file,filestat,NTFS:\Users\User\AppData\Local\Microsoft\Edge\User Data\Edge Wallet\120.16992.16988.1\json\i18n-shared-components\pt-BR\strings.json,-
2023-12-25T13:31:36.000000+00:00,Content Modification Time,FILE,File stat,NTFS:\Users\User\AppData\Local\Microsoft\Edge\User Data\Edge Wallet\120.16992.16988.1\json\i18n-shared-components\ru\strings.json Type: file,filestat,NTFS:\Users\User\AppData\Local\Microsoft\Edge\User Data\Edge Wallet\120.16992.16988.1\json\i18n-shared-components\ru\strings.json,-
2023-12-25T13:31:36.000000+00:00,Content Modification Time,FILE,File stat,NTFS:\Users\User\AppData\Local\Microsoft\Edge\User Data\Edge Wallet\120.16992.16988.1\json\i18n-tokenized-card\ar\strings.json Type: file,filestat,NTFS:\Users\User\AppData\Local\Microsoft\Edge\User Data\Edge Wallet\120.16992.16988.1\json\i18n-tokenized-card\ar\strings.json,-
2023-12-25T13:31:36.000000+00:00,Content Modification Time,FILE,File stat,NTFS:\Users\User\AppData\Local\Microsoft\Edge\User Data\Edge Wallet\120.16992.16988.1\json\i18n-tokenized-card\pt-PT\strings.json Type: file,filestat,NTFS:\Users\User\AppData\Local\Microsoft\Edge\User Data\Edge Wallet\120.16992.16988.1\json\i18n-tokenized-card\pt-PT\strings.json,-
2023-12-25T13:31:36.000000+00:00,Content Modification Time,FILE,File stat,NTFS:\Users\User\AppData\Local\Microsoft\Edge\User Data\Edge Wallet\120.16992.16988.1\json\i18n-tokenized-card\zh-Hant\strings.json Type: file,filestat,NTFS:\Users\User\AppData\Local\Microsoft\Edge\User Data\Edge Wallet\120.16992.16988.1\json\i18n-tokenized-card\zh-Hant\strings.json,-
2023-12-25T13:31:36.000000+00:00,Content Modification Time,FILE,File stat,NTFS:\Users\User\AppData\Local\Microsoft\Edge\User Data\Edge Wallet\120.16992.16988.1\json\wallet\README.md Type: file,filestat,NTFS:\Users\User\AppData\Local\Microsoft\Edge\User Data\Edge Wallet\120.16992.16988.1\json\wallet\README.md,-
2023-12-25T13:31:36.000000+00:00,Content Modification Time,FILE,File stat,NTFS:\Users\User\AppData\Local\Microsoft\Edge\User Data\Edge Wallet\120.16992.16988.1\json\wallet\wallet-notification-config.json Type: file,filestat,NTFS:\Users\User\AppData\Local\Microsoft\Edge\User Data\Edge Wallet\120.16992.16988.1\json\wallet\wallet-notification-config.json,-
2023-12-25T13:31:36.000000+00:00,Content Modification Time,FILE,File stat,NTFS:\Users\User\AppData\Local\Microsoft\Edge\User Data\Edge Wallet\120.16992.16988.1\json\wallet\wallet-tokenization-config.json Type: file,filestat,NTFS:\Users\User\AppData\Local\Microsoft\Edge\User Data\Edge Wallet\120.16992.16988.1\json\wallet\wallet-tokenization-config.json,-
2023-12-25T13:31:36.000000+00:00,Content Modification Time,FILE,File stat,NTFS:\Users\User\AppData\Local\Microsoft\Edge\User Data\Edge Wallet\120.16992.16988.1\load-hub-i18n.bundle.js Type: file,filestat,NTFS:\Users\User\AppData\Local\Microsoft\Edge\User Data\Edge Wallet\120.16992.16988.1\load-hub-i18n.bundle.js,-
2023-12-25T13:31:36.000000+00:00,Content Modification Time,FILE,File stat,NTFS:\Users\User\AppData\Local\Microsoft\Edge\User Data\Edge Wallet\120.16992.16988.1\manifest.webapp.json Type: file,filestat,NTFS:\Users\User\AppData\Local\Microsoft\Edge\User Data\Edge Wallet\120.16992.16988.1\manifest.webapp.json,-
2023-12-25T13:31:36.000000+00:00,Content Modification Time,FILE,File stat,NTFS:\Users\User\AppData\Local\Microsoft\Edge\User Data\Edge Wallet\120.16992.16988.1\runtime.bundle.js Type: file,filestat,NTFS:\Users\User\AppData\Local\Microsoft\Edge\User Data\Edge Wallet\120.16992.16988.1\runtime.bundle.js,-
2023-12-25T13:31:36.000000+00:00,Content Modification Time,FILE,File stat,NTFS:\Users\User\AppData\Local\Microsoft\Edge\User Data\Edge Wallet\120.16992.16988.1\shopping_iframe_driver.js Type: file,filestat,NTFS:\Users\User\AppData\Local\Microsoft\Edge\User Data\Edge Wallet\120.16992.16988.1\shopping_iframe_driver.js,-
2023-12-25T13:31:36.000000+00:00,Content Modification Time,FILE,File stat,NTFS:\Users\User\AppData\Local\Microsoft\Edge\User Data\Edge Wallet\120.16992.16988.1\vendor.bundle.js.LICENSE.txt Type: file,filestat,NTFS:\Users\User\AppData\Local\Microsoft\Edge\User Data\Edge Wallet\120.16992.16988.1\vendor.bundle.js.LICENSE.txt,-
2023-12-25T13:31:36.000000+00:00,Content Modification Time,FILE,File stat,NTFS:\Users\User\AppData\Local\Microsoft\Edge\User Data\Edge Wallet\120.16992.16988.1\wallet-icon.svg Type: file,filestat,NTFS:\Users\User\AppData\Local\Microsoft\Edge\User Data\Edge Wallet\120.16992.16988.1\wallet-icon.svg,-
2023-12-25T13:31:36.000000+00:00,Content Modification Time,FILE,File stat,NTFS:\Users\User\AppData\Local\Microsoft\Edge\User Data\Edge Wallet\120.16992.16988.1\wallet.html Type: file,filestat,NTFS:\Users\User\AppData\Local\Microsoft\Edge\User Data\Edge Wallet\120.16992.16988.1\wallet.html,-
2023-12-25T13:31:38.000000+00:00,Content Modification Time,FILE,File stat,NTFS:\Users\User\AppData\Local\Microsoft\Edge\User Data\Edge Wallet\120.16992.16988.1\Mini-Wallet\_manifest\spdx_2.2\bsi.json Type: file,filestat,NTFS:\Users\User\AppData\Local\Microsoft\Edge\User Data\Edge Wallet\120.16992.16988.1\Mini-Wallet\_manifest\spdx_2.2\bsi.json,-
2023-12-25T13:31:38.000000+00:00,Content Modification Time,FILE,File stat,NTFS:\Users\User\AppData\Local\Microsoft\Edge\User Data\Edge Wallet\120.16992.16988.1\Mini-Wallet\_manifest\spdx_2.2\manifest.cat Type: file,filestat,NTFS:\Users\User\AppData\Local\Microsoft\Edge\User Data\Edge Wallet\120.16992.16988.1\Mini-Wallet\_manifest\spdx_2.2\manifest.cat,-
2023-12-25T13:31:38.000000+00:00,Content Modification Time,FILE,File stat,NTFS:\Users\User\AppData\Local\Microsoft\Edge\User Data\Edge Wallet\120.16992.16988.1\Mini-Wallet\_manifest\spdx_2.2\manifest.spdx.json Type: file,filestat,NTFS:\Users\User\AppData\Local\Microsoft\Edge\User Data\Edge Wallet\120.16992.16988.1\Mini-Wallet\_manifest\spdx_2.2\manifest.spdx.json,-
2023-12-25T13:31:38.000000+00:00,Content Modification Time,FILE,File stat,NTFS:\Users\User\AppData\Local\Microsoft\Edge\User Data\Edge Wallet\120.16992.16988.1\Mini-Wallet\_manifest\spdx_2.2\manifest.spdx.json.sha256 Type: file,filestat,NTFS:\Users\User\AppData\Local\Microsoft\Edge\User Data\Edge Wallet\120.16992.16988.1\Mini-Wallet\_manifest\spdx_2.2\manifest.spdx.json.sha256,-
2023-12-25T13:31:38.000000+00:00,Content Modification Time,FILE,File stat,NTFS:\Users\User\AppData\Local\Microsoft\Edge\User Data\Edge Wallet\120.16992.16988.1\Mini-Wallet\miniwallet.bundle.js Type: file,filestat,NTFS:\Users\User\AppData\Local\Microsoft\Edge\User Data\Edge Wallet\120.16992.16988.1\Mini-Wallet\miniwallet.bundle.js,-
2023-12-25T13:31:38.000000+00:00,Content Modification Time,FILE,File stat,NTFS:\Users\User\AppData\Local\Microsoft\Edge\User Data\Edge Wallet\120.16992.16988.1\Mini-Wallet\miniwallet.bundle.js.LICENSE.txt Type: file,filestat,NTFS:\Users\User\AppData\Local\Microsoft\Edge\User Data\Edge Wallet\120.16992.16988.1\Mini-Wallet\miniwallet.bundle.js.LICENSE.txt,-
2023-12-25T13:31:38.000000+00:00,Content Modification Time,FILE,File stat,NTFS:\Users\User\AppData\Local\Microsoft\Edge\User Data\Edge Wallet\120.16992.16988.1\Notification\_manifest\spdx_2.2\bsi.json Type: file,filestat,NTFS:\Users\User\AppData\Local\Microsoft\Edge\User Data\Edge Wallet\120.16992.16988.1\Notification\_manifest\spdx_2.2\bsi.json,-
2023-12-25T13:31:38.000000+00:00,Content Modification Time,FILE,File stat,NTFS:\Users\User\AppData\Local\Microsoft\Edge\User Data\Edge Wallet\120.16992.16988.1\Notification\_manifest\spdx_2.2\manifest.spdx.json Type: file,filestat,NTFS:\Users\User\AppData\Local\Microsoft\Edge\User Data\Edge Wallet\120.16992.16988.1\Notification\_manifest\spdx_2.2\manifest.spdx.json,-
2023-12-25T13:31:38.000000+00:00,Content Modification Time,FILE,File stat,NTFS:\Users\User\AppData\Local\Microsoft\Edge\User Data\Edge Wallet\120.16992.16988.1\Notification\_manifest\spdx_2.2\manifest.spdx.json.sha256 Type: file,filestat,NTFS:\Users\User\AppData\Local\Microsoft\Edge\User Data\Edge Wallet\120.16992.16988.1\Notification\_manifest\spdx_2.2\manifest.spdx.json.sha256,-
2023-12-25T13:31:38.000000+00:00,Content Modification Time,FILE,File stat,NTFS:\Users\User\AppData\Local\Microsoft\Edge\User Data\Edge Wallet\120.16992.16988.1\Notification\notification.bundle.js Type: file,filestat,NTFS:\Users\User\AppData\Local\Microsoft\Edge\User Data\Edge Wallet\120.16992.16988.1\Notification\notification.bundle.js,-
2023-12-25T13:31:38.000000+00:00,Content Modification Time,FILE,File stat,NTFS:\Users\User\AppData\Local\Microsoft\Edge\User Data\Edge Wallet\120.16992.16988.1\Notification\notification.bundle.js.LICENSE.txt Type: file,filestat,NTFS:\Users\User\AppData\Local\Microsoft\Edge\User Data\Edge Wallet\120.16992.16988.1\Notification\notification.bundle.js.LICENSE.txt,-
2023-12-25T13:31:38.000000+00:00,Content Modification Time,FILE,File stat,NTFS:\Users\User\AppData\Local\Microsoft\Edge\User Data\Edge Wallet\120.16992.16988.1\Notification\notification_fast.bundle.js Type: file,filestat,NTFS:\Users\User\AppData\Local\Microsoft\Edge\User Data\Edge Wallet\120.16992.16988.1\Notification\notification_fast.bundle.js,-
2023-12-25T13:31:38.000000+00:00,Content Modification Time,FILE,File stat,NTFS:\Users\User\AppData\Local\Microsoft\Edge\User Data\Edge Wallet\120.16992.16988.1\Notification\notification_fast.bundle.js.LICENSE.txt Type: file,filestat,NTFS:\Users\User\AppData\Local\Microsoft\Edge\User Data\Edge Wallet\120.16992.16988.1\Notification\notification_fast.bundle.js.LICENSE.txt,-
2023-12-25T13:31:38.000000+00:00,Content Modification Time,FILE,File stat,NTFS:\Users\User\AppData\Local\Microsoft\Edge\User Data\Edge Wallet\120.16992.16988.1\Notification\notification_fast.html Type: file,filestat,NTFS:\Users\User\AppData\Local\Microsoft\Edge\User Data\Edge Wallet\120.16992.16988.1\Notification\notification_fast.html,-
2023-12-25T13:31:38.000000+00:00,Content Modification Time,FILE,File stat,NTFS:\Users\User\AppData\Local\Microsoft\Edge\User Data\Edge Wallet\120.16992.16988.1\Tokenized-Card\_manifest\spdx_2.2\manifest.spdx.json Type: file,filestat,NTFS:\Users\User\AppData\Local\Microsoft\Edge\User Data\Edge Wallet\120.16992.16988.1\Tokenized-Card\_manifest\spdx_2.2\manifest.spdx.json,-
2023-12-25T13:31:38.000000+00:00,Content Modification Time,FILE,File stat,NTFS:\Users\User\AppData\Local\Microsoft\Edge\User Data\Edge Wallet\120.16992.16988.1\Tokenized-Card\_manifest\spdx_2.2\manifest.spdx.json.sha256 Type: file,filestat,NTFS:\Users\User\AppData\Local\Microsoft\Edge\User Data\Edge Wallet\120.16992.16988.1\Tokenized-Card\_manifest\spdx_2.2\manifest.spdx.json.sha256,-
2023-12-25T13:31:38.000000+00:00,Content Modification Time,FILE,File stat,NTFS:\Users\User\AppData\Local\Microsoft\Edge\User Data\Edge Wallet\120.16992.16988.1\Tokenized-Card\tokenized-card.bundle.js Type: file,filestat,NTFS:\Users\User\AppData\Local\Microsoft\Edge\User Data\Edge Wallet\120.16992.16988.1\Tokenized-Card\tokenized-card.bundle.js,-
2023-12-25T13:31:38.000000+00:00,Content Modification Time,FILE,File stat,NTFS:\Users\User\AppData\Local\Microsoft\Edge\User Data\Edge Wallet\120.16992.16988.1\Tokenized-Card\tokenized-card.bundle.js.LICENSE.txt Type: file,filestat,NTFS:\Users\User\AppData\Local\Microsoft\Edge\User Data\Edge Wallet\120.16992.16988.1\Tokenized-Card\tokenized-card.bundle.js.LICENSE.txt,-
2023-12-25T13:31:38.000000+00:00,Content Modification Time,FILE,File stat,NTFS:\Users\User\AppData\Local\Microsoft\Edge\User Data\Edge Wallet\120.16992.16988.1\Tokenized-Card\tokenized-card.html Type: file,filestat,NTFS:\Users\User\AppData\Local\Microsoft\Edge\User Data\Edge Wallet\120.16992.16988.1\Tokenized-Card\tokenized-card.html,-
2023-12-25T13:31:38.000000+00:00,Content Modification Time,FILE,File stat,NTFS:\Users\User\AppData\Local\Microsoft\Edge\User Data\Edge Wallet\120.16992.16988.1\Wallet-Checkout\_manifest\spdx_2.2\bsi.json Type: file,filestat,NTFS:\Users\User\AppData\Local\Microsoft\Edge\User Data\Edge Wallet\120.16992.16988.1\Wallet-Checkout\_manifest\spdx_2.2\bsi.json,-
2023-12-25T13:31:38.000000+00:00,Content Modification Time,FILE,File stat,NTFS:\Users\User\AppData\Local\Microsoft\Edge\User Data\Edge Wallet\120.16992.16988.1\Wallet-Checkout\_manifest\spdx_2.2\manifest.cat Type: file,filestat,NTFS:\Users\User\AppData\Local\Microsoft\Edge\User Data\Edge Wallet\120.16992.16988.1\Wallet-Checkout\_manifest\spdx_2.2\manifest.cat,-
2023-12-25T13:31:38.000000+00:00,Content Modification Time,FILE,File stat,NTFS:\Users\User\AppData\Local\Microsoft\Edge\User Data\Edge Wallet\120.16992.16988.1\Wallet-Checkout\_manifest\spdx_2.2\manifest.spdx.json Type: file,filestat,NTFS:\Users\User\AppData\Local\Microsoft\Edge\User Data\Edge Wallet\120.16992.16988.1\Wallet-Checkout\_manifest\spdx_2.2\manifest.spdx.json,-
2023-12-25T13:31:38.000000+00:00,Content Modification Time,FILE,File stat,NTFS:\Users\User\AppData\Local\Microsoft\Edge\User Data\Edge Wallet\120.16992.16988.1\Wallet-Checkout\_manifest\spdx_2.2\manifest.spdx.json.sha256 Type: file,filestat,NTFS:\Users\User\AppData\Local\Microsoft\Edge\User Data\Edge Wallet\120.16992.16988.1\Wallet-Checkout\_manifest\spdx_2.2\manifest.spdx.json.sha256,-
2023-12-25T13:31:38.000000+00:00,Content Modification Time,FILE,File stat,NTFS:\Users\User\AppData\Local\Microsoft\Edge\User Data\Edge Wallet\120.16992.16988.1\Wallet-Checkout\load-ec-i18n.bundle.js Type: file,filestat,NTFS:\Users\User\AppData\Local\Microsoft\Edge\User Data\Edge Wallet\120.16992.16988.1\Wallet-Checkout\load-ec-i18n.bundle.js,-
2023-12-25T13:31:38.000000+00:00,Content Modification Time,FILE,File stat,NTFS:\Users\User\AppData\Local\Microsoft\Edge\User Data\Edge Wallet\120.16992.16988.1\Wallet-Checkout\wallet-drawer.bundle.js Type: file,filestat,NTFS:\Users\User\AppData\Local\Microsoft\Edge\User Data\Edge Wallet\120.16992.16988.1\Wallet-Checkout\wallet-drawer.bundle.js,-
2023-12-25T13:31:38.000000+00:00,Content Modification Time,FILE,File stat,NTFS:\Users\User\AppData\Local\Microsoft\Edge\User Data\Edge Wallet\120.16992.16988.1\Wallet-Checkout\wallet-drawer.bundle.js.LICENSE.txt Type: file,filestat,NTFS:\Users\User\AppData\Local\Microsoft\Edge\User Data\Edge Wallet\120.16992.16988.1\Wallet-Checkout\wallet-drawer.bundle.js.LICENSE.txt,-
2023-12-25T13:31:38.000000+00:00,Content Modification Time,FILE,File stat,NTFS:\Users\User\AppData\Local\Microsoft\Edge\User Data\Edge Wallet\120.16992.16988.1\_manifest\spdx_2.2\bsi.json Type: file,filestat,NTFS:\Users\User\AppData\Local\Microsoft\Edge\User Data\Edge Wallet\120.16992.16988.1\_manifest\spdx_2.2\bsi.json,-
2023-12-25T13:31:38.000000+00:00,Content Modification Time,FILE,File stat,NTFS:\Users\User\AppData\Local\Microsoft\Edge\User Data\Edge Wallet\120.16992.16988.1\_manifest\spdx_2.2\manifest.cat Type: file,filestat,NTFS:\Users\User\AppData\Local\Microsoft\Edge\User Data\Edge Wallet\120.16992.16988.1\_manifest\spdx_2.2\manifest.cat,-
2023-12-25T13:31:38.000000+00:00,Content Modification Time,FILE,File stat,NTFS:\Users\User\AppData\Local\Microsoft\Edge\User Data\Edge Wallet\120.16992.16988.1\_manifest\spdx_2.2\manifest.spdx.json Type: file,filestat,NTFS:\Users\User\AppData\Local\Microsoft\Edge\User Data\Edge Wallet\120.16992.16988.1\_manifest\spdx_2.2\manifest.spdx.json,-
2023-12-25T13:31:38.000000+00:00,Content Modification Time,FILE,File stat,NTFS:\Users\User\AppData\Local\Microsoft\Edge\User Data\Edge Wallet\120.16992.16988.1\_manifest\spdx_2.2\manifest.spdx.json.sha256 Type: file,filestat,NTFS:\Users\User\AppData\Local\Microsoft\Edge\User Data\Edge Wallet\120.16992.16988.1\_manifest\spdx_2.2\manifest.spdx.json.sha256,-
2023-12-25T13:31:38.000000+00:00,Content Modification Time,FILE,File stat,NTFS:\Users\User\AppData\Local\Microsoft\Edge\User Data\Edge Wallet\120.16992.16988.1\app-setup.js Type: file,filestat,NTFS:\Users\User\AppData\Local\Microsoft\Edge\User Data\Edge Wallet\120.16992.16988.1\app-setup.js,-
2023-12-25T13:31:38.000000+00:00,Content Modification Time,FILE,File stat,NTFS:\Users\User\AppData\Local\Microsoft\Edge\User Data\Edge Wallet\120.16992.16988.1\bnpl\bnpl.bundle.js Type: file,filestat,NTFS:\Users\User\AppData\Local\Microsoft\Edge\User Data\Edge Wallet\120.16992.16988.1\bnpl\bnpl.bundle.js,-
2023-12-25T13:31:38.000000+00:00,Content Modification Time,FILE,File stat,NTFS:\Users\User\AppData\Local\Microsoft\Edge\User Data\Edge Wallet\120.16992.16988.1\bnpl\bnpl.html Type: file,filestat,NTFS:\Users\User\AppData\Local\Microsoft\Edge\User Data\Edge Wallet\120.16992.16988.1\bnpl\bnpl.html,-
2023-12-25T13:31:38.000000+00:00,Content Modification Time,FILE,File stat,NTFS:\Users\User\AppData\Local\Microsoft\Edge\User Data\Edge Wallet\120.16992.16988.1\buynow_driver.js Type: file,filestat,NTFS:\Users\User\AppData\Local\Microsoft\Edge\User Data\Edge Wallet\120.16992.16988.1\buynow_driver.js,-
2023-12-25T13:31:38.000000+00:00,Content Modification Time,FILE,File stat,NTFS:\Users\User\AppData\Local\Microsoft\Edge\User Data\Edge Wallet\120.16992.16988.1\edge_driver.js Type: file,filestat,NTFS:\Users\User\AppData\Local\Microsoft\Edge\User Data\Edge Wallet\120.16992.16988.1\edge_driver.js,-
2023-12-25T13:31:38.000000+00:00,Content Modification Time,FILE,File stat,NTFS:\Users\User\AppData\Local\Microsoft\Edge\User Data\Edge Wallet\120.16992.16988.1\json\i18n-ec\de\strings.json Type: file,filestat,NTFS:\Users\User\AppData\Local\Microsoft\Edge\User Data\Edge Wallet\120.16992.16988.1\json\i18n-ec\de\strings.json,-
2023-12-25T13:31:38.000000+00:00,Content Modification Time,FILE,File stat,NTFS:\Users\User\AppData\Local\Microsoft\Edge\User Data\Edge Wallet\120.16992.16988.1\json\i18n-ec\en-GB\strings.json Type: file,filestat,NTFS:\Users\User\AppData\Local\Microsoft\Edge\User Data\Edge Wallet\120.16992.16988.1\json\i18n-ec\en-GB\strings.json,-
2023-12-25T13:31:38.000000+00:00,Content Modification Time,FILE,File stat,NTFS:\Users\User\AppData\Local\Microsoft\Edge\User Data\Edge Wallet\120.16992.16988.1\json\i18n-ec\fi\strings.json Type: file,filestat,NTFS:\Users\User\AppData\Local\Microsoft\Edge\User Data\Edge Wallet\120.16992.16988.1\json\i18n-ec\fi\strings.json,-
2023-12-25T13:31:38.000000+00:00,Content Modification Time,FILE,File stat,NTFS:\Users\User\AppData\Local\Microsoft\Edge\User Data\Edge Wallet\120.16992.16988.1\json\i18n-ec\fr\strings.json Type: file,filestat,NTFS:\Users\User\AppData\Local\Microsoft\Edge\User Data\Edge Wallet\120.16992.16988.1\json\i18n-ec\fr\strings.json,-
2023-12-25T13:31:38.000000+00:00,Content Modification Time,FILE,File stat,NTFS:\Users\User\AppData\Local\Microsoft\Edge\User Data\Edge Wallet\120.16992.16988.1\json\i18n-ec\id\strings.json Type: file,filestat,NTFS:\Users\User\AppData\Local\Microsoft\Edge\User Data\Edge Wallet\120.16992.16988.1\json\i18n-ec\id\strings.json,-
2023-12-25T13:31:38.000000+00:00,Content Modification Time,FILE,File stat,NTFS:\Users\User\AppData\Local\Microsoft\Edge\User Data\Edge Wallet\120.16992.16988.1\json\i18n-ec\ja\strings.json Type: file,filestat,NTFS:\Users\User\AppData\Local\Microsoft\Edge\User Data\Edge Wallet\120.16992.16988.1\json\i18n-ec\ja\strings.json,-
2023-12-25T13:31:38.000000+00:00,Content Modification Time,FILE,File stat,NTFS:\Users\User\AppData\Local\Microsoft\Edge\User Data\Edge Wallet\120.16992.16988.1\json\i18n-ec\ru\strings.json Type: file,filestat,NTFS:\Users\User\AppData\Local\Microsoft\Edge\User Data\Edge Wallet\120.16992.16988.1\json\i18n-ec\ru\strings.json,-
2023-12-25T13:31:38.000000+00:00,Content Modification Time,FILE,File stat,NTFS:\Users\User\AppData\Local\Microsoft\Edge\User Data\Edge Wallet\120.16992.16988.1\json\i18n-ec\sv\strings.json Type: file,filestat,NTFS:\Users\User\AppData\Local\Microsoft\Edge\User Data\Edge Wallet\120.16992.16988.1\json\i18n-ec\sv\strings.json,-
2023-12-25T13:31:38.000000+00:00,Content Modification Time,FILE,File stat,NTFS:\Users\User\AppData\Local\Microsoft\Edge\User Data\Edge Wallet\120.16992.16988.1\json\i18n-ec\zh-Hant\strings.json Type: file,filestat,NTFS:\Users\User\AppData\Local\Microsoft\Edge\User Data\Edge Wallet\120.16992.16988.1\json\i18n-ec\zh-Hant\strings.json,-
2023-12-25T13:31:38.000000+00:00,Content Modification Time,FILE,File stat,NTFS:\Users\User\AppData\Local\Microsoft\Edge\User Data\Edge Wallet\120.16992.16988.1\json\i18n-hub\ar\strings.json Type: file,filestat,NTFS:\Users\User\AppData\Local\Microsoft\Edge\User Data\Edge Wallet\120.16992.16988.1\json\i18n-hub\ar\strings.json,-
2023-12-25T13:31:38.000000+00:00,Content Modification Time,FILE,File stat,NTFS:\Users\User\AppData\Local\Microsoft\Edge\User Data\Edge Wallet\120.16992.16988.1\json\i18n-hub\de\strings.json Type: file,filestat,NTFS:\Users\User\AppData\Local\Microsoft\Edge\User Data\Edge Wallet\120.16992.16988.1\json\i18n-hub\de\strings.json,-
2023-12-25T13:31:38.000000+00:00,Content Modification Time,FILE,File stat,NTFS:\Users\User\AppData\Local\Microsoft\Edge\User Data\Edge Wallet\120.16992.16988.1\json\i18n-hub\el\strings.json Type: file,filestat,NTFS:\Users\User\AppData\Local\Microsoft\Edge\User Data\Edge Wallet\120.16992.16988.1\json\i18n-hub\el\strings.json,-
2023-12-25T13:31:38.000000+00:00,Content Modification Time,FILE,File stat,NTFS:\Users\User\AppData\Local\Microsoft\Edge\User Data\Edge Wallet\120.16992.16988.1\json\i18n-hub\en-GB\strings.json Type: file,filestat,NTFS:\Users\User\AppData\Local\Microsoft\Edge\User Data\Edge Wallet\120.16992.16988.1\json\i18n-hub\en-GB\strings.json,-
2023-12-25T13:31:38.000000+00:00,Content Modification Time,FILE,File stat,NTFS:\Users\User\AppData\Local\Microsoft\Edge\User Data\Edge Wallet\120.16992.16988.1\json\i18n-hub\es\strings.json Type: file,filestat,NTFS:\Users\User\AppData\Local\Microsoft\Edge\User Data\Edge Wallet\120.16992.16988.1\json\i18n-hub\es\strings.json,-
2023-12-25T13:31:38.000000+00:00,Content Modification Time,FILE,File stat,NTFS:\Users\User\AppData\Local\Microsoft\Edge\User Data\Edge Wallet\120.16992.16988.1\json\i18n-hub\fi\strings.json Type: file,filestat,NTFS:\Users\User\AppData\Local\Microsoft\Edge\User Data\Edge Wallet\120.16992.16988.1\json\i18n-hub\fi\strings.json,-
2023-12-25T13:31:38.000000+00:00,Content Modification Time,FILE,File stat,NTFS:\Users\User\AppData\Local\Microsoft\Edge\User Data\Edge Wallet\120.16992.16988.1\json\i18n-hub\fr-CA\strings.json Type: file,filestat,NTFS:\Users\User\AppData\Local\Microsoft\Edge\User Data\Edge Wallet\120.16992.16988.1\json\i18n-hub\fr-CA\strings.json,-
2023-12-25T13:31:38.000000+00:00,Content Modification Time,FILE,File stat,NTFS:\Users\User\AppData\Local\Microsoft\Edge\User Data\Edge Wallet\120.16992.16988.1\json\i18n-hub\fr\strings.json Type: file,filestat,NTFS:\Users\User\AppData\Local\Microsoft\Edge\User Data\Edge Wallet\120.16992.16988.1\json\i18n-hub\fr\strings.json,-
2023-12-25T13:31:38.000000+00:00,Content Modification Time,FILE,File stat,NTFS:\Users\User\AppData\Local\Microsoft\Edge\User Data\Edge Wallet\120.16992.16988.1\json\i18n-hub\id\strings.json Type: file,filestat,NTFS:\Users\User\AppData\Local\Microsoft\Edge\User Data\Edge Wallet\120.16992.16988.1\json\i18n-hub\id\strings.json,-
2023-12-25T13:31:38.000000+00:00,Content Modification Time,FILE,File stat,NTFS:\Users\User\AppData\Local\Microsoft\Edge\User Data\Edge Wallet\120.16992.16988.1\json\i18n-hub\it\strings.json Type: file,filestat,NTFS:\Users\User\AppData\Local\Microsoft\Edge\User Data\Edge Wallet\120.16992.16988.1\json\i18n-hub\it\strings.json,-
2023-12-25T13:31:38.000000+00:00,Content Modification Time,FILE,File stat,NTFS:\Users\User\AppData\Local\Microsoft\Edge\User Data\Edge Wallet\120.16992.16988.1\json\i18n-hub\ko\strings.json Type: file,filestat,NTFS:\Users\User\AppData\Local\Microsoft\Edge\User Data\Edge Wallet\120.16992.16988.1\json\i18n-hub\ko\strings.json,-
2023-12-25T13:31:38.000000+00:00,Content Modification Time,FILE,File stat,NTFS:\Users\User\AppData\Local\Microsoft\Edge\User Data\Edge Wallet\120.16992.16988.1\json\i18n-hub\nl\strings.json Type: file,filestat,NTFS:\Users\User\AppData\Local\Microsoft\Edge\User Data\Edge Wallet\120.16992.16988.1\json\i18n-hub\nl\strings.json,-
2023-12-25T13:31:38.000000+00:00,Content Modification Time,FILE,File stat,NTFS:\Users\User\AppData\Local\Microsoft\Edge\User Data\Edge Wallet\120.16992.16988.1\json\i18n-hub\pt-BR\strings.json Type: file,filestat,NTFS:\Users\User\AppData\Local\Microsoft\Edge\User Data\Edge Wallet\120.16992.16988.1\json\i18n-hub\pt-BR\strings.json,-
2023-12-25T13:31:38.000000+00:00,Content Modification Time,FILE,File stat,NTFS:\Users\User\AppData\Local\Microsoft\Edge\User Data\Edge Wallet\120.16992.16988.1\json\i18n-hub\pt-PT\strings.json Type: file,filestat,NTFS:\Users\User\AppData\Local\Microsoft\Edge\User Data\Edge Wallet\120.16992.16988.1\json\i18n-hub\pt-PT\strings.json,-
2023-12-25T13:31:38.000000+00:00,Content Modification Time,FILE,File stat,NTFS:\Users\User\AppData\Local\Microsoft\Edge\User Data\Edge Wallet\120.16992.16988.1\json\i18n-hub\ru\strings.json Type: file,filestat,NTFS:\Users\User\AppData\Local\Microsoft\Edge\User Data\Edge Wallet\120.16992.16988.1\json\i18n-hub\ru\strings.json,-
2023-12-25T13:31:38.000000+00:00,Content Modification Time,FILE,File stat,NTFS:\Users\User\AppData\Local\Microsoft\Edge\User Data\Edge Wallet\120.16992.16988.1\json\i18n-hub\sv\strings.json Type: file,filestat,NTFS:\Users\User\AppData\Local\Microsoft\Edge\User Data\Edge Wallet\120.16992.16988.1\json\i18n-hub\sv\strings.json,-
2023-12-25T13:31:38.000000+00:00,Content Modification Time,FILE,File stat,NTFS:\Users\User\AppData\Local\Microsoft\Edge\User Data\Edge Wallet\120.16992.16988.1\json\i18n-mobile-hub\ar\strings.json Type: file,filestat,NTFS:\Users\User\AppData\Local\Microsoft\Edge\User Data\Edge Wallet\120.16992.16988.1\json\i18n-mobile-hub\ar\strings.json,-
2023-12-25T13:31:38.000000+00:00,Content Modification Time,FILE,File stat,NTFS:\Users\User\AppData\Local\Microsoft\Edge\User Data\Edge Wallet\120.16992.16988.1\json\i18n-mobile-hub\de\strings.json Type: file,filestat,NTFS:\Users\User\AppData\Local\Microsoft\Edge\User Data\Edge Wallet\120.16992.16988.1\json\i18n-mobile-hub\de\strings.json,-
2023-12-25T13:31:38.000000+00:00,Content Modification Time,FILE,File stat,NTFS:\Users\User\AppData\Local\Microsoft\Edge\User Data\Edge Wallet\120.16992.16988.1\json\i18n-mobile-hub\en-GB\strings.json Type: file,filestat,NTFS:\Users\User\AppData\Local\Microsoft\Edge\User Data\Edge Wallet\120.16992.16988.1\json\i18n-mobile-hub\en-GB\strings.json,-
2023-12-25T13:31:38.000000+00:00,Content Modification Time,FILE,File stat,NTFS:\Users\User\AppData\Local\Microsoft\Edge\User Data\Edge Wallet\120.16992.16988.1\json\i18n-mobile-hub\es\strings.json Type: file,filestat,NTFS:\Users\User\AppData\Local\Microsoft\Edge\User Data\Edge Wallet\120.16992.16988.1\json\i18n-mobile-hub\es\strings.json,-
2023-12-25T13:31:38.000000+00:00,Content Modification Time,FILE,File stat,NTFS:\Users\User\AppData\Local\Microsoft\Edge\User Data\Edge Wallet\120.16992.16988.1\json\i18n-mobile-hub\fr\strings.json Type: file,filestat,NTFS:\Users\User\AppData\Local\Microsoft\Edge\User Data\Edge Wallet\120.16992.16988.1\json\i18n-mobile-hub\fr\strings.json,-
2023-12-25T13:31:38.000000+00:00,Content Modification Time,FILE,File stat,NTFS:\Users\User\AppData\Local\Microsoft\Edge\User Data\Edge Wallet\120.16992.16988.1\json\i18n-mobile-hub\id\strings.json Type: file,filestat,NTFS:\Users\User\AppData\Local\Microsoft\Edge\User Data\Edge Wallet\120.16992.16988.1\json\i18n-mobile-hub\id\strings.json,-
2023-12-25T13:31:38.000000+00:00,Content Modification Time,FILE,File stat,NTFS:\Users\User\AppData\Local\Microsoft\Edge\User Data\Edge Wallet\120.16992.16988.1\json\i18n-mobile-hub\nl\strings.json Type: file,filestat,NTFS:\Users\User\AppData\Local\Microsoft\Edge\User Data\Edge Wallet\120.16992.16988.1\json\i18n-mobile-hub\nl\strings.json,-
2023-12-25T13:31:38.000000+00:00,Content Modification Time,FILE,File stat,NTFS:\Users\User\AppData\Local\Microsoft\Edge\User Data\Edge Wallet\120.16992.16988.1\json\i18n-mobile-hub\pt-PT\strings.json Type: file,filestat,NTFS:\Users\User\AppData\Local\Microsoft\Edge\User Data\Edge Wallet\120.16992.16988.1\json\i18n-mobile-hub\pt-PT\strings.json,-
2023-12-25T13:31:38.000000+00:00,Content Modification Time,FILE,File stat,NTFS:\Users\User\AppData\Local\Microsoft\Edge\User Data\Edge Wallet\120.16992.16988.1\json\i18n-mobile-hub\sv\strings.json Type: file,filestat,NTFS:\Users\User\AppData\Local\Microsoft\Edge\User Data\Edge Wallet\120.16992.16988.1\json\i18n-mobile-hub\sv\strings.json,-
2023-12-25T13:31:38.000000+00:00,Content Modification Time,FILE,File stat,NTFS:\Users\User\AppData\Local\Microsoft\Edge\User Data\Edge Wallet\120.16992.16988.1\json\i18n-mobile-hub\zh-Hans\strings.json Type: file,filestat,NTFS:\Users\User\AppData\Local\Microsoft\Edge\User Data\Edge Wallet\120.16992.16988.1\json\i18n-mobile-hub\zh-Hans\strings.json,-
2023-12-25T13:31:38.000000+00:00,Content Modification Time,FILE,File stat,NTFS:\Users\User\AppData\Local\Microsoft\Edge\User Data\Edge Wallet\120.16992.16988.1\json\i18n-mobile-hub\zh-Hant\strings.json Type: file,filestat,NTFS:\Users\User\AppData\Local\Microsoft\Edge\User Data\Edge Wallet\120.16992.16988.1\json\i18n-mobile-hub\zh-Hant\strings.json,-
2023-12-25T13:31:38.000000+00:00,Content Modification Time,FILE,File stat,NTFS:\Users\User\AppData\Local\Microsoft\Edge\User Data\Edge Wallet\120.16992.16988.1\json\i18n-notification-shared\ar\strings.json Type: file,filestat,NTFS:\Users\User\AppData\Local\Microsoft\Edge\User Data\Edge Wallet\120.16992.16988.1\json\i18n-notification-shared\ar\strings.json,-
2023-12-25T13:31:38.000000+00:00,Content Modification Time,FILE,File stat,NTFS:\Users\User\AppData\Local\Microsoft\Edge\User Data\Edge Wallet\120.16992.16988.1\json\i18n-notification-shared\de\strings.json Type: file,filestat,NTFS:\Users\User\AppData\Local\Microsoft\Edge\User Data\Edge Wallet\120.16992.16988.1\json\i18n-notification-shared\de\strings.json,-
2023-12-25T13:31:38.000000+00:00,Content Modification Time,FILE,File stat,NTFS:\Users\User\AppData\Local\Microsoft\Edge\User Data\Edge Wallet\120.16992.16988.1\json\i18n-notification-shared\el\strings.json Type: file,filestat,NTFS:\Users\User\AppData\Local\Microsoft\Edge\User Data\Edge Wallet\120.16992.16988.1\json\i18n-notification-shared\el\strings.json,-
2023-12-25T13:31:38.000000+00:00,Content Modification Time,FILE,File stat,NTFS:\Users\User\AppData\Local\Microsoft\Edge\User Data\Edge Wallet\120.16992.16988.1\json\i18n-notification-shared\en-GB\strings.json Type: file,filestat,NTFS:\Users\User\AppData\Local\Microsoft\Edge\User Data\Edge Wallet\120.16992.16988.1\json\i18n-notification-shared\en-GB\strings.json,-
2023-12-25T13:31:38.000000+00:00,Content Modification Time,FILE,File stat,NTFS:\Users\User\AppData\Local\Microsoft\Edge\User Data\Edge Wallet\120.16992.16988.1\json\i18n-notification-shared\fi\strings.json Type: file,filestat,NTFS:\Users\User\AppData\Local\Microsoft\Edge\User Data\Edge Wallet\120.16992.16988.1\json\i18n-notification-shared\fi\strings.json,-
2023-12-25T13:31:38.000000+00:00,Content Modification Time,FILE,File stat,NTFS:\Users\User\AppData\Local\Microsoft\Edge\User Data\Edge Wallet\120.16992.16988.1\json\i18n-notification-shared\fr-CA\strings.json Type: file,filestat,NTFS:\Users\User\AppData\Local\Microsoft\Edge\User Data\Edge Wallet\120.16992.16988.1\json\i18n-notification-shared\fr-CA\strings.json,-
2023-12-25T13:31:38.000000+00:00,Content Modification Time,FILE,File stat,NTFS:\Users\User\AppData\Local\Microsoft\Edge\User Data\Edge Wallet\120.16992.16988.1\json\i18n-notification-shared\it\strings.json Type: file,filestat,NTFS:\Users\User\AppData\Local\Microsoft\Edge\User Data\Edge Wallet\120.16992.16988.1\json\i18n-notification-shared\it\strings.json,-
2023-12-25T13:31:38.000000+00:00,Content Modification Time,FILE,File stat,NTFS:\Users\User\AppData\Local\Microsoft\Edge\User Data\Edge Wallet\120.16992.16988.1\json\i18n-notification-shared\ja\strings.json Type: file,filestat,NTFS:\Users\User\AppData\Local\Microsoft\Edge\User Data\Edge Wallet\120.16992.16988.1\json\i18n-notification-shared\ja\strings.json,-
2023-12-25T13:31:38.000000+00:00,Content Modification Time,FILE,File stat,NTFS:\Users\User\AppData\Local\Microsoft\Edge\User Data\Edge Wallet\120.16992.16988.1\json\i18n-notification-shared\ko\strings.json Type: file,filestat,NTFS:\Users\User\AppData\Local\Microsoft\Edge\User Data\Edge Wallet\120.16992.16988.1\json\i18n-notification-shared\ko\strings.json,-
2023-12-25T13:31:38.000000+00:00,Content Modification Time,FILE,File stat,NTFS:\Users\User\AppData\Local\Microsoft\Edge\User Data\Edge Wallet\120.16992.16988.1\json\i18n-notification-shared\nl\strings.json Type: file,filestat,NTFS:\Users\User\AppData\Local\Microsoft\Edge\User Data\Edge Wallet\120.16992.16988.1\json\i18n-notification-shared\nl\strings.json,-
2023-12-25T13:31:38.000000+00:00,Content Modification Time,FILE,File stat,NTFS:\Users\User\AppData\Local\Microsoft\Edge\User Data\Edge Wallet\120.16992.16988.1\json\i18n-notification-shared\pt-BR\strings.json Type: file,filestat,NTFS:\Users\User\AppData\Local\Microsoft\Edge\User Data\Edge Wallet\120.16992.16988.1\json\i18n-notification-shared\pt-BR\strings.json,-
2023-12-25T13:31:38.000000+00:00,Content Modification Time,FILE,File stat,NTFS:\Users\User\AppData\Local\Microsoft\Edge\User Data\Edge Wallet\120.16992.16988.1\json\i18n-notification-shared\pt-PT\strings.json Type: file,filestat,NTFS:\Users\User\AppData\Local\Microsoft\Edge\User Data\Edge Wallet\120.16992.16988.1\json\i18n-notification-shared\pt-PT\strings.json,-
2023-12-25T13:31:38.000000+00:00,Content Modification Time,FILE,File stat,NTFS:\Users\User\AppData\Local\Microsoft\Edge\User Data\Edge Wallet\120.16992.16988.1\json\i18n-notification-shared\ru\strings.json Type: file,filestat,NTFS:\Users\User\AppData\Local\Microsoft\Edge\User Data\Edge Wallet\120.16992.16988.1\json\i18n-notification-shared\ru\strings.json,-
2023-12-25T13:31:38.000000+00:00,Content Modification Time,FILE,File stat,NTFS:\Users\User\AppData\Local\Microsoft\Edge\User Data\Edge Wallet\120.16992.16988.1\json\i18n-notification-shared\zh-Hans\strings.json Type: file,filestat,NTFS:\Users\User\AppData\Local\Microsoft\Edge\User Data\Edge Wallet\120.16992.16988.1\json\i18n-notification-shared\zh-Hans\strings.json,-
2023-12-25T13:31:38.000000+00:00,Content Modification Time,FILE,File stat,NTFS:\Users\User\AppData\Local\Microsoft\Edge\User Data\Edge Wallet\120.16992.16988.1\json\i18n-notification-shared\zh-Hant\strings.json Type: file,filestat,NTFS:\Users\User\AppData\Local\Microsoft\Edge\User Data\Edge Wallet\120.16992.16988.1\json\i18n-notification-shared\zh-Hant\strings.json,-
2023-12-25T13:31:38.000000+00:00,Content Modification Time,FILE,File stat,NTFS:\Users\User\AppData\Local\Microsoft\Edge\User Data\Edge Wallet\120.16992.16988.1\json\i18n-notification\ar\strings.json Type: file,filestat,NTFS:\Users\User\AppData\Local\Microsoft\Edge\User Data\Edge Wallet\120.16992.16988.1\json\i18n-notification\ar\strings.json,-
2023-12-25T13:31:38.000000+00:00,Content Modification Time,FILE,File stat,NTFS:\Users\User\AppData\Local\Microsoft\Edge\User Data\Edge Wallet\120.16992.16988.1\json\i18n-notification\de\strings.json Type: file,filestat,NTFS:\Users\User\AppData\Local\Microsoft\Edge\User Data\Edge Wallet\120.16992.16988.1\json\i18n-notification\de\strings.json,-
2023-12-25T13:31:38.000000+00:00,Content Modification Time,FILE,File stat,NTFS:\Users\User\AppData\Local\Microsoft\Edge\User Data\Edge Wallet\120.16992.16988.1\json\i18n-notification\el\strings.json Type: file,filestat,NTFS:\Users\User\AppData\Local\Microsoft\Edge\User Data\Edge Wallet\120.16992.16988.1\json\i18n-notification\el\strings.json,-
2023-12-25T13:31:38.000000+00:00,Content Modification Time,FILE,File stat,NTFS:\Users\User\AppData\Local\Microsoft\Edge\User Data\Edge Wallet\120.16992.16988.1\json\i18n-notification\en-GB\strings.json Type: file,filestat,NTFS:\Users\User\AppData\Local\Microsoft\Edge\User Data\Edge Wallet\120.16992.16988.1\json\i18n-notification\en-GB\strings.json,-
2023-12-25T13:31:38.000000+00:00,Content Modification Time,FILE,File stat,NTFS:\Users\User\AppData\Local\Microsoft\Edge\User Data\Edge Wallet\120.16992.16988.1\json\i18n-notification\es\strings.json Type: file,filestat,NTFS:\Users\User\AppData\Local\Microsoft\Edge\User Data\Edge Wallet\120.16992.16988.1\json\i18n-notification\es\strings.json,-
2023-12-25T13:31:38.000000+00:00,Content Modification Time,FILE,File stat,NTFS:\Users\User\AppData\Local\Microsoft\Edge\User Data\Edge Wallet\120.16992.16988.1\json\i18n-notification\fi\strings.json Type: file,filestat,NTFS:\Users\User\AppData\Local\Microsoft\Edge\User Data\Edge Wallet\120.16992.16988.1\json\i18n-notification\fi\strings.json,-
2023-12-25T13:31:38.000000+00:00,Content Modification Time,FILE,File stat,NTFS:\Users\User\AppData\Local\Microsoft\Edge\User Data\Edge Wallet\120.16992.16988.1\json\i18n-notification\fr-CA\strings.json Type: file,filestat,NTFS:\Users\User\AppData\Local\Microsoft\Edge\User Data\Edge Wallet\120.16992.16988.1\json\i18n-notification\fr-CA\strings.json,-
2023-12-25T13:31:38.000000+00:00,Content Modification Time,FILE,File stat,NTFS:\Users\User\AppData\Local\Microsoft\Edge\User Data\Edge Wallet\120.16992.16988.1\json\i18n-notification\fr\strings.json Type: file,filestat,NTFS:\Users\User\AppData\Local\Microsoft\Edge\User Data\Edge Wallet\120.16992.16988.1\json\i18n-notification\fr\strings.json,-
2023-12-25T13:31:38.000000+00:00,Content Modification Time,FILE,File stat,NTFS:\Users\User\AppData\Local\Microsoft\Edge\User Data\Edge Wallet\120.16992.16988.1\json\i18n-notification\id\strings.json Type: file,filestat,NTFS:\Users\User\AppData\Local\Microsoft\Edge\User Data\Edge Wallet\120.16992.16988.1\json\i18n-notification\id\strings.json,-
2023-12-25T13:31:38.000000+00:00,Content Modification Time,FILE,File stat,NTFS:\Users\User\AppData\Local\Microsoft\Edge\User Data\Edge Wallet\120.16992.16988.1\json\i18n-notification\it\strings.json Type: file,filestat,NTFS:\Users\User\AppData\Local\Microsoft\Edge\User Data\Edge Wallet\120.16992.16988.1\json\i18n-notification\it\strings.json,-
2023-12-25T13:31:38.000000+00:00,Content Modification Time,FILE,File stat,NTFS:\Users\User\AppData\Local\Microsoft\Edge\User Data\Edge Wallet\120.16992.16988.1\json\i18n-notification\ja\strings.json Type: file,filestat,NTFS:\Users\User\AppData\Local\Microsoft\Edge\User Data\Edge Wallet\120.16992.16988.1\json\i18n-notification\ja\strings.json,-
2023-12-25T13:31:38.000000+00:00,Content Modification Time,FILE,File stat,NTFS:\Users\User\AppData\Local\Microsoft\Edge\User Data\Edge Wallet\120.16992.16988.1\json\i18n-notification\ko\strings.json Type: file,filestat,NTFS:\Users\User\AppData\Local\Microsoft\Edge\User Data\Edge Wallet\120.16992.16988.1\json\i18n-notification\ko\strings.json,-
2023-12-25T13:31:38.000000+00:00,Content Modification Time,FILE,File stat,NTFS:\Users\User\AppData\Local\Microsoft\Edge\User Data\Edge Wallet\120.16992.16988.1\json\i18n-notification\nl\strings.json Type: file,filestat,NTFS:\Users\User\AppData\Local\Microsoft\Edge\User Data\Edge Wallet\120.16992.16988.1\json\i18n-notification\nl\strings.json,-
2023-12-25T13:31:38.000000+00:00,Content Modification Time,FILE,File stat,NTFS:\Users\User\AppData\Local\Microsoft\Edge\User Data\Edge Wallet\120.16992.16988.1\json\i18n-notification\pt-BR\strings.json Type: file,filestat,NTFS:\Users\User\AppData\Local\Microsoft\Edge\User Data\Edge Wallet\120.16992.16988.1\json\i18n-notification\pt-BR\strings.json,-
2023-12-25T13:31:38.000000+00:00,Content Modification Time,FILE,File stat,NTFS:\Users\User\AppData\Local\Microsoft\Edge\User Data\Edge Wallet\120.16992.16988.1\json\i18n-notification\pt-PT\strings.json Type: file,filestat,NTFS:\Users\User\AppData\Local\Microsoft\Edge\User Data\Edge Wallet\120.16992.16988.1\json\i18n-notification\pt-PT\strings.json,-
2023-12-25T13:31:38.000000+00:00,Content Modification Time,FILE,File stat,NTFS:\Users\User\AppData\Local\Microsoft\Edge\User Data\Edge Wallet\120.16992.16988.1\json\i18n-notification\ru\strings.json Type: file,filestat,NTFS:\Users\User\AppData\Local\Microsoft\Edge\User Data\Edge Wallet\120.16992.16988.1\json\i18n-notification\ru\strings.json,-
2023-12-25T13:31:38.000000+00:00,Content Modification Time,FILE,File stat,NTFS:\Users\User\AppData\Local\Microsoft\Edge\User Data\Edge Wallet\120.16992.16988.1\json\i18n-notification\sv\strings.json Type: file,filestat,NTFS:\Users\User\AppData\Local\Microsoft\Edge\User Data\Edge Wallet\120.16992.16988.1\json\i18n-notification\sv\strings.json,-
2023-12-25T13:31:38.000000+00:00,Content Modification Time,FILE,File stat,NTFS:\Users\User\AppData\Local\Microsoft\Edge\User Data\Edge Wallet\120.16992.16988.1\json\i18n-notification\zh-Hans\strings.json Type: file,filestat,NTFS:\Users\User\AppData\Local\Microsoft\Edge\User Data\Edge Wallet\120.16992.16988.1\json\i18n-notification\zh-Hans\strings.json,-
2023-12-25T13:31:38.000000+00:00,Content Modification Time,FILE,File stat,NTFS:\Users\User\AppData\Local\Microsoft\Edge\User Data\Edge Wallet\120.16992.16988.1\json\i18n-notification\zh-Hant\strings.json Type: file,filestat,NTFS:\Users\User\AppData\Local\Microsoft\Edge\User Data\Edge Wallet\120.16992.16988.1\json\i18n-notification\zh-Hant\strings.json,-
2023-12-25T13:31:38.000000+00:00,Content Modification Time,FILE,File stat,NTFS:\Users\User\AppData\Local\Microsoft\Edge\User Data\Edge Wallet\120.16992.16988.1\json\i18n-shared-components\de\strings.json Type: file,filestat,NTFS:\Users\User\AppData\Local\Microsoft\Edge\User Data\Edge Wallet\120.16992.16988.1\json\i18n-shared-components\de\strings.json,-
2023-12-25T13:31:38.000000+00:00,Content Modification Time,FILE,File stat,NTFS:\Users\User\AppData\Local\Microsoft\Edge\User Data\Edge Wallet\120.16992.16988.1\json\i18n-shared-components\es\strings.json Type: file,filestat,NTFS:\Users\User\AppData\Local\Microsoft\Edge\User Data\Edge Wallet\120.16992.16988.1\json\i18n-shared-components\es\strings.json,-
2023-12-25T13:31:38.000000+00:00,Content Modification Time,FILE,File stat,NTFS:\Users\User\AppData\Local\Microsoft\Edge\User Data\Edge Wallet\120.16992.16988.1\json\i18n-shared-components\fi\strings.json Type: file,filestat,NTFS:\Users\User\AppData\Local\Microsoft\Edge\User Data\Edge Wallet\120.16992.16988.1\json\i18n-shared-components\fi\strings.json,-
2023-12-25T13:31:38.000000+00:00,Content Modification Time,FILE,File stat,NTFS:\Users\User\AppData\Local\Microsoft\Edge\User Data\Edge Wallet\120.16992.16988.1\json\i18n-shared-components\fr-CA\strings.json Type: file,filestat,NTFS:\Users\User\AppData\Local\Microsoft\Edge\User Data\Edge Wallet\120.16992.16988.1\json\i18n-shared-components\fr-CA\strings.json,-
2023-12-25T13:31:38.000000+00:00,Content Modification Time,FILE,File stat,NTFS:\Users\User\AppData\Local\Microsoft\Edge\User Data\Edge Wallet\120.16992.16988.1\json\i18n-shared-components\fr\strings.json Type: file,filestat,NTFS:\Users\User\AppData\Local\Microsoft\Edge\User Data\Edge Wallet\120.16992.16988.1\json\i18n-shared-components\fr\strings.json,-
2023-12-25T13:31:38.000000+00:00,Content Modification Time,FILE,File stat,NTFS:\Users\User\AppData\Local\Microsoft\Edge\User Data\Edge Wallet\120.16992.16988.1\json\i18n-shared-components\it\strings.json Type: file,filestat,NTFS:\Users\User\AppData\Local\Microsoft\Edge\User Data\Edge Wallet\120.16992.16988.1\json\i18n-shared-components\it\strings.json,-
2023-12-25T13:31:38.000000+00:00,Content Modification Time,FILE,File stat,NTFS:\Users\User\AppData\Local\Microsoft\Edge\User Data\Edge Wallet\120.16992.16988.1\json\i18n-shared-components\ja\strings.json Type: file,filestat,NTFS:\Users\User\AppData\Local\Microsoft\Edge\User Data\Edge Wallet\120.16992.16988.1\json\i18n-shared-components\ja\strings.json,-
2023-12-25T13:31:38.000000+00:00,Content Modification Time,FILE,File stat,NTFS:\Users\User\AppData\Local\Microsoft\Edge\User Data\Edge Wallet\120.16992.16988.1\json\i18n-shared-components\ko\strings.json Type: file,filestat,NTFS:\Users\User\AppData\Local\Microsoft\Edge\User Data\Edge Wallet\120.16992.16988.1\json\i18n-shared-components\ko\strings.json,-
2023-12-25T13:31:38.000000+00:00,Content Modification Time,FILE,File stat,NTFS:\Users\User\AppData\Local\Microsoft\Edge\User Data\Edge Wallet\120.16992.16988.1\json\i18n-shared-components\pt-PT\strings.json Type: file,filestat,NTFS:\Users\User\AppData\Local\Microsoft\Edge\User Data\Edge Wallet\120.16992.16988.1\json\i18n-shared-components\pt-PT\strings.json,-
2023-12-25T13:31:38.000000+00:00,Content Modification Time,FILE,File stat,NTFS:\Users\User\AppData\Local\Microsoft\Edge\User Data\Edge Wallet\120.16992.16988.1\json\i18n-shared-components\sv\strings.json Type: file,filestat,NTFS:\Users\User\AppData\Local\Microsoft\Edge\User Data\Edge Wallet\120.16992.16988.1\json\i18n-shared-components\sv\strings.json,-
2023-12-25T13:31:38.000000+00:00,Content Modification Time,FILE,File stat,NTFS:\Users\User\AppData\Local\Microsoft\Edge\User Data\Edge Wallet\120.16992.16988.1\json\i18n-shared-components\zh-Hans\strings.json Type: file,filestat,NTFS:\Users\User\AppData\Local\Microsoft\Edge\User Data\Edge Wallet\120.16992.16988.1\json\i18n-shared-components\zh-Hans\strings.json,-
2023-12-25T13:31:38.000000+00:00,Content Modification Time,FILE,File stat,NTFS:\Users\User\AppData\Local\Microsoft\Edge\User Data\Edge Wallet\120.16992.16988.1\json\i18n-shared-components\zh-Hant\strings.json Type: file,filestat,NTFS:\Users\User\AppData\Local\Microsoft\Edge\User Data\Edge Wallet\120.16992.16988.1\json\i18n-shared-components\zh-Hant\strings.json,-
2023-12-25T13:31:38.000000+00:00,Content Modification Time,FILE,File stat,NTFS:\Users\User\AppData\Local\Microsoft\Edge\User Data\Edge Wallet\120.16992.16988.1\json\i18n-tokenized-card\de\strings.json Type: file,filestat,NTFS:\Users\User\AppData\Local\Microsoft\Edge\User Data\Edge Wallet\120.16992.16988.1\json\i18n-tokenized-card\de\strings.json,-
2023-12-25T13:31:38.000000+00:00,Content Modification Time,FILE,File stat,NTFS:\Users\User\AppData\Local\Microsoft\Edge\User Data\Edge Wallet\120.16992.16988.1\json\i18n-tokenized-card\en-GB\strings.json Type: file,filestat,NTFS:\Users\User\AppData\Local\Microsoft\Edge\User Data\Edge Wallet\120.16992.16988.1\json\i18n-tokenized-card\en-GB\strings.json,-
2023-12-25T13:31:38.000000+00:00,Content Modification Time,FILE,File stat,NTFS:\Users\User\AppData\Local\Microsoft\Edge\User Data\Edge Wallet\120.16992.16988.1\json\i18n-tokenized-card\es\strings.json Type: file,filestat,NTFS:\Users\User\AppData\Local\Microsoft\Edge\User Data\Edge Wallet\120.16992.16988.1\json\i18n-tokenized-card\es\strings.json,-
2023-12-25T13:31:38.000000+00:00,Content Modification Time,FILE,File stat,NTFS:\Users\User\AppData\Local\Microsoft\Edge\User Data\Edge Wallet\120.16992.16988.1\json\i18n-tokenized-card\fr-CA\strings.json Type: file,filestat,NTFS:\Users\User\AppData\Local\Microsoft\Edge\User Data\Edge Wallet\120.16992.16988.1\json\i18n-tokenized-card\fr-CA\strings.json,-
2023-12-25T13:31:38.000000+00:00,Content Modification Time,FILE,File stat,NTFS:\Users\User\AppData\Local\Microsoft\Edge\User Data\Edge Wallet\120.16992.16988.1\json\i18n-tokenized-card\fr\strings.json Type: file,filestat,NTFS:\Users\User\AppData\Local\Microsoft\Edge\User Data\Edge Wallet\120.16992.16988.1\json\i18n-tokenized-card\fr\strings.json,-
2023-12-25T13:31:38.000000+00:00,Content Modification Time,FILE,File stat,NTFS:\Users\User\AppData\Local\Microsoft\Edge\User Data\Edge Wallet\120.16992.16988.1\json\i18n-tokenized-card\id\strings.json Type: file,filestat,NTFS:\Users\User\AppData\Local\Microsoft\Edge\User Data\Edge Wallet\120.16992.16988.1\json\i18n-tokenized-card\id\strings.json,-
2023-12-25T13:31:38.000000+00:00,Content Modification Time,FILE,File stat,NTFS:\Users\User\AppData\Local\Microsoft\Edge\User Data\Edge Wallet\120.16992.16988.1\json\i18n-tokenized-card\it\strings.json Type: file,filestat,NTFS:\Users\User\AppData\Local\Microsoft\Edge\User Data\Edge Wallet\120.16992.16988.1\json\i18n-tokenized-card\it\strings.json,-
2023-12-25T13:31:38.000000+00:00,Content Modification Time,FILE,File stat,NTFS:\Users\User\AppData\Local\Microsoft\Edge\User Data\Edge Wallet\120.16992.16988.1\json\i18n-tokenized-card\ja\strings.json Type: file,filestat,NTFS:\Users\User\AppData\Local\Microsoft\Edge\User Data\Edge Wallet\120.16992.16988.1\json\i18n-tokenized-card\ja\strings.json,-
2023-12-25T13:31:38.000000+00:00,Content Modification Time,FILE,File stat,NTFS:\Users\User\AppData\Local\Microsoft\Edge\User Data\Edge Wallet\120.16992.16988.1\json\i18n-tokenized-card\nl\strings.json Type: file,filestat,NTFS:\Users\User\AppData\Local\Microsoft\Edge\User Data\Edge Wallet\120.16992.16988.1\json\i18n-tokenized-card\nl\strings.json,-
2023-12-25T13:31:38.000000+00:00,Content Modification Time,FILE,File stat,NTFS:\Users\User\AppData\Local\Microsoft\Edge\User Data\Edge Wallet\120.16992.16988.1\json\i18n-tokenized-card\pt-BR\strings.json Type: file,filestat,NTFS:\Users\User\AppData\Local\Microsoft\Edge\User Data\Edge Wallet\120.16992.16988.1\json\i18n-tokenized-card\pt-BR\strings.json,-
2023-12-25T13:31:38.000000+00:00,Content Modification Time,FILE,File stat,NTFS:\Users\User\AppData\Local\Microsoft\Edge\User Data\Edge Wallet\120.16992.16988.1\json\i18n-tokenized-card\ru\strings.json Type: file,filestat,NTFS:\Users\User\AppData\Local\Microsoft\Edge\User Data\Edge Wallet\120.16992.16988.1\json\i18n-tokenized-card\ru\strings.json,-
2023-12-25T13:31:38.000000+00:00,Content Modification Time,FILE,File stat,NTFS:\Users\User\AppData\Local\Microsoft\Edge\User Data\Edge Wallet\120.16992.16988.1\json\i18n-tokenized-card\sv\strings.json Type: file,filestat,NTFS:\Users\User\AppData\Local\Microsoft\Edge\User Data\Edge Wallet\120.16992.16988.1\json\i18n-tokenized-card\sv\strings.json,-
2023-12-25T13:31:38.000000+00:00,Content Modification Time,FILE,File stat,NTFS:\Users\User\AppData\Local\Microsoft\Edge\User Data\Edge Wallet\120.16992.16988.1\json\i18n-tokenized-card\zh-Hans\strings.json Type: file,filestat,NTFS:\Users\User\AppData\Local\Microsoft\Edge\User Data\Edge Wallet\120.16992.16988.1\json\i18n-tokenized-card\zh-Hans\strings.json,-
2023-12-25T13:31:38.000000+00:00,Content Modification Time,FILE,File stat,NTFS:\Users\User\AppData\Local\Microsoft\Edge\User Data\Edge Wallet\120.16992.16988.1\json\wallet\super_coupon.json Type: file,filestat,NTFS:\Users\User\AppData\Local\Microsoft\Edge\User Data\Edge Wallet\120.16992.16988.1\json\wallet\super_coupon.json,-
2023-12-25T13:31:38.000000+00:00,Content Modification Time,FILE,File stat,NTFS:\Users\User\AppData\Local\Microsoft\Edge\User Data\Edge Wallet\120.16992.16988.1\json\wallet\wallet-checkout-eligible-sites-pre-stable.json Type: file,filestat,NTFS:\Users\User\AppData\Local\Microsoft\Edge\User Data\Edge Wallet\120.16992.16988.1\json\wallet\wallet-checkout-eligible-sites-pre-stable.json,-
2023-12-25T13:31:38.000000+00:00,Content Modification Time,FILE,File stat,NTFS:\Users\User\AppData\Local\Microsoft\Edge\User Data\Edge Wallet\120.16992.16988.1\json\wallet\wallet-checkout-eligible-sites.json Type: file,filestat,NTFS:\Users\User\AppData\Local\Microsoft\Edge\User Data\Edge Wallet\120.16992.16988.1\json\wallet\wallet-checkout-eligible-sites.json,-
2023-12-25T13:31:38.000000+00:00,Content Modification Time,FILE,File stat,NTFS:\Users\User\AppData\Local\Microsoft\Edge\User Data\Edge Wallet\120.16992.16988.1\json\wallet\wallet-checkout\checkoutdata.json Type: file,filestat,NTFS:\Users\User\AppData\Local\Microsoft\Edge\User Data\Edge Wallet\120.16992.16988.1\json\wallet\wallet-checkout\checkoutdata.json,-
2023-12-25T13:31:38.000000+00:00,Content Modification Time,FILE,File stat,NTFS:\Users\User\AppData\Local\Microsoft\Edge\User Data\Edge Wallet\120.16992.16988.1\json\wallet\wallet-pre-stable.json Type: file,filestat,NTFS:\Users\User\AppData\Local\Microsoft\Edge\User Data\Edge Wallet\120.16992.16988.1\json\wallet\wallet-pre-stable.json,-
2023-12-25T13:31:38.000000+00:00,Content Modification Time,FILE,File stat,NTFS:\Users\User\AppData\Local\Microsoft\Edge\User Data\Edge Wallet\120.16992.16988.1\json\wallet\wallet-stable.json Type: file,filestat,NTFS:\Users\User\AppData\Local\Microsoft\Edge\User Data\Edge Wallet\120.16992.16988.1\json\wallet\wallet-stable.json,-
2023-12-25T13:31:38.000000+00:00,Content Modification Time,FILE,File stat,NTFS:\Users\User\AppData\Local\Microsoft\Edge\User Data\Edge Wallet\120.16992.16988.1\vendor.bundle.js Type: file,filestat,NTFS:\Users\User\AppData\Local\Microsoft\Edge\User Data\Edge Wallet\120.16992.16988.1\vendor.bundle.js,-
2023-12-25T13:31:38.000000+00:00,Content Modification Time,FILE,File stat,NTFS:\Users\User\AppData\Local\Microsoft\Edge\User Data\Edge Wallet\120.16992.16988.1\wallet-crypto.html Type: file,filestat,NTFS:\Users\User\AppData\Local\Microsoft\Edge\User Data\Edge Wallet\120.16992.16988.1\wallet-crypto.html,-
2023-12-25T13:31:38.000000+00:00,Content Modification Time,FILE,File stat,NTFS:\Users\User\AppData\Local\Microsoft\Edge\User Data\Edge Wallet\120.16992.16988.1\wallet.bundle.js Type: file,filestat,NTFS:\Users\User\AppData\Local\Microsoft\Edge\User Data\Edge Wallet\120.16992.16988.1\wallet.bundle.js,-
2023-12-25T13:31:38.000000+00:00,Content Modification Time,FILE,File stat,NTFS:\Users\User\AppData\Local\Microsoft\Edge\User Data\Edge Wallet\120.16992.16988.1\wallet_checkout_autofill_driver.js Type: file,filestat,NTFS:\Users\User\AppData\Local\Microsoft\Edge\User Data\Edge Wallet\120.16992.16988.1\wallet_checkout_autofill_driver.js,-
2023-12-25T13:31:38.000000+00:00,Content Modification Time,FILE,File stat,NTFS:\Users\User\AppData\Local\Microsoft\Edge\User Data\Edge Wallet\120.16992.16988.1\wallet_donation_driver.js Type: file,filestat,NTFS:\Users\User\AppData\Local\Microsoft\Edge\User Data\Edge Wallet\120.16992.16988.1\wallet_donation_driver.js,-
2023-12-25T13:35:30.000000+00:00,Content Modification Time,FILE,File stat,NTFS:\Users\User\AppData\Local\Microsoft\Edge\User Data\Edge Wallet\120.16992.16988.1\driver-signature.txt Type: file,filestat,NTFS:\Users\User\AppData\Local\Microsoft\Edge\User Data\Edge Wallet\120.16992.16988.1\driver-signature.txt,-
2023-12-25T13:35:30.000000+00:00,Content Modification Time,FILE,File stat,NTFS:\Users\User\AppData\Local\Microsoft\Edge\User Data\Edge Wallet\120.16992.16988.1\hub-signature.txt Type: file,filestat,NTFS:\Users\User\AppData\Local\Microsoft\Edge\User Data\Edge Wallet\120.16992.16988.1\hub-signature.txt,-
2023-12-25T13:35:34.000000+00:00,Content Modification Time,FILE,File stat,NTFS:\Users\User\AppData\Local\Microsoft\Edge\User Data\Edge Wallet\120.16992.16988.1\manifest.json Type: file,filestat,NTFS:\Users\User\AppData\Local\Microsoft\Edge\User Data\Edge Wallet\120.16992.16988.1\manifest.json,-
2023-12-25T13:54:13.000000+00:00,Content Modification Time,FILE,File stat,NTFS:\Users\User\AppData\Local\Temp\edge_BITS_7860_252181142\bf075f30-f9a8-4a0e-95ec-ebe70202e355 Type: file,filestat,NTFS:\Users\User\AppData\Local\Temp\edge_BITS_7860_252181142\bf075f30-f9a8-4a0e-95ec-ebe70202e355,-
2023-12-25T13:54:13.000000+00:00,Creation Time,FILE,File stat,NTFS:\Users\User\AppData\Local\Temp\edge_BITS_7860_252181142\bf075f30-f9a8-4a0e-95ec-ebe70202e355 Type: file,filestat,NTFS:\Users\User\AppData\Local\Temp\edge_BITS_7860_252181142\bf075f30-f9a8-4a0e-95ec-ebe70202e355,-
2023-12-25T15:33:08.000000+00:00,Content Modification Time,PE,PE/COFF file,PE Type: Dynamic Link Library (DLL) Import hash: c97f6c4e3f27c97fb0af4099a791ced8 Export DLL name: dll.dll,pe,NTFS:\Windows\WinSxS\wow64_microsoft-windows-syncsettings_31bf3856ad364e35_10.0.22621.317_none_f802360a27a33ca8\SyncSettings.dll,-
2023-12-25T15:33:08.000000+00:00,Creation Time,PE,PE/COFF file,PE Type: Dynamic Link Library (DLL) Import hash: c97f6c4e3f27c97fb0af4099a791ced8 Export DLL name: dll.dll,pe,NTFS:\Windows\WinSxS\wow64_microsoft-windows-syncsettings_31bf3856ad364e35_10.0.22621.317_none_f802360a27a33ca8\SyncSettings.dll,-
2023-12-25T22:40:10.000000+00:00,Content Modification Time,WEBHIST,MSIE WebCache container record,URL: https://static-ecst.licdn.com/apc/trans.gif?75ac51363d5971f354bc5d0202dbf677 Access count: 1 Synchronization count: 0 Filename: trans[1].gif Cached file size: 43 Response headers: [HTTP/1.1 200; accept-ranges: bytes; access-control-allow-origin: *; access-control-expose-headers: X-CDN  X-CDN-Client-IP-Version  X-CDN-Proto  X-Cache  X-CDN-RCODE; content-type: image/gif; date: Wed  27 Dec 2023 00:37:54 GMT; timing-allow-origin: *; x-cache: HIT; x-cdn: ECST; x-cdn-client-ip-version: IPV4; x-cdn-proto: HTTP2; x-content-type-options: nosniff; x-li-fabric: prod-ltx1; x-li-pop: prod-ltx1-x; x-li-proto: http/1.1; x-li-uuid: AAYNXT+a0A482WbSWdWCOQ==; content-length: 43] Entry identifier: 95 Container identifier: 3 Cache identifier: 0,esedb/msie_webcache,NTFS:\Users\User\AppData\Local\Microsoft\Windows\WebCache\WebCacheV01.dat,-
2023-12-25T22:40:10.000000+00:00,Content Modification Time,WEBHIST,MSIE WebCache container record,URL: https://static-ecst.licdn.com/apc/trans.gif?9124cb6a90952f4648a8b32d02990351 Access count: 1 Synchronization count: 0 Filename: trans[2].gif Cached file size: 43 Response headers: [HTTP/1.1 200; accept-ranges: bytes; access-control-allow-origin: *; access-control-expose-headers: X-CDN  X-CDN-Client-IP-Version  X-CDN-Proto  X-Cache  X-CDN-RCODE; content-type: image/gif; date: Wed  27 Dec 2023 00:37:54 GMT; timing-allow-origin: *; x-cache: HIT; x-cdn: ECST; x-cdn-client-ip-version: IPV4; x-cdn-proto: HTTP2; x-content-type-options: nosniff; x-li-fabric: prod-ltx1; x-li-pop: prod-ltx1-x; x-li-proto: http/1.1; x-li-uuid: AAYNXT+a0A482WbSWdWCOQ==; content-length: 43] Entry identifier: 94 Container identifier: 3 Cache identifier: 0,esedb/msie_webcache,NTFS:\Users\User\AppData\Local\Microsoft\Windows\WebCache\WebCacheV01.dat,-
2023-12-26T00:00:00.000000+00:00,Last Access Time,FILE,File stat,TSK:/EFI/Microsoft/Boot/BCD Type: file Owner identifier: 0 Group identifier: 0 Mode: 0o777 Number of links: 1,filestat,TSK:/EFI/Microsoft/Boot/BCD,-
2023-12-26T07:08:18.000000+00:00,Content Modification Time,FILE,File stat,NTFS:\Users\User\AppData\Local\Microsoft\Edge\User Data\TrustTokenKeyCommitments\2023.12.26.1\LICENSE Type: file,filestat,NTFS:\Users\User\AppData\Local\Microsoft\Edge\User Data\TrustTokenKeyCommitments\2023.12.26.1\LICENSE,-
2023-12-26T07:08:18.000000+00:00,Content Modification Time,FILE,File stat,NTFS:\Users\User\AppData\Local\Microsoft\Edge\User Data\TrustTokenKeyCommitments\2023.12.26.1\_metadata\verified_contents.json Type: file,filestat,NTFS:\Users\User\AppData\Local\Microsoft\Edge\User Data\TrustTokenKeyCommitments\2023.12.26.1\_metadata\verified_contents.json,-
2023-12-26T07:08:18.000000+00:00,Content Modification Time,FILE,File stat,NTFS:\Users\User\AppData\Local\Microsoft\Edge\User Data\TrustTokenKeyCommitments\2023.12.26.1\keys.json Type: file,filestat,NTFS:\Users\User\AppData\Local\Microsoft\Edge\User Data\TrustTokenKeyCommitments\2023.12.26.1\keys.json,-
2023-12-26T07:08:18.000000+00:00,Content Modification Time,FILE,File stat,NTFS:\Users\User\AppData\Local\Microsoft\Edge\User Data\TrustTokenKeyCommitments\2023.12.26.1\manifest.json Type: file,filestat,NTFS:\Users\User\AppData\Local\Microsoft\Edge\User Data\TrustTokenKeyCommitments\2023.12.26.1\manifest.json,-
2023-12-26T08:05:14.000000+00:00,Content Modification Time,FILE,File stat,NTFS:\Users\User\AppData\Local\Microsoft\Edge\User Data\Typosquatting\1.20231226.1.0\typosquatting_list.pb Type: file,filestat,NTFS:\Users\User\AppData\Local\Microsoft\Edge\User Data\Typosquatting\1.20231226.1.0\typosquatting_list.pb,-
2023-12-26T08:05:48.000000+00:00,Content Modification Time,FILE,File stat,NTFS:\Users\User\AppData\Local\Microsoft\Edge\User Data\Typosquatting\1.20231226.1.0\manifest.json Type: file,filestat,NTFS:\Users\User\AppData\Local\Microsoft\Edge\User Data\Typosquatting\1.20231226.1.0\manifest.json,-
2023-12-26T08:14:59.000000+00:00,Content Modification Time,FILE,File stat,NTFS:\Users\User\AppData\Local\Temp\edge_BITS_7860_625188461\49493747-fde5-4b61-b3b3-a7f9084294b4 Type: file,filestat,NTFS:\Users\User\AppData\Local\Temp\edge_BITS_7860_625188461\49493747-fde5-4b61-b3b3-a7f9084294b4,-
2023-12-26T08:14:59.000000+00:00,Creation Time,FILE,File stat,NTFS:\Users\User\AppData\Local\Temp\edge_BITS_7860_625188461\49493747-fde5-4b61-b3b3-a7f9084294b4 Type: file,filestat,NTFS:\Users\User\AppData\Local\Temp\edge_BITS_7860_625188461\49493747-fde5-4b61-b3b3-a7f9084294b4,-
2023-12-26T11:20:45.000000+00:00,Content Modification Time,WEBHIST,MSIE WebCache container record,URL: https://windows.msn.com/staticsb/statics/latest/fixed/CloudConfigs/WindowsDashboard/ClientApp/wdgts_conf.json Access count: 4 Synchronization count: 0 Filename: wdgts_conf[1].json Cached file size: 467 Request headers: [] Entry identifier: 1 Container identifier: 8 Cache identifier: 0,esedb/msie_webcache,NTFS:\Users\User\AppData\Local\Microsoft\Windows\WebCache\WebCacheV01.dat,-
2023-12-26T16:24:56.511132+00:00,Content Modification Time,WEBHIST,MSIE WebCache container record,URL: :2023122620231227: User@:Host: login.live.com Access count: 1 Synchronization count: 0 Cached file size: 0 Entry identifier: 2 Container identifier: 7 Cache identifier: 0,esedb/msie_webcache,NTFS:\Users\User\AppData\Local\Microsoft\Windows\WebCache\WebCacheV01.dat,-
2023-12-26T16:24:56.511132+00:00,Content Modification Time,WEBHIST,MSIE WebCache container record,URL: :2023122620231227: User@https://login.live.com/oauth20_desktop.srf?lc=1033 Access count: 1 Synchronization count: 0 Cached file size: 0 Entry identifier: 1 Container identifier: 7 Cache identifier: 0,esedb/msie_webcache,NTFS:\Users\User\AppData\Local\Microsoft\Windows\WebCache\WebCacheV01.dat,-
2023-12-26T16:25:01.606915+00:00,Content Modification Time,WEBHIST,MSIE WebCache container record,URL: :2023122620231227: User@https://login.live.com/oauth20_authorize.srf?client_id=00000000480728C5&scope=service::ssl.live.com::MBI_SSL&response_type=token&display=windesktop&theme=win7&lc=1033&redirect_uri=https://login.live.com/oauth20_desktop.srf&lw=1&fl=wld2 Access count: 1 Synchronization count: 0 Cached file size: 0 Entry identifier: 3 Container identifier: 7 Cache identifier: 0,esedb/msie_webcache,NTFS:\Users\User\AppData\Local\Microsoft\Windows\WebCache\WebCacheV01.dat,-
2023-12-26T16:40:27.476502+00:00,Content Modification Time,WEBHIST,MSIE WebCache container record,URL: :2023122620231227: User@:Host: This PC Access count: 1 Synchronization count: 0 Cached file size: 0 Entry identifier: 5 Container identifier: 7 Cache identifier: 0,esedb/msie_webcache,NTFS:\Users\User\AppData\Local\Microsoft\Windows\WebCache\WebCacheV01.dat,-
2023-12-26T16:40:27.476502+00:00,Content Modification Time,WEBHIST,MSIE WebCache container record,URL: :2023122620231227: User@file:///C:/Users/User/Documents/app-event-log.evtx Access count: 1 Synchronization count: 0 Cached file size: 0 Entry identifier: 4 Container identifier: 7 Cache identifier: 0,esedb/msie_webcache,NTFS:\Users\User\AppData\Local\Microsoft\Windows\WebCache\WebCacheV01.dat,-
2023-12-26T16:41:56.000000+00:00,Content Modification Time,FILE,File stat,TSK:/EFI/Microsoft/Boot/BCD Type: file Owner identifier: 0 Group identifier: 0 Mode: 0o777 Number of links: 1,filestat,TSK:/EFI/Microsoft/Boot/BCD,-
2023-12-26T18:20:12.000000+00:00,Content Modification Time,FILE,File stat,NTFS:\Users\User\AppData\Local\Temp\edge_BITS_7860_983543836\8fa6e969-23b0-4871-a723-9b34d66192cb Type: file,filestat,NTFS:\Users\User\AppData\Local\Temp\edge_BITS_7860_983543836\8fa6e969-23b0-4871-a723-9b34d66192cb,-
2023-12-26T18:20:12.000000+00:00,Creation Time,FILE,File stat,NTFS:\Users\User\AppData\Local\Temp\edge_BITS_7860_983543836\8fa6e969-23b0-4871-a723-9b34d66192cb Type: file,filestat,NTFS:\Users\User\AppData\Local\Temp\edge_BITS_7860_983543836\8fa6e969-23b0-4871-a723-9b34d66192cb,-
2023-12-26T22:14:44.000000+00:00,Content Modification Time,PE,PE/COFF file,PE Type: Dynamic Link Library (DLL) Import hash: 515e77c5a018e7a4595d754d2c53341d Export DLL name: SecureAssessment_JSBridge.dll,pe,NTFS:\Windows\SystemApps\Microsoft.Windows.SecureAssessmentBrowser_cw5n1h2txyewy\SecureAssessment_JSBridge.dll,-
2023-12-26T22:14:44.000000+00:00,Creation Time,PE,PE/COFF file,PE Type: Dynamic Link Library (DLL) Import hash: 515e77c5a018e7a4595d754d2c53341d Export DLL name: SecureAssessment_JSBridge.dll,pe,NTFS:\Windows\SystemApps\Microsoft.Windows.SecureAssessmentBrowser_cw5n1h2txyewy\SecureAssessment_JSBridge.dll,-
2023-12-26T22:14:44.000000+00:00,Content Modification Time,PE,PE/COFF file,PE Type: Dynamic Link Library (DLL) Import hash: 515e77c5a018e7a4595d754d2c53341d Export DLL name: SecureAssessment_JSBridge.dll,pe,NTFS:\Windows\WinSxS\amd64_microsoft-windows-m..nt-browser.appxmain_31bf3856ad364e35_10.0.22621.2506_none_dbce5ad5786c3711\SecureAssessment_JSBridge.dll,-
2023-12-26T22:14:44.000000+00:00,Creation Time,PE,PE/COFF file,PE Type: Dynamic Link Library (DLL) Import hash: 515e77c5a018e7a4595d754d2c53341d Export DLL name: SecureAssessment_JSBridge.dll,pe,NTFS:\Windows\WinSxS\amd64_microsoft-windows-m..nt-browser.appxmain_31bf3856ad364e35_10.0.22621.2506_none_dbce5ad5786c3711\SecureAssessment_JSBridge.dll,-
2023-12-26T23:38:00.909299+00:00,Expiration Time,WEBHIST,MSIE WebCache container record,URL: https://www.bing.com/search?q=windows+event+viewer&form=WMSAUT&ao=1&qs=AS&cvid=d26b9f02e6e34bf7804109360b8c58a7&pq=windows+event&cc=US&setlang=en-US&wsso=Moderate&qfig=210e0d7a05154a5c90a86670b996c0f7&addfeaturesnoexpansion=wsbcobalt Access count: 1 Synchronization count: 0 Filename: search[1].htm Cached file size: 244354 Response headers: [HTTP/1.1 200; content-type: text/html; charset=utf-8; x-eventid: 658b71e899f54533afe05c6b2568c61c; x-as-setsessionmarket: en-us; x-as-setsessionuilang: en-us; useragentreductionoptout: A7kgTC5xdZ2WIVGZEfb1hUoNuvjzOZX3VIV/BA6C18kQOOF50Q0D3oWoAm49k3BQImkujKILc7JmPysWk3CSjwUAAACMeyJvcmlnaW4iOiJodHRwczovL3d3dy5iaW5nLmNvbTo0NDMiLCJmZWF0dXJlIjoiU2VuZEZ1bGxVc2VyQWdlbnRBZnRlclJlZHVjdGlvbiIsImV4cGlyeSI6MTY4NDg4NjM5OSwiaXNTdWJkb21haW4iOnRydWUsImlzVGhpcmRQYXJ0eSI6dHJ1ZX0=; strict-transport-security: max-age=31536000; includeSubDomains; preload; p3p: CP="NON UNI COM NAV STA LOC CURa DEVa PSAa PSDa OUR IND"; x-ua-compatible: IE=edge; date: Wed  27 Dec 2023 00:38:00 GMT; alt-svc: h3=":443"; ma=93600; x-cdn-traceid: 0.6c716276.1703637480.20bfc316] Entry identifier: 96 Container identifier: 3 Cache identifier: 0,esedb/msie_webcache,NTFS:\Users\User\AppData\Local\Microsoft\Windows\WebCache\WebCacheV01.dat,-
2023-12-26T23:40:53.206636+00:00,Expiration Time,WEBHIST,MSIE WebCache container record,URL: https://www.bing.com/search?q=uuuuj&form=WMSAUT&ao=1&qs=AS&cvid=dfd7a6c3403b4b7292b25d49a3453c69&pq=uuuuj&cc=US&setlang=en-US&wsso=Moderate&qfig=862e1cfb791342ac8b97234824881ab4&addfeaturesnoexpansion=wsbcobalt Access count: 1 Synchronization count: 0 Filename: search[2].htm Cached file size: 223605 Response headers: [HTTP/1.1 200; content-type: text/html; charset=utf-8; x-eventid: 658b729430f6463a8c56d0972d1310a1; x-as-setsessionmarket: en-us; x-as-setsessionuilang: en-us; useragentreductionoptout: A7kgTC5xdZ2WIVGZEfb1hUoNuvjzOZX3VIV/BA6C18kQOOF50Q0D3oWoAm49k3BQImkujKILc7JmPysWk3CSjwUAAACMeyJvcmlnaW4iOiJodHRwczovL3d3dy5iaW5nLmNvbTo0NDMiLCJmZWF0dXJlIjoiU2VuZEZ1bGxVc2VyQWdlbnRBZnRlclJlZHVjdGlvbiIsImV4cGlyeSI6MTY4NDg4NjM5OSwiaXNTdWJkb21haW4iOnRydWUsImlzVGhpcmRQYXJ0eSI6dHJ1ZX0=; strict-transport-security: max-age=31536000; includeSubDomains; preload; p3p: CP="NON UNI COM NAV STA LOC CURa DEVa PSAa PSDa OUR IND"; x-ua-compatible: IE=edge; date: Wed  27 Dec 2023 00:40:53 GMT; alt-svc: h3=":443"; ma=93600; x-cdn-traceid: 0.6c716276.1703637652.20c35296] Entry identifier: 141 Container identifier: 3 Cache identifier: 0,esedb/msie_webcache,NTFS:\Users\User\AppData\Local\Microsoft\Windows\WebCache\WebCacheV01.dat,-
2023-12-27T00:00:00.000000+00:00,Last Access Time,FILE,File stat,TSK:/EFI/Microsoft/Recovery/BCD Type: file Owner identifier: 0 Group identifier: 0 Mode: 0o777 Number of links: 1,filestat,TSK:/EFI/Microsoft/Recovery/BCD,-
2023-12-27T00:16:59.879656+00:00,Metadata Modification Time,FILE,NTFS USN change,UUS Failover Task File reference: 130056-1 Parent file reference: 129876-1 Update source:  Update reason: USN_REASON_DATA_EXTEND  USN_REASON_DATA_TRUNCATION,usnjrnl,NTFS:\$Extend\$UsnJrnl:$J,-
2023-12-27T00:16:59.879656+00:00,Metadata Modification Time,FILE,NTFS USN change,UUS Failover Task File reference: 130056-1 Parent file reference: 129876-1 Update source:  Update reason: USN_REASON_DATA_TRUNCATION,usnjrnl,NTFS:\$Extend\$UsnJrnl:$J,-
2023-12-27T00:16:59.879656+00:00,Content Modification Time,FILE,File stat,NTFS:\Windows\System32\Tasks\Microsoft\Windows\UpdateOrchestrator\UUS Failover Task Type: file,filestat,NTFS:\Windows\System32\Tasks\Microsoft\Windows\UpdateOrchestrator\UUS Failover Task,-
2023-12-27T00:16:59.879656+00:00,Last Access Time,FILE,File stat,NTFS:\Windows\System32\Tasks\Microsoft\Windows\UpdateOrchestrator\UUS Failover Task Type: file,filestat,NTFS:\Windows\System32\Tasks\Microsoft\Windows\UpdateOrchestrator\UUS Failover Task,-
2023-12-27T00:16:59.879656+00:00,Metadata Modification Time,FILE,File stat,NTFS:\Windows\System32\Tasks\Microsoft\Windows\UpdateOrchestrator\UUS Failover Task Type: file,filestat,NTFS:\Windows\System32\Tasks\Microsoft\Windows\UpdateOrchestrator\UUS Failover Task,-
2023-12-27T00:16:59.889772+00:00,Metadata Modification Time,FILE,NTFS USN change,UUS Failover Task File reference: 130056-1 Parent file reference: 129876-1 Update source:  Update reason: USN_REASON_DATA_EXTEND  USN_REASON_DATA_TRUNCATION  USN_REASON_CLOSE,usnjrnl,NTFS:\$Extend\$UsnJrnl:$J,-
2023-12-27T00:16:59.893703+00:00,Content Modification Time,EVT,WinEVTX,[1038 / 0x040e] Provider identifier: {d48ce617-33a2-4bc3-a5c7-11aa4f29619e} Source Name: Microsoft-Windows-SMBServer Strings: ['3'  '58'  '\\Device\\NetBT_Tcpip_{745E29BE-E8A2-4BFC-BCE0-385E82A51249}'  '0x00000102'] Computer Name: WinDev2311Eval Record Number: 99 Event Level: 4,winevtx,NTFS:\Windows\System32\winevt\Logs\Microsoft-Windows-SMBServer%4Operational.evtx,-
2023-12-27T00:16:59.893703+00:00,Creation Time,EVT,WinEVTX,[1038 / 0x040e] Provider identifier: {d48ce617-33a2-4bc3-a5c7-11aa4f29619e} Source Name: Microsoft-Windows-SMBServer Strings: ['3'  '58'  '\\Device\\NetBT_Tcpip_{745E29BE-E8A2-4BFC-BCE0-385E82A51249}'  '0x00000102'] Computer Name: WinDev2311Eval Record Number: 99 Event Level: 4,winevtx,NTFS:\Windows\System32\winevt\Logs\Microsoft-Windows-SMBServer%4Operational.evtx,-
2023-12-27T00:16:59.894814+00:00,Content Modification Time,EVT,WinEVTX,[24 / 0x0018] Provider identifier: {a68ca8b7-004f-d7b6-a698-07e2de0f1f5d} Source Name: Microsoft-Windows-Kernel-General Strings: ['0'  '480'  '1'  '0'  '0'] Computer Name: WinDev2311Eval Record Number: 1713 Event Level: 4,winevtx,NTFS:\Windows\System32\winevt\Logs\System.evtx,-
2023-12-27T00:16:59.894814+00:00,Creation Time,EVT,WinEVTX,[24 / 0x0018] Provider identifier: {a68ca8b7-004f-d7b6-a698-07e2de0f1f5d} Source Name: Microsoft-Windows-Kernel-General Strings: ['0'  '480'  '1'  '0'  '0'] Computer Name: WinDev2311Eval Record Number: 1713 Event Level: 4,winevtx,NTFS:\Windows\System32\winevt\Logs\System.evtx,-
2023-12-27T00:16:59.895254+00:00,Content Modification Time,EVT,WinEVTX,[1 / 0x0001] Provider identifier: {a68ca8b7-004f-d7b6-a698-07e2de0f1f5d} Source Name: Microsoft-Windows-Kernel-General Strings: ['2023-12-27T00:16:59.879656000Z'  '2023-12-27T15:16:59.649641200Z'  '-9223372036800776039'  '1'  '\\Device\\HarddiskVolume4\\Windows\\System32\\svchost.exe'  '1628'  '2023-12-26T16:16:59.879656000Z'  '480'  'false'  'false'] Computer Name: WinDev2311Eval Record Number: 1714 Event Level: 4,winevtx,NTFS:\Windows\System32\winevt\Logs\System.evtx,-
2023-12-27T00:16:59.895254+00:00,Creation Time,EVT,WinEVTX,[1 / 0x0001] Provider identifier: {a68ca8b7-004f-d7b6-a698-07e2de0f1f5d} Source Name: Microsoft-Windows-Kernel-General Strings: ['2023-12-27T00:16:59.879656000Z'  '2023-12-27T15:16:59.649641200Z'  '-9223372036800776039'  '1'  '\\Device\\HarddiskVolume4\\Windows\\System32\\svchost.exe'  '1628'  '2023-12-26T16:16:59.879656000Z'  '480'  'false'  'false'] Computer Name: WinDev2311Eval Record Number: 1714 Event Level: 4,winevtx,NTFS:\Windows\System32\winevt\Logs\System.evtx,-
2023-12-27T00:16:59.895316+00:00,Content Modification Time,EVT,WinEVTX,[261 / 0x0105] Provider identifier: {06edcfeb-0fd0-4e53-acca-a6f8bbf81bcb} Source Name: Microsoft-Windows-Time-Service Strings: ['2023-12-27T00:16:59.879Z'  '2023-12-27T15:16:59.649Z'  '89218'] Computer Name: WinDev2311Eval Record Number: 17 Event Level: 4,winevtx,NTFS:\Windows\System32\winevt\Logs\Microsoft-Windows-TZSync%4Operational.evtx,-
2023-12-27T00:16:59.895316+00:00,Creation Time,EVT,WinEVTX,[261 / 0x0105] Provider identifier: {06edcfeb-0fd0-4e53-acca-a6f8bbf81bcb} Source Name: Microsoft-Windows-Time-Service Strings: ['2023-12-27T00:16:59.879Z'  '2023-12-27T15:16:59.649Z'  '89218'] Computer Name: WinDev2311Eval Record Number: 17 Event Level: 4,winevtx,NTFS:\Windows\System32\winevt\Logs\Microsoft-Windows-TZSync%4Operational.evtx,-
2023-12-27T00:16:59.895316+00:00,Content Modification Time,EVT,WinEVTX,[261 / 0x0105] Provider identifier: {06edcfeb-0fd0-4e53-acca-a6f8bbf81bcb} Source Name: Microsoft-Windows-Time-Service Strings: ['2023-12-27T00:16:59.879Z'  '2023-12-27T15:16:59.649Z'  '89218'] Computer Name: WinDev2311Eval Record Number: 17 Event Level: 4,winevtx,NTFS:\Windows\System32\winevt\Logs\Microsoft-Windows-Time-Service%4Operational.evtx,-
2023-12-27T00:16:59.895316+00:00,Creation Time,EVT,WinEVTX,[261 / 0x0105] Provider identifier: {06edcfeb-0fd0-4e53-acca-a6f8bbf81bcb} Source Name: Microsoft-Windows-Time-Service Strings: ['2023-12-27T00:16:59.879Z'  '2023-12-27T15:16:59.649Z'  '89218'] Computer Name: WinDev2311Eval Record Number: 17 Event Level: 4,winevtx,NTFS:\Windows\System32\winevt\Logs\Microsoft-Windows-Time-Service%4Operational.evtx,-
2023-12-27T00:16:59.895324+00:00,Content Modification Time,EVT,WinEVTX,[52 / 0x0034] Provider identifier: {06edcfeb-0fd0-4e53-acca-a6f8bbf81bcb} Source Name: Microsoft-Windows-Time-Service Strings: ['53999'] Computer Name: WinDev2311Eval Record Number: 1715 Event Level: 3,winevtx,NTFS:\Windows\System32\winevt\Logs\System.evtx,-
2023-12-27T00:16:59.895324+00:00,Creation Time,EVT,WinEVTX,[52 / 0x0034] Provider identifier: {06edcfeb-0fd0-4e53-acca-a6f8bbf81bcb} Source Name: Microsoft-Windows-Time-Service Strings: ['53999'] Computer Name: WinDev2311Eval Record Number: 1715 Event Level: 3,winevtx,NTFS:\Windows\System32\winevt\Logs\System.evtx,-
2023-12-27T00:16:59.896679+00:00,Content Modification Time,EVT,WinEVTX,[4616 / 0x1208] Provider identifier: {54849625-5478-4994-a5ba-3e3b0328c30d} Source Name: Microsoft-Windows-Security-Auditing Strings: ['S-1-5-19'  'LOCAL SERVICE'  'NT AUTHORITY'  '0x00000000000003e5'  '2023-12-27T15:16:59.649641200Z'  '2023-12-27T00:16:59.879656000Z'  '0x000000000000065c'  'C:\\Windows\\System32\\svchost.exe'] Computer Name: WinDev2311Eval Record Number: 2894 Event Level: 0,winevtx,NTFS:\Windows\System32\winevt\Logs\Security.evtx,-
2023-12-27T00:16:59.896679+00:00,Creation Time,EVT,WinEVTX,[4616 / 0x1208] Provider identifier: {54849625-5478-4994-a5ba-3e3b0328c30d} Source Name: Microsoft-Windows-Security-Auditing Strings: ['S-1-5-19'  'LOCAL SERVICE'  'NT AUTHORITY'  '0x00000000000003e5'  '2023-12-27T15:16:59.649641200Z'  '2023-12-27T00:16:59.879656000Z'  '0x000000000000065c'  'C:\\Windows\\System32\\svchost.exe'] Computer Name: WinDev2311Eval Record Number: 2894 Event Level: 0,winevtx,NTFS:\Windows\System32\winevt\Logs\Security.evtx,-
2023-12-27T00:16:59.897544+00:00,Content Modification Time,EVT,WinEVTX,[266 / 0x010a] Provider identifier: {06edcfeb-0fd0-4e53-acca-a6f8bbf81bcb} Source Name: Microsoft-Windows-Time-Service Strings: ['3'  '89218'] Computer Name: WinDev2311Eval Record Number: 18 Event Level: 4,winevtx,NTFS:\Windows\System32\winevt\Logs\Microsoft-Windows-TZSync%4Operational.evtx,-
2023-12-27T00:16:59.897544+00:00,Creation Time,EVT,WinEVTX,[266 / 0x010a] Provider identifier: {06edcfeb-0fd0-4e53-acca-a6f8bbf81bcb} Source Name: Microsoft-Windows-Time-Service Strings: ['3'  '89218'] Computer Name: WinDev2311Eval Record Number: 18 Event Level: 4,winevtx,NTFS:\Windows\System32\winevt\Logs\Microsoft-Windows-TZSync%4Operational.evtx,-
2023-12-27T00:16:59.897544+00:00,Content Modification Time,EVT,WinEVTX,[266 / 0x010a] Provider identifier: {06edcfeb-0fd0-4e53-acca-a6f8bbf81bcb} Source Name: Microsoft-Windows-Time-Service Strings: ['3'  '89218'] Computer Name: WinDev2311Eval Record Number: 18 Event Level: 4,winevtx,NTFS:\Windows\System32\winevt\Logs\Microsoft-Windows-Time-Service%4Operational.evtx,-
2023-12-27T00:16:59.897544+00:00,Creation Time,EVT,WinEVTX,[266 / 0x010a] Provider identifier: {06edcfeb-0fd0-4e53-acca-a6f8bbf81bcb} Source Name: Microsoft-Windows-Time-Service Strings: ['3'  '89218'] Computer Name: WinDev2311Eval Record Number: 18 Event Level: 4,winevtx,NTFS:\Windows\System32\winevt\Logs\Microsoft-Windows-Time-Service%4Operational.evtx,-
2023-12-27T00:16:59.897585+00:00,Content Modification Time,EVT,WinEVTX,[265 / 0x0109] Provider identifier: {06edcfeb-0fd0-4e53-acca-a6f8bbf81bcb} Source Name: Microsoft-Windows-Time-Service Strings: ['time.windows.com 0x9 (ntp.m|0x9|0.0.0.0:123->52.148.114.188:123)'  '0x349472BC'  '4'  '89218'] Computer Name: WinDev2311Eval Record Number: 19 Event Level: 4,winevtx,NTFS:\Windows\System32\winevt\Logs\Microsoft-Windows-TZSync%4Operational.evtx,-
2023-12-27T00:16:59.897585+00:00,Creation Time,EVT,WinEVTX,[265 / 0x0109] Provider identifier: {06edcfeb-0fd0-4e53-acca-a6f8bbf81bcb} Source Name: Microsoft-Windows-Time-Service Strings: ['time.windows.com 0x9 (ntp.m|0x9|0.0.0.0:123->52.148.114.188:123)'  '0x349472BC'  '4'  '89218'] Computer Name: WinDev2311Eval Record Number: 19 Event Level: 4,winevtx,NTFS:\Windows\System32\winevt\Logs\Microsoft-Windows-TZSync%4Operational.evtx,-
2023-12-27T00:16:59.897585+00:00,Content Modification Time,EVT,WinEVTX,[265 / 0x0109] Provider identifier: {06edcfeb-0fd0-4e53-acca-a6f8bbf81bcb} Source Name: Microsoft-Windows-Time-Service Strings: ['time.windows.com 0x9 (ntp.m|0x9|0.0.0.0:123->52.148.114.188:123)'  '0x349472BC'  '4'  '89218'] Computer Name: WinDev2311Eval Record Number: 19 Event Level: 4,winevtx,NTFS:\Windows\System32\winevt\Logs\Microsoft-Windows-Time-Service%4Operational.evtx,-
2023-12-27T00:16:59.897585+00:00,Creation Time,EVT,WinEVTX,[265 / 0x0109] Provider identifier: {06edcfeb-0fd0-4e53-acca-a6f8bbf81bcb} Source Name: Microsoft-Windows-Time-Service Strings: ['time.windows.com 0x9 (ntp.m|0x9|0.0.0.0:123->52.148.114.188:123)'  '0x349472BC'  '4'  '89218'] Computer Name: WinDev2311Eval Record Number: 19 Event Level: 4,winevtx,NTFS:\Windows\System32\winevt\Logs\Microsoft-Windows-Time-Service%4Operational.evtx,-
2023-12-27T00:16:59.897593+00:00,Content Modification Time,EVT,WinEVTX,[35 / 0x0023] Provider identifier: {06edcfeb-0fd0-4e53-acca-a6f8bbf81bcb} Source Name: Microsoft-Windows-Time-Service Strings: ['time.windows.com 0x9 (ntp.m|0x9|0.0.0.0:123->52.148.114.188:123)'  '3161625652'  '4'] Computer Name: WinDev2311Eval Record Number: 1716 Event Level: 4,winevtx,NTFS:\Windows\System32\winevt\Logs\System.evtx,-
2023-12-27T00:16:59.897593+00:00,Creation Time,EVT,WinEVTX,[35 / 0x0023] Provider identifier: {06edcfeb-0fd0-4e53-acca-a6f8bbf81bcb} Source Name: Microsoft-Windows-Time-Service Strings: ['time.windows.com 0x9 (ntp.m|0x9|0.0.0.0:123->52.148.114.188:123)'  '3161625652'  '4'] Computer Name: WinDev2311Eval Record Number: 1716 Event Level: 4,winevtx,NTFS:\Windows\System32\winevt\Logs\System.evtx,-
2023-12-27T00:16:59.901059+00:00,Content Modification Time,EVT,WinEVTX,[24 / 0x0018] Provider identifier: {a68ca8b7-004f-d7b6-a698-07e2de0f1f5d} Source Name: Microsoft-Windows-Kernel-General Strings: ['0'  '480'  '1'  '0'  '0'] Computer Name: WinDev2311Eval Record Number: 1717 Event Level: 4,winevtx,NTFS:\Windows\System32\winevt\Logs\System.evtx,-
2023-12-27T00:16:59.901059+00:00,Creation Time,EVT,WinEVTX,[24 / 0x0018] Provider identifier: {a68ca8b7-004f-d7b6-a698-07e2de0f1f5d} Source Name: Microsoft-Windows-Kernel-General Strings: ['0'  '480'  '1'  '0'  '0'] Computer Name: WinDev2311Eval Record Number: 1717 Event Level: 4,winevtx,NTFS:\Windows\System32\winevt\Logs\System.evtx,-
2023-12-27T00:16:59.901430+00:00,Content Modification Time,EVT,WinEVTX,[1 / 0x0001] Provider identifier: {a68ca8b7-004f-d7b6-a698-07e2de0f1f5d} Source Name: Microsoft-Windows-Kernel-General Strings: ['2023-12-27T00:16:59.900740900Z'  '2023-12-27T00:16:59.889771200Z'  '10'  '1'  '\\Device\\HarddiskVolume4\\Windows\\System32\\svchost.exe'  '1628'  '2023-12-26T16:16:59.900740900Z'  '480'  'false'  'false'] Computer Name: WinDev2311Eval Record Number: 1718 Event Level: 4,winevtx,NTFS:\Windows\System32\winevt\Logs\System.evtx,-
2023-12-27T00:16:59.901430+00:00,Creation Time,EVT,WinEVTX,[1 / 0x0001] Provider identifier: {a68ca8b7-004f-d7b6-a698-07e2de0f1f5d} Source Name: Microsoft-Windows-Kernel-General Strings: ['2023-12-27T00:16:59.900740900Z'  '2023-12-27T00:16:59.889771200Z'  '10'  '1'  '\\Device\\HarddiskVolume4\\Windows\\System32\\svchost.exe'  '1628'  '2023-12-26T16:16:59.900740900Z'  '480'  'false'  'false'] Computer Name: WinDev2311Eval Record Number: 1718 Event Level: 4,winevtx,NTFS:\Windows\System32\winevt\Logs\System.evtx,-
2023-12-27T00:16:59.901837+00:00,Content Modification Time,EVT,WinEVTX,[4616 / 0x1208] Provider identifier: {54849625-5478-4994-a5ba-3e3b0328c30d} Source Name: Microsoft-Windows-Security-Auditing Strings: ['S-1-5-19'  'LOCAL SERVICE'  'NT AUTHORITY'  '0x00000000000003e5'  '2023-12-27T00:16:59.889771200Z'  '2023-12-27T00:16:59.900740900Z'  '0x000000000000065c'  'C:\\Windows\\System32\\svchost.exe'] Computer Name: WinDev2311Eval Record Number: 2895 Event Level: 0,winevtx,NTFS:\Windows\System32\winevt\Logs\Security.evtx,-
2023-12-27T00:16:59.901837+00:00,Creation Time,EVT,WinEVTX,[4616 / 0x1208] Provider identifier: {54849625-5478-4994-a5ba-3e3b0328c30d} Source Name: Microsoft-Windows-Security-Auditing Strings: ['S-1-5-19'  'LOCAL SERVICE'  'NT AUTHORITY'  '0x00000000000003e5'  '2023-12-27T00:16:59.889771200Z'  '2023-12-27T00:16:59.900740900Z'  '0x000000000000065c'  'C:\\Windows\\System32\\svchost.exe'] Computer Name: WinDev2311Eval Record Number: 2895 Event Level: 0,winevtx,NTFS:\Windows\System32\winevt\Logs\Security.evtx,-
2023-12-27T00:16:59.901902+00:00,Content Modification Time,EVT,WinEVTX,[261 / 0x0105] Provider identifier: {06edcfeb-0fd0-4e53-acca-a6f8bbf81bcb} Source Name: Microsoft-Windows-Time-Service Strings: ['2023-12-27T00:16:59.900Z'  '2023-12-27T00:16:59.889Z'  '89218'] Computer Name: WinDev2311Eval Record Number: 20 Event Level: 4,winevtx,NTFS:\Windows\System32\winevt\Logs\Microsoft-Windows-TZSync%4Operational.evtx,-
2023-12-27T00:16:59.901902+00:00,Creation Time,EVT,WinEVTX,[261 / 0x0105] Provider identifier: {06edcfeb-0fd0-4e53-acca-a6f8bbf81bcb} Source Name: Microsoft-Windows-Time-Service Strings: ['2023-12-27T00:16:59.900Z'  '2023-12-27T00:16:59.889Z'  '89218'] Computer Name: WinDev2311Eval Record Number: 20 Event Level: 4,winevtx,NTFS:\Windows\System32\winevt\Logs\Microsoft-Windows-TZSync%4Operational.evtx,-
2023-12-27T00:16:59.901902+00:00,Content Modification Time,EVT,WinEVTX,[261 / 0x0105] Provider identifier: {06edcfeb-0fd0-4e53-acca-a6f8bbf81bcb} Source Name: Microsoft-Windows-Time-Service Strings: ['2023-12-27T00:16:59.900Z'  '2023-12-27T00:16:59.889Z'  '89218'] Computer Name: WinDev2311Eval Record Number: 20 Event Level: 4,winevtx,NTFS:\Windows\System32\winevt\Logs\Microsoft-Windows-Time-Service%4Operational.evtx,-
2023-12-27T00:16:59.901902+00:00,Creation Time,EVT,WinEVTX,[261 / 0x0105] Provider identifier: {06edcfeb-0fd0-4e53-acca-a6f8bbf81bcb} Source Name: Microsoft-Windows-Time-Service Strings: ['2023-12-27T00:16:59.900Z'  '2023-12-27T00:16:59.889Z'  '89218'] Computer Name: WinDev2311Eval Record Number: 20 Event Level: 4,winevtx,NTFS:\Windows\System32\winevt\Logs\Microsoft-Windows-Time-Service%4Operational.evtx,-
2023-12-27T00:16:59.912169+00:00,Content Modification Time,EVT,WinEVTX,[266 / 0x010a] Provider identifier: {06edcfeb-0fd0-4e53-acca-a6f8bbf81bcb} Source Name: Microsoft-Windows-Time-Service Strings: ['0'  '89234'] Computer Name: WinDev2311Eval Record Number: 21 Event Level: 4,winevtx,NTFS:\Windows\System32\winevt\Logs\Microsoft-Windows-TZSync%4Operational.evtx,-
2023-12-27T00:16:59.912169+00:00,Creation Time,EVT,WinEVTX,[266 / 0x010a] Provider identifier: {06edcfeb-0fd0-4e53-acca-a6f8bbf81bcb} Source Name: Microsoft-Windows-Time-Service Strings: ['0'  '89234'] Computer Name: WinDev2311Eval Record Number: 21 Event Level: 4,winevtx,NTFS:\Windows\System32\winevt\Logs\Microsoft-Windows-TZSync%4Operational.evtx,-
2023-12-27T00:16:59.912169+00:00,Content Modification Time,EVT,WinEVTX,[266 / 0x010a] Provider identifier: {06edcfeb-0fd0-4e53-acca-a6f8bbf81bcb} Source Name: Microsoft-Windows-Time-Service Strings: ['0'  '89234'] Computer Name: WinDev2311Eval Record Number: 21 Event Level: 4,winevtx,NTFS:\Windows\System32\winevt\Logs\Microsoft-Windows-Time-Service%4Operational.evtx,-
2023-12-27T00:16:59.912169+00:00,Creation Time,EVT,WinEVTX,[266 / 0x010a] Provider identifier: {06edcfeb-0fd0-4e53-acca-a6f8bbf81bcb} Source Name: Microsoft-Windows-Time-Service Strings: ['0'  '89234'] Computer Name: WinDev2311Eval Record Number: 21 Event Level: 4,winevtx,NTFS:\Windows\System32\winevt\Logs\Microsoft-Windows-Time-Service%4Operational.evtx,-
2023-12-27T00:16:59.951914+00:00,Content Modification Time,EVT,WinEVTX,[781 / 0x030d] Provider identifier: {0f177893-4a9c-4709-b921-f432d67f43d5} Source Name: COM+ Strings: ['86400'  'SuppressDuplicateDuration'  'Software\\Microsoft\\COM3\\Eventlog'] Computer Name: WinDev2311Eval Record Number: 1354 Event Level: 4,winevtx,NTFS:\Users\User\Documents\app-event-log.evtx,-
2023-12-27T00:16:59.951914+00:00,Creation Time,EVT,WinEVTX,[781 / 0x030d] Provider identifier: {0f177893-4a9c-4709-b921-f432d67f43d5} Source Name: COM+ Strings: ['86400'  'SuppressDuplicateDuration'  'Software\\Microsoft\\COM3\\Eventlog'] Computer Name: WinDev2311Eval Record Number: 1354 Event Level: 4,winevtx,NTFS:\Users\User\Documents\app-event-log.evtx,-
2023-12-27T00:17:00.493910+00:00,Metadata Modification Time,FILE,NTFS USN change,PenSyncDataAvailable File reference: 130057-1 Parent file reference: 129959-1 Update source:  Update reason: USN_REASON_DATA_EXTEND  USN_REASON_DATA_TRUNCATION,usnjrnl,NTFS:\$Extend\$UsnJrnl:$J,-
2023-12-27T00:17:00.493910+00:00,Metadata Modification Time,FILE,NTFS USN change,PenSyncDataAvailable File reference: 130057-1 Parent file reference: 129959-1 Update source:  Update reason: USN_REASON_DATA_TRUNCATION,usnjrnl,NTFS:\$Extend\$UsnJrnl:$J,-
2023-12-27T00:17:00.493910+00:00,Content Modification Time,FILE,File stat,NTFS:\Windows\System32\Tasks\Microsoft\Windows\input\PenSyncDataAvailable Type: file,filestat,NTFS:\Windows\System32\Tasks\Microsoft\Windows\input\PenSyncDataAvailable,-
2023-12-27T00:17:00.493910+00:00,Last Access Time,FILE,File stat,NTFS:\Windows\System32\Tasks\Microsoft\Windows\input\PenSyncDataAvailable Type: file,filestat,NTFS:\Windows\System32\Tasks\Microsoft\Windows\input\PenSyncDataAvailable,-
2023-12-27T00:17:00.493910+00:00,Metadata Modification Time,FILE,File stat,NTFS:\Windows\System32\Tasks\Microsoft\Windows\input\PenSyncDataAvailable Type: file,filestat,NTFS:\Windows\System32\Tasks\Microsoft\Windows\input\PenSyncDataAvailable,-
2023-12-27T00:17:00.213781+00:00,Metadata Modification Time,FILE,NTFS USN change,PenSyncDataAvailable File reference: 130057-1 Parent file reference: 129959-1 Update source:  Update reason: USN_REASON_DATA_EXTEND  USN_REASON_DATA_TRUNCATION  USN_REASON_CLOSE,usnjrnl,NTFS:\$Extend\$UsnJrnl:$J,-
2023-12-27T00:17:00.213781+00:00,Metadata Modification Time,FILE,NTFS USN change,{a2332ed0-cdbf-11ec-8680-002248483d79}.TMContainer00000000000000000001.regtrans-ms File reference: 129370-4 Parent file reference: 3712-1 Update source:  Update reason: USN_REASON_DATA_OVERWRITE,usnjrnl,NTFS:\$Extend\$UsnJrnl:$J,-
2023-12-27T00:17:00.527288+00:00,Metadata Modification Time,FILE,NTFS USN change,LocateCommandUserSession File reference: 130058-2 Parent file reference: 129805-1 Update source:  Update reason: USN_REASON_DATA_EXTEND  USN_REASON_DATA_TRUNCATION,usnjrnl,NTFS:\$Extend\$UsnJrnl:$J,-
2023-12-27T00:17:00.527288+00:00,Metadata Modification Time,FILE,NTFS USN change,LocateCommandUserSession File reference: 130058-2 Parent file reference: 129805-1 Update source:  Update reason: USN_REASON_DATA_TRUNCATION,usnjrnl,NTFS:\$Extend\$UsnJrnl:$J,-
2023-12-27T00:17:00.527288+00:00,Content Modification Time,FILE,File stat,NTFS:\Windows\System32\Tasks\Microsoft\Windows\DeviceDirectoryClient\LocateCommandUserSession Type: file,filestat,NTFS:\Windows\System32\Tasks\Microsoft\Windows\DeviceDirectoryClient\LocateCommandUserSession,-
2023-12-27T00:17:00.527288+00:00,Last Access Time,FILE,File stat,NTFS:\Windows\System32\Tasks\Microsoft\Windows\DeviceDirectoryClient\LocateCommandUserSession Type: file,filestat,NTFS:\Windows\System32\Tasks\Microsoft\Windows\DeviceDirectoryClient\LocateCommandUserSession,-
2023-12-27T00:17:00.527288+00:00,Metadata Modification Time,FILE,File stat,NTFS:\Windows\System32\Tasks\Microsoft\Windows\DeviceDirectoryClient\LocateCommandUserSession Type: file,filestat,NTFS:\Windows\System32\Tasks\Microsoft\Windows\DeviceDirectoryClient\LocateCommandUserSession,-
2023-12-27T00:17:00.115090+00:00,Metadata Modification Time,FILE,NTFS USN change,Windows Defender Cache Maintenance File reference: 130093-3 Parent file reference: 130061-1 Update source:  Update reason: USN_REASON_DATA_EXTEND  USN_REASON_DATA_TRUNCATION,usnjrnl,NTFS:\$Extend\$UsnJrnl:$J,-
2023-12-27T00:17:00.115090+00:00,Metadata Modification Time,FILE,NTFS USN change,Windows Defender Cache Maintenance File reference: 130093-3 Parent file reference: 130061-1 Update source:  Update reason: USN_REASON_DATA_TRUNCATION,usnjrnl,NTFS:\$Extend\$UsnJrnl:$J,-
2023-12-27T00:17:00.115090+00:00,Content Modification Time,FILE,File stat,NTFS:\Windows\System32\Tasks\Microsoft\Windows\Windows Defender\Windows Defender Cache Maintenance Type: file,filestat,NTFS:\Windows\System32\Tasks\Microsoft\Windows\Windows Defender\Windows Defender Cache Maintenance,-
2023-12-27T00:17:00.115090+00:00,Last Access Time,FILE,File stat,NTFS:\Windows\System32\Tasks\Microsoft\Windows\Windows Defender\Windows Defender Cache Maintenance Type: file,filestat,NTFS:\Windows\System32\Tasks\Microsoft\Windows\Windows Defender\Windows Defender Cache Maintenance,-
2023-12-27T00:17:00.115090+00:00,Metadata Modification Time,FILE,File stat,NTFS:\Windows\System32\Tasks\Microsoft\Windows\Windows Defender\Windows Defender Cache Maintenance Type: file,filestat,NTFS:\Windows\System32\Tasks\Microsoft\Windows\Windows Defender\Windows Defender Cache Maintenance,-
2023-12-27T00:17:00.686104+00:00,Metadata Modification Time,FILE,NTFS USN change,LocateCommandUserSession File reference: 130058-2 Parent file reference: 129805-1 Update source:  Update reason: USN_REASON_DATA_EXTEND  USN_REASON_DATA_TRUNCATION  USN_REASON_CLOSE,usnjrnl,NTFS:\$Extend\$UsnJrnl:$J,-
2023-12-27T00:17:00.130349+00:00,Metadata Modification Time,FILE,NTFS USN change,Windows Defender Cache Maintenance File reference: 130093-3 Parent file reference: 130061-1 Update source:  Update reason: USN_REASON_DATA_EXTEND  USN_REASON_DATA_TRUNCATION  USN_REASON_CLOSE,usnjrnl,NTFS:\$Extend\$UsnJrnl:$J,-
2023-12-27T00:17:00.130349+00:00,Content Modification Time,REG,Registry Key,[HKEY_LOCAL_MACHINE\Software\Microsoft\Windows NT\CurrentVersion\Schedule\TaskCache\Tasks\{B79A8E70-0C7F-490C-AD1A-5835E73B4A98}] Actions: [REG_BINARY] (286 bytes) Description: [REG_SZ] Periodic maintenance task. DynamicInfo: [REG_BINARY] (36 bytes) Hash: [REG_BINARY] (32 bytes) Path: [REG_SZ] \Microsoft\Windows\Windows Defender\Windows Defender Cache Maintenance Schema: [REG_DWORD_LE] 65540 Triggers: [REG_BINARY] (248 bytes) URI: [REG_SZ] \Microsoft\Windows\Windows Defender\Windows Defender Cache Maintenance,winreg/winreg_default,NTFS:\Windows\System32\config\SOFTWARE,-
2023-12-27T00:17:00.146282+00:00,Metadata Modification Time,FILE,NTFS USN change,Metadata Refresh File reference: 130060-1 Parent file reference: 130059-1 Update source:  Update reason: USN_REASON_DATA_EXTEND  USN_REASON_DATA_TRUNCATION,usnjrnl,NTFS:\$Extend\$UsnJrnl:$J,-
2023-12-27T00:17:00.146282+00:00,Metadata Modification Time,FILE,NTFS USN change,Metadata Refresh File reference: 130060-1 Parent file reference: 130059-1 Update source:  Update reason: USN_REASON_DATA_EXTEND  USN_REASON_DATA_TRUNCATION  USN_REASON_CLOSE,usnjrnl,NTFS:\$Extend\$UsnJrnl:$J,-
2023-12-27T00:17:00.146282+00:00,Metadata Modification Time,FILE,NTFS USN change,Metadata Refresh File reference: 130060-1 Parent file reference: 130059-1 Update source:  Update reason: USN_REASON_DATA_TRUNCATION,usnjrnl,NTFS:\$Extend\$UsnJrnl:$J,-
2023-12-27T00:17:00.146282+00:00,Content Modification Time,FILE,File stat,NTFS:\Windows\System32\Tasks\Microsoft\Windows\Device Setup\Metadata Refresh Type: file,filestat,NTFS:\Windows\System32\Tasks\Microsoft\Windows\Device Setup\Metadata Refresh,-
2023-12-27T00:17:00.146282+00:00,Last Access Time,FILE,File stat,NTFS:\Windows\System32\Tasks\Microsoft\Windows\Device Setup\Metadata Refresh Type: file,filestat,NTFS:\Windows\System32\Tasks\Microsoft\Windows\Device Setup\Metadata Refresh,-
2023-12-27T00:17:00.146282+00:00,Metadata Modification Time,FILE,File stat,NTFS:\Windows\System32\Tasks\Microsoft\Windows\Device Setup\Metadata Refresh Type: file,filestat,NTFS:\Windows\System32\Tasks\Microsoft\Windows\Device Setup\Metadata Refresh,-
2023-12-27T00:17:00.192986+00:00,Metadata Modification Time,FILE,NTFS USN change,RegisterDeviceProtectionStateChanged File reference: 130063-1 Parent file reference: 129805-1 Update source:  Update reason: USN_REASON_DATA_EXTEND  USN_REASON_DATA_TRUNCATION,usnjrnl,NTFS:\$Extend\$UsnJrnl:$J,-
2023-12-27T00:17:00.192986+00:00,Metadata Modification Time,FILE,NTFS USN change,RegisterDeviceProtectionStateChanged File reference: 130063-1 Parent file reference: 129805-1 Update source:  Update reason: USN_REASON_DATA_EXTEND  USN_REASON_DATA_TRUNCATION  USN_REASON_CLOSE,usnjrnl,NTFS:\$Extend\$UsnJrnl:$J,-
2023-12-27T00:17:00.192986+00:00,Metadata Modification Time,FILE,NTFS USN change,RegisterDeviceProtectionStateChanged File reference: 130063-1 Parent file reference: 129805-1 Update source:  Update reason: USN_REASON_DATA_TRUNCATION,usnjrnl,NTFS:\$Extend\$UsnJrnl:$J,-
2023-12-27T00:17:00.192986+00:00,Content Modification Time,FILE,File stat,NTFS:\Windows\System32\Tasks\Microsoft\Windows\DeviceDirectoryClient\RegisterDeviceProtectionStateChanged Type: file,filestat,NTFS:\Windows\System32\Tasks\Microsoft\Windows\DeviceDirectoryClient\RegisterDeviceProtectionStateChanged,-
2023-12-27T00:17:00.192986+00:00,Last Access Time,FILE,File stat,NTFS:\Windows\System32\Tasks\Microsoft\Windows\DeviceDirectoryClient\RegisterDeviceProtectionStateChanged Type: file,filestat,NTFS:\Windows\System32\Tasks\Microsoft\Windows\DeviceDirectoryClient\RegisterDeviceProtectionStateChanged,-
2023-12-27T00:17:00.192986+00:00,Metadata Modification Time,FILE,File stat,NTFS:\Windows\System32\Tasks\Microsoft\Windows\DeviceDirectoryClient\RegisterDeviceProtectionStateChanged Type: file,filestat,NTFS:\Windows\System32\Tasks\Microsoft\Windows\DeviceDirectoryClient\RegisterDeviceProtectionStateChanged,-
2023-12-27T00:17:00.192986+00:00,Last Access Time,FILE,File stat,NTFS:\Windows\System32\security.dll Type: file,filestat,NTFS:\Windows\System32\security.dll,-
2023-12-27T00:17:00.192986+00:00,Last Access Time,FILE,File stat,NTFS:\Windows\WinSxS\amd64_microsoft-windows-s..ider-interface-stub_31bf3856ad364e35_10.0.22621.1_none_fdc1dd114271c384\security.dll Type: file,filestat,NTFS:\Windows\WinSxS\amd64_microsoft-windows-s..ider-interface-stub_31bf3856ad364e35_10.0.22621.1_none_fdc1dd114271c384\security.dll,-
2023-12-27T00:17:00.239944+00:00,Metadata Modification Time,FILE,NTFS USN change,Usb-Notifications File reference: 130065-1 Parent file reference: 130064-1 Update source:  Update reason: USN_REASON_DATA_EXTEND  USN_REASON_DATA_TRUNCATION,usnjrnl,NTFS:\$Extend\$UsnJrnl:$J,-
2023-12-27T00:17:00.239944+00:00,Metadata Modification Time,FILE,NTFS USN change,Usb-Notifications File reference: 130065-1 Parent file reference: 130064-1 Update source:  Update reason: USN_REASON_DATA_EXTEND  USN_REASON_DATA_TRUNCATION  USN_REASON_CLOSE,usnjrnl,NTFS:\$Extend\$UsnJrnl:$J,-
2023-12-27T00:17:00.239944+00:00,Metadata Modification Time,FILE,NTFS USN change,Usb-Notifications File reference: 130065-1 Parent file reference: 130064-1 Update source:  Update reason: USN_REASON_DATA_TRUNCATION,usnjrnl,NTFS:\$Extend\$UsnJrnl:$J,-
2023-12-27T00:17:00.239944+00:00,Content Modification Time,FILE,File stat,NTFS:\Windows\System32\Tasks\Microsoft\Windows\USB\Usb-Notifications Type: file,filestat,NTFS:\Windows\System32\Tasks\Microsoft\Windows\USB\Usb-Notifications,-
2023-12-27T00:17:00.239944+00:00,Last Access Time,FILE,File stat,NTFS:\Windows\System32\Tasks\Microsoft\Windows\USB\Usb-Notifications Type: file,filestat,NTFS:\Windows\System32\Tasks\Microsoft\Windows\USB\Usb-Notifications,-
2023-12-27T00:17:00.239944+00:00,Metadata Modification Time,FILE,File stat,NTFS:\Windows\System32\Tasks\Microsoft\Windows\USB\Usb-Notifications Type: file,filestat,NTFS:\Windows\System32\Tasks\Microsoft\Windows\USB\Usb-Notifications,-
2023-12-27T00:17:00.274217+00:00,Metadata Modification Time,FILE,NTFS USN change,UninstallDeviceTask File reference: 130067-1 Parent file reference: 130066-1 Update source:  Update reason: USN_REASON_DATA_EXTEND  USN_REASON_DATA_TRUNCATION,usnjrnl,NTFS:\$Extend\$UsnJrnl:$J,-
2023-12-27T00:17:00.274217+00:00,Metadata Modification Time,FILE,NTFS USN change,UninstallDeviceTask File reference: 130067-1 Parent file reference: 130066-1 Update source:  Update reason: USN_REASON_DATA_TRUNCATION,usnjrnl,NTFS:\$Extend\$UsnJrnl:$J,-
2023-12-27T00:17:00.274217+00:00,Content Modification Time,FILE,File stat,NTFS:\Windows\System32\Tasks\Microsoft\Windows\Bluetooth\UninstallDeviceTask Type: file,filestat,NTFS:\Windows\System32\Tasks\Microsoft\Windows\Bluetooth\UninstallDeviceTask,-
2023-12-27T00:17:00.274217+00:00,Last Access Time,FILE,File stat,NTFS:\Windows\System32\Tasks\Microsoft\Windows\Bluetooth\UninstallDeviceTask Type: file,filestat,NTFS:\Windows\System32\Tasks\Microsoft\Windows\Bluetooth\UninstallDeviceTask,-
2023-12-27T00:17:00.274217+00:00,Metadata Modification Time,FILE,File stat,NTFS:\Windows\System32\Tasks\Microsoft\Windows\Bluetooth\UninstallDeviceTask Type: file,filestat,NTFS:\Windows\System32\Tasks\Microsoft\Windows\Bluetooth\UninstallDeviceTask,-
2023-12-27T00:17:00.290576+00:00,Metadata Modification Time,FILE,NTFS USN change,UninstallDeviceTask File reference: 130067-1 Parent file reference: 130066-1 Update source:  Update reason: USN_REASON_DATA_EXTEND  USN_REASON_DATA_TRUNCATION  USN_REASON_CLOSE,usnjrnl,NTFS:\$Extend\$UsnJrnl:$J,-
2023-12-27T00:17:00.306691+00:00,Metadata Modification Time,FILE,NTFS USN change,BitLocker Encrypt All Drives File reference: 130068-1 Parent file reference: 129842-2 Update source:  Update reason: USN_REASON_DATA_EXTEND  USN_REASON_DATA_TRUNCATION,usnjrnl,NTFS:\$Extend\$UsnJrnl:$J,-
2023-12-27T00:17:00.306691+00:00,Metadata Modification Time,FILE,NTFS USN change,BitLocker Encrypt All Drives File reference: 130068-1 Parent file reference: 129842-2 Update source:  Update reason: USN_REASON_DATA_EXTEND  USN_REASON_DATA_TRUNCATION  USN_REASON_CLOSE,usnjrnl,NTFS:\$Extend\$UsnJrnl:$J,-
2023-12-27T00:17:00.306691+00:00,Metadata Modification Time,FILE,NTFS USN change,BitLocker Encrypt All Drives File reference: 130068-1 Parent file reference: 129842-2 Update source:  Update reason: USN_REASON_DATA_TRUNCATION,usnjrnl,NTFS:\$Extend\$UsnJrnl:$J,-
2023-12-27T00:17:00.306691+00:00,Content Modification Time,FILE,File stat,NTFS:\Windows\System32\Tasks\Microsoft\Windows\BitLocker\BitLocker Encrypt All Drives Type: file,filestat,NTFS:\Windows\System32\Tasks\Microsoft\Windows\BitLocker\BitLocker Encrypt All Drives,-
2023-12-27T00:17:00.306691+00:00,Last Access Time,FILE,File stat,NTFS:\Windows\System32\Tasks\Microsoft\Windows\BitLocker\BitLocker Encrypt All Drives Type: file,filestat,NTFS:\Windows\System32\Tasks\Microsoft\Windows\BitLocker\BitLocker Encrypt All Drives,-
2023-12-27T00:17:00.306691+00:00,Metadata Modification Time,FILE,File stat,NTFS:\Windows\System32\Tasks\Microsoft\Windows\BitLocker\BitLocker Encrypt All Drives Type: file,filestat,NTFS:\Windows\System32\Tasks\Microsoft\Windows\BitLocker\BitLocker Encrypt All Drives,-
2023-12-27T00:17:00.322744+00:00,Metadata Modification Time,FILE,NTFS USN change,ResolutionHost File reference: 130070-1 Parent file reference: 130069-1 Update source:  Update reason: USN_REASON_DATA_EXTEND  USN_REASON_DATA_TRUNCATION,usnjrnl,NTFS:\$Extend\$UsnJrnl:$J,-
2023-12-27T00:17:00.322744+00:00,Metadata Modification Time,FILE,NTFS USN change,ResolutionHost File reference: 130070-1 Parent file reference: 130069-1 Update source:  Update reason: USN_REASON_DATA_TRUNCATION,usnjrnl,NTFS:\$Extend\$UsnJrnl:$J,-
2023-12-27T00:17:00.322744+00:00,Content Modification Time,FILE,File stat,NTFS:\Windows\System32\Tasks\Microsoft\Windows\WDI\ResolutionHost Type: file,filestat,NTFS:\Windows\System32\Tasks\Microsoft\Windows\WDI\ResolutionHost,-
2023-12-27T00:17:00.322744+00:00,Last Access Time,FILE,File stat,NTFS:\Windows\System32\Tasks\Microsoft\Windows\WDI\ResolutionHost Type: file,filestat,NTFS:\Windows\System32\Tasks\Microsoft\Windows\WDI\ResolutionHost,-
2023-12-27T00:17:00.322744+00:00,Metadata Modification Time,FILE,File stat,NTFS:\Windows\System32\Tasks\Microsoft\Windows\WDI\ResolutionHost Type: file,filestat,NTFS:\Windows\System32\Tasks\Microsoft\Windows\WDI\ResolutionHost,-
2023-12-27T00:17:00.339735+00:00,Metadata Modification Time,FILE,NTFS USN change,ResolutionHost File reference: 130070-1 Parent file reference: 130069-1 Update source:  Update reason: USN_REASON_DATA_EXTEND  USN_REASON_DATA_TRUNCATION  USN_REASON_CLOSE,usnjrnl,NTFS:\$Extend\$UsnJrnl:$J,-
2023-12-27T00:17:00.355934+00:00,Metadata Modification Time,FILE,NTFS USN change,AikCertEnrollTask File reference: 130071-1 Parent file reference: 129722-1 Update source:  Update reason: USN_REASON_DATA_EXTEND  USN_REASON_DATA_TRUNCATION,usnjrnl,NTFS:\$Extend\$UsnJrnl:$J,-
2023-12-27T00:17:00.355934+00:00,Metadata Modification Time,FILE,NTFS USN change,AikCertEnrollTask File reference: 130071-1 Parent file reference: 129722-1 Update source:  Update reason: USN_REASON_DATA_EXTEND  USN_REASON_DATA_TRUNCATION  USN_REASON_CLOSE,usnjrnl,NTFS:\$Extend\$UsnJrnl:$J,-
2023-12-27T00:17:00.355934+00:00,Metadata Modification Time,FILE,NTFS USN change,AikCertEnrollTask File reference: 130071-1 Parent file reference: 129722-1 Update source:  Update reason: USN_REASON_DATA_TRUNCATION,usnjrnl,NTFS:\$Extend\$UsnJrnl:$J,-
2023-12-27T00:17:00.355934+00:00,Content Modification Time,FILE,File stat,NTFS:\Windows\System32\Tasks\Microsoft\Windows\CertificateServicesClient\AikCertEnrollTask Type: file,filestat,NTFS:\Windows\System32\Tasks\Microsoft\Windows\CertificateServicesClient\AikCertEnrollTask,-
2023-12-27T00:17:00.355934+00:00,Last Access Time,FILE,File stat,NTFS:\Windows\System32\Tasks\Microsoft\Windows\CertificateServicesClient\AikCertEnrollTask Type: file,filestat,NTFS:\Windows\System32\Tasks\Microsoft\Windows\CertificateServicesClient\AikCertEnrollTask,-
2023-12-27T00:17:00.355934+00:00,Metadata Modification Time,FILE,File stat,NTFS:\Windows\System32\Tasks\Microsoft\Windows\CertificateServicesClient\AikCertEnrollTask Type: file,filestat,NTFS:\Windows\System32\Tasks\Microsoft\Windows\CertificateServicesClient\AikCertEnrollTask,-
2023-12-27T00:17:00.403450+00:00,Last Access Time,FILE,File stat,NTFS:\Windows\System32\NetSetupEngine.dll Type: file,filestat,NTFS:\Windows\System32\NetSetupEngine.dll,-
2023-12-27T00:17:00.403450+00:00,Last Access Time,FILE,File stat,NTFS:\Windows\WinSxS\amd64_microsoft-windows-n..ork-setup-servicing_31bf3856ad364e35_10.0.22621.2506_none_6622f26e89c541f8\NetSetupEngine.dll Type: file,filestat,NTFS:\Windows\WinSxS\amd64_microsoft-windows-n..ork-setup-servicing_31bf3856ad364e35_10.0.22621.2506_none_6622f26e89c541f8\NetSetupEngine.dll,-
2023-12-27T00:17:00.419036+00:00,Last Access Time,FILE,File stat,NTFS:\Windows\System32\ImplatSetup.dll Type: file,filestat,NTFS:\Windows\System32\ImplatSetup.dll,-
2023-12-27T00:17:00.419036+00:00,Last Access Time,FILE,File stat,NTFS:\Windows\WinSxS\amd64_microsoft-windows-ndis-implatform_31bf3856ad364e35_10.0.22621.2506_none_35c59321bf7e8937\ImplatSetup.dll Type: file,filestat,NTFS:\Windows\WinSxS\amd64_microsoft-windows-ndis-implatform_31bf3856ad364e35_10.0.22621.2506_none_35c59321bf7e8937\ImplatSetup.dll,-
2023-12-27T00:17:00.434428+00:00,Metadata Modification Time,FILE,NTFS USN change,MoProfileManagement File reference: 130072-1 Parent file reference: 129953-1 Update source:  Update reason: USN_REASON_DATA_EXTEND  USN_REASON_DATA_TRUNCATION,usnjrnl,NTFS:\$Extend\$UsnJrnl:$J,-
2023-12-27T00:17:00.434428+00:00,Metadata Modification Time,FILE,NTFS USN change,MoProfileManagement File reference: 130072-1 Parent file reference: 129953-1 Update source:  Update reason: USN_REASON_DATA_EXTEND  USN_REASON_DATA_TRUNCATION  USN_REASON_CLOSE,usnjrnl,NTFS:\$Extend\$UsnJrnl:$J,-
2023-12-27T00:17:00.434428+00:00,Metadata Modification Time,FILE,NTFS USN change,MoProfileManagement File reference: 130072-1 Parent file reference: 129953-1 Update source:  Update reason: USN_REASON_DATA_TRUNCATION,usnjrnl,NTFS:\$Extend\$UsnJrnl:$J,-
2023-12-27T00:17:00.434428+00:00,Content Modification Time,FILE,File stat,NTFS:\Windows\System32\Tasks\Microsoft\Windows\WlanSvc\MoProfileManagement Type: file,filestat,NTFS:\Windows\System32\Tasks\Microsoft\Windows\WlanSvc\MoProfileManagement,-
2023-12-27T00:17:00.434428+00:00,Last Access Time,FILE,File stat,NTFS:\Windows\System32\Tasks\Microsoft\Windows\WlanSvc\MoProfileManagement Type: file,filestat,NTFS:\Windows\System32\Tasks\Microsoft\Windows\WlanSvc\MoProfileManagement,-
2023-12-27T00:17:00.434428+00:00,Metadata Modification Time,FILE,File stat,NTFS:\Windows\System32\Tasks\Microsoft\Windows\WlanSvc\MoProfileManagement Type: file,filestat,NTFS:\Windows\System32\Tasks\Microsoft\Windows\WlanSvc\MoProfileManagement,-
2023-12-27T00:17:00.450388+00:00,Metadata Modification Time,FILE,NTFS USN change,UpdateLibrary File reference: 130074-1 Parent file reference: 130073-1 Update source:  Update reason: USN_REASON_DATA_EXTEND  USN_REASON_DATA_TRUNCATION,usnjrnl,NTFS:\$Extend\$UsnJrnl:$J,-
2023-12-27T00:17:00.450388+00:00,Metadata Modification Time,FILE,NTFS USN change,UpdateLibrary File reference: 130074-1 Parent file reference: 130073-1 Update source:  Update reason: USN_REASON_DATA_EXTEND  USN_REASON_DATA_TRUNCATION  USN_REASON_CLOSE,usnjrnl,NTFS:\$Extend\$UsnJrnl:$J,-
2023-12-27T00:17:00.450388+00:00,Metadata Modification Time,FILE,NTFS USN change,UpdateLibrary File reference: 130074-1 Parent file reference: 130073-1 Update source:  Update reason: USN_REASON_DATA_TRUNCATION,usnjrnl,NTFS:\$Extend\$UsnJrnl:$J,-
2023-12-27T00:17:00.450388+00:00,Content Modification Time,FILE,File stat,NTFS:\Windows\System32\Tasks\Microsoft\Windows\Windows Media Sharing\UpdateLibrary Type: file,filestat,NTFS:\Windows\System32\Tasks\Microsoft\Windows\Windows Media Sharing\UpdateLibrary,-
2023-12-27T00:17:00.450388+00:00,Last Access Time,FILE,File stat,NTFS:\Windows\System32\Tasks\Microsoft\Windows\Windows Media Sharing\UpdateLibrary Type: file,filestat,NTFS:\Windows\System32\Tasks\Microsoft\Windows\Windows Media Sharing\UpdateLibrary,-
2023-12-27T00:17:00.450388+00:00,Metadata Modification Time,FILE,File stat,NTFS:\Windows\System32\Tasks\Microsoft\Windows\Windows Media Sharing\UpdateLibrary Type: file,filestat,NTFS:\Windows\System32\Tasks\Microsoft\Windows\Windows Media Sharing\UpdateLibrary,-
2023-12-27T00:17:00.465875+00:00,Metadata Modification Time,FILE,NTFS USN change,Microsoft-Windows-DiskDiagnosticDataCollector File reference: 130075-1 Parent file reference: 129763-1 Update source:  Update reason: USN_REASON_DATA_EXTEND  USN_REASON_DATA_TRUNCATION,usnjrnl,NTFS:\$Extend\$UsnJrnl:$J,-
2023-12-27T00:17:00.465875+00:00,Metadata Modification Time,FILE,NTFS USN change,Microsoft-Windows-DiskDiagnosticDataCollector File reference: 130075-1 Parent file reference: 129763-1 Update source:  Update reason: USN_REASON_DATA_TRUNCATION,usnjrnl,NTFS:\$Extend\$UsnJrnl:$J,-
2023-12-27T00:17:00.465875+00:00,Content Modification Time,FILE,File stat,NTFS:\Windows\System32\Tasks\Microsoft\Windows\DiskDiagnostic\Microsoft-Windows-DiskDiagnosticDataCollector Type: file,filestat,NTFS:\Windows\System32\Tasks\Microsoft\Windows\DiskDiagnostic\Microsoft-Windows-DiskDiagnosticDataCollector,-
2023-12-27T00:17:00.465875+00:00,Last Access Time,FILE,File stat,NTFS:\Windows\System32\Tasks\Microsoft\Windows\DiskDiagnostic\Microsoft-Windows-DiskDiagnosticDataCollector Type: file,filestat,NTFS:\Windows\System32\Tasks\Microsoft\Windows\DiskDiagnostic\Microsoft-Windows-DiskDiagnosticDataCollector,-
2023-12-27T00:17:00.465875+00:00,Metadata Modification Time,FILE,File stat,NTFS:\Windows\System32\Tasks\Microsoft\Windows\DiskDiagnostic\Microsoft-Windows-DiskDiagnosticDataCollector Type: file,filestat,NTFS:\Windows\System32\Tasks\Microsoft\Windows\DiskDiagnostic\Microsoft-Windows-DiskDiagnosticDataCollector,-
2023-12-27T00:17:00.481592+00:00,Metadata Modification Time,FILE,NTFS USN change,Microsoft-Windows-DiskDiagnosticDataCollector File reference: 130075-1 Parent file reference: 129763-1 Update source:  Update reason: USN_REASON_DATA_EXTEND  USN_REASON_DATA_TRUNCATION  USN_REASON_CLOSE,usnjrnl,NTFS:\$Extend\$UsnJrnl:$J,-
2023-12-27T00:17:00.512824+00:00,Metadata Modification Time,FILE,NTFS USN change,.NET Framework NGEN v4.0.30319 64 Critical File reference: 130077-1 Parent file reference: 129873-1 Update source:  Update reason: USN_REASON_DATA_EXTEND  USN_REASON_DATA_TRUNCATION,usnjrnl,NTFS:\$Extend\$UsnJrnl:$J,-
2023-12-27T00:17:00.512824+00:00,Metadata Modification Time,FILE,NTFS USN change,.NET Framework NGEN v4.0.30319 64 Critical File reference: 130077-1 Parent file reference: 129873-1 Update source:  Update reason: USN_REASON_DATA_TRUNCATION,usnjrnl,NTFS:\$Extend\$UsnJrnl:$J,-
2023-12-27T00:17:00.512824+00:00,Content Modification Time,FILE,File stat,NTFS:\Windows\System32\Tasks\Microsoft\Windows\.NET Framework\.NET Framework NGEN v4.0.30319 64 Critical Type: file,filestat,NTFS:\Windows\System32\Tasks\Microsoft\Windows\.NET Framework\.NET Framework NGEN v4.0.30319 64 Critical,-
2023-12-27T00:17:00.512824+00:00,Last Access Time,FILE,File stat,NTFS:\Windows\System32\Tasks\Microsoft\Windows\.NET Framework\.NET Framework NGEN v4.0.30319 64 Critical Type: file,filestat,NTFS:\Windows\System32\Tasks\Microsoft\Windows\.NET Framework\.NET Framework NGEN v4.0.30319 64 Critical,-
2023-12-27T00:17:00.512824+00:00,Metadata Modification Time,FILE,File stat,NTFS:\Windows\System32\Tasks\Microsoft\Windows\.NET Framework\.NET Framework NGEN v4.0.30319 64 Critical Type: file,filestat,NTFS:\Windows\System32\Tasks\Microsoft\Windows\.NET Framework\.NET Framework NGEN v4.0.30319 64 Critical,-
2023-12-27T00:17:00.528611+00:00,Metadata Modification Time,FILE,NTFS USN change,.NET Framework NGEN v4.0.30319 64 Critical File reference: 130077-1 Parent file reference: 129873-1 Update source:  Update reason: USN_REASON_DATA_EXTEND  USN_REASON_DATA_TRUNCATION  USN_REASON_CLOSE,usnjrnl,NTFS:\$Extend\$UsnJrnl:$J,-
2023-12-27T00:17:00.543956+00:00,Metadata Modification Time,FILE,NTFS USN change,Cellular File reference: 130078-1 Parent file reference: 129708-1 Update source:  Update reason: USN_REASON_DATA_EXTEND  USN_REASON_DATA_TRUNCATION,usnjrnl,NTFS:\$Extend\$UsnJrnl:$J,-
2023-12-27T00:17:00.543956+00:00,Metadata Modification Time,FILE,NTFS USN change,Cellular File reference: 130078-1 Parent file reference: 129708-1 Update source:  Update reason: USN_REASON_DATA_EXTEND  USN_REASON_DATA_TRUNCATION  USN_REASON_CLOSE,usnjrnl,NTFS:\$Extend\$UsnJrnl:$J,-
2023-12-27T00:17:00.543956+00:00,Metadata Modification Time,FILE,NTFS USN change,Cellular File reference: 130078-1 Parent file reference: 129708-1 Update source:  Update reason: USN_REASON_DATA_TRUNCATION,usnjrnl,NTFS:\$Extend\$UsnJrnl:$J,-
2023-12-27T00:17:00.543956+00:00,Content Modification Time,FILE,File stat,NTFS:\Windows\System32\Tasks\Microsoft\Windows\Management\Provisioning\Cellular Type: file,filestat,NTFS:\Windows\System32\Tasks\Microsoft\Windows\Management\Provisioning\Cellular,-
2023-12-27T00:17:00.543956+00:00,Last Access Time,FILE,File stat,NTFS:\Windows\System32\Tasks\Microsoft\Windows\Management\Provisioning\Cellular Type: file,filestat,NTFS:\Windows\System32\Tasks\Microsoft\Windows\Management\Provisioning\Cellular,-
2023-12-27T00:17:00.543956+00:00,Metadata Modification Time,FILE,File stat,NTFS:\Windows\System32\Tasks\Microsoft\Windows\Management\Provisioning\Cellular Type: file,filestat,NTFS:\Windows\System32\Tasks\Microsoft\Windows\Management\Provisioning\Cellular,-
2023-12-27T00:17:00.559559+00:00,Metadata Modification Time,FILE,NTFS USN change,Schedule Work File reference: 133218-1 Parent file reference: 129876-1 Update source:  Update reason: USN_REASON_DATA_EXTEND  USN_REASON_DATA_TRUNCATION,usnjrnl,NTFS:\$Extend\$UsnJrnl:$J,-
2023-12-27T00:17:00.559559+00:00,Metadata Modification Time,FILE,NTFS USN change,Schedule Work File reference: 133218-1 Parent file reference: 129876-1 Update source:  Update reason: USN_REASON_DATA_TRUNCATION,usnjrnl,NTFS:\$Extend\$UsnJrnl:$J,-
2023-12-27T00:17:00.559559+00:00,Content Modification Time,FILE,File stat,NTFS:\Windows\System32\Tasks\Microsoft\Windows\UpdateOrchestrator\Schedule Work Type: file,filestat,NTFS:\Windows\System32\Tasks\Microsoft\Windows\UpdateOrchestrator\Schedule Work,-
2023-12-27T00:17:00.559559+00:00,Last Access Time,FILE,File stat,NTFS:\Windows\System32\Tasks\Microsoft\Windows\UpdateOrchestrator\Schedule Work Type: file,filestat,NTFS:\Windows\System32\Tasks\Microsoft\Windows\UpdateOrchestrator\Schedule Work,-
2023-12-27T00:17:00.559559+00:00,Metadata Modification Time,FILE,File stat,NTFS:\Windows\System32\Tasks\Microsoft\Windows\UpdateOrchestrator\Schedule Work Type: file,filestat,NTFS:\Windows\System32\Tasks\Microsoft\Windows\UpdateOrchestrator\Schedule Work,-
2023-12-27T00:17:00.575151+00:00,Metadata Modification Time,FILE,NTFS USN change,Schedule Work File reference: 133218-1 Parent file reference: 129876-1 Update source:  Update reason: USN_REASON_DATA_EXTEND  USN_REASON_DATA_TRUNCATION  USN_REASON_CLOSE,usnjrnl,NTFS:\$Extend\$UsnJrnl:$J,-
2023-12-27T00:17:00.575151+00:00,Content Modification Time,REG,Registry Key,[HKEY_LOCAL_MACHINE\Software\Microsoft\Windows NT\CurrentVersion\Schedule\TaskCache\Tasks\{CCE47CE0-BB6D-4A17-BE88-EC98B3F131EC}] Actions: [REG_BINARY] (126 bytes) DynamicInfo: [REG_BINARY] (36 bytes) Hash: [REG_BINARY] (32 bytes) Path: [REG_SZ] \Microsoft\Windows\UpdateOrchestrator\Schedule Work Schema: [REG_DWORD_LE] 65538 SecurityDescriptor: [REG_SZ] D:P(A;;FA;;;SY)(A;;FRFX;;;LS)(A;;FRFX;;;BA) Triggers: [REG_BINARY] (200 bytes) URI: [REG_SZ] \Microsoft\Windows\UpdateOrchestrator\Schedule Work,winreg/winreg_default,NTFS:\Windows\System32\config\SOFTWARE,-
2023-12-27T00:17:00.591817+00:00,Last Access Time,FILE,File stat,NTFS:\ProgramData\Microsoft\Windows Defender\Platform\4.18.23100.2009-0\Microsoft-Antimalware-AMFilter.man Type: file,filestat,NTFS:\ProgramData\Microsoft\Windows Defender\Platform\4.18.23100.2009-0\Microsoft-Antimalware-AMFilter.man,-
2023-12-27T00:17:00.607356+00:00,Metadata Modification Time,FILE,NTFS USN change,VerifyWinRE File reference: 130080-1 Parent file reference: 130079-1 Update source:  Update reason: USN_REASON_DATA_EXTEND  USN_REASON_DATA_TRUNCATION,usnjrnl,NTFS:\$Extend\$UsnJrnl:$J,-
2023-12-27T00:17:00.607356+00:00,Metadata Modification Time,FILE,NTFS USN change,VerifyWinRE File reference: 130080-1 Parent file reference: 130079-1 Update source:  Update reason: USN_REASON_DATA_EXTEND  USN_REASON_DATA_TRUNCATION  USN_REASON_CLOSE,usnjrnl,NTFS:\$Extend\$UsnJrnl:$J,-
2023-12-27T00:17:00.607356+00:00,Metadata Modification Time,FILE,NTFS USN change,VerifyWinRE File reference: 130080-1 Parent file reference: 130079-1 Update source:  Update reason: USN_REASON_DATA_TRUNCATION,usnjrnl,NTFS:\$Extend\$UsnJrnl:$J,-
2023-12-27T00:17:00.607356+00:00,Content Modification Time,FILE,File stat,NTFS:\Windows\System32\Tasks\Microsoft\Windows\RecoveryEnvironment\VerifyWinRE Type: file,filestat,NTFS:\Windows\System32\Tasks\Microsoft\Windows\RecoveryEnvironment\VerifyWinRE,-
2023-12-27T00:17:00.607356+00:00,Last Access Time,FILE,File stat,NTFS:\Windows\System32\Tasks\Microsoft\Windows\RecoveryEnvironment\VerifyWinRE Type: file,filestat,NTFS:\Windows\System32\Tasks\Microsoft\Windows\RecoveryEnvironment\VerifyWinRE,-
2023-12-27T00:17:00.607356+00:00,Metadata Modification Time,FILE,File stat,NTFS:\Windows\System32\Tasks\Microsoft\Windows\RecoveryEnvironment\VerifyWinRE Type: file,filestat,NTFS:\Windows\System32\Tasks\Microsoft\Windows\RecoveryEnvironment\VerifyWinRE,-
2023-12-27T00:17:00.640168+00:00,Metadata Modification Time,FILE,NTFS USN change,FamilySafetyMonitor File reference: 130081-1 Parent file reference: 129847-1 Update source:  Update reason: USN_REASON_DATA_EXTEND  USN_REASON_DATA_TRUNCATION,usnjrnl,NTFS:\$Extend\$UsnJrnl:$J,-
2023-12-27T00:17:00.640168+00:00,Metadata Modification Time,FILE,NTFS USN change,FamilySafetyMonitor File reference: 130081-1 Parent file reference: 129847-1 Update source:  Update reason: USN_REASON_DATA_TRUNCATION,usnjrnl,NTFS:\$Extend\$UsnJrnl:$J,-
2023-12-27T00:17:00.640168+00:00,Content Modification Time,FILE,File stat,NTFS:\Windows\System32\Tasks\Microsoft\Windows\Shell\FamilySafetyMonitor Type: file,filestat,NTFS:\Windows\System32\Tasks\Microsoft\Windows\Shell\FamilySafetyMonitor,-
2023-12-27T00:17:00.640168+00:00,Last Access Time,FILE,File stat,NTFS:\Windows\System32\Tasks\Microsoft\Windows\Shell\FamilySafetyMonitor Type: file,filestat,NTFS:\Windows\System32\Tasks\Microsoft\Windows\Shell\FamilySafetyMonitor,-
2023-12-27T00:17:00.640168+00:00,Metadata Modification Time,FILE,File stat,NTFS:\Windows\System32\Tasks\Microsoft\Windows\Shell\FamilySafetyMonitor Type: file,filestat,NTFS:\Windows\System32\Tasks\Microsoft\Windows\Shell\FamilySafetyMonitor,-
2023-12-27T00:17:00.657419+00:00,Metadata Modification Time,FILE,NTFS USN change,FamilySafetyMonitor File reference: 130081-1 Parent file reference: 129847-1 Update source:  Update reason: USN_REASON_DATA_EXTEND  USN_REASON_DATA_TRUNCATION  USN_REASON_CLOSE,usnjrnl,NTFS:\$Extend\$UsnJrnl:$J,-
2023-12-27T00:17:00.689008+00:00,Metadata Modification Time,FILE,NTFS USN change,File History (maintenance mode) File reference: 130083-1 Parent file reference: 130082-2 Update source:  Update reason: USN_REASON_DATA_EXTEND  USN_REASON_DATA_TRUNCATION,usnjrnl,NTFS:\$Extend\$UsnJrnl:$J,-
2023-12-27T00:17:00.689008+00:00,Metadata Modification Time,FILE,NTFS USN change,File History (maintenance mode) File reference: 130083-1 Parent file reference: 130082-2 Update source:  Update reason: USN_REASON_DATA_EXTEND  USN_REASON_DATA_TRUNCATION  USN_REASON_CLOSE,usnjrnl,NTFS:\$Extend\$UsnJrnl:$J,-
2023-12-27T00:17:00.689008+00:00,Metadata Modification Time,FILE,NTFS USN change,File History (maintenance mode) File reference: 130083-1 Parent file reference: 130082-2 Update source:  Update reason: USN_REASON_DATA_TRUNCATION,usnjrnl,NTFS:\$Extend\$UsnJrnl:$J,-
2023-12-27T00:17:00.689008+00:00,Content Modification Time,FILE,File stat,NTFS:\Windows\System32\Tasks\Microsoft\Windows\FileHistory\File History (maintenance mode) Type: file,filestat,NTFS:\Windows\System32\Tasks\Microsoft\Windows\FileHistory\File History (maintenance mode),-
2023-12-27T00:17:00.689008+00:00,Last Access Time,FILE,File stat,NTFS:\Windows\System32\Tasks\Microsoft\Windows\FileHistory\File History (maintenance mode) Type: file,filestat,NTFS:\Windows\System32\Tasks\Microsoft\Windows\FileHistory\File History (maintenance mode),-
2023-12-27T00:17:00.689008+00:00,Metadata Modification Time,FILE,File stat,NTFS:\Windows\System32\Tasks\Microsoft\Windows\FileHistory\File History (maintenance mode) Type: file,filestat,NTFS:\Windows\System32\Tasks\Microsoft\Windows\FileHistory\File History (maintenance mode),-
2023-12-27T00:17:00.705270+00:00,Metadata Modification Time,FILE,NTFS USN change,OobeDiscovery File reference: 130085-1 Parent file reference: 130084-1 Update source:  Update reason: USN_REASON_DATA_EXTEND  USN_REASON_DATA_TRUNCATION,usnjrnl,NTFS:\$Extend\$UsnJrnl:$J,-
2023-12-27T00:17:00.705270+00:00,Metadata Modification Time,FILE,NTFS USN change,OobeDiscovery File reference: 130085-1 Parent file reference: 130084-1 Update source:  Update reason: USN_REASON_DATA_TRUNCATION,usnjrnl,NTFS:\$Extend\$UsnJrnl:$J,-
2023-12-27T00:17:00.705270+00:00,Last Access Time,FILE,File stat,NTFS:\Windows\System32\schedcli.dll Type: file,filestat,NTFS:\Windows\System32\schedcli.dll,-
2023-12-27T00:17:00.705270+00:00,Last Access Time,FILE,File stat,NTFS:\Windows\WinSxS\amd64_microsoft-windows-taskscheduler-netapi_31bf3856ad364e35_10.0.22621.2506_none_e99b232fb3a70ec7\schedcli.dll Type: file,filestat,NTFS:\Windows\WinSxS\amd64_microsoft-windows-taskscheduler-netapi_31bf3856ad364e35_10.0.22621.2506_none_e99b232fb3a70ec7\schedcli.dll,-
2023-12-27T00:17:00.721791+00:00,Metadata Modification Time,FILE,NTFS USN change,OobeDiscovery File reference: 130085-1 Parent file reference: 130084-1 Update source:  Update reason: USN_REASON_DATA_EXTEND  USN_REASON_DATA_TRUNCATION  USN_REASON_CLOSE,usnjrnl,NTFS:\$Extend\$UsnJrnl:$J,-
2023-12-27T00:17:00.768020+00:00,Metadata Modification Time,FILE,NTFS USN change,MareBackup File reference: 130086-1 Parent file reference: 129817-1 Update source:  Update reason: USN_REASON_DATA_EXTEND  USN_REASON_DATA_TRUNCATION,usnjrnl,NTFS:\$Extend\$UsnJrnl:$J,-
2023-12-27T00:17:00.768020+00:00,Metadata Modification Time,FILE,NTFS USN change,MareBackup File reference: 130086-1 Parent file reference: 129817-1 Update source:  Update reason: USN_REASON_DATA_EXTEND  USN_REASON_DATA_TRUNCATION  USN_REASON_CLOSE,usnjrnl,NTFS:\$Extend\$UsnJrnl:$J,-
2023-12-27T00:17:00.768020+00:00,Metadata Modification Time,FILE,NTFS USN change,MareBackup File reference: 130086-1 Parent file reference: 129817-1 Update source:  Update reason: USN_REASON_DATA_TRUNCATION,usnjrnl,NTFS:\$Extend\$UsnJrnl:$J,-
2023-12-27T00:17:00.768020+00:00,Content Modification Time,FILE,File stat,NTFS:\Windows\System32\Tasks\Microsoft\Windows\Application Experience\MareBackup Type: file,filestat,NTFS:\Windows\System32\Tasks\Microsoft\Windows\Application Experience\MareBackup,-
2023-12-27T00:17:00.768020+00:00,Last Access Time,FILE,File stat,NTFS:\Windows\System32\Tasks\Microsoft\Windows\Application Experience\MareBackup Type: file,filestat,NTFS:\Windows\System32\Tasks\Microsoft\Windows\Application Experience\MareBackup,-
2023-12-27T00:17:00.768020+00:00,Metadata Modification Time,FILE,File stat,NTFS:\Windows\System32\Tasks\Microsoft\Windows\Application Experience\MareBackup Type: file,filestat,NTFS:\Windows\System32\Tasks\Microsoft\Windows\Application Experience\MareBackup,-
2023-12-27T00:17:00.798819+00:00,Metadata Modification Time,FILE,NTFS USN change,ForceSynchronizeTime File reference: 130087-1 Parent file reference: 130000-2 Update source:  Update reason: USN_REASON_DATA_EXTEND  USN_REASON_DATA_TRUNCATION,usnjrnl,NTFS:\$Extend\$UsnJrnl:$J,-
2023-12-27T00:17:00.798819+00:00,Metadata Modification Time,FILE,NTFS USN change,ForceSynchronizeTime File reference: 130087-1 Parent file reference: 130000-2 Update source:  Update reason: USN_REASON_DATA_TRUNCATION,usnjrnl,NTFS:\$Extend\$UsnJrnl:$J,-
2023-12-27T00:17:00.798819+00:00,Content Modification Time,FILE,File stat,NTFS:\Windows\System32\Tasks\Microsoft\Windows\Time Synchronization\ForceSynchronizeTime Type: file,filestat,NTFS:\Windows\System32\Tasks\Microsoft\Windows\Time Synchronization\ForceSynchronizeTime,-
2023-12-27T00:17:00.798819+00:00,Last Access Time,FILE,File stat,NTFS:\Windows\System32\Tasks\Microsoft\Windows\Time Synchronization\ForceSynchronizeTime Type: file,filestat,NTFS:\Windows\System32\Tasks\Microsoft\Windows\Time Synchronization\ForceSynchronizeTime,-
2023-12-27T00:17:00.798819+00:00,Metadata Modification Time,FILE,File stat,NTFS:\Windows\System32\Tasks\Microsoft\Windows\Time Synchronization\ForceSynchronizeTime Type: file,filestat,NTFS:\Windows\System32\Tasks\Microsoft\Windows\Time Synchronization\ForceSynchronizeTime,-
2023-12-27T00:17:00.800152+00:00,Metadata Modification Time,FILE,NTFS USN change,ForceSynchronizeTime File reference: 130087-1 Parent file reference: 130000-2 Update source:  Update reason: USN_REASON_DATA_EXTEND  USN_REASON_DATA_TRUNCATION  USN_REASON_CLOSE,usnjrnl,NTFS:\$Extend\$UsnJrnl:$J,-
2023-12-27T00:17:00.831888+00:00,Metadata Modification Time,FILE,NTFS USN change,Secure-Boot-Update File reference: 130089-1 Parent file reference: 130088-1 Update source:  Update reason: USN_REASON_DATA_EXTEND  USN_REASON_DATA_TRUNCATION,usnjrnl,NTFS:\$Extend\$UsnJrnl:$J,-
2023-12-27T00:17:00.831888+00:00,Metadata Modification Time,FILE,NTFS USN change,Secure-Boot-Update File reference: 130089-1 Parent file reference: 130088-1 Update source:  Update reason: USN_REASON_DATA_EXTEND  USN_REASON_DATA_TRUNCATION  USN_REASON_CLOSE,usnjrnl,NTFS:\$Extend\$UsnJrnl:$J,-
2023-12-27T00:17:00.831888+00:00,Metadata Modification Time,FILE,NTFS USN change,Secure-Boot-Update File reference: 130089-1 Parent file reference: 130088-1 Update source:  Update reason: USN_REASON_DATA_TRUNCATION,usnjrnl,NTFS:\$Extend\$UsnJrnl:$J,-
2023-12-27T00:17:00.831888+00:00,Content Modification Time,FILE,File stat,NTFS:\Windows\System32\Tasks\Microsoft\Windows\PI\Secure-Boot-Update Type: file,filestat,NTFS:\Windows\System32\Tasks\Microsoft\Windows\PI\Secure-Boot-Update,-
2023-12-27T00:17:00.831888+00:00,Last Access Time,FILE,File stat,NTFS:\Windows\System32\Tasks\Microsoft\Windows\PI\Secure-Boot-Update Type: file,filestat,NTFS:\Windows\System32\Tasks\Microsoft\Windows\PI\Secure-Boot-Update,-
2023-12-27T00:17:00.831888+00:00,Metadata Modification Time,FILE,File stat,NTFS:\Windows\System32\Tasks\Microsoft\Windows\PI\Secure-Boot-Update Type: file,filestat,NTFS:\Windows\System32\Tasks\Microsoft\Windows\PI\Secure-Boot-Update,-
2023-12-27T00:17:00.847702+00:00,Metadata Modification Time,FILE,NTFS USN change,WindowsActionDialog File reference: 130090-1 Parent file reference: 129824-2 Update source:  Update reason: USN_REASON_DATA_EXTEND  USN_REASON_DATA_TRUNCATION,usnjrnl,NTFS:\$Extend\$UsnJrnl:$J,-
2023-12-27T00:17:00.847702+00:00,Metadata Modification Time,FILE,NTFS USN change,WindowsActionDialog File reference: 130090-1 Parent file reference: 129824-2 Update source:  Update reason: USN_REASON_DATA_TRUNCATION,usnjrnl,NTFS:\$Extend\$UsnJrnl:$J,-
2023-12-27T00:17:00.847702+00:00,Content Modification Time,FILE,File stat,NTFS:\Windows\System32\Tasks\Microsoft\Windows\Location\WindowsActionDialog Type: file,filestat,NTFS:\Windows\System32\Tasks\Microsoft\Windows\Location\WindowsActionDialog,-
2023-12-27T00:17:00.847702+00:00,Last Access Time,FILE,File stat,NTFS:\Windows\System32\Tasks\Microsoft\Windows\Location\WindowsActionDialog Type: file,filestat,NTFS:\Windows\System32\Tasks\Microsoft\Windows\Location\WindowsActionDialog,-
2023-12-27T00:17:00.847702+00:00,Metadata Modification Time,FILE,File stat,NTFS:\Windows\System32\Tasks\Microsoft\Windows\Location\WindowsActionDialog Type: file,filestat,NTFS:\Windows\System32\Tasks\Microsoft\Windows\Location\WindowsActionDialog,-
2023-12-27T00:17:00.863259+00:00,Metadata Modification Time,FILE,NTFS USN change,WindowsActionDialog File reference: 130090-1 Parent file reference: 129824-2 Update source:  Update reason: USN_REASON_DATA_EXTEND  USN_REASON_DATA_TRUNCATION  USN_REASON_CLOSE,usnjrnl,NTFS:\$Extend\$UsnJrnl:$J,-
2023-12-27T00:17:00.878984+00:00,Metadata Modification Time,FILE,NTFS USN change,appuriverifierdaily File reference: 130091-1 Parent file reference: 129849-1 Update source:  Update reason: USN_REASON_DATA_EXTEND  USN_REASON_DATA_TRUNCATION,usnjrnl,NTFS:\$Extend\$UsnJrnl:$J,-
2023-12-27T00:17:00.878984+00:00,Metadata Modification Time,FILE,NTFS USN change,appuriverifierdaily File reference: 130091-1 Parent file reference: 129849-1 Update source:  Update reason: USN_REASON_DATA_TRUNCATION,usnjrnl,NTFS:\$Extend\$UsnJrnl:$J,-
2023-12-27T00:17:00.878984+00:00,Content Modification Time,FILE,File stat,NTFS:\Windows\System32\Tasks\Microsoft\Windows\ApplicationData\appuriverifierdaily Type: file,filestat,NTFS:\Windows\System32\Tasks\Microsoft\Windows\ApplicationData\appuriverifierdaily,-
2023-12-27T00:17:00.878984+00:00,Last Access Time,FILE,File stat,NTFS:\Windows\System32\Tasks\Microsoft\Windows\ApplicationData\appuriverifierdaily Type: file,filestat,NTFS:\Windows\System32\Tasks\Microsoft\Windows\ApplicationData\appuriverifierdaily,-
2023-12-27T00:17:00.878984+00:00,Metadata Modification Time,FILE,File stat,NTFS:\Windows\System32\Tasks\Microsoft\Windows\ApplicationData\appuriverifierdaily Type: file,filestat,NTFS:\Windows\System32\Tasks\Microsoft\Windows\ApplicationData\appuriverifierdaily,-
2023-12-27T00:17:00.894446+00:00,Metadata Modification Time,FILE,NTFS USN change,appuriverifierdaily File reference: 130091-1 Parent file reference: 129849-1 Update source:  Update reason: USN_REASON_DATA_EXTEND  USN_REASON_DATA_TRUNCATION  USN_REASON_CLOSE,usnjrnl,NTFS:\$Extend\$UsnJrnl:$J,-
2023-12-27T00:17:00.894446+00:00,Last Access Time,FILE,File stat,NTFS:\Windows\System32\DriverStore\FileRepository\hvservice.inf_amd64_010c5b3fb226a78e\hvservice.sys Type: file,filestat,NTFS:\Windows\System32\DriverStore\FileRepository\hvservice.inf_amd64_010c5b3fb226a78e\hvservice.sys,-
2023-12-27T00:17:00.894446+00:00,Content Modification Time,REG,Registry Key,[HKEY_LOCAL_MACHINE\System\ControlSet001\Control\Session Manager\Executive] AdditionalCriticalWorkerThreads: [REG_DWORD_LE] 0 AdditionalDelayedWorkerThreads: [REG_DWORD_LE] 0 UuidSequenceNumber: [REG_DWORD_LE] 62809633,winreg/winreg_default,NTFS:\Windows\System32\config\SYSTEM,-
2023-12-27T00:17:00.894446+00:00,Last Access Time,FILE,File stat,NTFS:\Windows\System32\drivers\hvservice.sys Type: file,filestat,NTFS:\Windows\System32\drivers\hvservice.sys,-
2023-12-27T00:17:00.894446+00:00,Last Access Time,FILE,File stat,NTFS:\Windows\WinSxS\amd64_dual_hvservice.inf_31bf3856ad364e35_10.0.22621.2506_none_3b762ed295a4024a\hvservice.sys Type: file,filestat,NTFS:\Windows\WinSxS\amd64_dual_hvservice.inf_31bf3856ad364e35_10.0.22621.2506_none_3b762ed295a4024a\hvservice.sys,-
2023-12-27T00:17:00.927326+00:00,Metadata Modification Time,FILE,NTFS USN change,Schedule Scan File reference: 132384-2 Parent file reference: 129876-1 Update source:  Update reason: USN_REASON_DATA_EXTEND  USN_REASON_DATA_TRUNCATION,usnjrnl,NTFS:\$Extend\$UsnJrnl:$J,-
2023-12-27T00:17:00.927326+00:00,Metadata Modification Time,FILE,NTFS USN change,Schedule Scan File reference: 132384-2 Parent file reference: 129876-1 Update source:  Update reason: USN_REASON_DATA_EXTEND  USN_REASON_DATA_TRUNCATION  USN_REASON_CLOSE,usnjrnl,NTFS:\$Extend\$UsnJrnl:$J,-
2023-12-27T00:17:00.927326+00:00,Metadata Modification Time,FILE,NTFS USN change,Schedule Scan File reference: 132384-2 Parent file reference: 129876-1 Update source:  Update reason: USN_REASON_DATA_TRUNCATION,usnjrnl,NTFS:\$Extend\$UsnJrnl:$J,-
2023-12-27T00:17:00.959282+00:00,Metadata Modification Time,FILE,NTFS USN change,utc.allow.json.bk File reference: 173-43 Parent file reference: 130526-3 Update source:  Update reason: USN_REASON_DATA_EXTEND  USN_REASON_FILE_CREATE,usnjrnl,NTFS:\$Extend\$UsnJrnl:$J,-
2023-12-27T00:17:00.959282+00:00,Metadata Modification Time,FILE,NTFS USN change,utc.allow.json.bk File reference: 173-43 Parent file reference: 130526-3 Update source:  Update reason: USN_REASON_DATA_OVERWRITE  USN_REASON_DATA_EXTEND  USN_REASON_FILE_CREATE,usnjrnl,NTFS:\$Extend\$UsnJrnl:$J,-
2023-12-27T00:17:00.959282+00:00,Metadata Modification Time,FILE,NTFS USN change,utc.allow.json.bk File reference: 173-43 Parent file reference: 130526-3 Update source:  Update reason: USN_REASON_DATA_OVERWRITE  USN_REASON_DATA_EXTEND  USN_REASON_FILE_CREATE  USN_REASON_BASIC_INFO_CHANGE,usnjrnl,NTFS:\$Extend\$UsnJrnl:$J,-
2023-12-27T00:17:00.959282+00:00,Metadata Modification Time,FILE,NTFS USN change,utc.allow.json.bk File reference: 173-43 Parent file reference: 130526-3 Update source:  Update reason: USN_REASON_DATA_OVERWRITE  USN_REASON_DATA_EXTEND  USN_REASON_FILE_CREATE  USN_REASON_BASIC_INFO_CHANGE  USN_REASON_CLOSE,usnjrnl,NTFS:\$Extend\$UsnJrnl:$J,-
2023-12-27T00:17:00.959282+00:00,Metadata Modification Time,FILE,NTFS USN change,utc.allow.json.bk File reference: 173-43 Parent file reference: 130526-3 Update source:  Update reason: USN_REASON_FILE_CREATE,usnjrnl,NTFS:\$Extend\$UsnJrnl:$J,-
2023-12-27T00:17:00.959282+00:00,Creation Time,FILE,File stat,NTFS:\ProgramData\Microsoft\Diagnosis\DownloadedSettings\utc.allow.json.bk Type: file,filestat,NTFS:\ProgramData\Microsoft\Diagnosis\DownloadedSettings\utc.allow.json.bk,-
2023-12-27T00:17:00.959282+00:00,Content Modification Time,REG,Registry Key,[HKEY_LOCAL_MACHINE\System\ControlSet001\Enum\ROOT\hvservice] (empty),winreg/winreg_default,NTFS:\Windows\System32\config\SYSTEM,-
2023-12-27T00:17:00.959282+00:00,Content Modification Time,REG,Registry Key,[HKEY_LOCAL_MACHINE\System\ControlSet001\Enum\ROOT] (empty),winreg/winreg_default,NTFS:\Windows\System32\config\SYSTEM,-
2023-12-27T00:17:00.972383+00:00,Content Modification Time,EVT,WinEVTX,[4624 / 0x1210] Provider identifier: {54849625-5478-4994-a5ba-3e3b0328c30d} Source Name: Microsoft-Windows-Security-Auditing Strings: ['S-1-5-18'  'WINDEV2311EVAL$'  'WORKGROUP'  '0x00000000000003e7'  'S-1-5-18'  'SYSTEM'  'NT AUTHORITY'  '0x00000000000003e7'  '5'  'Advapi  '  'Negotiate'  '-'  '{00000000-0000-0000-0000-000000000000}'  '-'  '-'  '0'  '0x00000000000002d8'  'C:\\Windows\\System32\\services.exe'  '-'  '-'  '%%1833'  '-'  '-'  '-'  '-'  '%%1843'  '0x0000000000000000'  '%%1842'] Computer Name: WinDev2311Eval Record Number: 2896 Event Level: 0,winevtx,NTFS:\Windows\System32\winevt\Logs\Security.evtx,-
2023-12-27T00:17:00.972383+00:00,Creation Time,EVT,WinEVTX,[4624 / 0x1210] Provider identifier: {54849625-5478-4994-a5ba-3e3b0328c30d} Source Name: Microsoft-Windows-Security-Auditing Strings: ['S-1-5-18'  'WINDEV2311EVAL$'  'WORKGROUP'  '0x00000000000003e7'  'S-1-5-18'  'SYSTEM'  'NT AUTHORITY'  '0x00000000000003e7'  '5'  'Advapi  '  'Negotiate'  '-'  '{00000000-0000-0000-0000-000000000000}'  '-'  '-'  '0'  '0x00000000000002d8'  'C:\\Windows\\System32\\services.exe'  '-'  '-'  '%%1833'  '-'  '-'  '-'  '-'  '%%1843'  '0x0000000000000000'  '%%1842'] Computer Name: WinDev2311Eval Record Number: 2896 Event Level: 0,winevtx,NTFS:\Windows\System32\winevt\Logs\Security.evtx,-
2023-12-27T00:17:00.972395+00:00,Content Modification Time,EVT,WinEVTX,[4672 / 0x1240] Provider identifier: {54849625-5478-4994-a5ba-3e3b0328c30d} Source Name: Microsoft-Windows-Security-Auditing Strings: ['S-1-5-18'  'SYSTEM'  'NT AUTHORITY'  '0x00000000000003e7'  'SeAssignPrimaryTokenPrivilege\r\n\t\t\tSeTcbPrivilege\r\n\t\t\tSeSecurityPrivilege\r\n\t\t\tSeTakeOwnershipPrivilege\r\n\t\t\tSeLoadDriverPrivilege\r\n\t\t\tSeBackupPrivilege\r\n\t\t\tSeRestorePrivilege\r\n\t\t\tSeDebugPrivilege\r\n\t\t\tSeAuditPrivilege\r\n\t\t\tSeSystemEnvironmentPrivilege\r\n\t\t\tSeImpersonatePrivilege\r\n\t\t\tSeDelegateSessionUserImpersonatePrivilege'] Computer Name: WinDev2311Eval Record Number: 2897 Event Level: 0,winevtx,NTFS:\Windows\System32\winevt\Logs\Security.evtx,-
2023-12-27T00:17:00.972395+00:00,Creation Time,EVT,WinEVTX,[4672 / 0x1240] Provider identifier: {54849625-5478-4994-a5ba-3e3b0328c30d} Source Name: Microsoft-Windows-Security-Auditing Strings: ['S-1-5-18'  'SYSTEM'  'NT AUTHORITY'  '0x00000000000003e7'  'SeAssignPrimaryTokenPrivilege\r\n\t\t\tSeTcbPrivilege\r\n\t\t\tSeSecurityPrivilege\r\n\t\t\tSeTakeOwnershipPrivilege\r\n\t\t\tSeLoadDriverPrivilege\r\n\t\t\tSeBackupPrivilege\r\n\t\t\tSeRestorePrivilege\r\n\t\t\tSeDebugPrivilege\r\n\t\t\tSeAuditPrivilege\r\n\t\t\tSeSystemEnvironmentPrivilege\r\n\t\t\tSeImpersonatePrivilege\r\n\t\t\tSeDelegateSessionUserImpersonatePrivilege'] Computer Name: WinDev2311Eval Record Number: 2897 Event Level: 0,winevtx,NTFS:\Windows\System32\winevt\Logs\Security.evtx,-
2023-12-27T00:17:01.781340+00:00,Metadata Modification Time,FILE,NTFS USN change,EDP Inaccessible Credentials Task File reference: 130092-2 Parent file reference: 129893-2 Update source:  Update reason: USN_REASON_DATA_EXTEND  USN_REASON_DATA_TRUNCATION,usnjrnl,NTFS:\$Extend\$UsnJrnl:$J,-
2023-12-27T00:17:01.781340+00:00,Metadata Modification Time,FILE,NTFS USN change,EDP Inaccessible Credentials Task File reference: 130092-2 Parent file reference: 129893-2 Update source:  Update reason: USN_REASON_DATA_EXTEND  USN_REASON_DATA_TRUNCATION  USN_REASON_CLOSE,usnjrnl,NTFS:\$Extend\$UsnJrnl:$J,-
2023-12-27T00:17:01.781340+00:00,Metadata Modification Time,FILE,NTFS USN change,EDP Inaccessible Credentials Task File reference: 130092-2 Parent file reference: 129893-2 Update source:  Update reason: USN_REASON_DATA_TRUNCATION,usnjrnl,NTFS:\$Extend\$UsnJrnl:$J,-
2023-12-27T00:17:01.781340+00:00,Content Modification Time,FILE,File stat,NTFS:\Windows\System32\Tasks\Microsoft\Windows\EDP\EDP Inaccessible Credentials Task Type: file,filestat,NTFS:\Windows\System32\Tasks\Microsoft\Windows\EDP\EDP Inaccessible Credentials Task,-
2023-12-27T00:17:01.781340+00:00,Last Access Time,FILE,File stat,NTFS:\Windows\System32\Tasks\Microsoft\Windows\EDP\EDP Inaccessible Credentials Task Type: file,filestat,NTFS:\Windows\System32\Tasks\Microsoft\Windows\EDP\EDP Inaccessible Credentials Task,-
2023-12-27T00:17:01.781340+00:00,Metadata Modification Time,FILE,File stat,NTFS:\Windows\System32\Tasks\Microsoft\Windows\EDP\EDP Inaccessible Credentials Task Type: file,filestat,NTFS:\Windows\System32\Tasks\Microsoft\Windows\EDP\EDP Inaccessible Credentials Task,-
2023-12-27T00:17:01.402640+00:00,Metadata Modification Time,FILE,NTFS USN change,EventStore.db File reference: 130619-8 Parent file reference: 130528-4 Update source:  Update reason: USN_REASON_DATA_OVERWRITE  USN_REASON_DATA_EXTEND  USN_REASON_FILE_CREATE,usnjrnl,NTFS:\$Extend\$UsnJrnl:$J,-
2023-12-27T00:17:01.402640+00:00,Content Modification Time,FILE,File stat,NTFS:\ProgramData\Microsoft\Diagnosis\ScenariosSqlStore\EventStore.db Type: file,filestat,NTFS:\ProgramData\Microsoft\Diagnosis\ScenariosSqlStore\EventStore.db,-
2023-12-27T00:17:01.402640+00:00,Metadata Modification Time,FILE,File stat,NTFS:\ProgramData\Microsoft\Diagnosis\ScenariosSqlStore\EventStore.db Type: file,filestat,NTFS:\ProgramData\Microsoft\Diagnosis\ScenariosSqlStore\EventStore.db,-
2023-12-27T00:17:01.561500+00:00,Metadata Modification Time,FILE,NTFS USN change,SilentCleanup File reference: 130095-1 Parent file reference: 130094-1 Update source:  Update reason: USN_REASON_DATA_EXTEND  USN_REASON_DATA_TRUNCATION,usnjrnl,NTFS:\$Extend\$UsnJrnl:$J,-
2023-12-27T00:17:01.561500+00:00,Metadata Modification Time,FILE,NTFS USN change,SilentCleanup File reference: 130095-1 Parent file reference: 130094-1 Update source:  Update reason: USN_REASON_DATA_TRUNCATION,usnjrnl,NTFS:\$Extend\$UsnJrnl:$J,-
2023-12-27T00:17:01.561500+00:00,Content Modification Time,FILE,File stat,NTFS:\Windows\System32\Tasks\Microsoft\Windows\DiskCleanup\SilentCleanup Type: file,filestat,NTFS:\Windows\System32\Tasks\Microsoft\Windows\DiskCleanup\SilentCleanup,-
2023-12-27T00:17:01.561500+00:00,Last Access Time,FILE,File stat,NTFS:\Windows\System32\Tasks\Microsoft\Windows\DiskCleanup\SilentCleanup Type: file,filestat,NTFS:\Windows\System32\Tasks\Microsoft\Windows\DiskCleanup\SilentCleanup,-
2023-12-27T00:17:01.561500+00:00,Metadata Modification Time,FILE,File stat,NTFS:\Windows\System32\Tasks\Microsoft\Windows\DiskCleanup\SilentCleanup Type: file,filestat,NTFS:\Windows\System32\Tasks\Microsoft\Windows\DiskCleanup\SilentCleanup,-
2023-12-27T00:17:01.752894+00:00,Last Access Time,FILE,File stat,NTFS:\ProgramData\Microsoft\Diagnosis\ScenariosSqlStore\EventStore.db Type: file,filestat,NTFS:\ProgramData\Microsoft\Diagnosis\ScenariosSqlStore\EventStore.db,-
2023-12-27T00:17:01.917697+00:00,Metadata Modification Time,FILE,NTFS USN change,EventStore.db-wal File reference: 130620-5 Parent file reference: 130528-4 Update source:  Update reason: USN_REASON_DATA_EXTEND  USN_REASON_DATA_TRUNCATION  USN_REASON_FILE_CREATE,usnjrnl,NTFS:\$Extend\$UsnJrnl:$J,-
2023-12-27T00:17:01.917697+00:00,Metadata Modification Time,FILE,NTFS USN change,SilentCleanup File reference: 130095-1 Parent file reference: 130094-1 Update source:  Update reason: USN_REASON_DATA_EXTEND  USN_REASON_DATA_TRUNCATION  USN_REASON_CLOSE,usnjrnl,NTFS:\$Extend\$UsnJrnl:$J,-
2023-12-27T00:17:01.917697+00:00,Metadata Modification Time,FILE,NTFS USN change,parse.dat File reference: 130648-2 Parent file reference: 130525-3 Update source:  Update reason: USN_REASON_FILE_CREATE,usnjrnl,NTFS:\$Extend\$UsnJrnl:$J,-
2023-12-27T00:17:01.917697+00:00,Metadata Modification Time,FILE,NTFS USN change,parse.dat File reference: 130648-2 Parent file reference: 130525-3 Update source:  Update reason: USN_REASON_FILE_CREATE  USN_REASON_CLOSE,usnjrnl,NTFS:\$Extend\$UsnJrnl:$J,-
2023-12-27T00:17:01.917697+00:00,Creation Time,FILE,File stat,NTFS:\ProgramData\Microsoft\Diagnosis\parse.dat Type: file,filestat,NTFS:\ProgramData\Microsoft\Diagnosis\parse.dat,-
2023-12-27T00:17:01.108238+00:00,Content Modification Time,REG,Registry Key,[HKEY_LOCAL_MACHINE\System\ControlSet001\Control\Class\{4d36e97d-e325-11ce-bfc1-08002be10318}\0064] DriverDate: [REG_SZ] 6-21-2006 DriverDateData: [REG_BINARY] (8 bytes) DriverDesc: [REG_SZ] Microsoft Hypervisor Service DriverVersion: [REG_SZ] 10.0.22621.2506 InfPath: [REG_SZ] hvservice.inf InfSection: [REG_SZ] hvservice_Inst.NT MatchingDeviceId: [REG_SZ] ROOT\hvservice ProviderName: [REG_SZ] Microsoft,winreg/winreg_default,NTFS:\Windows\System32\config\SYSTEM,-
2023-12-27T00:17:01.108238+00:00,Content Modification Time,REG,Registry Key,[HKEY_LOCAL_MACHINE\System\ControlSet001\Control\Class\{4d36e97d-e325-11ce-bfc1-08002be10318}] Class: [REG_SZ] System ClassDesc: [REG_SZ] @%SystemRoot%\System32\SysClass.Dll -3008 IconPath: [REG_MULTI_SZ] [%SystemRoot%\System32\setupapi.dll -27],winreg/winreg_default,NTFS:\Windows\System32\config\SYSTEM,-
2023-12-27T00:17:01.108238+00:00,Content Modification Time,REG,Registry Key,[HKEY_LOCAL_MACHINE\System\ControlSet001\Enum\ROOT\hvservice\0000\Properties\{540b947e-8b40-45bc-a8a2-6a0b894cbda2}\0007] (default): [UNKNOWN] (94 bytes),winreg/winreg_default,NTFS:\Windows\System32\config\SYSTEM,-
2023-12-27T00:17:01.108238+00:00,Content Modification Time,REG,Registry Key,[HKEY_LOCAL_MACHINE\System\ControlSet001\Enum\ROOT\hvservice\0000\Properties\{540b947e-8b40-45bc-a8a2-6a0b894cbda2}] (empty),winreg/winreg_default,NTFS:\Windows\System32\config\SYSTEM,-
2023-12-27T00:17:01.108238+00:00,Content Modification Time,REG,Registry Key,[HKEY_LOCAL_MACHINE\System\ControlSet001\Enum\ROOT\hvservice\0000\Properties\{83da6326-97a6-4088-9453-a1923f573b29}\0003] (default): [UNKNOWN] (160 bytes),winreg/winreg_default,NTFS:\Windows\System32\config\SYSTEM,-
2023-12-27T00:17:01.108238+00:00,Content Modification Time,REG,Registry Key,[HKEY_LOCAL_MACHINE\System\ControlSet001\Enum\ROOT\hvservice\0000\Properties\{83da6326-97a6-4088-9453-a1923f573b29}\0064] (default): [UNKNOWN] (8 bytes),winreg/winreg_default,NTFS:\Windows\System32\config\SYSTEM,-
2023-12-27T00:17:01.108238+00:00,Content Modification Time,REG,Registry Key,[HKEY_LOCAL_MACHINE\System\ControlSet001\Enum\ROOT\hvservice\0000\Properties\{83da6326-97a6-4088-9453-a1923f573b29}\0065] (default): [UNKNOWN] (8 bytes),winreg/winreg_default,NTFS:\Windows\System32\config\SYSTEM,-
2023-12-27T00:17:01.108238+00:00,Content Modification Time,REG,Registry Key,[HKEY_LOCAL_MACHINE\System\ControlSet001\Enum\ROOT\hvservice\0000\Properties\{83da6326-97a6-4088-9453-a1923f573b29}] (empty),winreg/winreg_default,NTFS:\Windows\System32\config\SYSTEM,-
2023-12-27T00:17:01.108238+00:00,Content Modification Time,REG,Registry Key,[HKEY_LOCAL_MACHINE\System\ControlSet001\Enum\ROOT\hvservice\0000\Properties\{a8b865dd-2e3d-4094-ad97-e593a70c75d6}\0002] (default): [UNKNOWN] (8 bytes),winreg/winreg_default,NTFS:\Windows\System32\config\SYSTEM,-
2023-12-27T00:17:01.108238+00:00,Content Modification Time,REG,Registry Key,[HKEY_LOCAL_MACHINE\System\ControlSet001\Enum\ROOT\hvservice\0000\Properties\{a8b865dd-2e3d-4094-ad97-e593a70c75d6}\0003] (default): [UNKNOWN] (32 bytes),winreg/winreg_default,NTFS:\Windows\System32\config\SYSTEM,-
2023-12-27T00:17:01.108238+00:00,Content Modification Time,REG,Registry Key,[HKEY_LOCAL_MACHINE\System\ControlSet001\Enum\ROOT\hvservice\0000\Properties\{a8b865dd-2e3d-4094-ad97-e593a70c75d6}\0004] (default): [UNKNOWN] (58 bytes),winreg/winreg_default,NTFS:\Windows\System32\config\SYSTEM,-
2023-12-27T00:17:01.108238+00:00,Content Modification Time,REG,Registry Key,[HKEY_LOCAL_MACHINE\System\ControlSet001\Enum\ROOT\hvservice\0000\Properties\{a8b865dd-2e3d-4094-ad97-e593a70c75d6}\0005] (default): [UNKNOWN] (28 bytes),winreg/winreg_default,NTFS:\Windows\System32\config\SYSTEM,-
2023-12-27T00:17:01.108238+00:00,Content Modification Time,REG,Registry Key,[HKEY_LOCAL_MACHINE\System\ControlSet001\Enum\ROOT\hvservice\0000\Properties\{a8b865dd-2e3d-4094-ad97-e593a70c75d6}\0006] (default): [UNKNOWN] (36 bytes),winreg/winreg_default,NTFS:\Windows\System32\config\SYSTEM,-
2023-12-27T00:17:01.108238+00:00,Content Modification Time,REG,Registry Key,[HKEY_LOCAL_MACHINE\System\ControlSet001\Enum\ROOT\hvservice\0000\Properties\{a8b865dd-2e3d-4094-ad97-e593a70c75d6}\0008] (default): [UNKNOWN] (30 bytes),winreg/winreg_default,NTFS:\Windows\System32\config\SYSTEM,-
2023-12-27T00:17:01.108238+00:00,Content Modification Time,REG,Registry Key,[HKEY_LOCAL_MACHINE\System\ControlSet001\Enum\ROOT\hvservice\0000\Properties\{a8b865dd-2e3d-4094-ad97-e593a70c75d6}\0009] (default): [UNKNOWN] (20 bytes),winreg/winreg_default,NTFS:\Windows\System32\config\SYSTEM,-
2023-12-27T00:17:01.108238+00:00,Content Modification Time,REG,Registry Key,[HKEY_LOCAL_MACHINE\System\ControlSet001\Enum\ROOT\hvservice\0000\Properties\{a8b865dd-2e3d-4094-ad97-e593a70c75d6}\000E] (default): [UNKNOWN] (4 bytes),winreg/winreg_default,NTFS:\Windows\System32\config\SYSTEM,-
2023-12-27T00:17:01.108238+00:00,Content Modification Time,REG,Registry Key,[HKEY_LOCAL_MACHINE\System\ControlSet001\Enum\ROOT\hvservice\0000\Properties\{a8b865dd-2e3d-4094-ad97-e593a70c75d6}] (empty),winreg/winreg_default,NTFS:\Windows\System32\config\SYSTEM,-
2023-12-27T00:17:01.119265+00:00,Content Modification Time,EVT,WinEVTX,[400 / 0x0190] Provider identifier: {9c205a39-1250-487d-abd7-e831c6290539} Source Name: Microsoft-Windows-Kernel-PnP Strings: ['ROOT\\hvservice\\0000'  'hvservice.inf'  '{4D36E97D-E325-11CE-BFC1-08002BE10318}'  '06/21/2006'  '10.0.22621.2506'  'Microsoft'  'true'  'hvservice_Inst.NT'  '0x00ff0000'  'ROOT\\hvservice'  ''  'false'  '0x00000000'  'HTREE\\ROOT\\0'] Computer Name: WinDev2311Eval Record Number: 216 Event Level: 4,winevtx,NTFS:\Windows\System32\winevt\Logs\Microsoft-Windows-Kernel-PnP%4Configuration.evtx,-
2023-12-27T00:17:01.119265+00:00,Creation Time,EVT,WinEVTX,[400 / 0x0190] Provider identifier: {9c205a39-1250-487d-abd7-e831c6290539} Source Name: Microsoft-Windows-Kernel-PnP Strings: ['ROOT\\hvservice\\0000'  'hvservice.inf'  '{4D36E97D-E325-11CE-BFC1-08002BE10318}'  '06/21/2006'  '10.0.22621.2506'  'Microsoft'  'true'  'hvservice_Inst.NT'  '0x00ff0000'  'ROOT\\hvservice'  ''  'false'  '0x00000000'  'HTREE\\ROOT\\0'] Computer Name: WinDev2311Eval Record Number: 216 Event Level: 4,winevtx,NTFS:\Windows\System32\winevt\Logs\Microsoft-Windows-Kernel-PnP%4Configuration.evtx,-
2023-12-27T00:17:01.119265+00:00,Content Modification Time,EVT,WinEVTX,[400 / 0x0190] Provider identifier: {9c205a39-1250-487d-abd7-e831c6290539} Source Name: Microsoft-Windows-Kernel-PnP Strings: ['ROOT\\hvservice\\0000'  'hvservice.inf'  '{4D36E97D-E325-11CE-BFC1-08002BE10318}'  '06/21/2006'  '10.0.22621.2506'  'Microsoft'  'true'  'hvservice_Inst.NT'  '0x00ff0000'  'ROOT\\hvservice'  ''  'false'  '0x00000000'  'HTREE\\ROOT\\0'] Computer Name: WinDev2311Eval Record Number: 216 Event Level: 4,winevtx,NTFS:\Windows\System32\winevt\Logs\Microsoft-Windows-TerminalServices-RemoteConnectionManager%4Operational.evtx,-
2023-12-27T00:17:01.119265+00:00,Creation Time,EVT,WinEVTX,[400 / 0x0190] Provider identifier: {9c205a39-1250-487d-abd7-e831c6290539} Source Name: Microsoft-Windows-Kernel-PnP Strings: ['ROOT\\hvservice\\0000'  'hvservice.inf'  '{4D36E97D-E325-11CE-BFC1-08002BE10318}'  '06/21/2006'  '10.0.22621.2506'  'Microsoft'  'true'  'hvservice_Inst.NT'  '0x00ff0000'  'ROOT\\hvservice'  ''  'false'  '0x00000000'  'HTREE\\ROOT\\0'] Computer Name: WinDev2311Eval Record Number: 216 Event Level: 4,winevtx,NTFS:\Windows\System32\winevt\Logs\Microsoft-Windows-TerminalServices-RemoteConnectionManager%4Operational.evtx,-
2023-12-27T00:17:01.123572+00:00,Metadata Modification Time,FILE,NTFS USN change,Diagtrack-Listener.etl.004 File reference: 443-8 Parent file reference: 4517-1 Update source:  Update reason: USN_REASON_DATA_OVERWRITE  USN_REASON_DATA_EXTEND  USN_REASON_FILE_CREATE  USN_REASON_INDEXABLE_CHANGE  USN_REASON_BASIC_INFO_CHANGE,usnjrnl,NTFS:\$Extend\$UsnJrnl:$J,-
2023-12-27T00:17:01.123572+00:00,Content Modification Time,REG,Service/Driver Configuration Registry Key,[HKEY_LOCAL_MACHINE\System\ControlSet001\Services\hvservice] Type: Kernel Device Driver (0x1) Start: Manual (3) Image path: \SystemRoot\System32\drivers\hvservice.sys Error control: Normal (1) DisplayName: [REG_SZ] @hvservice.inf %hvservice.SvcDesc%;Microsoft Hypervisor Service Driver Owners: [REG_MULTI_SZ] [hvservice.inf],winreg/windows_services,NTFS:\Windows\System32\config\SYSTEM,-
2023-12-27T00:17:01.134040+00:00,Content Modification Time,EVT,WinEVTX,[155 / 0x009b] Provider identifier: {52fc89f8-995e-434c-a91e-199986449890} Source Name: Microsoft-Windows-Hyper-V-Hypervisor Strings: ['2'  '0x0025f840fff7859f'  '0x0000000000860040'  '0x000000000000001f'  '64'] Computer Name: WinDev2311Eval Record Number: 8 Event Level: 4,winevtx,NTFS:\Windows\System32\winevt\Logs\Microsoft-Windows-Hyper-V-Hypervisor-Admin.evtx,-
2023-12-27T00:17:01.134040+00:00,Creation Time,EVT,WinEVTX,[155 / 0x009b] Provider identifier: {52fc89f8-995e-434c-a91e-199986449890} Source Name: Microsoft-Windows-Hyper-V-Hypervisor Strings: ['2'  '0x0025f840fff7859f'  '0x0000000000860040'  '0x000000000000001f'  '64'] Computer Name: WinDev2311Eval Record Number: 8 Event Level: 4,winevtx,NTFS:\Windows\System32\winevt\Logs\Microsoft-Windows-Hyper-V-Hypervisor-Admin.evtx,-
2023-12-27T00:17:01.154829+00:00,Content Modification Time,REG,Registry Key,[HKEY_LOCAL_MACHINE\System\ControlSet001\Control\DeviceClasses\{028616c2-927f-479c-819a-1b4e73f63a89}\##?#ROOT#hvservice#0000#{028616c2-927f-479c-819a-1b4e73f63a89}\#] (empty),winreg/winreg_default,NTFS:\Windows\System32\config\SYSTEM,-
2023-12-27T00:17:01.154829+00:00,Content Modification Time,REG,Registry Key,[HKEY_LOCAL_MACHINE\System\ControlSet001\Control\DeviceClasses\{028616c2-927f-479c-819a-1b4e73f63a89}\##?#ROOT#hvservice#0000#{028616c2-927f-479c-819a-1b4e73f63a89}] DeviceInstance: [REG_SZ] ROOT\hvservice\0000,winreg/winreg_default,NTFS:\Windows\System32\config\SYSTEM,-
2023-12-27T00:17:01.154829+00:00,Content Modification Time,REG,Registry Key,[HKEY_LOCAL_MACHINE\System\ControlSet001\Control\DeviceClasses\{028616c2-927f-479c-819a-1b4e73f63a89}] (empty),winreg/winreg_default,NTFS:\Windows\System32\config\SYSTEM,-
2023-12-27T00:17:01.154829+00:00,Content Modification Time,REG,Registry Key,[HKEY_LOCAL_MACHINE\System\ControlSet001\Control\DeviceClasses] (empty),winreg/winreg_default,NTFS:\Windows\System32\config\SYSTEM,-
2023-12-27T00:17:01.154829+00:00,Content Modification Time,REG,Registry Key,[HKEY_LOCAL_MACHINE\System\ControlSet001\Enum\ROOT\hvservice\0000\Properties\{80497100-8c73-48b9-aad9-ce387e19c56e}\0006] (default): [UNKNOWN] (4 bytes),winreg/winreg_default,NTFS:\Windows\System32\config\SYSTEM,-
2023-12-27T00:17:01.154829+00:00,Content Modification Time,REG,Registry Key,[HKEY_LOCAL_MACHINE\System\ControlSet001\Enum\ROOT\hvservice\0000\Properties\{80497100-8c73-48b9-aad9-ce387e19c56e}] (empty),winreg/winreg_default,NTFS:\Windows\System32\config\SYSTEM,-
2023-12-27T00:17:01.171730+00:00,Content Modification Time,REG,Registry Key,[HKEY_LOCAL_MACHINE\System\ControlSet001\Control\DeviceContainers\{00000000-0000-0000-FFFF-FFFFFFFFFFFF}\BaseContainers\{00000000-0000-0000-FFFF-FFFFFFFFFFFF}] ACPI\ACPI0003\1: [REG_NONE] (empty) ACPI\FixedButton\2&daba3ff&0: [REG_NONE] (empty) ACPI\GenuineIntel_-_Intel64_Family_6_Model_69_-_Intel(R)_Core(TM)_i5-4278U_CPU_@_2.60GHz\_0: [REG_NONE] (empty) ACPI\GenuineIntel_-_Intel64_Family_6_Model_69_-_Intel(R)_Core(TM)_i5-4278U_CPU_@_2.60GHz\_1: [REG_NONE] (empty) ACPI\GenuineIntel_-_Intel64_Family_6_Model_69_-_Intel(R)_Core(TM)_i5-4278U_CPU_@_2.60GHz\_2: [REG_NONE] (empty) ACPI\GenuineIntel_-_Intel64_Family_6_Model_69_-_Intel(R)_Core(TM)_i5-4278U_CPU_@_2.60GHz\_3: [REG_NONE] (empty) ACPI\GenuineIntel_-_Intel64_Family_6_Model_85_-_Intel(R)_Xeon(R)_Platinum_8272CL_CPU_@_2.60GHz\_0: [REG_NONE] (empty) ACPI\GenuineIntel_-_Intel64_Family_6_Model_85_-_Intel(R)_Xeon(R)_Platinum_8272CL_CPU_@_2.60GHz\_1: [REG_NONE] (empty) ACPI\GenuineIntel_-_Intel64_Family_6_Model_85_-_Intel(R)_Xeon(R)_Platinum_8272CL_CPU_@_2.60GHz\_2: [REG_NONE] (empty) ACPI\GenuineIntel_-_Intel64_Family_6_Model_85_-_Intel(R)_Xeon(R)_Platinum_8272CL_CPU_@_2.60GHz\_3: [REG_NONE] (empty) ACPI\PNP0001\4&1bd7f811&0: [REG_NONE] (empty) ACPI\PNP0100\4&1bd7f811&0: [REG_NONE] (empty) ACPI\PNP0103\4&1bd7f811&0: [REG_NONE] (empty) ACPI\PNP0200\4&1bd7f811&0: [REG_NONE] (empty) ACPI\PNP0303\4&1bd7f811&0: [REG_NONE] (empty) ACPI\PNP0800\4&1bd7f811&0: [REG_NONE] (empty) ACPI\PNP0A03\2&daba3ff&0: [REG_NONE] (empty) ACPI\PNP0A05\4&1bd7f811&0: [REG_NONE] (empty) ACPI\PNP0B00\4&1bd7f811&0: [REG_NONE] (empty) ACPI\PNP0C02\1f: [REG_NONE] (empty) ACPI\PNP0C02\4: [REG_NONE] (empty) ACPI\VMW0001\7: [REG_NONE] (empty) ACPI\VMW0003\4&1bd7f811&0: [REG_NONE] (empty) ACPI_HAL\PNP0C08\0: [REG_NONE] (empty) HTREE\ROOT\0: [REG_NONE] (empty) IDE\CdRomNECVMWar_VMware_IDE_CDR00_______________1.00____\5&1778b74b&0&0.0.0: [REG_NONE] (empty) IDE\CdRomNECVMWar_VMware_IDE_CDR10_______________1.00____\5&2a3267f0&0&1.0.0: [REG_NONE] (empty) PCIIDE\IDEChannel\4&23686003&0&0: [REG_NONE] (empty) PCIIDE\IDEChannel\4&23686003&0&1: [REG_NONE] (empty) PCI\VEN_15AD&DEV_0405&SUBSYS_040515AD&REV_00\3&61aaa01&0&78: [REG_NONE] (empty) PCI\VEN_15AD&DEV_0740&SUBSYS_074015AD&REV_10\3&61aaa01&0&3F: [REG_NONE] (empty) PCI\VEN_15AD&DEV_0790&SUBSYS_079015AD&REV_02\3&61aaa01&0&88: [REG_NONE] (empty) PCI\VEN_15AD&DEV_07A0&SUBSYS_07A015AD&REV_01\3&61aaa01&0&A8: [REG_NONE] (empty) PCI\VEN_15AD&DEV_07A0&SUBSYS_07A015AD&REV_01\3&61aaa01&0&A9: [REG_NONE] (empty) PCI\VEN_15AD&DEV_07A0&SUBSYS_07A015AD&REV_01\3&61aaa01&0&AA: [REG_NONE] (empty) PCI\VEN_15AD&DEV_07A0&SUBSYS_07A015AD&REV_01\3&61aaa01&0&AB: [REG_NONE] (empty) PCI\VEN_15AD&DEV_07A0&SUBSYS_07A015AD&REV_01\3&61aaa01&0&AC: [REG_NONE] (empty) PCI\VEN_15AD&DEV_07A0&SUBSYS_07A015AD&REV_01\3&61aaa01&0&AD: [REG_NONE] (empty) PCI\VEN_15AD&DEV_07A0&SUBSYS_07A015AD&REV_01\3&61aaa01&0&AE: [REG_NONE] (empty) PCI\VEN_15AD&DEV_07A0&SUBSYS_07A015AD&REV_01\3&61aaa01&0&AF: [REG_NONE] (empty) PCI\VEN_15AD&DEV_07A0&SUBSYS_07A015AD&REV_01\3&61aaa01&0&B0: [REG_NONE] (empty) PCI\VEN_15AD&DEV_07A0&SUBSYS_07A015AD&REV_01\3&61aaa01&0&B1: [REG_NONE] (empty) PCI\VEN_15AD&DEV_07A0&SUBSYS_07A015AD&REV_01\3&61aaa01&0&B2: [REG_NONE] (empty) PCI\VEN_15AD&DEV_07A0&SUBSYS_07A015AD&REV_01\3&61aaa01&0&B3: [REG_NONE] (empty) PCI\VEN_15AD&DEV_07A0&SUBSYS_07A015AD&REV_01\3&61aaa01&0&B4: [REG_NONE] (empty) PCI\VEN_15AD&DEV_07A0&SUBSYS_07A015AD&REV_01\3&61aaa01&0&B5: [REG_NONE] (empty) PCI\VEN_15AD&DEV_07A0&SUBSYS_07A015AD&REV_01\3&61aaa01&0&B6: [REG_NONE] (empty) PCI\VEN_15AD&DEV_07A0&SUBSYS_07A015AD&REV_01\3&61aaa01&0&B7: [REG_NONE] (empty) PCI\VEN_15AD&DEV_07A0&SUBSYS_07A015AD&REV_01\3&61aaa01&0&B8: [REG_NONE] (empty) PCI\VEN_15AD&DEV_07A0&SUBSYS_07A015AD&REV_01\3&61aaa01&0&B9: [REG_NONE] (empty) PCI\VEN_15AD&DEV_07A0&SUBSYS_07A015AD&REV_01\3&61aaa01&0&BA: [REG_NONE] (empty) PCI\VEN_15AD&DEV_07A0&SUBSYS_07A015AD&REV_01\3&61aaa01&0&BB: [REG_NONE] (empty) PCI\VEN_15AD&DEV_07A0&SUBSYS_07A015AD&REV_01\3&61aaa01&0&BC: [REG_NONE] (empty) PCI\VEN_15AD&DEV_07A0&SUBSYS_07A015AD&REV_01\3&61aaa01&0&BD: [REG_NONE] (empty) PCI\VEN_15AD&DEV_07A0&SUBSYS_07A015AD&REV_01\3&61aaa01&0&BE: [REG_NONE] (empty) PCI\VEN_15AD&DEV_07A0&SUBSYS_07A015AD&REV_01\3&61aaa01&0&BF: [REG_NONE] (empty) PCI\VEN_15AD&DEV_07A0&SUBSYS_07A015AD&REV_01\3&61aaa01&0&C0: [REG_NONE] (empty) PCI\VEN_15AD&DEV_07A0&SUBSYS_07A015AD&REV_01\3&61aaa01&0&C1: [REG_NONE] (empty) PCI\VEN_15AD&DEV_07A0&SUBSYS_07A015AD&REV_01\3&61aaa01&0&C2: [REG_NONE] (empty) PCI\VEN_15AD&DEV_07A0&SUBSYS_07A015AD&REV_01\3&61aaa01&0&C3: [REG_NONE] (empty) PCI\VEN_15AD&DEV_07A0&SUBSYS_07A015AD&REV_01\3&61aaa01&0&C4: [REG_NONE] (empty) PCI\VEN_15AD&DEV_07A0&SUBSYS_07A015AD&REV_01\3&61aaa01&0&C5: [REG_NONE] (empty) PCI\VEN_15AD&DEV_07A0&SUBSYS_07A015AD&REV_01\3&61aaa01&0&C6: [REG_NONE] (empty) PCI\VEN_15AD&DEV_07A0&SUBSYS_07A015AD&REV_01\3&61aaa01&0&C7: [REG_NONE] (empty) PCI\VEN_8086&DEV_100F&SUBSYS_075015AD&REV_01\4&bbf9765&0&0088: [REG_NONE] (empty) PCI\VEN_8086&DEV_100F&SUBSYS_075015AD&REV_01\4&bbf9765&0&0888: [REG_NONE] (empty) PCI\VEN_8086&DEV_7110&SUBSYS_197615AD&REV_08\3&61aaa01&0&38: [REG_NONE] (empty) PCI\VEN_8086&DEV_7111&SUBSYS_197615AD&REV_01\3&61aaa01&0&39: [REG_NONE] (empty) PCI\VEN_8086&DEV_7190&SUBSYS_197615AD&REV_01\3&61aaa01&0&00: [REG_NONE] (empty) PCI\VEN_8086&DEV_7191&SUBSYS_00000000&REV_01\3&61aaa01&0&08: [REG_NONE] (empty) ROOT\ACPI_HAL\0000: [REG_NONE] (empty) ROOT\BasicDisplay\0000: [REG_NONE] (empty) ROOT\BasicRender\0000: [REG_NONE] (empty) ROOT\CompositeBus\0000: [REG_NONE] (empty) ROOT\KDNIC\0000: [REG_NONE] (empty) ROOT\NdisVirtualBus\0000: [REG_NONE] (empty) ROOT\RDPBUS\0000: [REG_NONE] (empty) ROOT\SPACEPORT\0000: [REG_NONE] (empty) ROOT\SYSTEM\0000: [REG_NONE] (empty) ROOT\UMBUS\0000: [REG_NONE] (empty) ROOT\VID\0000: [REG_NONE] (empty) ROOT\VMBus\0000: [REG_NONE] (empty) ROOT\VOLMGR\0000: [REG_NONE] (empty) ROOT\VPCIVSP\0000: [REG_NONE] (empty) ROOT\hvservice\0000: [REG_NONE] (empty) ROOT\mssmbios\0000: [REG_NONE] (empty) ROOT\storvsp\0000: [REG_NONE] (empty) ROOT\vdrvroot\0000: [REG_NONE] (empty) SCSI\CdRom&Ven_Msft&Prod_Virtual_DVD-ROM\2&1f4adffe&0&000001: [REG_NONE] (empty) SWD\COMPUTER\MFG_VMware__Inc.&PROD_VMware7_1: [REG_NONE] (empty) SWD\MMDEVAPI\MicrosoftGSWavetableSynth: [REG_NONE] (empty) SWD\MSDAS\{ce958e9a-424f-4c88-86f4-11314821e75a}: [REG_NONE] (empty) SWD\MSRRAS\MS_AGILEVPNMINIPORT: [REG_NONE] (empty) SWD\MSRRAS\MS_L2TPMINIPORT: [REG_NONE] (empty) SWD\MSRRAS\MS_NDISWANBH: [REG_NONE] (empty) SWD\MSRRAS\MS_NDISWANIP: [REG_NONE] (empty) SWD\MSRRAS\MS_NDISWANIPV6: [REG_NONE] (empty) SWD\MSRRAS\MS_PPPOEMINIPORT: [REG_NONE] (empty) SWD\MSRRAS\MS_PPTPMINIPORT: [REG_NONE] (empty) SWD\MSRRAS\MS_SSTPMINIPORT: [REG_NONE] (empty) SWD\MSRRAS\{5e259276-bc7e-40e3-b93b-8f89b5f3abc0}: [REG_NONE] (empty) SWD\PRINTENUM\PrintQueues: [REG_NONE] (empty) SWD\RADIO\{3DB5895D-CC28-44B3-AD3D-6F01A782B8D2}: [REG_NONE] (empty) SW\{96E080C7-143C-11D1-B40F-00A0C9223196}\{3C0D501A-140B-11D1-B40F-00A0C9223196}: [REG_NONE] (empty) {8e7bd593-6e6c-4c52-86a6-77175494dd8e}\MsVhdHba\1&3030e83&0&01: [REG_NONE] (empty),winreg/winreg_default,NTFS:\Windows\System32\config\SYSTEM,-
2023-12-27T00:17:01.171730+00:00,Content Modification Time,REG,Registry Key,[HKEY_LOCAL_MACHINE\System\ControlSet001\Enum\ROOT\hvservice\0000] Capabilities: [REG_DWORD_LE] 0 ClassGUID: [REG_SZ] {4d36e97d-e325-11ce-bfc1-08002be10318} ConfigFlags: [REG_DWORD_LE] 0 ContainerID: [REG_SZ] {00000000-0000-0000-FFFF-FFFFFFFFFFFF} DeviceDesc: [REG_SZ] @hvservice.inf %*hvobject.devicedesc%;Microsoft Hypervisor Service DeviceReported: [REG_DWORD_LE] 1 Driver: [REG_SZ] {4d36e97d-e325-11ce-bfc1-08002be10318}\0064 HardwareID: [REG_MULTI_SZ] [ROOT\hvservice] Mfg: [REG_SZ] @hvservice.inf %msft%;Microsoft Security: [REG_BINARY] (92 bytes) Service: [REG_SZ] hvservice,winreg/winreg_default,NTFS:\Windows\System32\config\SYSTEM,-
2023-12-27T00:17:01.185384+00:00,Content Modification Time,EVT,WinEVTX,[410 / 0x019a] Provider identifier: {9c205a39-1250-487d-abd7-e831c6290539} Source Name: Microsoft-Windows-Kernel-PnP Strings: ['ROOT\\hvservice\\0000'  'hvservice.inf'  '{4D36E97D-E325-11CE-BFC1-08002BE10318}'  'hvservice'  ''  ''  '0x00000000'  '0x00000000'] Computer Name: WinDev2311Eval Record Number: 217 Event Level: 4,winevtx,NTFS:\Windows\System32\winevt\Logs\Microsoft-Windows-Kernel-PnP%4Configuration.evtx,-
2023-12-27T00:17:01.185384+00:00,Creation Time,EVT,WinEVTX,[410 / 0x019a] Provider identifier: {9c205a39-1250-487d-abd7-e831c6290539} Source Name: Microsoft-Windows-Kernel-PnP Strings: ['ROOT\\hvservice\\0000'  'hvservice.inf'  '{4D36E97D-E325-11CE-BFC1-08002BE10318}'  'hvservice'  ''  ''  '0x00000000'  '0x00000000'] Computer Name: WinDev2311Eval Record Number: 217 Event Level: 4,winevtx,NTFS:\Windows\System32\winevt\Logs\Microsoft-Windows-Kernel-PnP%4Configuration.evtx,-
2023-12-27T00:17:01.185384+00:00,Content Modification Time,EVT,WinEVTX,[410 / 0x019a] Provider identifier: {9c205a39-1250-487d-abd7-e831c6290539} Source Name: Microsoft-Windows-Kernel-PnP Strings: ['ROOT\\hvservice\\0000'  'hvservice.inf'  '{4D36E97D-E325-11CE-BFC1-08002BE10318}'  'hvservice'  ''  ''  '0x00000000'  '0x00000000'] Computer Name: WinDev2311Eval Record Number: 217 Event Level: 4,winevtx,NTFS:\Windows\System32\winevt\Logs\Microsoft-Windows-TerminalServices-RemoteConnectionManager%4Operational.evtx,-
2023-12-27T00:17:01.185384+00:00,Creation Time,EVT,WinEVTX,[410 / 0x019a] Provider identifier: {9c205a39-1250-487d-abd7-e831c6290539} Source Name: Microsoft-Windows-Kernel-PnP Strings: ['ROOT\\hvservice\\0000'  'hvservice.inf'  '{4D36E97D-E325-11CE-BFC1-08002BE10318}'  'hvservice'  ''  ''  '0x00000000'  '0x00000000'] Computer Name: WinDev2311Eval Record Number: 217 Event Level: 4,winevtx,NTFS:\Windows\System32\winevt\Logs\Microsoft-Windows-TerminalServices-RemoteConnectionManager%4Operational.evtx,-
2023-12-27T00:17:01.189719+00:00,Metadata Modification Time,FILE,NTFS USN change,maintenancetasks File reference: 130097-1 Parent file reference: 130096-1 Update source:  Update reason: USN_REASON_DATA_EXTEND  USN_REASON_DATA_TRUNCATION,usnjrnl,NTFS:\$Extend\$UsnJrnl:$J,-
2023-12-27T00:17:01.189719+00:00,Metadata Modification Time,FILE,NTFS USN change,maintenancetasks File reference: 130097-1 Parent file reference: 130096-1 Update source:  Update reason: USN_REASON_DATA_TRUNCATION,usnjrnl,NTFS:\$Extend\$UsnJrnl:$J,-
2023-12-27T00:17:01.189719+00:00,Content Modification Time,FILE,File stat,NTFS:\Windows\System32\Tasks\Microsoft\Windows\capabilityaccessmanager\maintenancetasks Type: file,filestat,NTFS:\Windows\System32\Tasks\Microsoft\Windows\capabilityaccessmanager\maintenancetasks,-
2023-12-27T00:17:01.189719+00:00,Last Access Time,FILE,File stat,NTFS:\Windows\System32\Tasks\Microsoft\Windows\capabilityaccessmanager\maintenancetasks Type: file,filestat,NTFS:\Windows\System32\Tasks\Microsoft\Windows\capabilityaccessmanager\maintenancetasks,-
2023-12-27T00:17:01.189719+00:00,Metadata Modification Time,FILE,File stat,NTFS:\Windows\System32\Tasks\Microsoft\Windows\capabilityaccessmanager\maintenancetasks Type: file,filestat,NTFS:\Windows\System32\Tasks\Microsoft\Windows\capabilityaccessmanager\maintenancetasks,-
2023-12-27T00:17:01.206145+00:00,Metadata Modification Time,FILE,NTFS USN change,maintenancetasks File reference: 130097-1 Parent file reference: 130096-1 Update source:  Update reason: USN_REASON_DATA_EXTEND  USN_REASON_DATA_TRUNCATION  USN_REASON_CLOSE,usnjrnl,NTFS:\$Extend\$UsnJrnl:$J,-
2023-12-27T00:17:01.238576+00:00,Metadata Modification Time,FILE,NTFS USN change,Schedule Wake To Work File reference: 133230-1 Parent file reference: 129876-1 Update source:  Update reason: USN_REASON_DATA_EXTEND  USN_REASON_DATA_TRUNCATION,usnjrnl,NTFS:\$Extend\$UsnJrnl:$J,-
2023-12-27T00:17:01.238576+00:00,Metadata Modification Time,FILE,NTFS USN change,Schedule Wake To Work File reference: 133230-1 Parent file reference: 129876-1 Update source:  Update reason: USN_REASON_DATA_TRUNCATION,usnjrnl,NTFS:\$Extend\$UsnJrnl:$J,-
2023-12-27T00:17:01.238576+00:00,Content Modification Time,FILE,File stat,NTFS:\Windows\System32\Tasks\Microsoft\Windows\UpdateOrchestrator\Schedule Wake To Work Type: file,filestat,NTFS:\Windows\System32\Tasks\Microsoft\Windows\UpdateOrchestrator\Schedule Wake To Work,-
2023-12-27T00:17:01.238576+00:00,Last Access Time,FILE,File stat,NTFS:\Windows\System32\Tasks\Microsoft\Windows\UpdateOrchestrator\Schedule Wake To Work Type: file,filestat,NTFS:\Windows\System32\Tasks\Microsoft\Windows\UpdateOrchestrator\Schedule Wake To Work,-
2023-12-27T00:17:01.238576+00:00,Metadata Modification Time,FILE,File stat,NTFS:\Windows\System32\Tasks\Microsoft\Windows\UpdateOrchestrator\Schedule Wake To Work Type: file,filestat,NTFS:\Windows\System32\Tasks\Microsoft\Windows\UpdateOrchestrator\Schedule Wake To Work,-
2023-12-27T00:17:01.256107+00:00,Metadata Modification Time,FILE,NTFS USN change,Schedule Wake To Work File reference: 133230-1 Parent file reference: 129876-1 Update source:  Update reason: USN_REASON_DATA_EXTEND  USN_REASON_DATA_TRUNCATION  USN_REASON_CLOSE,usnjrnl,NTFS:\$Extend\$UsnJrnl:$J,-
2023-12-27T00:17:01.256107+00:00,Metadata Modification Time,FILE,NTFS USN change,hvhostsvc.dll File reference: 53692-1 Parent file reference: 7904-1 Update source:  Update reason: USN_REASON_CLOSE,usnjrnl,NTFS:\$Extend\$UsnJrnl:$J,-
2023-12-27T00:17:01.256107+00:00,Content Modification Time,REG,Registry Key,[HKEY_LOCAL_MACHINE\Software\Microsoft\Windows NT\CurrentVersion\Schedule\TaskCache\Tasks\{DC4B7595-3EE0-463D-8F5A-673DB584E5DA}] Actions: [REG_BINARY] (126 bytes) DynamicInfo: [REG_BINARY] (36 bytes) Hash: [REG_BINARY] (32 bytes) Path: [REG_SZ] \Microsoft\Windows\UpdateOrchestrator\Schedule Wake To Work Schema: [REG_DWORD_LE] 65538 SecurityDescriptor: [REG_SZ] D:P(A;;FA;;;SY)(A;;FRFX;;;LS)(A;;FRFX;;;BA) Triggers: [REG_BINARY] (200 bytes) URI: [REG_SZ] \Microsoft\Windows\UpdateOrchestrator\Schedule Wake To Work,winreg/winreg_default,NTFS:\Windows\System32\config\SOFTWARE,-
2023-12-27T00:17:01.256107+00:00,Metadata Modification Time,FILE,File stat,NTFS:\Windows\System32\hvhostsvc.dll Type: file,filestat,NTFS:\Windows\System32\hvhostsvc.dll,-
2023-12-27T00:17:01.256107+00:00,Metadata Modification Time,FILE,File stat,NTFS:\Windows\WinSxS\amd64_microsoft-hyper-v-h..rvisor-host-service_31bf3856ad364e35_10.0.22621.1_none_cdebb11744a4bd3d\hvhostsvc.dll Type: file,filestat,NTFS:\Windows\WinSxS\amd64_microsoft-hyper-v-h..rvisor-host-service_31bf3856ad364e35_10.0.22621.1_none_cdebb11744a4bd3d\hvhostsvc.dll,-
2023-12-27T00:17:01.289040+00:00,Metadata Modification Time,FILE,NTFS USN change,UsageDataReporting File reference: 130098-1 Parent file reference: 129923-1 Update source:  Update reason: USN_REASON_DATA_EXTEND  USN_REASON_DATA_TRUNCATION,usnjrnl,NTFS:\$Extend\$UsnJrnl:$J,-
2023-12-27T00:17:01.289040+00:00,Metadata Modification Time,FILE,NTFS USN change,UsageDataReporting File reference: 130098-1 Parent file reference: 129923-1 Update source:  Update reason: USN_REASON_DATA_TRUNCATION,usnjrnl,NTFS:\$Extend\$UsnJrnl:$J,-
2023-12-27T00:17:01.289040+00:00,Content Modification Time,FILE,File stat,NTFS:\Windows\System32\Tasks\Microsoft\Windows\Flighting\FeatureConfig\UsageDataReporting Type: file,filestat,NTFS:\Windows\System32\Tasks\Microsoft\Windows\Flighting\FeatureConfig\UsageDataReporting,-
2023-12-27T00:17:01.289040+00:00,Last Access Time,FILE,File stat,NTFS:\Windows\System32\Tasks\Microsoft\Windows\Flighting\FeatureConfig\UsageDataReporting Type: file,filestat,NTFS:\Windows\System32\Tasks\Microsoft\Windows\Flighting\FeatureConfig\UsageDataReporting,-
2023-12-27T00:17:01.289040+00:00,Metadata Modification Time,FILE,File stat,NTFS:\Windows\System32\Tasks\Microsoft\Windows\Flighting\FeatureConfig\UsageDataReporting Type: file,filestat,NTFS:\Windows\System32\Tasks\Microsoft\Windows\Flighting\FeatureConfig\UsageDataReporting,-
2023-12-27T00:17:01.311410+00:00,Metadata Modification Time,FILE,NTFS USN change,UsageDataReporting File reference: 130098-1 Parent file reference: 129923-1 Update source:  Update reason: USN_REASON_DATA_EXTEND  USN_REASON_DATA_TRUNCATION  USN_REASON_CLOSE,usnjrnl,NTFS:\$Extend\$UsnJrnl:$J,-
2023-12-27T00:17:01.404717+00:00,Metadata Modification Time,FILE,NTFS USN change,WakeUpAndContinueUpdates File reference: 130099-1 Parent file reference: 129703-1 Update source:  Update reason: USN_REASON_DATA_EXTEND  USN_REASON_DATA_TRUNCATION,usnjrnl,NTFS:\$Extend\$UsnJrnl:$J,-
2023-12-27T00:17:01.404717+00:00,Metadata Modification Time,FILE,NTFS USN change,WakeUpAndContinueUpdates File reference: 130099-1 Parent file reference: 129703-1 Update source:  Update reason: USN_REASON_DATA_TRUNCATION,usnjrnl,NTFS:\$Extend\$UsnJrnl:$J,-
2023-12-27T00:17:01.404717+00:00,Content Modification Time,FILE,File stat,NTFS:\Windows\System32\Tasks\Microsoft\Windows\InstallService\WakeUpAndContinueUpdates Type: file,filestat,NTFS:\Windows\System32\Tasks\Microsoft\Windows\InstallService\WakeUpAndContinueUpdates,-
2023-12-27T00:17:01.404717+00:00,Last Access Time,FILE,File stat,NTFS:\Windows\System32\Tasks\Microsoft\Windows\InstallService\WakeUpAndContinueUpdates Type: file,filestat,NTFS:\Windows\System32\Tasks\Microsoft\Windows\InstallService\WakeUpAndContinueUpdates,-
2023-12-27T00:17:01.404717+00:00,Metadata Modification Time,FILE,File stat,NTFS:\Windows\System32\Tasks\Microsoft\Windows\InstallService\WakeUpAndContinueUpdates Type: file,filestat,NTFS:\Windows\System32\Tasks\Microsoft\Windows\InstallService\WakeUpAndContinueUpdates,-
2023-12-27T00:17:01.427061+00:00,Metadata Modification Time,FILE,NTFS USN change,WakeUpAndContinueUpdates File reference: 130099-1 Parent file reference: 129703-1 Update source:  Update reason: USN_REASON_DATA_EXTEND  USN_REASON_DATA_TRUNCATION  USN_REASON_CLOSE,usnjrnl,NTFS:\$Extend\$UsnJrnl:$J,-
2023-12-27T00:17:01.459770+00:00,Metadata Modification Time,FILE,NTFS USN change,USO_UxBroker File reference: 130101-1 Parent file reference: 129876-1 Update source:  Update reason: USN_REASON_DATA_EXTEND  USN_REASON_DATA_TRUNCATION,usnjrnl,NTFS:\$Extend\$UsnJrnl:$J,-
2023-12-27T00:17:01.459770+00:00,Metadata Modification Time,FILE,NTFS USN change,USO_UxBroker File reference: 130101-1 Parent file reference: 129876-1 Update source:  Update reason: USN_REASON_DATA_TRUNCATION,usnjrnl,NTFS:\$Extend\$UsnJrnl:$J,-
2023-12-27T00:17:01.459770+00:00,Content Modification Time,FILE,File stat,NTFS:\Windows\System32\Tasks\Microsoft\Windows\UpdateOrchestrator\USO_UxBroker Type: file,filestat,NTFS:\Windows\System32\Tasks\Microsoft\Windows\UpdateOrchestrator\USO_UxBroker,-
2023-12-27T00:17:01.459770+00:00,Last Access Time,FILE,File stat,NTFS:\Windows\System32\Tasks\Microsoft\Windows\UpdateOrchestrator\USO_UxBroker Type: file,filestat,NTFS:\Windows\System32\Tasks\Microsoft\Windows\UpdateOrchestrator\USO_UxBroker,-
2023-12-27T00:17:01.459770+00:00,Metadata Modification Time,FILE,File stat,NTFS:\Windows\System32\Tasks\Microsoft\Windows\UpdateOrchestrator\USO_UxBroker Type: file,filestat,NTFS:\Windows\System32\Tasks\Microsoft\Windows\UpdateOrchestrator\USO_UxBroker,-
2023-12-27T00:17:01.475767+00:00,Metadata Modification Time,FILE,NTFS USN change,USO_UxBroker File reference: 130101-1 Parent file reference: 129876-1 Update source:  Update reason: USN_REASON_DATA_EXTEND  USN_REASON_DATA_TRUNCATION  USN_REASON_CLOSE,usnjrnl,NTFS:\$Extend\$UsnJrnl:$J,-
2023-12-27T00:17:01.622099+00:00,Metadata Modification Time,FILE,NTFS USN change,Sqm-Tasks File reference: 130102-1 Parent file reference: 130088-1 Update source:  Update reason: USN_REASON_DATA_EXTEND  USN_REASON_DATA_TRUNCATION,usnjrnl,NTFS:\$Extend\$UsnJrnl:$J,-
2023-12-27T00:17:01.622099+00:00,Metadata Modification Time,FILE,NTFS USN change,Sqm-Tasks File reference: 130102-1 Parent file reference: 130088-1 Update source:  Update reason: USN_REASON_DATA_TRUNCATION,usnjrnl,NTFS:\$Extend\$UsnJrnl:$J,-
2023-12-27T00:17:01.622099+00:00,Content Modification Time,FILE,File stat,NTFS:\Windows\System32\Tasks\Microsoft\Windows\PI\Sqm-Tasks Type: file,filestat,NTFS:\Windows\System32\Tasks\Microsoft\Windows\PI\Sqm-Tasks,-
2023-12-27T00:17:01.622099+00:00,Last Access Time,FILE,File stat,NTFS:\Windows\System32\Tasks\Microsoft\Windows\PI\Sqm-Tasks Type: file,filestat,NTFS:\Windows\System32\Tasks\Microsoft\Windows\PI\Sqm-Tasks,-
2023-12-27T00:17:01.622099+00:00,Metadata Modification Time,FILE,File stat,NTFS:\Windows\System32\Tasks\Microsoft\Windows\PI\Sqm-Tasks Type: file,filestat,NTFS:\Windows\System32\Tasks\Microsoft\Windows\PI\Sqm-Tasks,-
2023-12-27T00:17:01.637962+00:00,Metadata Modification Time,FILE,NTFS USN change,Sqm-Tasks File reference: 130102-1 Parent file reference: 130088-1 Update source:  Update reason: USN_REASON_DATA_EXTEND  USN_REASON_DATA_TRUNCATION  USN_REASON_CLOSE,usnjrnl,NTFS:\$Extend\$UsnJrnl:$J,-
2023-12-27T00:17:01.637962+00:00,Content Modification Time,REG,Registry Key,[HKEY_LOCAL_MACHINE\Software\Microsoft\Windows\CurrentVersion\WINEVT\Publishers\{cfeb0608-330e-4410-b00d-56d8da9986e6}] (default): [REG_SZ] Microsoft-Antimalware-AMFilter Enabled: [REG_DWORD_LE] 1 MessageFileName: [REG_EXPAND_SZ] C:\ProgramData\Microsoft\Windows Defender\Platform\4.18.23100.2009-0\Drivers\WdFilter.sys ParameterFileName: [REG_EXPAND_SZ] C:\ProgramData\Microsoft\Windows Defender\Platform\4.18.23100.2009-0\Drivers\WdFilter.sys ResourceFileName: [REG_EXPAND_SZ] C:\ProgramData\Microsoft\Windows Defender\Platform\4.18.23100.2009-0\Drivers\WdFilter.sys,winreg/winreg_default,NTFS:\Windows\System32\config\SOFTWARE,-
2023-12-27T00:17:01.653365+00:00,Metadata Modification Time,FILE,NTFS USN change,UpdateUserPictureTask File reference: 130103-1 Parent file reference: 129847-1 Update source:  Update reason: USN_REASON_DATA_EXTEND  USN_REASON_DATA_TRUNCATION,usnjrnl,NTFS:\$Extend\$UsnJrnl:$J,-
2023-12-27T00:17:01.653365+00:00,Metadata Modification Time,FILE,NTFS USN change,UpdateUserPictureTask File reference: 130103-1 Parent file reference: 129847-1 Update source:  Update reason: USN_REASON_DATA_TRUNCATION,usnjrnl,NTFS:\$Extend\$UsnJrnl:$J,-
2023-12-27T00:17:01.653365+00:00,Content Modification Time,FILE,File stat,NTFS:\Windows\System32\Tasks\Microsoft\Windows\Shell\UpdateUserPictureTask Type: file,filestat,NTFS:\Windows\System32\Tasks\Microsoft\Windows\Shell\UpdateUserPictureTask,-
2023-12-27T00:17:01.653365+00:00,Last Access Time,FILE,File stat,NTFS:\Windows\System32\Tasks\Microsoft\Windows\Shell\UpdateUserPictureTask Type: file,filestat,NTFS:\Windows\System32\Tasks\Microsoft\Windows\Shell\UpdateUserPictureTask,-
2023-12-27T00:17:01.653365+00:00,Metadata Modification Time,FILE,File stat,NTFS:\Windows\System32\Tasks\Microsoft\Windows\Shell\UpdateUserPictureTask Type: file,filestat,NTFS:\Windows\System32\Tasks\Microsoft\Windows\Shell\UpdateUserPictureTask,-
2023-12-27T00:17:01.686043+00:00,Metadata Modification Time,FILE,NTFS USN change,UpdateUserPictureTask File reference: 130103-1 Parent file reference: 129847-1 Update source:  Update reason: USN_REASON_DATA_EXTEND  USN_REASON_DATA_TRUNCATION  USN_REASON_CLOSE,usnjrnl,NTFS:\$Extend\$UsnJrnl:$J,-
2023-12-27T00:17:01.771910+00:00,Metadata Modification Time,FILE,NTFS USN change,StorageCardEncryption Task File reference: 130104-1 Parent file reference: 129893-2 Update source:  Update reason: USN_REASON_DATA_EXTEND  USN_REASON_DATA_TRUNCATION,usnjrnl,NTFS:\$Extend\$UsnJrnl:$J,-
2023-12-27T00:17:01.771910+00:00,Metadata Modification Time,FILE,NTFS USN change,StorageCardEncryption Task File reference: 130104-1 Parent file reference: 129893-2 Update source:  Update reason: USN_REASON_DATA_TRUNCATION,usnjrnl,NTFS:\$Extend\$UsnJrnl:$J,-
2023-12-27T00:17:01.771910+00:00,Content Modification Time,FILE,File stat,NTFS:\Windows\System32\Tasks\Microsoft\Windows\EDP\StorageCardEncryption Task Type: file,filestat,NTFS:\Windows\System32\Tasks\Microsoft\Windows\EDP\StorageCardEncryption Task,-
2023-12-27T00:17:01.771910+00:00,Last Access Time,FILE,File stat,NTFS:\Windows\System32\Tasks\Microsoft\Windows\EDP\StorageCardEncryption Task Type: file,filestat,NTFS:\Windows\System32\Tasks\Microsoft\Windows\EDP\StorageCardEncryption Task,-
2023-12-27T00:17:01.771910+00:00,Metadata Modification Time,FILE,File stat,NTFS:\Windows\System32\Tasks\Microsoft\Windows\EDP\StorageCardEncryption Task Type: file,filestat,NTFS:\Windows\System32\Tasks\Microsoft\Windows\EDP\StorageCardEncryption Task,-
2023-12-27T00:17:01.788200+00:00,Metadata Modification Time,FILE,NTFS USN change,StorageCardEncryption Task File reference: 130104-1 Parent file reference: 129893-2 Update source:  Update reason: USN_REASON_DATA_EXTEND  USN_REASON_DATA_TRUNCATION  USN_REASON_CLOSE,usnjrnl,NTFS:\$Extend\$UsnJrnl:$J,-
2023-12-27T00:17:01.850879+00:00,Metadata Modification Time,FILE,NTFS USN change,Restore File reference: 130105-1 Parent file reference: 129979-2 Update source:  Update reason: USN_REASON_DATA_EXTEND  USN_REASON_DATA_TRUNCATION,usnjrnl,NTFS:\$Extend\$UsnJrnl:$J,-
2023-12-27T00:17:01.850879+00:00,Metadata Modification Time,FILE,NTFS USN change,Restore File reference: 130105-1 Parent file reference: 129979-2 Update source:  Update reason: USN_REASON_DATA_EXTEND  USN_REASON_DATA_TRUNCATION  USN_REASON_CLOSE,usnjrnl,NTFS:\$Extend\$UsnJrnl:$J,-
2023-12-27T00:17:01.850879+00:00,Metadata Modification Time,FILE,NTFS USN change,Restore File reference: 130105-1 Parent file reference: 129979-2 Update source:  Update reason: USN_REASON_DATA_TRUNCATION,usnjrnl,NTFS:\$Extend\$UsnJrnl:$J,-
2023-12-27T00:17:01.850879+00:00,Content Modification Time,FILE,File stat,NTFS:\Windows\System32\Tasks\Microsoft\Windows\CloudRestore\Restore Type: file,filestat,NTFS:\Windows\System32\Tasks\Microsoft\Windows\CloudRestore\Restore,-
2023-12-27T00:17:01.850879+00:00,Last Access Time,FILE,File stat,NTFS:\Windows\System32\Tasks\Microsoft\Windows\CloudRestore\Restore Type: file,filestat,NTFS:\Windows\System32\Tasks\Microsoft\Windows\CloudRestore\Restore,-
2023-12-27T00:17:01.850879+00:00,Metadata Modification Time,FILE,File stat,NTFS:\Windows\System32\Tasks\Microsoft\Windows\CloudRestore\Restore Type: file,filestat,NTFS:\Windows\System32\Tasks\Microsoft\Windows\CloudRestore\Restore,-
2023-12-27T00:17:01.862893+00:00,Metadata Modification Time,FILE,NTFS USN change,EDP Policy Manager File reference: 130106-1 Parent file reference: 129713-1 Update source:  Update reason: USN_REASON_DATA_EXTEND  USN_REASON_DATA_TRUNCATION,usnjrnl,NTFS:\$Extend\$UsnJrnl:$J,-
2023-12-27T00:17:01.862893+00:00,Metadata Modification Time,FILE,NTFS USN change,EDP Policy Manager File reference: 130106-1 Parent file reference: 129713-1 Update source:  Update reason: USN_REASON_DATA_TRUNCATION,usnjrnl,NTFS:\$Extend\$UsnJrnl:$J,-
2023-12-27T00:17:01.862893+00:00,Content Modification Time,FILE,File stat,NTFS:\Windows\System32\Tasks\Microsoft\Windows\AppID\EDP Policy Manager Type: file,filestat,NTFS:\Windows\System32\Tasks\Microsoft\Windows\AppID\EDP Policy Manager,-
2023-12-27T00:17:01.862893+00:00,Last Access Time,FILE,File stat,NTFS:\Windows\System32\Tasks\Microsoft\Windows\AppID\EDP Policy Manager Type: file,filestat,NTFS:\Windows\System32\Tasks\Microsoft\Windows\AppID\EDP Policy Manager,-
2023-12-27T00:17:01.862893+00:00,Metadata Modification Time,FILE,File stat,NTFS:\Windows\System32\Tasks\Microsoft\Windows\AppID\EDP Policy Manager Type: file,filestat,NTFS:\Windows\System32\Tasks\Microsoft\Windows\AppID\EDP Policy Manager,-
2023-12-27T00:17:01.879908+00:00,Metadata Modification Time,FILE,NTFS USN change,EDP Policy Manager File reference: 130106-1 Parent file reference: 129713-1 Update source:  Update reason: USN_REASON_DATA_EXTEND  USN_REASON_DATA_TRUNCATION  USN_REASON_CLOSE,usnjrnl,NTFS:\$Extend\$UsnJrnl:$J,-
2023-12-27T00:17:01.929081+00:00,Metadata Modification Time,FILE,NTFS USN change,SecureBootEncodeUEFI File reference: 130107-1 Parent file reference: 130088-1 Update source:  Update reason: USN_REASON_DATA_EXTEND  USN_REASON_DATA_TRUNCATION,usnjrnl,NTFS:\$Extend\$UsnJrnl:$J,-
2023-12-27T00:17:01.929081+00:00,Metadata Modification Time,FILE,NTFS USN change,SecureBootEncodeUEFI File reference: 130107-1 Parent file reference: 130088-1 Update source:  Update reason: USN_REASON_DATA_TRUNCATION,usnjrnl,NTFS:\$Extend\$UsnJrnl:$J,-
2023-12-27T00:17:01.929081+00:00,Content Modification Time,FILE,File stat,NTFS:\Windows\System32\Tasks\Microsoft\Windows\PI\SecureBootEncodeUEFI Type: file,filestat,NTFS:\Windows\System32\Tasks\Microsoft\Windows\PI\SecureBootEncodeUEFI,-
2023-12-27T00:17:01.929081+00:00,Last Access Time,FILE,File stat,NTFS:\Windows\System32\Tasks\Microsoft\Windows\PI\SecureBootEncodeUEFI Type: file,filestat,NTFS:\Windows\System32\Tasks\Microsoft\Windows\PI\SecureBootEncodeUEFI,-
2023-12-27T00:17:01.929081+00:00,Metadata Modification Time,FILE,File stat,NTFS:\Windows\System32\Tasks\Microsoft\Windows\PI\SecureBootEncodeUEFI Type: file,filestat,NTFS:\Windows\System32\Tasks\Microsoft\Windows\PI\SecureBootEncodeUEFI,-
2023-12-27T00:17:02.000000+00:00,Last Access Time,FILE,File entry shell item,Name: Windows Long name: Windows NTFS file reference: 1941-1 Shell item path: <My Computer> C:\Windows Origin: 590aee7bdd69b59b.customDestinations-ms,custom_destinations/lnk/shell_items,NTFS:\Users\User\AppData\Roaming\Microsoft\Windows\Recent\CustomDestinations\590aee7bdd69b59b.customDestinations-ms,-
2023-12-27T00:17:02.000000+00:00,Last Access Time,FILE,File entry shell item,Name: Windows Long name: Windows NTFS file reference: 1941-1 Shell item path: <My Computer> C:\Windows Origin: Bluetooth File Transfer.LNK,lnk/shell_items,NTFS:\Users\User\AppData\Roaming\Microsoft\Windows\SendTo\Bluetooth File Transfer.LNK,-
2023-12-27T00:17:02.428123+00:00,Metadata Modification Time,FILE,NTFS USN change,NotificationTask File reference: 130109-1 Parent file reference: 130084-1 Update source:  Update reason: USN_REASON_DATA_EXTEND  USN_REASON_DATA_TRUNCATION,usnjrnl,NTFS:\$Extend\$UsnJrnl:$J,-
2023-12-27T00:17:02.428123+00:00,Metadata Modification Time,FILE,NTFS USN change,NotificationTask File reference: 130109-1 Parent file reference: 130084-1 Update source:  Update reason: USN_REASON_DATA_TRUNCATION,usnjrnl,NTFS:\$Extend\$UsnJrnl:$J,-
2023-12-27T00:17:02.428123+00:00,Content Modification Time,FILE,File stat,NTFS:\Windows\System32\Tasks\Microsoft\Windows\WwanSvc\NotificationTask Type: file,filestat,NTFS:\Windows\System32\Tasks\Microsoft\Windows\WwanSvc\NotificationTask,-
2023-12-27T00:17:02.428123+00:00,Last Access Time,FILE,File stat,NTFS:\Windows\System32\Tasks\Microsoft\Windows\WwanSvc\NotificationTask Type: file,filestat,NTFS:\Windows\System32\Tasks\Microsoft\Windows\WwanSvc\NotificationTask,-
2023-12-27T00:17:02.428123+00:00,Metadata Modification Time,FILE,File stat,NTFS:\Windows\System32\Tasks\Microsoft\Windows\WwanSvc\NotificationTask Type: file,filestat,NTFS:\Windows\System32\Tasks\Microsoft\Windows\WwanSvc\NotificationTask,-
2023-12-27T00:17:02.916090+00:00,Metadata Modification Time,FILE,NTFS USN change,SecureBootEncodeUEFI File reference: 130107-1 Parent file reference: 130088-1 Update source:  Update reason: USN_REASON_DATA_EXTEND  USN_REASON_DATA_TRUNCATION  USN_REASON_CLOSE,usnjrnl,NTFS:\$Extend\$UsnJrnl:$J,-
2023-12-27T00:17:02.568385+00:00,Metadata Modification Time,FILE,NTFS USN change,NotificationTask File reference: 130109-1 Parent file reference: 130084-1 Update source:  Update reason: USN_REASON_DATA_EXTEND  USN_REASON_DATA_TRUNCATION  USN_REASON_CLOSE,usnjrnl,NTFS:\$Extend\$UsnJrnl:$J,-
2023-12-27T00:17:02.795043+00:00,Metadata Modification Time,FILE,NTFS USN change,TouchpadSyncDataAvailable File reference: 130110-1 Parent file reference: 129959-1 Update source:  Update reason: USN_REASON_DATA_EXTEND  USN_REASON_DATA_TRUNCATION,usnjrnl,NTFS:\$Extend\$UsnJrnl:$J,-
2023-12-27T00:17:02.795043+00:00,Metadata Modification Time,FILE,NTFS USN change,TouchpadSyncDataAvailable File reference: 130110-1 Parent file reference: 129959-1 Update source:  Update reason: USN_REASON_DATA_TRUNCATION,usnjrnl,NTFS:\$Extend\$UsnJrnl:$J,-
2023-12-27T00:17:02.795043+00:00,Content Modification Time,FILE,File stat,NTFS:\Windows\System32\Tasks\Microsoft\Windows\input\TouchpadSyncDataAvailable Type: file,filestat,NTFS:\Windows\System32\Tasks\Microsoft\Windows\input\TouchpadSyncDataAvailable,-
2023-12-27T00:17:02.795043+00:00,Last Access Time,FILE,File stat,NTFS:\Windows\System32\Tasks\Microsoft\Windows\input\TouchpadSyncDataAvailable Type: file,filestat,NTFS:\Windows\System32\Tasks\Microsoft\Windows\input\TouchpadSyncDataAvailable,-
2023-12-27T00:17:02.795043+00:00,Metadata Modification Time,FILE,File stat,NTFS:\Windows\System32\Tasks\Microsoft\Windows\input\TouchpadSyncDataAvailable Type: file,filestat,NTFS:\Windows\System32\Tasks\Microsoft\Windows\input\TouchpadSyncDataAvailable,-
2023-12-27T00:17:02.112143+00:00,Last Access Time,FILE,File stat,NTFS:\Windows\System32\msdtctm.dll Type: file,filestat,NTFS:\Windows\System32\msdtctm.dll,-
2023-12-27T00:17:02.112143+00:00,Last Access Time,FILE,File stat,NTFS:\Windows\WinSxS\amd64_microsoft-windows-com-dtc-runtime-tm_31bf3856ad364e35_10.0.22621.2506_none_7972f3b9965f6a83\msdtctm.dll Type: file,filestat,NTFS:\Windows\WinSxS\amd64_microsoft-windows-com-dtc-runtime-tm_31bf3856ad364e35_10.0.22621.2506_none_7972f3b9965f6a83\msdtctm.dll,-
2023-12-27T00:17:02.959505+00:00,Metadata Modification Time,FILE,NTFS USN change,TouchpadSyncDataAvailable File reference: 130110-1 Parent file reference: 129959-1 Update source:  Update reason: USN_REASON_DATA_EXTEND  USN_REASON_DATA_TRUNCATION  USN_REASON_CLOSE,usnjrnl,NTFS:\$Extend\$UsnJrnl:$J,-
2023-12-27T00:17:02.143973+00:00,Last Access Time,FILE,File stat,NTFS:\Windows\System32\xolehlp.dll Type: file,filestat,NTFS:\Windows\System32\xolehlp.dll,-
2023-12-27T00:17:02.143973+00:00,Last Access Time,FILE,File stat,NTFS:\Windows\WinSxS\amd64_microsoft-windows-com-dtc-client_31bf3856ad364e35_10.0.22621.2506_none_2ccd534e34ed50a8\xolehlp.dll Type: file,filestat,NTFS:\Windows\WinSxS\amd64_microsoft-windows-com-dtc-client_31bf3856ad364e35_10.0.22621.2506_none_2ccd534e34ed50a8\xolehlp.dll,-
2023-12-27T00:17:02.176620+00:00,Metadata Modification Time,FILE,NTFS USN change,ProcessMemoryDiagnosticEvents File reference: 130112-1 Parent file reference: 129895-1 Update source:  Update reason: USN_REASON_DATA_EXTEND  USN_REASON_DATA_TRUNCATION,usnjrnl,NTFS:\$Extend\$UsnJrnl:$J,-
2023-12-27T00:17:02.176620+00:00,Metadata Modification Time,FILE,NTFS USN change,ProcessMemoryDiagnosticEvents File reference: 130112-1 Parent file reference: 129895-1 Update source:  Update reason: USN_REASON_DATA_TRUNCATION,usnjrnl,NTFS:\$Extend\$UsnJrnl:$J,-
2023-12-27T00:17:02.176620+00:00,Last Access Time,FILE,File stat,NTFS:\ProgramData\Microsoft\Windows Defender\Platform\4.18.23100.2009-0\Drivers\WdDevFlt.sys Type: file,filestat,NTFS:\ProgramData\Microsoft\Windows Defender\Platform\4.18.23100.2009-0\Drivers\WdDevFlt.sys,-
2023-12-27T00:17:02.176620+00:00,Content Modification Time,FILE,File stat,NTFS:\Windows\System32\Tasks\Microsoft\Windows\MemoryDiagnostic\ProcessMemoryDiagnosticEvents Type: file,filestat,NTFS:\Windows\System32\Tasks\Microsoft\Windows\MemoryDiagnostic\ProcessMemoryDiagnosticEvents,-
2023-12-27T00:17:02.176620+00:00,Last Access Time,FILE,File stat,NTFS:\Windows\System32\Tasks\Microsoft\Windows\MemoryDiagnostic\ProcessMemoryDiagnosticEvents Type: file,filestat,NTFS:\Windows\System32\Tasks\Microsoft\Windows\MemoryDiagnostic\ProcessMemoryDiagnosticEvents,-
2023-12-27T00:17:02.176620+00:00,Metadata Modification Time,FILE,File stat,NTFS:\Windows\System32\Tasks\Microsoft\Windows\MemoryDiagnostic\ProcessMemoryDiagnosticEvents Type: file,filestat,NTFS:\Windows\System32\Tasks\Microsoft\Windows\MemoryDiagnostic\ProcessMemoryDiagnosticEvents,-
2023-12-27T00:17:02.176620+00:00,Last Access Time,FILE,File stat,NTFS:\Windows\System32\drivers\wd\WdDevFlt.sys Type: file,filestat,NTFS:\Windows\System32\drivers\wd\WdDevFlt.sys,-
2023-12-27T00:17:02.176620+00:00,Last Access Time,FILE,File stat,NTFS:\Windows\System32\msdtclog.dll Type: file,filestat,NTFS:\Windows\System32\msdtclog.dll,-
2023-12-27T00:17:02.176620+00:00,Last Access Time,FILE,File stat,NTFS:\Windows\WinSxS\amd64_microsoft-windows-com-dtc-runtime-log_31bf3856ad364e35_10.0.22621.2506_none_04c8402faaa3dbe6\msdtclog.dll Type: file,filestat,NTFS:\Windows\WinSxS\amd64_microsoft-windows-com-dtc-runtime-log_31bf3856ad364e35_10.0.22621.2506_none_04c8402faaa3dbe6\msdtclog.dll,-
2023-12-27T00:17:02.197621+00:00,Metadata Modification Time,FILE,NTFS USN change,ProcessMemoryDiagnosticEvents File reference: 130112-1 Parent file reference: 129895-1 Update source:  Update reason: USN_REASON_DATA_EXTEND  USN_REASON_DATA_TRUNCATION  USN_REASON_CLOSE,usnjrnl,NTFS:\$Extend\$UsnJrnl:$J,-
2023-12-27T00:17:02.197621+00:00,Last Access Time,FILE,File stat,NTFS:\Program Files\Windows Defender Type: directory,filestat,NTFS:\Program Files\Windows Defender,-
2023-12-27T00:17:02.230140+00:00,Last Access Time,FILE,File stat,NTFS:\Program Files (x86)\Windows Defender Type: directory,filestat,NTFS:\Program Files (x86)\Windows Defender,-
2023-12-27T00:17:02.341486+00:00,Metadata Modification Time,FILE,NTFS USN change,DmClientOnScenarioDownload File reference: 130114-1 Parent file reference: 129989-1 Update source:  Update reason: USN_REASON_DATA_EXTEND  USN_REASON_DATA_TRUNCATION,usnjrnl,NTFS:\$Extend\$UsnJrnl:$J,-
2023-12-27T00:17:02.341486+00:00,Metadata Modification Time,FILE,NTFS USN change,DmClientOnScenarioDownload File reference: 130114-1 Parent file reference: 129989-1 Update source:  Update reason: USN_REASON_DATA_TRUNCATION,usnjrnl,NTFS:\$Extend\$UsnJrnl:$J,-
2023-12-27T00:17:02.341486+00:00,Content Modification Time,FILE,File stat,NTFS:\Windows\System32\Tasks\Microsoft\Windows\Feedback\Siuf\DmClientOnScenarioDownload Type: file,filestat,NTFS:\Windows\System32\Tasks\Microsoft\Windows\Feedback\Siuf\DmClientOnScenarioDownload,-
2023-12-27T00:17:02.341486+00:00,Last Access Time,FILE,File stat,NTFS:\Windows\System32\Tasks\Microsoft\Windows\Feedback\Siuf\DmClientOnScenarioDownload Type: file,filestat,NTFS:\Windows\System32\Tasks\Microsoft\Windows\Feedback\Siuf\DmClientOnScenarioDownload,-
2023-12-27T00:17:02.341486+00:00,Metadata Modification Time,FILE,File stat,NTFS:\Windows\System32\Tasks\Microsoft\Windows\Feedback\Siuf\DmClientOnScenarioDownload Type: file,filestat,NTFS:\Windows\System32\Tasks\Microsoft\Windows\Feedback\Siuf\DmClientOnScenarioDownload,-
2023-12-27T00:17:02.357367+00:00,Metadata Modification Time,FILE,NTFS USN change,DmClientOnScenarioDownload File reference: 130114-1 Parent file reference: 129989-1 Update source:  Update reason: USN_REASON_DATA_EXTEND  USN_REASON_DATA_TRUNCATION  USN_REASON_CLOSE,usnjrnl,NTFS:\$Extend\$UsnJrnl:$J,-
2023-12-27T00:17:02.399269+00:00,Metadata Modification Time,FILE,NTFS USN change,Backup File reference: 130115-1 Parent file reference: 129920-1 Update source:  Update reason: USN_REASON_DATA_EXTEND  USN_REASON_DATA_TRUNCATION,usnjrnl,NTFS:\$Extend\$UsnJrnl:$J,-
2023-12-27T00:17:02.399269+00:00,Metadata Modification Time,FILE,NTFS USN change,Backup File reference: 130115-1 Parent file reference: 129920-1 Update source:  Update reason: USN_REASON_DATA_EXTEND  USN_REASON_DATA_TRUNCATION  USN_REASON_CLOSE,usnjrnl,NTFS:\$Extend\$UsnJrnl:$J,-
2023-12-27T00:17:02.399269+00:00,Metadata Modification Time,FILE,NTFS USN change,Backup File reference: 130115-1 Parent file reference: 129920-1 Update source:  Update reason: USN_REASON_DATA_TRUNCATION,usnjrnl,NTFS:\$Extend\$UsnJrnl:$J,-
2023-12-27T00:17:02.399269+00:00,Content Modification Time,FILE,File stat,NTFS:\Windows\System32\Tasks\Microsoft\Windows\AppListBackup\Backup Type: file,filestat,NTFS:\Windows\System32\Tasks\Microsoft\Windows\AppListBackup\Backup,-
2023-12-27T00:17:02.399269+00:00,Last Access Time,FILE,File stat,NTFS:\Windows\System32\Tasks\Microsoft\Windows\AppListBackup\Backup Type: file,filestat,NTFS:\Windows\System32\Tasks\Microsoft\Windows\AppListBackup\Backup,-
2023-12-27T00:17:02.399269+00:00,Metadata Modification Time,FILE,File stat,NTFS:\Windows\System32\Tasks\Microsoft\Windows\AppListBackup\Backup Type: file,filestat,NTFS:\Windows\System32\Tasks\Microsoft\Windows\AppListBackup\Backup,-
2023-12-27T00:17:02.431786+00:00,Metadata Modification Time,FILE,NTFS USN change,WsSwapAssessmentTask File reference: 130116-1 Parent file reference: 129986-1 Update source:  Update reason: USN_REASON_DATA_EXTEND  USN_REASON_DATA_TRUNCATION,usnjrnl,NTFS:\$Extend\$UsnJrnl:$J,-
2023-12-27T00:17:02.431786+00:00,Metadata Modification Time,FILE,NTFS USN change,WsSwapAssessmentTask File reference: 130116-1 Parent file reference: 129986-1 Update source:  Update reason: USN_REASON_DATA_EXTEND  USN_REASON_DATA_TRUNCATION  USN_REASON_CLOSE,usnjrnl,NTFS:\$Extend\$UsnJrnl:$J,-
2023-12-27T00:17:02.431786+00:00,Metadata Modification Time,FILE,NTFS USN change,WsSwapAssessmentTask File reference: 130116-1 Parent file reference: 129986-1 Update source:  Update reason: USN_REASON_DATA_TRUNCATION,usnjrnl,NTFS:\$Extend\$UsnJrnl:$J,-
2023-12-27T00:17:02.431786+00:00,Content Modification Time,FILE,File stat,NTFS:\Windows\System32\Tasks\Microsoft\Windows\Sysmain\WsSwapAssessmentTask Type: file,filestat,NTFS:\Windows\System32\Tasks\Microsoft\Windows\Sysmain\WsSwapAssessmentTask,-
2023-12-27T00:17:02.431786+00:00,Last Access Time,FILE,File stat,NTFS:\Windows\System32\Tasks\Microsoft\Windows\Sysmain\WsSwapAssessmentTask Type: file,filestat,NTFS:\Windows\System32\Tasks\Microsoft\Windows\Sysmain\WsSwapAssessmentTask,-
2023-12-27T00:17:02.431786+00:00,Metadata Modification Time,FILE,File stat,NTFS:\Windows\System32\Tasks\Microsoft\Windows\Sysmain\WsSwapAssessmentTask Type: file,filestat,NTFS:\Windows\System32\Tasks\Microsoft\Windows\Sysmain\WsSwapAssessmentTask,-
2023-12-27T00:17:02.449071+00:00,Metadata Modification Time,FILE,NTFS USN change,CreateObjectTask File reference: 130117-1 Parent file reference: 129847-1 Update source:  Update reason: USN_REASON_DATA_TRUNCATION,usnjrnl,NTFS:\$Extend\$UsnJrnl:$J,-
2023-12-27T00:17:02.466314+00:00,Metadata Modification Time,FILE,NTFS USN change,CreateObjectTask File reference: 130117-1 Parent file reference: 129847-1 Update source:  Update reason: USN_REASON_DATA_EXTEND  USN_REASON_DATA_TRUNCATION,usnjrnl,NTFS:\$Extend\$UsnJrnl:$J,-
2023-12-27T00:17:02.466314+00:00,Content Modification Time,FILE,File stat,NTFS:\Windows\System32\Tasks\Microsoft\Windows\Shell\CreateObjectTask Type: file,filestat,NTFS:\Windows\System32\Tasks\Microsoft\Windows\Shell\CreateObjectTask,-
2023-12-27T00:17:02.466314+00:00,Last Access Time,FILE,File stat,NTFS:\Windows\System32\Tasks\Microsoft\Windows\Shell\CreateObjectTask Type: file,filestat,NTFS:\Windows\System32\Tasks\Microsoft\Windows\Shell\CreateObjectTask,-
2023-12-27T00:17:02.466314+00:00,Metadata Modification Time,FILE,File stat,NTFS:\Windows\System32\Tasks\Microsoft\Windows\Shell\CreateObjectTask Type: file,filestat,NTFS:\Windows\System32\Tasks\Microsoft\Windows\Shell\CreateObjectTask,-
2023-12-27T00:17:02.482845+00:00,Metadata Modification Time,FILE,NTFS USN change,CreateObjectTask File reference: 130117-1 Parent file reference: 129847-1 Update source:  Update reason: USN_REASON_DATA_EXTEND  USN_REASON_DATA_TRUNCATION  USN_REASON_CLOSE,usnjrnl,NTFS:\$Extend\$UsnJrnl:$J,-
2023-12-27T00:17:02.501015+00:00,Content Modification Time,EVT,WinEVTX,[1010 / 0x03f2] Provider identifier: {d48ce617-33a2-4bc3-a5c7-11aa4f29619e} Source Name: Microsoft-Windows-SMBServer Strings: ['16'  'WINDEV2311EVAL  '  '9'  'WORKGROUP'  '58'  '\\Device\\NetBT_Tcpip_{745E29BE-E8A2-4BFC-BCE0-385E82A51249}'  '0x00000001'] Computer Name: WinDev2311Eval Record Number: 100 Event Level: 4,winevtx,NTFS:\Windows\System32\winevt\Logs\Microsoft-Windows-SMBServer%4Operational.evtx,-
2023-12-27T00:17:02.501015+00:00,Creation Time,EVT,WinEVTX,[1010 / 0x03f2] Provider identifier: {d48ce617-33a2-4bc3-a5c7-11aa4f29619e} Source Name: Microsoft-Windows-SMBServer Strings: ['16'  'WINDEV2311EVAL  '  '9'  'WORKGROUP'  '58'  '\\Device\\NetBT_Tcpip_{745E29BE-E8A2-4BFC-BCE0-385E82A51249}'  '0x00000001'] Computer Name: WinDev2311Eval Record Number: 100 Event Level: 4,winevtx,NTFS:\Windows\System32\winevt\Logs\Microsoft-Windows-SMBServer%4Operational.evtx,-
2023-12-27T00:17:02.515145+00:00,Metadata Modification Time,FILE,NTFS USN change,SpeechModelDownloadTask File reference: 130119-1 Parent file reference: 130118-1 Update source:  Update reason: USN_REASON_DATA_EXTEND  USN_REASON_DATA_TRUNCATION,usnjrnl,NTFS:\$Extend\$UsnJrnl:$J,-
2023-12-27T00:17:02.515145+00:00,Metadata Modification Time,FILE,NTFS USN change,SpeechModelDownloadTask File reference: 130119-1 Parent file reference: 130118-1 Update source:  Update reason: USN_REASON_DATA_TRUNCATION,usnjrnl,NTFS:\$Extend\$UsnJrnl:$J,-
2023-12-27T00:17:02.515145+00:00,Content Modification Time,FILE,File stat,NTFS:\Windows\System32\Tasks\Microsoft\Windows\Speech\SpeechModelDownloadTask Type: file,filestat,NTFS:\Windows\System32\Tasks\Microsoft\Windows\Speech\SpeechModelDownloadTask,-
2023-12-27T00:17:02.515145+00:00,Last Access Time,FILE,File stat,NTFS:\Windows\System32\Tasks\Microsoft\Windows\Speech\SpeechModelDownloadTask Type: file,filestat,NTFS:\Windows\System32\Tasks\Microsoft\Windows\Speech\SpeechModelDownloadTask,-
2023-12-27T00:17:02.515145+00:00,Metadata Modification Time,FILE,File stat,NTFS:\Windows\System32\Tasks\Microsoft\Windows\Speech\SpeechModelDownloadTask Type: file,filestat,NTFS:\Windows\System32\Tasks\Microsoft\Windows\Speech\SpeechModelDownloadTask,-
2023-12-27T00:17:02.532427+00:00,Metadata Modification Time,FILE,NTFS USN change,SpeechModelDownloadTask File reference: 130119-1 Parent file reference: 130118-1 Update source:  Update reason: USN_REASON_DATA_EXTEND  USN_REASON_DATA_TRUNCATION  USN_REASON_CLOSE,usnjrnl,NTFS:\$Extend\$UsnJrnl:$J,-
2023-12-27T00:17:02.613071+00:00,Metadata Modification Time,FILE,NTFS USN change,SdbinstMergeDbTask File reference: 130120-1 Parent file reference: 129817-1 Update source:  Update reason: USN_REASON_DATA_EXTEND  USN_REASON_DATA_TRUNCATION,usnjrnl,NTFS:\$Extend\$UsnJrnl:$J,-
2023-12-27T00:17:02.613071+00:00,Metadata Modification Time,FILE,NTFS USN change,SdbinstMergeDbTask File reference: 130120-1 Parent file reference: 129817-1 Update source:  Update reason: USN_REASON_DATA_TRUNCATION,usnjrnl,NTFS:\$Extend\$UsnJrnl:$J,-
2023-12-27T00:17:02.613071+00:00,Content Modification Time,FILE,File stat,NTFS:\Windows\System32\Tasks\Microsoft\Windows\Application Experience\SdbinstMergeDbTask Type: file,filestat,NTFS:\Windows\System32\Tasks\Microsoft\Windows\Application Experience\SdbinstMergeDbTask,-
2023-12-27T00:17:02.613071+00:00,Last Access Time,FILE,File stat,NTFS:\Windows\System32\Tasks\Microsoft\Windows\Application Experience\SdbinstMergeDbTask Type: file,filestat,NTFS:\Windows\System32\Tasks\Microsoft\Windows\Application Experience\SdbinstMergeDbTask,-
2023-12-27T00:17:02.613071+00:00,Metadata Modification Time,FILE,File stat,NTFS:\Windows\System32\Tasks\Microsoft\Windows\Application Experience\SdbinstMergeDbTask Type: file,filestat,NTFS:\Windows\System32\Tasks\Microsoft\Windows\Application Experience\SdbinstMergeDbTask,-
2023-12-27T00:17:02.620306+00:00,Metadata Modification Time,FILE,NTFS USN change,SdbinstMergeDbTask File reference: 130120-1 Parent file reference: 129817-1 Update source:  Update reason: USN_REASON_DATA_EXTEND  USN_REASON_DATA_TRUNCATION  USN_REASON_CLOSE,usnjrnl,NTFS:\$Extend\$UsnJrnl:$J,-
2023-12-27T00:17:02.685455+00:00,Last Access Time,FILE,File stat,NTFS:\Windows\System32\mtxoci.dll Type: file,filestat,NTFS:\Windows\System32\mtxoci.dll,-
2023-12-27T00:17:02.685455+00:00,Last Access Time,FILE,File stat,NTFS:\Windows\System32\wshhyperv.dll Type: file,filestat,NTFS:\Windows\System32\wshhyperv.dll,-
2023-12-27T00:17:02.685455+00:00,Last Access Time,FILE,File stat,NTFS:\Windows\WinSxS\amd64_microsoft-hyper-v-winsock-provider_31bf3856ad364e35_10.0.22621.1_none_3930ecb60dee892d\wshhyperv.dll Type: file,filestat,NTFS:\Windows\WinSxS\amd64_microsoft-hyper-v-winsock-provider_31bf3856ad364e35_10.0.22621.1_none_3930ecb60dee892d\wshhyperv.dll,-
2023-12-27T00:17:02.685455+00:00,Last Access Time,FILE,File stat,NTFS:\Windows\WinSxS\amd64_microsoft-windows-com-dtc-oraclesupport_31bf3856ad364e35_10.0.22621.2506_none_cd4a9006e40b1b00\mtxoci.dll Type: file,filestat,NTFS:\Windows\WinSxS\amd64_microsoft-windows-com-dtc-oraclesupport_31bf3856ad364e35_10.0.22621.2506_none_cd4a9006e40b1b00\mtxoci.dll,-
2023-12-27T00:17:02.701417+00:00,Metadata Modification Time,FILE,NTFS USN change,WinSAT File reference: 130122-1 Parent file reference: 130121-2 Update source:  Update reason: USN_REASON_DATA_EXTEND  USN_REASON_DATA_TRUNCATION,usnjrnl,NTFS:\$Extend\$UsnJrnl:$J,-
2023-12-27T00:17:02.701417+00:00,Metadata Modification Time,FILE,NTFS USN change,WinSAT File reference: 130122-1 Parent file reference: 130121-2 Update source:  Update reason: USN_REASON_DATA_TRUNCATION,usnjrnl,NTFS:\$Extend\$UsnJrnl:$J,-
2023-12-27T00:17:02.701417+00:00,Content Modification Time,FILE,File stat,NTFS:\Windows\System32\Tasks\Microsoft\Windows\Maintenance\WinSAT Type: file,filestat,NTFS:\Windows\System32\Tasks\Microsoft\Windows\Maintenance\WinSAT,-
2023-12-27T00:17:02.701417+00:00,Last Access Time,FILE,File stat,NTFS:\Windows\System32\Tasks\Microsoft\Windows\Maintenance\WinSAT Type: file,filestat,NTFS:\Windows\System32\Tasks\Microsoft\Windows\Maintenance\WinSAT,-
2023-12-27T00:17:02.701417+00:00,Metadata Modification Time,FILE,File stat,NTFS:\Windows\System32\Tasks\Microsoft\Windows\Maintenance\WinSAT Type: file,filestat,NTFS:\Windows\System32\Tasks\Microsoft\Windows\Maintenance\WinSAT,-
2023-12-27T00:17:02.716892+00:00,Metadata Modification Time,FILE,NTFS USN change,WinSAT File reference: 130122-1 Parent file reference: 130121-2 Update source:  Update reason: USN_REASON_DATA_EXTEND  USN_REASON_DATA_TRUNCATION  USN_REASON_CLOSE,usnjrnl,NTFS:\$Extend\$UsnJrnl:$J,-
2023-12-27T00:17:02.794030+00:00,Content Modification Time,EVT,WinEVTX,[158 / 0x009e] Provider identifier: {3ff37a1c-a68d-4d6e-8c9b-f79e8b16c482} Source Name: Microsoft-Windows-Ntfs Strings: ['{003304EF-4AEF-4F53-B084-1D0010452165}'  '2'  'C:'  '14843'  '1054462464'  '14969'  '918'  '32612352'  '960'  '1960'  '12906496'  '2622'  '534'  '4014080'  '724'  '1727'  '7102464'  '476'  '3387392'  '0'  '0'  '0'  '0'  '0'  '0'  '4'  '4079616'  '49'  '323584'  '1'  '36864'  '3'  '12288'  '748'  '3063808'  '179'  '1036288'  '8'  '32768'  '1068'  '11776000'  '0'  '0'  '0'  '0'  '0'  '0'  '0'  '0'  '0'  '0'  '0'  '0'  '0'  '0'  '0'  '0'  '0'  '7'  '18'  '17732'  '2'  '2533'  '0'  '0'  '0'  '0'  '0'  '0'  '0'  '198'  '0'  '0'] Computer Name: WinDev2311Eval Record Number: 148 Event Level: 4,winevtx,NTFS:\Windows\System32\winevt\Logs\Microsoft-Windows-Ntfs%4Operational.evtx,-
2023-12-27T00:17:02.794030+00:00,Creation Time,EVT,WinEVTX,[158 / 0x009e] Provider identifier: {3ff37a1c-a68d-4d6e-8c9b-f79e8b16c482} Source Name: Microsoft-Windows-Ntfs Strings: ['{003304EF-4AEF-4F53-B084-1D0010452165}'  '2'  'C:'  '14843'  '1054462464'  '14969'  '918'  '32612352'  '960'  '1960'  '12906496'  '2622'  '534'  '4014080'  '724'  '1727'  '7102464'  '476'  '3387392'  '0'  '0'  '0'  '0'  '0'  '0'  '4'  '4079616'  '49'  '323584'  '1'  '36864'  '3'  '12288'  '748'  '3063808'  '179'  '1036288'  '8'  '32768'  '1068'  '11776000'  '0'  '0'  '0'  '0'  '0'  '0'  '0'  '0'  '0'  '0'  '0'  '0'  '0'  '0'  '0'  '0'  '0'  '7'  '18'  '17732'  '2'  '2533'  '0'  '0'  '0'  '0'  '0'  '0'  '0'  '198'  '0'  '0'] Computer Name: WinDev2311Eval Record Number: 148 Event Level: 4,winevtx,NTFS:\Windows\System32\winevt\Logs\Microsoft-Windows-Ntfs%4Operational.evtx,-
2023-12-27T00:17:02.794030+00:00,Content Modification Time,EVT,WinEVTX,[158 / 0x009e] Provider identifier: {3ff37a1c-a68d-4d6e-8c9b-f79e8b16c482} Source Name: Microsoft-Windows-Ntfs Strings: ['{003304EF-4AEF-4F53-B084-1D0010452165}'  '2'  'C:'  '14843'  '1054462464'  '14969'  '918'  '32612352'  '960'  '1960'  '12906496'  '2622'  '534'  '4014080'  '724'  '1727'  '7102464'  '476'  '3387392'  '0'  '0'  '0'  '0'  '0'  '0'  '4'  '4079616'  '49'  '323584'  '1'  '36864'  '3'  '12288'  '748'  '3063808'  '179'  '1036288'  '8'  '32768'  '1068'  '11776000'  '0'  '0'  '0'  '0'  '0'  '0'  '0'  '0'  '0'  '0'  '0'  '0'  '0'  '0'  '0'  '0'  '0'  '7'  '18'  '17732'  '2'  '2533'  '0'  '0'  '0'  '0'  '0'  '0'  '0'  '198'  '0'  '0'] Computer Name: WinDev2311Eval Record Number: 148 Event Level: 4,winevtx,NTFS:\Windows\System32\winevt\Logs\Microsoft-Windows-UserSettingsBackup-Orchestrator%4Operational.evtx,-
2023-12-27T00:17:02.794030+00:00,Creation Time,EVT,WinEVTX,[158 / 0x009e] Provider identifier: {3ff37a1c-a68d-4d6e-8c9b-f79e8b16c482} Source Name: Microsoft-Windows-Ntfs Strings: ['{003304EF-4AEF-4F53-B084-1D0010452165}'  '2'  'C:'  '14843'  '1054462464'  '14969'  '918'  '32612352'  '960'  '1960'  '12906496'  '2622'  '534'  '4014080'  '724'  '1727'  '7102464'  '476'  '3387392'  '0'  '0'  '0'  '0'  '0'  '0'  '4'  '4079616'  '49'  '323584'  '1'  '36864'  '3'  '12288'  '748'  '3063808'  '179'  '1036288'  '8'  '32768'  '1068'  '11776000'  '0'  '0'  '0'  '0'  '0'  '0'  '0'  '0'  '0'  '0'  '0'  '0'  '0'  '0'  '0'  '0'  '0'  '7'  '18'  '17732'  '2'  '2533'  '0'  '0'  '0'  '0'  '0'  '0'  '0'  '198'  '0'  '0'] Computer Name: WinDev2311Eval Record Number: 148 Event Level: 4,winevtx,NTFS:\Windows\System32\winevt\Logs\Microsoft-Windows-UserSettingsBackup-Orchestrator%4Operational.evtx,-
2023-12-27T00:17:02.795081+00:00,Metadata Modification Time,FILE,NTFS USN change,CleanupTemporaryState File reference: 130123-1 Parent file reference: 129849-1 Update source:  Update reason: USN_REASON_DATA_EXTEND  USN_REASON_DATA_TRUNCATION,usnjrnl,NTFS:\$Extend\$UsnJrnl:$J,-
2023-12-27T00:17:02.795081+00:00,Metadata Modification Time,FILE,NTFS USN change,CleanupTemporaryState File reference: 130123-1 Parent file reference: 129849-1 Update source:  Update reason: USN_REASON_DATA_TRUNCATION,usnjrnl,NTFS:\$Extend\$UsnJrnl:$J,-
2023-12-27T00:17:02.795081+00:00,Content Modification Time,FILE,File stat,NTFS:\Windows\System32\Tasks\Microsoft\Windows\ApplicationData\CleanupTemporaryState Type: file,filestat,NTFS:\Windows\System32\Tasks\Microsoft\Windows\ApplicationData\CleanupTemporaryState,-
2023-12-27T00:17:02.795081+00:00,Last Access Time,FILE,File stat,NTFS:\Windows\System32\Tasks\Microsoft\Windows\ApplicationData\CleanupTemporaryState Type: file,filestat,NTFS:\Windows\System32\Tasks\Microsoft\Windows\ApplicationData\CleanupTemporaryState,-
2023-12-27T00:17:02.795081+00:00,Metadata Modification Time,FILE,File stat,NTFS:\Windows\System32\Tasks\Microsoft\Windows\ApplicationData\CleanupTemporaryState Type: file,filestat,NTFS:\Windows\System32\Tasks\Microsoft\Windows\ApplicationData\CleanupTemporaryState,-
2023-12-27T00:17:02.795886+00:00,Content Modification Time,EVT,WinEVTX,[171 / 0x00ab] Provider identifier: {3ff37a1c-a68d-4d6e-8c9b-f79e8b16c482} Source Name: Microsoft-Windows-Ntfs Strings: ['{003304EF-4AEF-4F53-B084-1D0010452165}'  '2'  'C:'  'true'  '-9223371982936396062'  '2'  '0'  '0'  '2'  '0'  '18446744073709551614'  '0'  '0'  '2'  '0'  '2030043136'  '80'  '4 KB  64 KB  1 MB  16 MB  128 MB  1 GB  16 GB  128 GB  1 TB  16 TB  1 EB  1+ EB'  '0'  '0'  '0'  '0'  '0'  '0'  '0'  '0'  '0'  '0'  '0'  '2'  '0'  '0'  '0'  '0'  '0'  '0'  '0'  '0'  '0'  '0'  '0'  '0'  '0'  '0'  '0'  '0'  '65'  '0'  '83'  '0'  '0'  '0'  '0'  '0'  '0'  '0'  '0'  '0'  '0'  '0'  '0'  '0'  '0'  '0'  '0'  '296'  '79'  '256us  1ms  4ms  16ms  64ms  128ms  256ms  2s  6s  10s  20s  1m  5m  15m  15m+'  '2'  '0'  '0'  '0'  '0'  '0'  '0'  '0'  '0'  '0'  '0'  '0'  '0'  '0'  '0'  '0x00000000'  '0'  '0x00000000'  '0'  '0x00000000'  '0'  '0x00000000'  '0'  '0x00000000'  '0'] Computer Name: WinDev2311Eval Record Number: 149 Event Level: 4,winevtx,NTFS:\Windows\System32\winevt\Logs\Microsoft-Windows-Ntfs%4Operational.evtx,-
2023-12-27T00:17:02.795886+00:00,Creation Time,EVT,WinEVTX,[171 / 0x00ab] Provider identifier: {3ff37a1c-a68d-4d6e-8c9b-f79e8b16c482} Source Name: Microsoft-Windows-Ntfs Strings: ['{003304EF-4AEF-4F53-B084-1D0010452165}'  '2'  'C:'  'true'  '-9223371982936396062'  '2'  '0'  '0'  '2'  '0'  '18446744073709551614'  '0'  '0'  '2'  '0'  '2030043136'  '80'  '4 KB  64 KB  1 MB  16 MB  128 MB  1 GB  16 GB  128 GB  1 TB  16 TB  1 EB  1+ EB'  '0'  '0'  '0'  '0'  '0'  '0'  '0'  '0'  '0'  '0'  '0'  '2'  '0'  '0'  '0'  '0'  '0'  '0'  '0'  '0'  '0'  '0'  '0'  '0'  '0'  '0'  '0'  '0'  '65'  '0'  '83'  '0'  '0'  '0'  '0'  '0'  '0'  '0'  '0'  '0'  '0'  '0'  '0'  '0'  '0'  '0'  '0'  '296'  '79'  '256us  1ms  4ms  16ms  64ms  128ms  256ms  2s  6s  10s  20s  1m  5m  15m  15m+'  '2'  '0'  '0'  '0'  '0'  '0'  '0'  '0'  '0'  '0'  '0'  '0'  '0'  '0'  '0'  '0x00000000'  '0'  '0x00000000'  '0'  '0x00000000'  '0'  '0x00000000'  '0'  '0x00000000'  '0'] Computer Name: WinDev2311Eval Record Number: 149 Event Level: 4,winevtx,NTFS:\Windows\System32\winevt\Logs\Microsoft-Windows-Ntfs%4Operational.evtx,-
2023-12-27T00:17:02.795886+00:00,Content Modification Time,EVT,WinEVTX,[171 / 0x00ab] Provider identifier: {3ff37a1c-a68d-4d6e-8c9b-f79e8b16c482} Source Name: Microsoft-Windows-Ntfs Strings: ['{003304EF-4AEF-4F53-B084-1D0010452165}'  '2'  'C:'  'true'  '-9223371982936396062'  '2'  '0'  '0'  '2'  '0'  '18446744073709551614'  '0'  '0'  '2'  '0'  '2030043136'  '80'  '4 KB  64 KB  1 MB  16 MB  128 MB  1 GB  16 GB  128 GB  1 TB  16 TB  1 EB  1+ EB'  '0'  '0'  '0'  '0'  '0'  '0'  '0'  '0'  '0'  '0'  '0'  '2'  '0'  '0'  '0'  '0'  '0'  '0'  '0'  '0'  '0'  '0'  '0'  '0'  '0'  '0'  '0'  '0'  '65'  '0'  '83'  '0'  '0'  '0'  '0'  '0'  '0'  '0'  '0'  '0'  '0'  '0'  '0'  '0'  '0'  '0'  '0'  '296'  '79'  '256us  1ms  4ms  16ms  64ms  128ms  256ms  2s  6s  10s  20s  1m  5m  15m  15m+'  '2'  '0'  '0'  '0'  '0'  '0'  '0'  '0'  '0'  '0'  '0'  '0'  '0'  '0'  '0'  '0x00000000'  '0'  '0x00000000'  '0'  '0x00000000'  '0'  '0x00000000'  '0'  '0x00000000'  '0'] Computer Name: WinDev2311Eval Record Number: 149 Event Level: 4,winevtx,NTFS:\Windows\System32\winevt\Logs\Microsoft-Windows-UserSettingsBackup-Orchestrator%4Operational.evtx,-
2023-12-27T00:17:02.795886+00:00,Creation Time,EVT,WinEVTX,[171 / 0x00ab] Provider identifier: {3ff37a1c-a68d-4d6e-8c9b-f79e8b16c482} Source Name: Microsoft-Windows-Ntfs Strings: ['{003304EF-4AEF-4F53-B084-1D0010452165}'  '2'  'C:'  'true'  '-9223371982936396062'  '2'  '0'  '0'  '2'  '0'  '18446744073709551614'  '0'  '0'  '2'  '0'  '2030043136'  '80'  '4 KB  64 KB  1 MB  16 MB  128 MB  1 GB  16 GB  128 GB  1 TB  16 TB  1 EB  1+ EB'  '0'  '0'  '0'  '0'  '0'  '0'  '0'  '0'  '0'  '0'  '0'  '2'  '0'  '0'  '0'  '0'  '0'  '0'  '0'  '0'  '0'  '0'  '0'  '0'  '0'  '0'  '0'  '0'  '65'  '0'  '83'  '0'  '0'  '0'  '0'  '0'  '0'  '0'  '0'  '0'  '0'  '0'  '0'  '0'  '0'  '0'  '0'  '296'  '79'  '256us  1ms  4ms  16ms  64ms  128ms  256ms  2s  6s  10s  20s  1m  5m  15m  15m+'  '2'  '0'  '0'  '0'  '0'  '0'  '0'  '0'  '0'  '0'  '0'  '0'  '0'  '0'  '0'  '0x00000000'  '0'  '0x00000000'  '0'  '0x00000000'  '0'  '0x00000000'  '0'  '0x00000000'  '0'] Computer Name: WinDev2311Eval Record Number: 149 Event Level: 4,winevtx,NTFS:\Windows\System32\winevt\Logs\Microsoft-Windows-UserSettingsBackup-Orchestrator%4Operational.evtx,-
2023-12-27T00:17:02.804645+00:00,Content Modification Time,EVT,WinEVTX,[158 / 0x009e] Provider identifier: {3ff37a1c-a68d-4d6e-8c9b-f79e8b16c482} Source Name: Microsoft-Windows-Ntfs Strings: ['{41D3EC20-359C-4609-9CCB-B4B58A34D66C}'  '48'  '\\\\?\\Volume{41d3ec20-359c-4609-9ccb-b4b58a34d66c}'  '5'  '20480'  '5'  '0'  '0'  '0'  '12'  '217088'  '14'  '1'  '8192'  '2'  '6'  '53248'  '1'  '8192'  '0'  '0'  '0'  '0'  '0'  '0'  '1'  '12288'  '0'  '0'  '1'  '8192'  '0'  '0'  '1'  '4096'  '1'  '4096'  '8'  '32768'  '16'  '65536'  '0'  '0'  '0'  '0'  '0'  '0'  '0'  '0'  '0'  '0'  '0'  '0'  '0'  '0'  '0'  '0'  '0'  '0'  '0'  '0'  '0'  '0'  '0'  '0'  '0'  '0'  '0'  '0'  '0'  '0'  '0'  '0'] Computer Name: WinDev2311Eval Record Number: 150 Event Level: 4,winevtx,NTFS:\Windows\System32\winevt\Logs\Microsoft-Windows-Ntfs%4Operational.evtx,-
2023-12-27T00:17:02.804645+00:00,Creation Time,EVT,WinEVTX,[158 / 0x009e] Provider identifier: {3ff37a1c-a68d-4d6e-8c9b-f79e8b16c482} Source Name: Microsoft-Windows-Ntfs Strings: ['{41D3EC20-359C-4609-9CCB-B4B58A34D66C}'  '48'  '\\\\?\\Volume{41d3ec20-359c-4609-9ccb-b4b58a34d66c}'  '5'  '20480'  '5'  '0'  '0'  '0'  '12'  '217088'  '14'  '1'  '8192'  '2'  '6'  '53248'  '1'  '8192'  '0'  '0'  '0'  '0'  '0'  '0'  '1'  '12288'  '0'  '0'  '1'  '8192'  '0'  '0'  '1'  '4096'  '1'  '4096'  '8'  '32768'  '16'  '65536'  '0'  '0'  '0'  '0'  '0'  '0'  '0'  '0'  '0'  '0'  '0'  '0'  '0'  '0'  '0'  '0'  '0'  '0'  '0'  '0'  '0'  '0'  '0'  '0'  '0'  '0'  '0'  '0'  '0'  '0'  '0'  '0'] Computer Name: WinDev2311Eval Record Number: 150 Event Level: 4,winevtx,NTFS:\Windows\System32\winevt\Logs\Microsoft-Windows-Ntfs%4Operational.evtx,-
2023-12-27T00:17:02.804645+00:00,Content Modification Time,EVT,WinEVTX,[158 / 0x009e] Provider identifier: {3ff37a1c-a68d-4d6e-8c9b-f79e8b16c482} Source Name: Microsoft-Windows-Ntfs Strings: ['{41D3EC20-359C-4609-9CCB-B4B58A34D66C}'  '48'  '\\\\?\\Volume{41d3ec20-359c-4609-9ccb-b4b58a34d66c}'  '5'  '20480'  '5'  '0'  '0'  '0'  '12'  '217088'  '14'  '1'  '8192'  '2'  '6'  '53248'  '1'  '8192'  '0'  '0'  '0'  '0'  '0'  '0'  '1'  '12288'  '0'  '0'  '1'  '8192'  '0'  '0'  '1'  '4096'  '1'  '4096'  '8'  '32768'  '16'  '65536'  '0'  '0'  '0'  '0'  '0'  '0'  '0'  '0'  '0'  '0'  '0'  '0'  '0'  '0'  '0'  '0'  '0'  '0'  '0'  '0'  '0'  '0'  '0'  '0'  '0'  '0'  '0'  '0'  '0'  '0'  '0'  '0'] Computer Name: WinDev2311Eval Record Number: 150 Event Level: 4,winevtx,NTFS:\Windows\System32\winevt\Logs\Microsoft-Windows-UserSettingsBackup-Orchestrator%4Operational.evtx,-
2023-12-27T00:17:02.804645+00:00,Creation Time,EVT,WinEVTX,[158 / 0x009e] Provider identifier: {3ff37a1c-a68d-4d6e-8c9b-f79e8b16c482} Source Name: Microsoft-Windows-Ntfs Strings: ['{41D3EC20-359C-4609-9CCB-B4B58A34D66C}'  '48'  '\\\\?\\Volume{41d3ec20-359c-4609-9ccb-b4b58a34d66c}'  '5'  '20480'  '5'  '0'  '0'  '0'  '12'  '217088'  '14'  '1'  '8192'  '2'  '6'  '53248'  '1'  '8192'  '0'  '0'  '0'  '0'  '0'  '0'  '1'  '12288'  '0'  '0'  '1'  '8192'  '0'  '0'  '1'  '4096'  '1'  '4096'  '8'  '32768'  '16'  '65536'  '0'  '0'  '0'  '0'  '0'  '0'  '0'  '0'  '0'  '0'  '0'  '0'  '0'  '0'  '0'  '0'  '0'  '0'  '0'  '0'  '0'  '0'  '0'  '0'  '0'  '0'  '0'  '0'  '0'  '0'  '0'  '0'] Computer Name: WinDev2311Eval Record Number: 150 Event Level: 4,winevtx,NTFS:\Windows\System32\winevt\Logs\Microsoft-Windows-UserSettingsBackup-Orchestrator%4Operational.evtx,-
2023-12-27T00:17:02.807515+00:00,Metadata Modification Time,FILE,NTFS USN change,CleanupTemporaryState File reference: 130123-1 Parent file reference: 129849-1 Update source:  Update reason: USN_REASON_DATA_EXTEND  USN_REASON_DATA_TRUNCATION  USN_REASON_CLOSE,usnjrnl,NTFS:\$Extend\$UsnJrnl:$J,-
2023-12-27T00:17:02.807515+00:00,Metadata Modification Time,FILE,NTFS USN change,dtctrace.log File reference: 1305-7 Parent file reference: 4581-1 Update source:  Update reason: USN_REASON_RENAME_OLD_NAME,usnjrnl,NTFS:\$Extend\$UsnJrnl:$J,-
2023-12-27T00:17:02.807515+00:00,Metadata Modification Time,FILE,NTFS USN change,dtctrace.log File reference: 130649-2 Parent file reference: 4581-1 Update source:  Update reason: USN_REASON_FILE_CREATE,usnjrnl,NTFS:\$Extend\$UsnJrnl:$J,-
2023-12-27T00:17:02.807515+00:00,Metadata Modification Time,FILE,NTFS USN change,dtctrace.log.2023-12-26-16-17-02-0795-00 File reference: 1305-7 Parent file reference: 4581-1 Update source:  Update reason: USN_REASON_RENAME_NEW_NAME,usnjrnl,NTFS:\$Extend\$UsnJrnl:$J,-
2023-12-27T00:17:02.807515+00:00,Metadata Modification Time,FILE,NTFS USN change,dtctrace.log.2023-12-26-16-17-02-0795-00 File reference: 1305-7 Parent file reference: 4581-1 Update source:  Update reason: USN_REASON_RENAME_NEW_NAME  USN_REASON_CLOSE,usnjrnl,NTFS:\$Extend\$UsnJrnl:$J,-
2023-12-27T00:17:02.807515+00:00,Content Modification Time,FILE,File stat,NTFS:\Windows\System32\MsDtc\Trace Type: directory,filestat,NTFS:\Windows\System32\MsDtc\Trace,-
2023-12-27T00:17:02.807515+00:00,Last Access Time,FILE,File stat,NTFS:\Windows\System32\MsDtc\Trace Type: directory,filestat,NTFS:\Windows\System32\MsDtc\Trace,-
2023-12-27T00:17:02.807515+00:00,Metadata Modification Time,FILE,File stat,NTFS:\Windows\System32\MsDtc\Trace Type: directory,filestat,NTFS:\Windows\System32\MsDtc\Trace,-
2023-12-27T00:17:02.807515+00:00,Metadata Modification Time,FILE,File stat,NTFS:\Windows\System32\MsDtc\Trace\dtctrace.log.2023-12-26-16-17-02-0795-00 Type: file,filestat,NTFS:\Windows\System32\MsDtc\Trace\dtctrace.log.2023-12-26-16-17-02-0795-00,-
2023-12-27T00:17:02.824003+00:00,Metadata Modification Time,FILE,NTFS USN change,dtctrace.log File reference: 130649-2 Parent file reference: 4581-1 Update source:  Update reason: USN_REASON_DATA_EXTEND  USN_REASON_FILE_CREATE  USN_REASON_INDEXABLE_CHANGE  USN_REASON_BASIC_INFO_CHANGE,usnjrnl,NTFS:\$Extend\$UsnJrnl:$J,-
2023-12-27T00:17:02.824003+00:00,Metadata Modification Time,FILE,NTFS USN change,dtctrace.log File reference: 130649-2 Parent file reference: 4581-1 Update source:  Update reason: USN_REASON_FILE_CREATE  USN_REASON_INDEXABLE_CHANGE  USN_REASON_BASIC_INFO_CHANGE,usnjrnl,NTFS:\$Extend\$UsnJrnl:$J,-
2023-12-27T00:17:02.904079+00:00,Metadata Modification Time,FILE,NTFS USN change,Consolidator File reference: 130124-1 Parent file reference: 129929-1 Update source:  Update reason: USN_REASON_DATA_EXTEND  USN_REASON_DATA_TRUNCATION,usnjrnl,NTFS:\$Extend\$UsnJrnl:$J,-
2023-12-27T00:17:02.904079+00:00,Metadata Modification Time,FILE,NTFS USN change,Consolidator File reference: 130124-1 Parent file reference: 129929-1 Update source:  Update reason: USN_REASON_DATA_EXTEND  USN_REASON_DATA_TRUNCATION  USN_REASON_CLOSE,usnjrnl,NTFS:\$Extend\$UsnJrnl:$J,-
2023-12-27T00:17:02.904079+00:00,Metadata Modification Time,FILE,NTFS USN change,Consolidator File reference: 130124-1 Parent file reference: 129929-1 Update source:  Update reason: USN_REASON_DATA_TRUNCATION,usnjrnl,NTFS:\$Extend\$UsnJrnl:$J,-
2023-12-27T00:17:02.904079+00:00,Content Modification Time,FILE,File stat,NTFS:\Windows\System32\Tasks\Microsoft\Windows\Customer Experience Improvement Program\Consolidator Type: file,filestat,NTFS:\Windows\System32\Tasks\Microsoft\Windows\Customer Experience Improvement Program\Consolidator,-
2023-12-27T00:17:02.904079+00:00,Last Access Time,FILE,File stat,NTFS:\Windows\System32\Tasks\Microsoft\Windows\Customer Experience Improvement Program\Consolidator Type: file,filestat,NTFS:\Windows\System32\Tasks\Microsoft\Windows\Customer Experience Improvement Program\Consolidator,-
2023-12-27T00:17:02.904079+00:00,Metadata Modification Time,FILE,File stat,NTFS:\Windows\System32\Tasks\Microsoft\Windows\Customer Experience Improvement Program\Consolidator Type: file,filestat,NTFS:\Windows\System32\Tasks\Microsoft\Windows\Customer Experience Improvement Program\Consolidator,-
2023-12-27T00:17:02.955814+00:00,Metadata Modification Time,FILE,NTFS USN change,Device-Sync File reference: 130125-2 Parent file reference: 129756-1 Update source:  Update reason: USN_REASON_DATA_EXTEND  USN_REASON_DATA_TRUNCATION,usnjrnl,NTFS:\$Extend\$UsnJrnl:$J,-
2023-12-27T00:17:02.955814+00:00,Metadata Modification Time,FILE,NTFS USN change,Device-Sync File reference: 130125-2 Parent file reference: 129756-1 Update source:  Update reason: USN_REASON_DATA_EXTEND  USN_REASON_DATA_TRUNCATION  USN_REASON_CLOSE,usnjrnl,NTFS:\$Extend\$UsnJrnl:$J,-
2023-12-27T00:17:02.955814+00:00,Metadata Modification Time,FILE,NTFS USN change,Device-Sync File reference: 130125-2 Parent file reference: 129756-1 Update source:  Update reason: USN_REASON_DATA_TRUNCATION,usnjrnl,NTFS:\$Extend\$UsnJrnl:$J,-
2023-12-27T00:17:02.955814+00:00,Content Modification Time,FILE,File stat,NTFS:\Windows\System32\Tasks\Microsoft\Windows\Workplace Join\Device-Sync Type: file,filestat,NTFS:\Windows\System32\Tasks\Microsoft\Windows\Workplace Join\Device-Sync,-
2023-12-27T00:17:02.955814+00:00,Last Access Time,FILE,File stat,NTFS:\Windows\System32\Tasks\Microsoft\Windows\Workplace Join\Device-Sync Type: file,filestat,NTFS:\Windows\System32\Tasks\Microsoft\Windows\Workplace Join\Device-Sync,-
2023-12-27T00:17:02.955814+00:00,Metadata Modification Time,FILE,File stat,NTFS:\Windows\System32\Tasks\Microsoft\Windows\Workplace Join\Device-Sync Type: file,filestat,NTFS:\Windows\System32\Tasks\Microsoft\Windows\Workplace Join\Device-Sync,-
2023-12-27T00:17:03.428760+00:00,Metadata Modification Time,FILE,NTFS USN change,Storage Tiers Optimization File reference: 130126-1 Parent file reference: 129878-1 Update source:  Update reason: USN_REASON_DATA_EXTEND  USN_REASON_DATA_TRUNCATION,usnjrnl,NTFS:\$Extend\$UsnJrnl:$J,-
2023-12-27T00:17:03.428760+00:00,Metadata Modification Time,FILE,NTFS USN change,Storage Tiers Optimization File reference: 130126-1 Parent file reference: 129878-1 Update source:  Update reason: USN_REASON_DATA_EXTEND  USN_REASON_DATA_TRUNCATION  USN_REASON_CLOSE,usnjrnl,NTFS:\$Extend\$UsnJrnl:$J,-
2023-12-27T00:17:03.428760+00:00,Metadata Modification Time,FILE,NTFS USN change,Storage Tiers Optimization File reference: 130126-1 Parent file reference: 129878-1 Update source:  Update reason: USN_REASON_DATA_TRUNCATION,usnjrnl,NTFS:\$Extend\$UsnJrnl:$J,-
2023-12-27T00:17:03.428760+00:00,Content Modification Time,FILE,File stat,NTFS:\Windows\System32\Tasks\Microsoft\Windows\Storage Tiers Management\Storage Tiers Optimization Type: file,filestat,NTFS:\Windows\System32\Tasks\Microsoft\Windows\Storage Tiers Management\Storage Tiers Optimization,-
2023-12-27T00:17:03.428760+00:00,Last Access Time,FILE,File stat,NTFS:\Windows\System32\Tasks\Microsoft\Windows\Storage Tiers Management\Storage Tiers Optimization Type: file,filestat,NTFS:\Windows\System32\Tasks\Microsoft\Windows\Storage Tiers Management\Storage Tiers Optimization,-
2023-12-27T00:17:03.428760+00:00,Metadata Modification Time,FILE,File stat,NTFS:\Windows\System32\Tasks\Microsoft\Windows\Storage Tiers Management\Storage Tiers Optimization Type: file,filestat,NTFS:\Windows\System32\Tasks\Microsoft\Windows\Storage Tiers Management\Storage Tiers Optimization,-
2023-12-27T00:17:03.205371+00:00,Content Modification Time,REG,Registry Key,[HKEY_LOCAL_MACHINE\Software\Microsoft\Windows NT\CurrentVersion\Schedule] DomainJoinDetected: [REG_DWORD_LE] 0 HashingCompleted: [REG_DWORD_LE] 1 MTRCompleted: [REG_DWORD_LE] 1 MigrationCleanupCompleted: [REG_DWORD_LE] 1 OwnUpdateCompleted: [REG_DWORD_LE] 1,winreg/winreg_default,NTFS:\Windows\System32\config\SOFTWARE,-
2023-12-27T00:17:03.540888+00:00,Metadata Modification Time,FILE,NTFS USN change,MdmDiagnosticsCleanup File reference: 129728-1 Parent file reference: 129708-1 Update source:  Update reason: USN_REASON_DATA_EXTEND  USN_REASON_DATA_TRUNCATION,usnjrnl,NTFS:\$Extend\$UsnJrnl:$J,-
2023-12-27T00:17:03.540888+00:00,Metadata Modification Time,FILE,NTFS USN change,MdmDiagnosticsCleanup File reference: 129728-1 Parent file reference: 129708-1 Update source:  Update reason: USN_REASON_DATA_TRUNCATION,usnjrnl,NTFS:\$Extend\$UsnJrnl:$J,-
2023-12-27T00:17:03.840935+00:00,Content Modification Time,FILE,File stat,NTFS:\Windows\System32\Tasks\Microsoft\Windows\Management\Provisioning\MdmDiagnosticsCleanup Type: file,filestat,NTFS:\Windows\System32\Tasks\Microsoft\Windows\Management\Provisioning\MdmDiagnosticsCleanup,-
2023-12-27T00:17:03.840935+00:00,Last Access Time,FILE,File stat,NTFS:\Windows\System32\Tasks\Microsoft\Windows\Management\Provisioning\MdmDiagnosticsCleanup Type: file,filestat,NTFS:\Windows\System32\Tasks\Microsoft\Windows\Management\Provisioning\MdmDiagnosticsCleanup,-
2023-12-27T00:17:03.840935+00:00,Metadata Modification Time,FILE,File stat,NTFS:\Windows\System32\Tasks\Microsoft\Windows\Management\Provisioning\MdmDiagnosticsCleanup Type: file,filestat,NTFS:\Windows\System32\Tasks\Microsoft\Windows\Management\Provisioning\MdmDiagnosticsCleanup,-
2023-12-27T00:17:03.132370+00:00,Metadata Modification Time,FILE,NTFS USN change,MdmDiagnosticsCleanup File reference: 129728-1 Parent file reference: 129708-1 Update source:  Update reason: USN_REASON_DATA_EXTEND  USN_REASON_DATA_TRUNCATION  USN_REASON_CLOSE,usnjrnl,NTFS:\$Extend\$UsnJrnl:$J,-
2023-12-27T00:17:03.132370+00:00,Content Modification Time,REG,Registry Key,[HKEY_LOCAL_MACHINE\Software\Microsoft\Windows NT\CurrentVersion\Schedule\TaskCache\Tasks\{AEA3E6CF-44EF-4781-B0B1-3CE5A8A7D038}] Actions: [REG_BINARY] (140 bytes) DynamicInfo: [REG_BINARY] (36 bytes) Hash: [REG_BINARY] (32 bytes) Path: [REG_SZ] \Microsoft\Windows\Management\Provisioning\MdmDiagnosticsCleanup SecurityDescriptor: [REG_SZ] D:(A;;FA;;;BA)(A;;FA;;;SY)(A;;FRFX;;;LS) Triggers: [REG_BINARY] (248 bytes) URI: [REG_SZ] \Microsoft\Windows\Management\Provisioning\MdmDiagnosticsCleanup,winreg/winreg_default,NTFS:\Windows\System32\config\SOFTWARE,-
2023-12-27T00:17:03.212782+00:00,Last Access Time,FILE,File stat,NTFS:\ProgramData\Microsoft\Diagnosis\LocalTraceStore Type: directory,filestat,NTFS:\ProgramData\Microsoft\Diagnosis\LocalTraceStore,-
2023-12-27T00:17:03.245474+00:00,Last Access Time,FILE,File stat,NTFS:\Windows\System32\MsDtc Type: directory,filestat,NTFS:\Windows\System32\MsDtc,-
2023-12-27T00:17:03.257817+00:00,Metadata Modification Time,FILE,NTFS USN change,PcaPatchDbTask File reference: 130224-1 Parent file reference: 129817-1 Update source:  Update reason: USN_REASON_DATA_EXTEND  USN_REASON_DATA_TRUNCATION,usnjrnl,NTFS:\$Extend\$UsnJrnl:$J,-
2023-12-27T00:17:03.257817+00:00,Metadata Modification Time,FILE,NTFS USN change,PcaPatchDbTask File reference: 130224-1 Parent file reference: 129817-1 Update source:  Update reason: USN_REASON_DATA_TRUNCATION,usnjrnl,NTFS:\$Extend\$UsnJrnl:$J,-
2023-12-27T00:17:03.257817+00:00,Content Modification Time,FILE,File stat,NTFS:\Windows\System32\Tasks\Microsoft\Windows\Application Experience\PcaPatchDbTask Type: file,filestat,NTFS:\Windows\System32\Tasks\Microsoft\Windows\Application Experience\PcaPatchDbTask,-
2023-12-27T00:17:03.257817+00:00,Last Access Time,FILE,File stat,NTFS:\Windows\System32\Tasks\Microsoft\Windows\Application Experience\PcaPatchDbTask Type: file,filestat,NTFS:\Windows\System32\Tasks\Microsoft\Windows\Application Experience\PcaPatchDbTask,-
2023-12-27T00:17:03.257817+00:00,Metadata Modification Time,FILE,File stat,NTFS:\Windows\System32\Tasks\Microsoft\Windows\Application Experience\PcaPatchDbTask Type: file,filestat,NTFS:\Windows\System32\Tasks\Microsoft\Windows\Application Experience\PcaPatchDbTask,-
2023-12-27T00:17:03.257817+00:00,Content Modification Time,REG,Registry Key,[HKEY_LOCAL_MACHINE\Software\Microsoft\Windows\CurrentVersion\Diagnostics\DiagTrack\TraceManager] alternativeTraceHasStopTime: [REG_DWORD_LE] 0 alternativeTraceIsAutoLogger: [REG_DWORD_LE] 0 alternativeTraceIsExclusive: [REG_DWORD_LE] 0 alternativeTraceIsThrottled: [REG_DWORD_LE] 0 alternativeTraceMinTraceDurationFiletime: [REG_QWORD] 0 alternativeTracePriority: [REG_DWORD_LE] 0 alternativeTraceProfileHash: [REG_QWORD] 0 alternativeTraceRequiredBufferSpace: [REG_DWORD_LE] 0 alternativeTraceScenarioId: [REG_SZ] (empty) alternativeTraceSessionStartTime: [REG_QWORD] 0 alternativeTraceStartTime: [REG_QWORD] 0 alternativeTraceStopTime: [REG_QWORD] 0 alternativeTraceThrottleState: [REG_DWORD_LE] 0 aotHasStopTime: [REG_DWORD_LE] 0 aotIsAutoLogger: [REG_DWORD_LE] 0 aotIsExclusive: [REG_DWORD_LE] 0 aotIsThrottled: [REG_DWORD_LE] 0 aotMinTraceDurationFiletime: [REG_QWORD] 0 aotPriority: [REG_DWORD_LE] 0 aotProfileHash: [REG_QWORD] 0 aotRequiredBufferSpace: [REG_DWORD_LE] 0 aotScenarioId: [REG_SZ] (empty) aotSessionStartTime: [REG_QWORD] 0 aotStartTime: [REG_QWORD] 0 aotStopTime: [REG_QWORD] 0 aotThrottleState: [REG_DWORD_LE] 0 diagHasStopTime: [REG_DWORD_LE] 0 diagIsAutoLogger: [REG_DWORD_LE] 0 diagIsExclusive: [REG_DWORD_LE] 0 diagIsThrottled: [REG_DWORD_LE] 0 diagMinTraceDurationFiletime: [REG_QWORD] 0 diagPriority: [REG_DWORD_LE] 0 diagProfileHash: [REG_QWORD] 0 diagRequiredBufferSpace: [REG_DWORD_LE] 0 diagScenarioId: [REG_SZ] (empty) diagSessionStartTime: [REG_QWORD] 0 diagStartTime: [REG_QWORD] 0 diagStopTime: [REG_QWORD] 0 diagThrottleState: [REG_DWORD_LE] 0 miniTraceHasStopTime: [REG_DWORD_LE] 0 miniTraceIsAutoLogger: [REG_DWORD_LE] 0 miniTraceIsExclusive: [REG_DWORD_LE] 0 miniTraceIsThrottled: [REG_DWORD_LE] 0 miniTraceMinTraceDurationFiletime: [REG_QWORD] 0 miniTracePriority: [REG_DWORD_LE] 0 miniTraceProfileHash: [REG_QWORD] 0 miniTraceRequiredBufferSpace: [REG_DWORD_LE] 0 miniTraceScenarioId: [REG_SZ] (empty) miniTraceSessionStartTime: [REG_QWORD] 0 miniTraceSlotContentPermitted: [REG_DWORD_LE] 1 miniTraceSlotEnabled: [REG_DWORD_LE] 0 miniTraceStartTime: [REG_QWORD] 0 miniTraceStopTime: [REG_QWORD] 0 miniTraceThrottleState: [REG_DWORD_LE] 0,winreg/winreg_default,NTFS:\Windows\System32\config\SOFTWARE,-
2023-12-27T00:17:03.261633+00:00,Metadata Modification Time,FILE,NTFS USN change,MSDTC.LOG File reference: 61455-1 Parent file reference: 4580-1 Update source:  Update reason: USN_REASON_DATA_OVERWRITE,usnjrnl,NTFS:\$Extend\$UsnJrnl:$J,-
2023-12-27T00:17:03.309434+00:00,Metadata Modification Time,FILE,NTFS USN change,PcaPatchDbTask File reference: 130224-1 Parent file reference: 129817-1 Update source:  Update reason: USN_REASON_DATA_EXTEND  USN_REASON_DATA_TRUNCATION  USN_REASON_CLOSE,usnjrnl,NTFS:\$Extend\$UsnJrnl:$J,-
2023-12-27T00:17:03.378749+00:00,Last Access Time,FILE,File stat,NTFS:\Windows\SysWOW64\en-US\gpapi.dll.mui Type: file,filestat,NTFS:\Windows\SysWOW64\en-US\gpapi.dll.mui,-
2023-12-27T00:17:03.378749+00:00,Last Access Time,FILE,File stat,NTFS:\Windows\System32\en-US\gpapi.dll.mui Type: file,filestat,NTFS:\Windows\System32\en-US\gpapi.dll.mui,-
2023-12-27T00:17:03.378749+00:00,Last Access Time,FILE,File stat,NTFS:\Windows\WinSxS\amd64_microsoft-windows-g..licy-base.resources_31bf3856ad364e35_10.0.22621.1_en-us_22ca674f64a45ff1\gpapi.dll.mui Type: file,filestat,NTFS:\Windows\WinSxS\amd64_microsoft-windows-g..licy-base.resources_31bf3856ad364e35_10.0.22621.1_en-us_22ca674f64a45ff1\gpapi.dll.mui,-
2023-12-27T00:17:03.378749+00:00,Last Access Time,FILE,File stat,NTFS:\Windows\WinSxS\wow64_microsoft-windows-g..licy-base.resources_31bf3856ad364e35_10.0.22621.1_en-us_2d1f11a1990521ec\gpapi.dll.mui Type: file,filestat,NTFS:\Windows\WinSxS\wow64_microsoft-windows-g..licy-base.resources_31bf3856ad364e35_10.0.22621.1_en-us_2d1f11a1990521ec\gpapi.dll.mui,-
2023-12-27T00:17:03.390867+00:00,Content Modification Time,EVT,WinEVTX,[5320 / 0x14c8] Provider identifier: {aea1b4fa-97d1-45f2-a64c-4d69fffd92c9} Source Name: Microsoft-Windows-GroupPolicy Strings: ['%%4168'] Computer Name: WinDev2311Eval Record Number: 417 Event Level: 4,winevtx,NTFS:\Windows\System32\winevt\Logs\Microsoft-Windows-GroupPolicy%4Operational.evtx,-
2023-12-27T00:17:03.390867+00:00,Creation Time,EVT,WinEVTX,[5320 / 0x14c8] Provider identifier: {aea1b4fa-97d1-45f2-a64c-4d69fffd92c9} Source Name: Microsoft-Windows-GroupPolicy Strings: ['%%4168'] Computer Name: WinDev2311Eval Record Number: 417 Event Level: 4,winevtx,NTFS:\Windows\System32\winevt\Logs\Microsoft-Windows-GroupPolicy%4Operational.evtx,-
2023-12-27T00:17:03.391032+00:00,Content Modification Time,EVT,WinEVTX,[5320 / 0x14c8] Provider identifier: {aea1b4fa-97d1-45f2-a64c-4d69fffd92c9} Source Name: Microsoft-Windows-GroupPolicy Strings: ['%%4160'] Computer Name: WinDev2311Eval Record Number: 418 Event Level: 4,winevtx,NTFS:\Windows\System32\winevt\Logs\Microsoft-Windows-GroupPolicy%4Operational.evtx,-
2023-12-27T00:17:03.391032+00:00,Creation Time,EVT,WinEVTX,[5320 / 0x14c8] Provider identifier: {aea1b4fa-97d1-45f2-a64c-4d69fffd92c9} Source Name: Microsoft-Windows-GroupPolicy Strings: ['%%4160'] Computer Name: WinDev2311Eval Record Number: 418 Event Level: 4,winevtx,NTFS:\Windows\System32\winevt\Logs\Microsoft-Windows-GroupPolicy%4Operational.evtx,-
2023-12-27T00:17:03.391034+00:00,Content Modification Time,EVT,WinEVTX,[5320 / 0x14c8] Provider identifier: {aea1b4fa-97d1-45f2-a64c-4d69fffd92c9} Source Name: Microsoft-Windows-GroupPolicy Strings: ['%%4166'] Computer Name: WinDev2311Eval Record Number: 419 Event Level: 4,winevtx,NTFS:\Windows\System32\winevt\Logs\Microsoft-Windows-GroupPolicy%4Operational.evtx,-
2023-12-27T00:17:03.391034+00:00,Creation Time,EVT,WinEVTX,[5320 / 0x14c8] Provider identifier: {aea1b4fa-97d1-45f2-a64c-4d69fffd92c9} Source Name: Microsoft-Windows-GroupPolicy Strings: ['%%4166'] Computer Name: WinDev2311Eval Record Number: 419 Event Level: 4,winevtx,NTFS:\Windows\System32\winevt\Logs\Microsoft-Windows-GroupPolicy%4Operational.evtx,-
2023-12-27T00:17:03.391766+00:00,Content Modification Time,EVT,WinEVTX,[5321 / 0x14c9] Provider identifier: {aea1b4fa-97d1-45f2-a64c-4d69fffd92c9} Source Name: Microsoft-Windows-GroupPolicy Strings: ['%%4167'  '736c571a-214c-4799-be6f-14141ef2e58f'] Computer Name: WinDev2311Eval Record Number: 420 Event Level: 4,winevtx,NTFS:\Windows\System32\winevt\Logs\Microsoft-Windows-GroupPolicy%4Operational.evtx,-
2023-12-27T00:17:03.391766+00:00,Creation Time,EVT,WinEVTX,[5321 / 0x14c9] Provider identifier: {aea1b4fa-97d1-45f2-a64c-4d69fffd92c9} Source Name: Microsoft-Windows-GroupPolicy Strings: ['%%4167'  '736c571a-214c-4799-be6f-14141ef2e58f'] Computer Name: WinDev2311Eval Record Number: 420 Event Level: 4,winevtx,NTFS:\Windows\System32\winevt\Logs\Microsoft-Windows-GroupPolicy%4Operational.evtx,-
2023-12-27T00:17:03.625216+00:00,Last Access Time,FILE,File stat,NTFS:\Windows\System32\DiagnosticLogCSP.dll Type: file,filestat,NTFS:\Windows\System32\DiagnosticLogCSP.dll,-
2023-12-27T00:17:03.625216+00:00,Last Access Time,FILE,File stat,NTFS:\Windows\WinSxS\amd64_microsoft-windows-d..ment-diagnosticcsps_31bf3856ad364e35_10.0.22621.1_none_27afdf87076aba49\DiagnosticLogCSP.dll Type: file,filestat,NTFS:\Windows\WinSxS\amd64_microsoft-windows-d..ment-diagnosticcsps_31bf3856ad364e35_10.0.22621.1_none_27afdf87076aba49\DiagnosticLogCSP.dll,-
2023-12-27T00:17:03.732012+00:00,Last Access Time,FILE,File stat,NTFS:\Windows\System32\MdmDiagnostics.dll Type: file,filestat,NTFS:\Windows\System32\MdmDiagnostics.dll,-
2023-12-27T00:17:03.732012+00:00,Last Access Time,FILE,File stat,NTFS:\Windows\WinSxS\amd64_microsoft-windows-e..mgmt-mdmdiagnostics_31bf3856ad364e35_10.0.22621.2506_none_c7296b2abff49758\MdmDiagnostics.dll Type: file,filestat,NTFS:\Windows\WinSxS\amd64_microsoft-windows-e..mgmt-mdmdiagnostics_31bf3856ad364e35_10.0.22621.2506_none_c7296b2abff49758\MdmDiagnostics.dll,-
2023-12-27T00:17:03.751710+00:00,Content Modification Time,EVT,WinEVTX,[4624 / 0x1210] Provider identifier: {54849625-5478-4994-a5ba-3e3b0328c30d} Source Name: Microsoft-Windows-Security-Auditing Strings: ['S-1-5-18'  'WINDEV2311EVAL$'  'WORKGROUP'  '0x00000000000003e7'  'S-1-5-18'  'SYSTEM'  'NT AUTHORITY'  '0x00000000000003e7'  '5'  'Advapi  '  'Negotiate'  '-'  '{00000000-0000-0000-0000-000000000000}'  '-'  '-'  '0'  '0x00000000000002d8'  'C:\\Windows\\System32\\services.exe'  '-'  '-'  '%%1833'  '-'  '-'  '-'  '-'  '%%1843'  '0x0000000000000000'  '%%1842'] Computer Name: WinDev2311Eval Record Number: 2898 Event Level: 0,winevtx,NTFS:\Windows\System32\winevt\Logs\Security.evtx,-
2023-12-27T00:17:03.751710+00:00,Creation Time,EVT,WinEVTX,[4624 / 0x1210] Provider identifier: {54849625-5478-4994-a5ba-3e3b0328c30d} Source Name: Microsoft-Windows-Security-Auditing Strings: ['S-1-5-18'  'WINDEV2311EVAL$'  'WORKGROUP'  '0x00000000000003e7'  'S-1-5-18'  'SYSTEM'  'NT AUTHORITY'  '0x00000000000003e7'  '5'  'Advapi  '  'Negotiate'  '-'  '{00000000-0000-0000-0000-000000000000}'  '-'  '-'  '0'  '0x00000000000002d8'  'C:\\Windows\\System32\\services.exe'  '-'  '-'  '%%1833'  '-'  '-'  '-'  '-'  '%%1843'  '0x0000000000000000'  '%%1842'] Computer Name: WinDev2311Eval Record Number: 2898 Event Level: 0,winevtx,NTFS:\Windows\System32\winevt\Logs\Security.evtx,-
2023-12-27T00:17:03.751723+00:00,Content Modification Time,EVT,WinEVTX,[4672 / 0x1240] Provider identifier: {54849625-5478-4994-a5ba-3e3b0328c30d} Source Name: Microsoft-Windows-Security-Auditing Strings: ['S-1-5-18'  'SYSTEM'  'NT AUTHORITY'  '0x00000000000003e7'  'SeAssignPrimaryTokenPrivilege\r\n\t\t\tSeTcbPrivilege\r\n\t\t\tSeSecurityPrivilege\r\n\t\t\tSeTakeOwnershipPrivilege\r\n\t\t\tSeLoadDriverPrivilege\r\n\t\t\tSeBackupPrivilege\r\n\t\t\tSeRestorePrivilege\r\n\t\t\tSeDebugPrivilege\r\n\t\t\tSeAuditPrivilege\r\n\t\t\tSeSystemEnvironmentPrivilege\r\n\t\t\tSeImpersonatePrivilege\r\n\t\t\tSeDelegateSessionUserImpersonatePrivilege'] Computer Name: WinDev2311Eval Record Number: 2899 Event Level: 0,winevtx,NTFS:\Windows\System32\winevt\Logs\Security.evtx,-
2023-12-27T00:17:03.751723+00:00,Creation Time,EVT,WinEVTX,[4672 / 0x1240] Provider identifier: {54849625-5478-4994-a5ba-3e3b0328c30d} Source Name: Microsoft-Windows-Security-Auditing Strings: ['S-1-5-18'  'SYSTEM'  'NT AUTHORITY'  '0x00000000000003e7'  'SeAssignPrimaryTokenPrivilege\r\n\t\t\tSeTcbPrivilege\r\n\t\t\tSeSecurityPrivilege\r\n\t\t\tSeTakeOwnershipPrivilege\r\n\t\t\tSeLoadDriverPrivilege\r\n\t\t\tSeBackupPrivilege\r\n\t\t\tSeRestorePrivilege\r\n\t\t\tSeDebugPrivilege\r\n\t\t\tSeAuditPrivilege\r\n\t\t\tSeSystemEnvironmentPrivilege\r\n\t\t\tSeImpersonatePrivilege\r\n\t\t\tSeDelegateSessionUserImpersonatePrivilege'] Computer Name: WinDev2311Eval Record Number: 2899 Event Level: 0,winevtx,NTFS:\Windows\System32\winevt\Logs\Security.evtx,-
2023-12-27T00:17:04.354304+00:00,Content Modification Time,EVT,WinEVTX,[4624 / 0x1210] Provider identifier: {54849625-5478-4994-a5ba-3e3b0328c30d} Source Name: Microsoft-Windows-Security-Auditing Strings: ['S-1-5-18'  'WINDEV2311EVAL$'  'WORKGROUP'  '0x00000000000003e7'  'S-1-5-18'  'SYSTEM'  'NT AUTHORITY'  '0x00000000000003e7'  '5'  'Advapi  '  'Negotiate'  '-'  '{00000000-0000-0000-0000-000000000000}'  '-'  '-'  '0'  '0x00000000000002d8'  'C:\\Windows\\System32\\services.exe'  '-'  '-'  '%%1833'  '-'  '-'  '-'  '-'  '%%1843'  '0x0000000000000000'  '%%1842'] Computer Name: WinDev2311Eval Record Number: 2900 Event Level: 0,winevtx,NTFS:\Windows\System32\winevt\Logs\Security.evtx,-
2023-12-27T00:17:04.354304+00:00,Creation Time,EVT,WinEVTX,[4624 / 0x1210] Provider identifier: {54849625-5478-4994-a5ba-3e3b0328c30d} Source Name: Microsoft-Windows-Security-Auditing Strings: ['S-1-5-18'  'WINDEV2311EVAL$'  'WORKGROUP'  '0x00000000000003e7'  'S-1-5-18'  'SYSTEM'  'NT AUTHORITY'  '0x00000000000003e7'  '5'  'Advapi  '  'Negotiate'  '-'  '{00000000-0000-0000-0000-000000000000}'  '-'  '-'  '0'  '0x00000000000002d8'  'C:\\Windows\\System32\\services.exe'  '-'  '-'  '%%1833'  '-'  '-'  '-'  '-'  '%%1843'  '0x0000000000000000'  '%%1842'] Computer Name: WinDev2311Eval Record Number: 2900 Event Level: 0,winevtx,NTFS:\Windows\System32\winevt\Logs\Security.evtx,-
2023-12-27T00:17:04.354316+00:00,Content Modification Time,EVT,WinEVTX,[4672 / 0x1240] Provider identifier: {54849625-5478-4994-a5ba-3e3b0328c30d} Source Name: Microsoft-Windows-Security-Auditing Strings: ['S-1-5-18'  'SYSTEM'  'NT AUTHORITY'  '0x00000000000003e7'  'SeAssignPrimaryTokenPrivilege\r\n\t\t\tSeTcbPrivilege\r\n\t\t\tSeSecurityPrivilege\r\n\t\t\tSeTakeOwnershipPrivilege\r\n\t\t\tSeLoadDriverPrivilege\r\n\t\t\tSeBackupPrivilege\r\n\t\t\tSeRestorePrivilege\r\n\t\t\tSeDebugPrivilege\r\n\t\t\tSeAuditPrivilege\r\n\t\t\tSeSystemEnvironmentPrivilege\r\n\t\t\tSeImpersonatePrivilege\r\n\t\t\tSeDelegateSessionUserImpersonatePrivilege'] Computer Name: WinDev2311Eval Record Number: 2901 Event Level: 0,winevtx,NTFS:\Windows\System32\winevt\Logs\Security.evtx,-
2023-12-27T00:17:04.354316+00:00,Creation Time,EVT,WinEVTX,[4672 / 0x1240] Provider identifier: {54849625-5478-4994-a5ba-3e3b0328c30d} Source Name: Microsoft-Windows-Security-Auditing Strings: ['S-1-5-18'  'SYSTEM'  'NT AUTHORITY'  '0x00000000000003e7'  'SeAssignPrimaryTokenPrivilege\r\n\t\t\tSeTcbPrivilege\r\n\t\t\tSeSecurityPrivilege\r\n\t\t\tSeTakeOwnershipPrivilege\r\n\t\t\tSeLoadDriverPrivilege\r\n\t\t\tSeBackupPrivilege\r\n\t\t\tSeRestorePrivilege\r\n\t\t\tSeDebugPrivilege\r\n\t\t\tSeAuditPrivilege\r\n\t\t\tSeSystemEnvironmentPrivilege\r\n\t\t\tSeImpersonatePrivilege\r\n\t\t\tSeDelegateSessionUserImpersonatePrivilege'] Computer Name: WinDev2311Eval Record Number: 2901 Event Level: 0,winevtx,NTFS:\Windows\System32\winevt\Logs\Security.evtx,-
2023-12-27T00:17:04.619944+00:00,Content Modification Time,EVT,WinEVTX,[3003 / 0x0bbb] Provider identifier: {a8a1f2f6-a13a-45e9-b1fe-3419569e5ef2} Source Name: Microsoft-Windows-MUI Strings: ['-s '] Computer Name: WinDev2311Eval Record Number: 28 Event Level: 4,winevtx,NTFS:\Windows\System32\winevt\Logs\Microsoft-Windows-MUI%4Operational.evtx,-
2023-12-27T00:17:04.619944+00:00,Creation Time,EVT,WinEVTX,[3003 / 0x0bbb] Provider identifier: {a8a1f2f6-a13a-45e9-b1fe-3419569e5ef2} Source Name: Microsoft-Windows-MUI Strings: ['-s '] Computer Name: WinDev2311Eval Record Number: 28 Event Level: 4,winevtx,NTFS:\Windows\System32\winevt\Logs\Microsoft-Windows-MUI%4Operational.evtx,-
2023-12-27T00:17:04.619944+00:00,Content Modification Time,EVT,WinEVTX,[3003 / 0x0bbb] Provider identifier: {a8a1f2f6-a13a-45e9-b1fe-3419569e5ef2} Source Name: Microsoft-Windows-MUI Strings: ['-s '] Computer Name: WinDev2311Eval Record Number: 28 Event Level: 4,winevtx,NTFS:\Windows\System32\winevt\Logs\Microsoft-Windows-WLAN-AutoConfig%4Operational.evtx,-
2023-12-27T00:17:04.619944+00:00,Creation Time,EVT,WinEVTX,[3003 / 0x0bbb] Provider identifier: {a8a1f2f6-a13a-45e9-b1fe-3419569e5ef2} Source Name: Microsoft-Windows-MUI Strings: ['-s '] Computer Name: WinDev2311Eval Record Number: 28 Event Level: 4,winevtx,NTFS:\Windows\System32\winevt\Logs\Microsoft-Windows-WLAN-AutoConfig%4Operational.evtx,-
2023-12-27T00:17:04.712544+00:00,Last Access Time,FILE,File stat,NTFS:\Windows\System32\dcsvc.dll Type: file,filestat,NTFS:\Windows\System32\dcsvc.dll,-
2023-12-27T00:17:04.712544+00:00,Last Access Time,FILE,File stat,NTFS:\Windows\WinSxS\amd64_microsoft-windows-d..redconfigurationsvc_31bf3856ad364e35_10.0.22621.2506_none_0e726b486463a87f\dcsvc.dll Type: file,filestat,NTFS:\Windows\WinSxS\amd64_microsoft-windows-d..redconfigurationsvc_31bf3856ad364e35_10.0.22621.2506_none_0e726b486463a87f\dcsvc.dll,-
2023-12-27T00:17:04.814053+00:00,Metadata Modification Time,FILE,NTFS USN change,cache.dat File reference: 129616-2 Parent file reference: 129614-3 Update source:  Update reason: USN_REASON_DATA_EXTEND  USN_REASON_DATA_TRUNCATION,usnjrnl,NTFS:\$Extend\$UsnJrnl:$J,-
2023-12-27T00:17:04.814053+00:00,Metadata Modification Time,FILE,NTFS USN change,cache.dat File reference: 129616-2 Parent file reference: 129614-3 Update source:  Update reason: USN_REASON_DATA_TRUNCATION,usnjrnl,NTFS:\$Extend\$UsnJrnl:$J,-
2023-12-27T00:17:04.861199+00:00,Metadata Modification Time,FILE,NTFS USN change,Applications File reference: 131930-3 Parent file reference: 105336-2 Update source:  Update reason: USN_REASON_FILE_DELETE  USN_REASON_CLOSE,usnjrnl,NTFS:\$Extend\$UsnJrnl:$J,-
2023-12-27T00:17:04.861199+00:00,Metadata Modification Time,FILE,NTFS USN change,Data File reference: 105336-2 Parent file reference: 105335-2 Update source:  Update reason: USN_REASON_FILE_DELETE  USN_REASON_CLOSE,usnjrnl,NTFS:\$Extend\$UsnJrnl:$J,-
2023-12-27T00:17:04.861199+00:00,Metadata Modification Time,FILE,NTFS USN change,Data File reference: 105336-3 Parent file reference: 105335-3 Update source:  Update reason: USN_REASON_FILE_CREATE,usnjrnl,NTFS:\$Extend\$UsnJrnl:$J,-
2023-12-27T00:17:04.861199+00:00,Metadata Modification Time,FILE,NTFS USN change,Search File reference: 105335-2 Parent file reference: 1739-1 Update source:  Update reason: USN_REASON_FILE_DELETE  USN_REASON_CLOSE,usnjrnl,NTFS:\$Extend\$UsnJrnl:$J,-
2023-12-27T00:17:04.861199+00:00,Metadata Modification Time,FILE,NTFS USN change,Search File reference: 105335-3 Parent file reference: 1739-1 Update source:  Update reason: USN_REASON_FILE_CREATE,usnjrnl,NTFS:\$Extend\$UsnJrnl:$J,-
2023-12-27T00:17:04.861199+00:00,Metadata Modification Time,FILE,NTFS USN change,Search File reference: 105335-3 Parent file reference: 1739-1 Update source:  Update reason: USN_REASON_FILE_CREATE  USN_REASON_CLOSE,usnjrnl,NTFS:\$Extend\$UsnJrnl:$J,-
2023-12-27T00:17:04.861199+00:00,Metadata Modification Time,FILE,NTFS USN change,Temp File reference: 105337-2 Parent file reference: 105336-2 Update source:  Update reason: USN_REASON_FILE_DELETE  USN_REASON_CLOSE,usnjrnl,NTFS:\$Extend\$UsnJrnl:$J,-
2023-12-27T00:17:04.861199+00:00,Metadata Modification Time,FILE,NTFS USN change,cache.dat File reference: 129616-2 Parent file reference: 129614-3 Update source:  Update reason: USN_REASON_DATA_EXTEND  USN_REASON_DATA_TRUNCATION  USN_REASON_CLOSE,usnjrnl,NTFS:\$Extend\$UsnJrnl:$J,-
2023-12-27T00:17:04.861199+00:00,Creation Time,FILE,File stat,NTFS:\ProgramData\Microsoft\Search Type: directory,filestat,NTFS:\ProgramData\Microsoft\Search,-
2023-12-27T00:17:04.861199+00:00,Creation Time,FILE,File stat,NTFS:\ProgramData\Microsoft\Search\Data Type: directory,filestat,NTFS:\ProgramData\Microsoft\Search\Data,-
2023-12-27T00:17:04.869857+00:00,Content Modification Time,EVT,WinEVTX,[4019 / 0x0fb3] Provider identifier: {3da494e4-0fe2-415c-b895-fb5265c5c83b} Source Name: Microsoft-Windows-DeviceManagement-Enterprise-Diagnostics-Provider Strings: [] Computer Name: WinDev2311Eval Record Number: 49 Event Level: 4,winevtx,NTFS:\Windows\System32\winevt\Logs\Microsoft-Windows-DeviceManagement-Enterprise-Diagnostics-Provider%4Operational.evtx,-
2023-12-27T00:17:04.869857+00:00,Creation Time,EVT,WinEVTX,[4019 / 0x0fb3] Provider identifier: {3da494e4-0fe2-415c-b895-fb5265c5c83b} Source Name: Microsoft-Windows-DeviceManagement-Enterprise-Diagnostics-Provider Strings: [] Computer Name: WinDev2311Eval Record Number: 49 Event Level: 4,winevtx,NTFS:\Windows\System32\winevt\Logs\Microsoft-Windows-DeviceManagement-Enterprise-Diagnostics-Provider%4Operational.evtx,-
2023-12-27T00:17:04.872495+00:00,Content Modification Time,EVT,WinEVTX,[4009 / 0x0fa9] Provider identifier: {3da494e4-0fe2-415c-b895-fb5265c5c83b} Source Name: Microsoft-Windows-DeviceManagement-Enterprise-Diagnostics-Provider Strings: ['0x00000002'  '0x00000000'  '0x00000064'] Computer Name: WinDev2311Eval Record Number: 50 Event Level: 4,winevtx,NTFS:\Windows\System32\winevt\Logs\Microsoft-Windows-DeviceManagement-Enterprise-Diagnostics-Provider%4Operational.evtx,-
2023-12-27T00:17:04.872495+00:00,Creation Time,EVT,WinEVTX,[4009 / 0x0fa9] Provider identifier: {3da494e4-0fe2-415c-b895-fb5265c5c83b} Source Name: Microsoft-Windows-DeviceManagement-Enterprise-Diagnostics-Provider Strings: ['0x00000002'  '0x00000000'  '0x00000064'] Computer Name: WinDev2311Eval Record Number: 50 Event Level: 4,winevtx,NTFS:\Windows\System32\winevt\Logs\Microsoft-Windows-DeviceManagement-Enterprise-Diagnostics-Provider%4Operational.evtx,-
2023-12-27T00:17:04.872843+00:00,Content Modification Time,EVT,WinEVTX,[4000 / 0x0fa0] Provider identifier: {3da494e4-0fe2-415c-b895-fb5265c5c83b} Source Name: Microsoft-Windows-DeviceManagement-Enterprise-Diagnostics-Provider Strings: ['0x00000000'] Computer Name: WinDev2311Eval Record Number: 51 Event Level: 4,winevtx,NTFS:\Windows\System32\winevt\Logs\Microsoft-Windows-DeviceManagement-Enterprise-Diagnostics-Provider%4Operational.evtx,-
2023-12-27T00:17:04.872843+00:00,Creation Time,EVT,WinEVTX,[4000 / 0x0fa0] Provider identifier: {3da494e4-0fe2-415c-b895-fb5265c5c83b} Source Name: Microsoft-Windows-DeviceManagement-Enterprise-Diagnostics-Provider Strings: ['0x00000000'] Computer Name: WinDev2311Eval Record Number: 51 Event Level: 4,winevtx,NTFS:\Windows\System32\winevt\Logs\Microsoft-Windows-DeviceManagement-Enterprise-Diagnostics-Provider%4Operational.evtx,-
2023-12-27T00:17:04.876342+00:00,Metadata Modification Time,FILE,NTFS USN change,Data File reference: 105336-3 Parent file reference: 105335-3 Update source:  Update reason: USN_REASON_FILE_CREATE  USN_REASON_CLOSE,usnjrnl,NTFS:\$Extend\$UsnJrnl:$J,-
2023-12-27T00:17:04.876342+00:00,Metadata Modification Time,FILE,NTFS USN change,StorageReserve File reference: 105337-3 Parent file reference: 105335-3 Update source:  Update reason: USN_REASON_FILE_CREATE,usnjrnl,NTFS:\$Extend\$UsnJrnl:$J,-
2023-12-27T00:17:04.876342+00:00,Metadata Modification Time,FILE,NTFS USN change,StorageReserve File reference: 105337-3 Parent file reference: 105335-3 Update source:  Update reason: USN_REASON_FILE_CREATE  USN_REASON_CLOSE,usnjrnl,NTFS:\$Extend\$UsnJrnl:$J,-
2023-12-27T00:17:04.876342+00:00,Content Modification Time,FILE,File stat,NTFS:\ProgramData\Microsoft\Search Type: directory,filestat,NTFS:\ProgramData\Microsoft\Search,-
2023-12-27T00:17:04.876342+00:00,Last Access Time,FILE,File stat,NTFS:\ProgramData\Microsoft\Search Type: directory,filestat,NTFS:\ProgramData\Microsoft\Search,-
2023-12-27T00:17:04.876342+00:00,Metadata Modification Time,FILE,File stat,NTFS:\ProgramData\Microsoft\Search Type: directory,filestat,NTFS:\ProgramData\Microsoft\Search,-
2023-12-27T00:17:04.876342+00:00,Content Modification Time,FILE,File stat,NTFS:\ProgramData\Microsoft\Search\StorageReserve Type: file,filestat,NTFS:\ProgramData\Microsoft\Search\StorageReserve,-
2023-12-27T00:17:04.876342+00:00,Creation Time,FILE,File stat,NTFS:\ProgramData\Microsoft\Search\StorageReserve Type: file,filestat,NTFS:\ProgramData\Microsoft\Search\StorageReserve,-
2023-12-27T00:17:04.876342+00:00,Last Access Time,FILE,File stat,NTFS:\ProgramData\Microsoft\Search\StorageReserve Type: file,filestat,NTFS:\ProgramData\Microsoft\Search\StorageReserve,-
2023-12-27T00:17:04.876342+00:00,Metadata Modification Time,FILE,File stat,NTFS:\ProgramData\Microsoft\Search\StorageReserve Type: file,filestat,NTFS:\ProgramData\Microsoft\Search\StorageReserve,-
2023-12-27T00:17:04.907502+00:00,Metadata Modification Time,FILE,NTFS USN change,SYSTEM.LOG2 File reference: 104345-1 Parent file reference: 3704-1 Update source:  Update reason: USN_REASON_DATA_EXTEND  USN_REASON_SECURITY_CHANGE,usnjrnl,NTFS:\$Extend\$UsnJrnl:$J,-
2023-12-27T00:17:04.907502+00:00,Metadata Modification Time,FILE,NTFS USN change,SYSTEM.LOG2 File reference: 104345-1 Parent file reference: 3704-1 Update source:  Update reason: USN_REASON_DATA_OVERWRITE  USN_REASON_DATA_EXTEND  USN_REASON_SECURITY_CHANGE,usnjrnl,NTFS:\$Extend\$UsnJrnl:$J,-
2023-12-27T00:17:04.909437+00:00,Content Modification Time,EVT,WinEVTX,[1008 / 0x03f0] Provider identifier: {ca4e628d-8567-4896-ab6b-835b221f373f} Source Name: Windows Search Service Strings: ['\n'  'Full Index Reset'] Computer Name: WinDev2311Eval Record Number: 1355 Event Level: 3,winevtx,NTFS:\Users\User\Documents\app-event-log.evtx,-
2023-12-27T00:17:04.909437+00:00,Creation Time,EVT,WinEVTX,[1008 / 0x03f0] Provider identifier: {ca4e628d-8567-4896-ab6b-835b221f373f} Source Name: Windows Search Service Strings: ['\n'  'Full Index Reset'] Computer Name: WinDev2311Eval Record Number: 1355 Event Level: 3,winevtx,NTFS:\Users\User\Documents\app-event-log.evtx,-
2023-12-27T00:17:05.490165+00:00,Content Modification Time,EVT,WinEVTX,[1010 / 0x03f2] Provider identifier: {ca4e628d-8567-4896-ab6b-835b221f373f} Source Name: Windows Search Service Strings: ['\n'] Computer Name: WinDev2311Eval Record Number: 1356 Event Level: 4,winevtx,NTFS:\Users\User\Documents\app-event-log.evtx,-
2023-12-27T00:17:05.490165+00:00,Creation Time,EVT,WinEVTX,[1010 / 0x03f2] Provider identifier: {ca4e628d-8567-4896-ab6b-835b221f373f} Source Name: Windows Search Service Strings: ['\n'] Computer Name: WinDev2311Eval Record Number: 1356 Event Level: 4,winevtx,NTFS:\Users\User\Documents\app-event-log.evtx,-
2023-12-27T00:17:05.114542+00:00,Content Modification Time,EVT,WinEVTX,[4009 / 0x0fa9] Provider identifier: {3da494e4-0fe2-415c-b895-fb5265c5c83b} Source Name: Microsoft-Windows-DeviceManagement-Enterprise-Diagnostics-Provider Strings: ['0x00000004'  '0x00000000'  '0x00000000'] Computer Name: WinDev2311Eval Record Number: 52 Event Level: 4,winevtx,NTFS:\Windows\System32\winevt\Logs\Microsoft-Windows-DeviceManagement-Enterprise-Diagnostics-Provider%4Operational.evtx,-
2023-12-27T00:17:05.114542+00:00,Creation Time,EVT,WinEVTX,[4009 / 0x0fa9] Provider identifier: {3da494e4-0fe2-415c-b895-fb5265c5c83b} Source Name: Microsoft-Windows-DeviceManagement-Enterprise-Diagnostics-Provider Strings: ['0x00000004'  '0x00000000'  '0x00000000'] Computer Name: WinDev2311Eval Record Number: 52 Event Level: 4,winevtx,NTFS:\Windows\System32\winevt\Logs\Microsoft-Windows-DeviceManagement-Enterprise-Diagnostics-Provider%4Operational.evtx,-
2023-12-27T00:17:05.135138+00:00,Metadata Modification Time,FILE,NTFS USN change,CM270F5.tmp File reference: 130650-2 Parent file reference: 3709-1 Update source:  Update reason: USN_REASON_DATA_TRUNCATION,usnjrnl,NTFS:\$Extend\$UsnJrnl:$J,-
2023-12-27T00:17:05.135138+00:00,Metadata Modification Time,FILE,NTFS USN change,CM270F5.tmp File reference: 130650-2 Parent file reference: 3709-1 Update source:  Update reason: USN_REASON_FILE_CREATE,usnjrnl,NTFS:\$Extend\$UsnJrnl:$J,-
2023-12-27T00:17:05.135138+00:00,Metadata Modification Time,FILE,NTFS USN change,CM270F5.tmp File reference: 130650-2 Parent file reference: 3709-1 Update source:  Update reason: USN_REASON_FILE_CREATE  USN_REASON_CLOSE,usnjrnl,NTFS:\$Extend\$UsnJrnl:$J,-
2023-12-27T00:17:05.146597+00:00,Metadata Modification Time,FILE,NTFS USN change,CM270F5.tmp File reference: 130650-2 Parent file reference: 3709-1 Update source:  Update reason: USN_REASON_DATA_EXTEND  USN_REASON_DATA_TRUNCATION,usnjrnl,NTFS:\$Extend\$UsnJrnl:$J,-
2023-12-27T00:17:05.279725+00:00,Metadata Modification Time,FILE,NTFS USN change,CM270F5.tmp File reference: 130650-2 Parent file reference: 3709-1 Update source:  Update reason: USN_REASON_DATA_EXTEND  USN_REASON_DATA_TRUNCATION  USN_REASON_CLOSE,usnjrnl,NTFS:\$Extend\$UsnJrnl:$J,-
2023-12-27T00:17:05.279725+00:00,Metadata Modification Time,FILE,NTFS USN change,CM270F5.tmp File reference: 130650-2 Parent file reference: 3709-1 Update source:  Update reason: USN_REASON_FILE_DELETE  USN_REASON_CLOSE,usnjrnl,NTFS:\$Extend\$UsnJrnl:$J,-
2023-12-27T00:17:05.337333+00:00,Metadata Modification Time,FILE,NTFS USN change,CM271C1.tmp File reference: 130650-3 Parent file reference: 3709-1 Update source:  Update reason: USN_REASON_DATA_EXTEND  USN_REASON_DATA_TRUNCATION,usnjrnl,NTFS:\$Extend\$UsnJrnl:$J,-
2023-12-27T00:17:05.337333+00:00,Metadata Modification Time,FILE,NTFS USN change,CM271C1.tmp File reference: 130650-3 Parent file reference: 3709-1 Update source:  Update reason: USN_REASON_DATA_TRUNCATION,usnjrnl,NTFS:\$Extend\$UsnJrnl:$J,-
2023-12-27T00:17:05.337333+00:00,Metadata Modification Time,FILE,NTFS USN change,CM271C1.tmp File reference: 130650-3 Parent file reference: 3709-1 Update source:  Update reason: USN_REASON_FILE_CREATE,usnjrnl,NTFS:\$Extend\$UsnJrnl:$J,-
2023-12-27T00:17:05.337333+00:00,Metadata Modification Time,FILE,NTFS USN change,CM271C1.tmp File reference: 130650-3 Parent file reference: 3709-1 Update source:  Update reason: USN_REASON_FILE_CREATE  USN_REASON_CLOSE,usnjrnl,NTFS:\$Extend\$UsnJrnl:$J,-
2023-12-27T00:17:05.354310+00:00,Metadata Modification Time,FILE,NTFS USN change,Temp File reference: 130651-6 Parent file reference: 105336-3 Update source:  Update reason: USN_REASON_FILE_CREATE,usnjrnl,NTFS:\$Extend\$UsnJrnl:$J,-
2023-12-27T00:17:05.354310+00:00,Metadata Modification Time,FILE,NTFS USN change,Temp File reference: 130651-6 Parent file reference: 105336-3 Update source:  Update reason: USN_REASON_FILE_CREATE  USN_REASON_CLOSE,usnjrnl,NTFS:\$Extend\$UsnJrnl:$J,-
2023-12-27T00:17:05.354310+00:00,Metadata Modification Time,FILE,NTFS USN change,usgthrsvc File reference: 130653-2 Parent file reference: 130651-6 Update source:  Update reason: USN_REASON_FILE_CREATE,usnjrnl,NTFS:\$Extend\$UsnJrnl:$J,-
2023-12-27T00:17:05.354310+00:00,Metadata Modification Time,FILE,NTFS USN change,usgthrsvc File reference: 130653-2 Parent file reference: 130651-6 Update source:  Update reason: USN_REASON_FILE_CREATE  USN_REASON_CLOSE,usnjrnl,NTFS:\$Extend\$UsnJrnl:$J,-
2023-12-27T00:17:05.354310+00:00,Creation Time,FILE,File stat,NTFS:\ProgramData\Microsoft\Search\Data\Temp Type: directory,filestat,NTFS:\ProgramData\Microsoft\Search\Data\Temp,-
2023-12-27T00:17:05.390868+00:00,Metadata Modification Time,FILE,NTFS USN change,CM271C1.tmp File reference: 130650-3 Parent file reference: 3709-1 Update source:  Update reason: USN_REASON_DATA_EXTEND  USN_REASON_DATA_TRUNCATION  USN_REASON_CLOSE,usnjrnl,NTFS:\$Extend\$UsnJrnl:$J,-
2023-12-27T00:17:05.390868+00:00,Metadata Modification Time,FILE,NTFS USN change,CM271C1.tmp File reference: 130650-3 Parent file reference: 3709-1 Update source:  Update reason: USN_REASON_FILE_DELETE  USN_REASON_CLOSE,usnjrnl,NTFS:\$Extend\$UsnJrnl:$J,-
2023-12-27T00:17:05.390868+00:00,Content Modification Time,REG,Registry Key,[HKEY_LOCAL_MACHINE\Software\Microsoft\DiagnosticLogCSP\EtwLog\Registered\Collectors\DeviceProvisioning] (default): [REG_SZ] DeviceProvisioning LogFileSizeLimitMB: [REG_DWORD_LE] 4 SessionName: [REG_SZ] DiagnosticLogCSP_DeviceProvisioning TraceLogFileMode: [REG_DWORD_LE] 1,winreg/winreg_default,NTFS:\Windows\System32\config\SOFTWARE,-
2023-12-27T00:17:05.422767+00:00,Metadata Modification Time,FILE,NTFS USN change,CM27210.tmp File reference: 130650-4 Parent file reference: 3709-1 Update source:  Update reason: USN_REASON_DATA_EXTEND  USN_REASON_DATA_TRUNCATION,usnjrnl,NTFS:\$Extend\$UsnJrnl:$J,-
2023-12-27T00:17:05.422767+00:00,Metadata Modification Time,FILE,NTFS USN change,CM27210.tmp File reference: 130650-4 Parent file reference: 3709-1 Update source:  Update reason: USN_REASON_DATA_TRUNCATION,usnjrnl,NTFS:\$Extend\$UsnJrnl:$J,-
2023-12-27T00:17:05.422767+00:00,Metadata Modification Time,FILE,NTFS USN change,CM27210.tmp File reference: 130650-4 Parent file reference: 3709-1 Update source:  Update reason: USN_REASON_FILE_CREATE,usnjrnl,NTFS:\$Extend\$UsnJrnl:$J,-
2023-12-27T00:17:05.422767+00:00,Metadata Modification Time,FILE,NTFS USN change,CM27210.tmp File reference: 130650-4 Parent file reference: 3709-1 Update source:  Update reason: USN_REASON_FILE_CREATE  USN_REASON_CLOSE,usnjrnl,NTFS:\$Extend\$UsnJrnl:$J,-
2023-12-27T00:17:05.493379+00:00,Metadata Modification Time,FILE,NTFS USN change,CM27210.tmp File reference: 130650-4 Parent file reference: 3709-1 Update source:  Update reason: USN_REASON_DATA_EXTEND  USN_REASON_DATA_TRUNCATION  USN_REASON_CLOSE,usnjrnl,NTFS:\$Extend\$UsnJrnl:$J,-
2023-12-27T00:17:05.493379+00:00,Metadata Modification Time,FILE,NTFS USN change,CM27210.tmp File reference: 130650-4 Parent file reference: 3709-1 Update source:  Update reason: USN_REASON_FILE_DELETE  USN_REASON_CLOSE,usnjrnl,NTFS:\$Extend\$UsnJrnl:$J,-
2023-12-27T00:17:05.542055+00:00,Metadata Modification Time,FILE,NTFS USN change,CM2727E.tmp File reference: 130650-5 Parent file reference: 3709-1 Update source:  Update reason: USN_REASON_FILE_CREATE,usnjrnl,NTFS:\$Extend\$UsnJrnl:$J,-
2023-12-27T00:17:05.545319+00:00,Content Modification Time,EVT,WinEVTX,[1010 / 0x03f2] Provider identifier: {d48ce617-33a2-4bc3-a5c7-11aa4f29619e} Source Name: Microsoft-Windows-SMBServer Strings: ['16'  'WINDEV2311EVAL  '  '9'  'WORKGROUP'  '58'  '\\Device\\NetBT_Tcpip_{CD9E1289-A7B6-4023-8224-6A326924E2D2}'  '0x00000001'] Computer Name: WinDev2311Eval Record Number: 101 Event Level: 4,winevtx,NTFS:\Windows\System32\winevt\Logs\Microsoft-Windows-SMBServer%4Operational.evtx,-
2023-12-27T00:17:05.545319+00:00,Creation Time,EVT,WinEVTX,[1010 / 0x03f2] Provider identifier: {d48ce617-33a2-4bc3-a5c7-11aa4f29619e} Source Name: Microsoft-Windows-SMBServer Strings: ['16'  'WINDEV2311EVAL  '  '9'  'WORKGROUP'  '58'  '\\Device\\NetBT_Tcpip_{CD9E1289-A7B6-4023-8224-6A326924E2D2}'  '0x00000001'] Computer Name: WinDev2311Eval Record Number: 101 Event Level: 4,winevtx,NTFS:\Windows\System32\winevt\Logs\Microsoft-Windows-SMBServer%4Operational.evtx,-
2023-12-27T00:17:05.545911+00:00,Content Modification Time,EVT,WinEVTX,[1040 / 0x0410] Provider identifier: {d48ce617-33a2-4bc3-a5c7-11aa4f29619e} Source Name: Microsoft-Windows-SMBServer Strings: ['3'  '0'] Computer Name: WinDev2311Eval Record Number: 102 Event Level: 4,winevtx,NTFS:\Windows\System32\winevt\Logs\Microsoft-Windows-SMBServer%4Operational.evtx,-
2023-12-27T00:17:05.545911+00:00,Creation Time,EVT,WinEVTX,[1040 / 0x0410] Provider identifier: {d48ce617-33a2-4bc3-a5c7-11aa4f29619e} Source Name: Microsoft-Windows-SMBServer Strings: ['3'  '0'] Computer Name: WinDev2311Eval Record Number: 102 Event Level: 4,winevtx,NTFS:\Windows\System32\winevt\Logs\Microsoft-Windows-SMBServer%4Operational.evtx,-
2023-12-27T00:17:05.545986+00:00,Content Modification Time,EVT,WinEVTX,[1040 / 0x0410] Provider identifier: {d48ce617-33a2-4bc3-a5c7-11aa4f29619e} Source Name: Microsoft-Windows-SMBServer Strings: ['3'  '0'] Computer Name: WinDev2311Eval Record Number: 103 Event Level: 4,winevtx,NTFS:\Windows\System32\winevt\Logs\Microsoft-Windows-SMBServer%4Operational.evtx,-
2023-12-27T00:17:05.545986+00:00,Creation Time,EVT,WinEVTX,[1040 / 0x0410] Provider identifier: {d48ce617-33a2-4bc3-a5c7-11aa4f29619e} Source Name: Microsoft-Windows-SMBServer Strings: ['3'  '0'] Computer Name: WinDev2311Eval Record Number: 103 Event Level: 4,winevtx,NTFS:\Windows\System32\winevt\Logs\Microsoft-Windows-SMBServer%4Operational.evtx,-
2023-12-27T00:17:05.557284+00:00,Metadata Modification Time,FILE,NTFS USN change,utcutil.dll File reference: 103823-1 Parent file reference: 21781-1 Update source:  Update reason: USN_REASON_CLOSE,usnjrnl,NTFS:\$Extend\$UsnJrnl:$J,-
2023-12-27T00:17:05.557284+00:00,Last Access Time,FILE,File stat,NTFS:\Windows\System32\CatRoot\{F750E6C3-38EE-11D1-85E5-00C04FC295EE}\Microsoft-Windows-Client-Desktop-Required-Package05142030~31bf3856ad364e35~amd64~~10.0.22621.2715.cat Type: file,filestat,NTFS:\Windows\System32\CatRoot\{F750E6C3-38EE-11D1-85E5-00C04FC295EE}\Microsoft-Windows-Client-Desktop-Required-Package05142030~31bf3856ad364e35~amd64~~10.0.22621.2715.cat,-
2023-12-27T00:17:05.557284+00:00,Metadata Modification Time,FILE,File stat,NTFS:\Windows\System32\utcutil.dll Type: file,filestat,NTFS:\Windows\System32\utcutil.dll,-
2023-12-27T00:17:05.557284+00:00,Last Access Time,FILE,File stat,NTFS:\Windows\WinSxS\Catalogs\9eadbb68afedf52e0433195e7dd8093112328230a7e51689b8f9760d3ef6d0fd.cat Type: file,filestat,NTFS:\Windows\WinSxS\Catalogs\9eadbb68afedf52e0433195e7dd8093112328230a7e51689b8f9760d3ef6d0fd.cat,-
2023-12-27T00:17:05.557284+00:00,Metadata Modification Time,FILE,File stat,NTFS:\Windows\WinSxS\amd64_microsoft-windows-u..ed-telemetry-client_31bf3856ad364e35_10.0.22621.2506_none_7fcd555f828c25ef\utcutil.dll Type: file,filestat,NTFS:\Windows\WinSxS\amd64_microsoft-windows-u..ed-telemetry-client_31bf3856ad364e35_10.0.22621.2506_none_7fcd555f828c25ef\utcutil.dll,-
2023-12-27T00:17:05.557284+00:00,Last Access Time,FILE,File stat,NTFS:\Windows\servicing\Packages\Microsoft-Windows-Client-Desktop-Required-Package05142030~31bf3856ad364e35~amd64~~10.0.22621.2715.cat Type: file,filestat,NTFS:\Windows\servicing\Packages\Microsoft-Windows-Client-Desktop-Required-Package05142030~31bf3856ad364e35~amd64~~10.0.22621.2715.cat,-
2023-12-27T00:17:05.608641+00:00,Metadata Modification Time,FILE,NTFS USN change,CM2727E.tmp File reference: 130650-5 Parent file reference: 3709-1 Update source:  Update reason: USN_REASON_DATA_EXTEND  USN_REASON_DATA_TRUNCATION,usnjrnl,NTFS:\$Extend\$UsnJrnl:$J,-
2023-12-27T00:17:05.608641+00:00,Metadata Modification Time,FILE,NTFS USN change,CM2727E.tmp File reference: 130650-5 Parent file reference: 3709-1 Update source:  Update reason: USN_REASON_DATA_TRUNCATION,usnjrnl,NTFS:\$Extend\$UsnJrnl:$J,-
2023-12-27T00:17:05.608641+00:00,Metadata Modification Time,FILE,NTFS USN change,CM2727E.tmp File reference: 130650-5 Parent file reference: 3709-1 Update source:  Update reason: USN_REASON_FILE_CREATE  USN_REASON_CLOSE,usnjrnl,NTFS:\$Extend\$UsnJrnl:$J,-
2023-12-27T00:17:05.721541+00:00,Metadata Modification Time,FILE,NTFS USN change,CM2727E.tmp File reference: 130650-5 Parent file reference: 3709-1 Update source:  Update reason: USN_REASON_DATA_EXTEND  USN_REASON_DATA_TRUNCATION  USN_REASON_CLOSE,usnjrnl,NTFS:\$Extend\$UsnJrnl:$J,-
2023-12-27T00:17:05.721541+00:00,Metadata Modification Time,FILE,NTFS USN change,CM2727E.tmp File reference: 130650-5 Parent file reference: 3709-1 Update source:  Update reason: USN_REASON_FILE_DELETE  USN_REASON_CLOSE,usnjrnl,NTFS:\$Extend\$UsnJrnl:$J,-
2023-12-27T00:17:05.739115+00:00,Metadata Modification Time,FILE,NTFS USN change,CM2735A.tmp File reference: 130650-6 Parent file reference: 3709-1 Update source:  Update reason: USN_REASON_DATA_EXTEND  USN_REASON_DATA_TRUNCATION,usnjrnl,NTFS:\$Extend\$UsnJrnl:$J,-
2023-12-27T00:17:05.739115+00:00,Metadata Modification Time,FILE,NTFS USN change,CM2735A.tmp File reference: 130650-6 Parent file reference: 3709-1 Update source:  Update reason: USN_REASON_DATA_TRUNCATION,usnjrnl,NTFS:\$Extend\$UsnJrnl:$J,-
2023-12-27T00:17:05.739115+00:00,Metadata Modification Time,FILE,NTFS USN change,CM2735A.tmp File reference: 130650-6 Parent file reference: 3709-1 Update source:  Update reason: USN_REASON_FILE_CREATE,usnjrnl,NTFS:\$Extend\$UsnJrnl:$J,-
2023-12-27T00:17:05.739115+00:00,Metadata Modification Time,FILE,NTFS USN change,CM2735A.tmp File reference: 130650-6 Parent file reference: 3709-1 Update source:  Update reason: USN_REASON_FILE_CREATE  USN_REASON_CLOSE,usnjrnl,NTFS:\$Extend\$UsnJrnl:$J,-
2023-12-27T00:17:05.831817+00:00,Content Modification Time,EVT,WinEVTX,[5857 / 0x16e1] Provider identifier: {1418ef04-b0b4-4623-bf7e-d74ab47bbdaa} Source Name: Microsoft-Windows-WMI-Activity Strings: ['CIMWin32a'  '0x00000000'  'wmiprvse.exe'  '5072'  '%systemroot%\\system32\\wbem\\wmipcima.dll'] Computer Name: WinDev2311Eval Record Number: 260 Event Level: 0,winevtx,NTFS:\Windows\System32\winevt\Logs\Microsoft-Windows-WMI-Activity%4Operational.evtx,-
2023-12-27T00:17:05.831817+00:00,Creation Time,EVT,WinEVTX,[5857 / 0x16e1] Provider identifier: {1418ef04-b0b4-4623-bf7e-d74ab47bbdaa} Source Name: Microsoft-Windows-WMI-Activity Strings: ['CIMWin32a'  '0x00000000'  'wmiprvse.exe'  '5072'  '%systemroot%\\system32\\wbem\\wmipcima.dll'] Computer Name: WinDev2311Eval Record Number: 260 Event Level: 0,winevtx,NTFS:\Windows\System32\winevt\Logs\Microsoft-Windows-WMI-Activity%4Operational.evtx,-
2023-12-27T00:17:05.838206+00:00,Metadata Modification Time,FILE,NTFS USN change,CM2735A.tmp File reference: 130650-6 Parent file reference: 3709-1 Update source:  Update reason: USN_REASON_DATA_EXTEND  USN_REASON_DATA_TRUNCATION  USN_REASON_CLOSE,usnjrnl,NTFS:\$Extend\$UsnJrnl:$J,-
2023-12-27T00:17:05.838206+00:00,Metadata Modification Time,FILE,NTFS USN change,CM2735A.tmp File reference: 130650-6 Parent file reference: 3709-1 Update source:  Update reason: USN_REASON_FILE_DELETE  USN_REASON_CLOSE,usnjrnl,NTFS:\$Extend\$UsnJrnl:$J,-
2023-12-27T00:17:05.853890+00:00,Metadata Modification Time,FILE,NTFS USN change,CM273B9.tmp File reference: 130650-7 Parent file reference: 3709-1 Update source:  Update reason: USN_REASON_DATA_EXTEND  USN_REASON_DATA_TRUNCATION,usnjrnl,NTFS:\$Extend\$UsnJrnl:$J,-
2023-12-27T00:17:05.853890+00:00,Metadata Modification Time,FILE,NTFS USN change,CM273B9.tmp File reference: 130650-7 Parent file reference: 3709-1 Update source:  Update reason: USN_REASON_DATA_TRUNCATION,usnjrnl,NTFS:\$Extend\$UsnJrnl:$J,-
2023-12-27T00:17:05.853890+00:00,Metadata Modification Time,FILE,NTFS USN change,CM273B9.tmp File reference: 130650-7 Parent file reference: 3709-1 Update source:  Update reason: USN_REASON_FILE_CREATE,usnjrnl,NTFS:\$Extend\$UsnJrnl:$J,-
2023-12-27T00:17:05.853890+00:00,Metadata Modification Time,FILE,NTFS USN change,CM273B9.tmp File reference: 130650-7 Parent file reference: 3709-1 Update source:  Update reason: USN_REASON_FILE_CREATE  USN_REASON_CLOSE,usnjrnl,NTFS:\$Extend\$UsnJrnl:$J,-
2023-12-27T00:17:05.952508+00:00,Metadata Modification Time,FILE,NTFS USN change,CM273B9.tmp File reference: 130650-7 Parent file reference: 3709-1 Update source:  Update reason: USN_REASON_DATA_EXTEND  USN_REASON_DATA_TRUNCATION  USN_REASON_CLOSE,usnjrnl,NTFS:\$Extend\$UsnJrnl:$J,-
2023-12-27T00:17:05.952508+00:00,Metadata Modification Time,FILE,NTFS USN change,CM273B9.tmp File reference: 130650-7 Parent file reference: 3709-1 Update source:  Update reason: USN_REASON_FILE_DELETE  USN_REASON_CLOSE,usnjrnl,NTFS:\$Extend\$UsnJrnl:$J,-
2023-12-27T00:17:05.969103+00:00,Metadata Modification Time,FILE,NTFS USN change,CM27446.tmp File reference: 130650-8 Parent file reference: 3709-1 Update source:  Update reason: USN_REASON_DATA_EXTEND  USN_REASON_DATA_TRUNCATION,usnjrnl,NTFS:\$Extend\$UsnJrnl:$J,-
2023-12-27T00:17:05.969103+00:00,Metadata Modification Time,FILE,NTFS USN change,CM27446.tmp File reference: 130650-8 Parent file reference: 3709-1 Update source:  Update reason: USN_REASON_DATA_TRUNCATION,usnjrnl,NTFS:\$Extend\$UsnJrnl:$J,-
2023-12-27T00:17:05.969103+00:00,Metadata Modification Time,FILE,NTFS USN change,CM27446.tmp File reference: 130650-8 Parent file reference: 3709-1 Update source:  Update reason: USN_REASON_FILE_CREATE,usnjrnl,NTFS:\$Extend\$UsnJrnl:$J,-
2023-12-27T00:17:05.969103+00:00,Metadata Modification Time,FILE,NTFS USN change,CM27446.tmp File reference: 130650-8 Parent file reference: 3709-1 Update source:  Update reason: USN_REASON_FILE_CREATE  USN_REASON_CLOSE,usnjrnl,NTFS:\$Extend\$UsnJrnl:$J,-
2023-12-27T00:17:06.000000+00:00,Last Access Time,FILE,File entry shell item,Name: System32 Long name: System32 NTFS file reference: 3675-1 Shell item path: <My Computer> C:\Windows\System32 Origin: 590aee7bdd69b59b.customDestinations-ms,custom_destinations/lnk/shell_items,NTFS:\Users\User\AppData\Roaming\Microsoft\Windows\Recent\CustomDestinations\590aee7bdd69b59b.customDestinations-ms,-
2023-12-27T00:17:06.743483+00:00,Metadata Modification Time,FILE,NTFS USN change,CM27446.tmp File reference: 130650-8 Parent file reference: 3709-1 Update source:  Update reason: USN_REASON_DATA_EXTEND  USN_REASON_DATA_TRUNCATION  USN_REASON_CLOSE,usnjrnl,NTFS:\$Extend\$UsnJrnl:$J,-
2023-12-27T00:17:06.743483+00:00,Metadata Modification Time,FILE,NTFS USN change,CM27446.tmp File reference: 130650-8 Parent file reference: 3709-1 Update source:  Update reason: USN_REASON_FILE_DELETE  USN_REASON_CLOSE,usnjrnl,NTFS:\$Extend\$UsnJrnl:$J,-
2023-12-27T00:17:06.120861+00:00,Metadata Modification Time,FILE,NTFS USN change,CM274B5.tmp File reference: 130650-9 Parent file reference: 3709-1 Update source:  Update reason: USN_REASON_FILE_CREATE  USN_REASON_CLOSE,usnjrnl,NTFS:\$Extend\$UsnJrnl:$J,-
2023-12-27T00:17:06.897135+00:00,Metadata Modification Time,FILE,NTFS USN change,CM274B5.tmp File reference: 130650-9 Parent file reference: 3709-1 Update source:  Update reason: USN_REASON_FILE_CREATE,usnjrnl,NTFS:\$Extend\$UsnJrnl:$J,-
2023-12-27T00:17:06.136576+00:00,Metadata Modification Time,FILE,NTFS USN change,CM274B5.tmp File reference: 130650-9 Parent file reference: 3709-1 Update source:  Update reason: USN_REASON_DATA_EXTEND  USN_REASON_DATA_TRUNCATION,usnjrnl,NTFS:\$Extend\$UsnJrnl:$J,-
2023-12-27T00:17:06.136576+00:00,Metadata Modification Time,FILE,NTFS USN change,CM274B5.tmp File reference: 130650-9 Parent file reference: 3709-1 Update source:  Update reason: USN_REASON_DATA_TRUNCATION,usnjrnl,NTFS:\$Extend\$UsnJrnl:$J,-
2023-12-27T00:17:06.136576+00:00,Content Modification Time,REG,Registry Key,[HKEY_LOCAL_MACHINE\Software\Microsoft\Windows Search\CatalogList\Applications] (empty),winreg/winreg_default,NTFS:\Windows\System32\config\SOFTWARE,-
2023-12-27T00:17:06.152135+00:00,Metadata Modification Time,FILE,NTFS USN change,Applications File reference: 130655-2 Parent file reference: 105336-3 Update source:  Update reason: USN_REASON_FILE_CREATE,usnjrnl,NTFS:\$Extend\$UsnJrnl:$J,-
2023-12-27T00:17:06.152135+00:00,Metadata Modification Time,FILE,NTFS USN change,Applications File reference: 130655-2 Parent file reference: 105336-3 Update source:  Update reason: USN_REASON_FILE_CREATE  USN_REASON_CLOSE,usnjrnl,NTFS:\$Extend\$UsnJrnl:$J,-
2023-12-27T00:17:06.152135+00:00,Metadata Modification Time,FILE,NTFS USN change,dcntel.dll File reference: 102305-1 Parent file reference: 11844-1 Update source:  Update reason: USN_REASON_CLOSE,usnjrnl,NTFS:\$Extend\$UsnJrnl:$J,-
2023-12-27T00:17:06.152135+00:00,Content Modification Time,FILE,File stat,NTFS:\ProgramData\Microsoft\Search\Data Type: directory,filestat,NTFS:\ProgramData\Microsoft\Search\Data,-
2023-12-27T00:17:06.152135+00:00,Last Access Time,FILE,File stat,NTFS:\ProgramData\Microsoft\Search\Data Type: directory,filestat,NTFS:\ProgramData\Microsoft\Search\Data,-
2023-12-27T00:17:06.152135+00:00,Metadata Modification Time,FILE,File stat,NTFS:\ProgramData\Microsoft\Search\Data Type: directory,filestat,NTFS:\ProgramData\Microsoft\Search\Data,-
2023-12-27T00:17:06.152135+00:00,Creation Time,FILE,File stat,NTFS:\ProgramData\Microsoft\Search\Data\Applications Type: directory,filestat,NTFS:\ProgramData\Microsoft\Search\Data\Applications,-
2023-12-27T00:17:06.152135+00:00,Content Modification Time,REG,Registry Key,[HKEY_LOCAL_MACHINE\Software\Microsoft\Windows Search\CatalogList\Applications\Windows\Catalogs\SystemIndex] (empty),winreg/winreg_default,NTFS:\Windows\System32\config\SOFTWARE,-
2023-12-27T00:17:06.152135+00:00,Content Modification Time,REG,Registry Key,[HKEY_LOCAL_MACHINE\Software\Microsoft\Windows Search\CatalogList\Applications\Windows\Catalogs] (empty),winreg/winreg_default,NTFS:\Windows\System32\config\SOFTWARE,-
2023-12-27T00:17:06.152135+00:00,Content Modification Time,REG,Registry Key,[HKEY_LOCAL_MACHINE\Software\Microsoft\Windows Search\CatalogList\Applications\Windows] (empty),winreg/winreg_default,NTFS:\Windows\System32\config\SOFTWARE,-
2023-12-27T00:17:06.152135+00:00,Metadata Modification Time,FILE,File stat,NTFS:\Windows\System32\dcntel.dll Type: file,filestat,NTFS:\Windows\System32\dcntel.dll,-
2023-12-27T00:17:06.152135+00:00,Metadata Modification Time,FILE,File stat,NTFS:\Windows\WinSxS\amd64_microsoft-windows-devicecensus_31bf3856ad364e35_10.0.22621.2506_none_8f4cd5217626537c\dcntel.dll Type: file,filestat,NTFS:\Windows\WinSxS\amd64_microsoft-windows-devicecensus_31bf3856ad364e35_10.0.22621.2506_none_8f4cd5217626537c\dcntel.dll,-
2023-12-27T00:17:06.168097+00:00,Metadata Modification Time,FILE,NTFS USN change,Windows File reference: 130657-2 Parent file reference: 130655-2 Update source:  Update reason: USN_REASON_FILE_CREATE,usnjrnl,NTFS:\$Extend\$UsnJrnl:$J,-
2023-12-27T00:17:06.168097+00:00,Metadata Modification Time,FILE,NTFS USN change,Windows File reference: 130657-2 Parent file reference: 130655-2 Update source:  Update reason: USN_REASON_FILE_CREATE  USN_REASON_CLOSE,usnjrnl,NTFS:\$Extend\$UsnJrnl:$J,-
2023-12-27T00:17:06.168097+00:00,Metadata Modification Time,FILE,NTFS USN change,Windows File reference: 130657-2 Parent file reference: 130655-2 Update source:  Update reason: USN_REASON_SECURITY_CHANGE,usnjrnl,NTFS:\$Extend\$UsnJrnl:$J,-
2023-12-27T00:17:06.168097+00:00,Metadata Modification Time,FILE,NTFS USN change,Windows File reference: 130657-2 Parent file reference: 130655-2 Update source:  Update reason: USN_REASON_SECURITY_CHANGE  USN_REASON_CLOSE,usnjrnl,NTFS:\$Extend\$UsnJrnl:$J,-
2023-12-27T00:17:06.168097+00:00,Content Modification Time,FILE,File stat,NTFS:\ProgramData\Microsoft\Search\Data\Applications Type: directory,filestat,NTFS:\ProgramData\Microsoft\Search\Data\Applications,-
2023-12-27T00:17:06.168097+00:00,Last Access Time,FILE,File stat,NTFS:\ProgramData\Microsoft\Search\Data\Applications Type: directory,filestat,NTFS:\ProgramData\Microsoft\Search\Data\Applications,-
2023-12-27T00:17:06.168097+00:00,Metadata Modification Time,FILE,File stat,NTFS:\ProgramData\Microsoft\Search\Data\Applications Type: directory,filestat,NTFS:\ProgramData\Microsoft\Search\Data\Applications,-
2023-12-27T00:17:06.168097+00:00,Creation Time,FILE,File stat,NTFS:\ProgramData\Microsoft\Search\Data\Applications\Windows Type: directory,filestat,NTFS:\ProgramData\Microsoft\Search\Data\Applications\Windows,-
2023-12-27T00:17:06.168097+00:00,Content Modification Time,REG,Registry Key,[HKEY_LOCAL_MACHINE\Software\Microsoft\Windows Search\Applications\Windows] (empty),winreg/winreg_default,NTFS:\Windows\System32\config\SOFTWARE,-
2023-12-27T00:17:06.168097+00:00,Content Modification Time,REG,Registry Key,[HKEY_LOCAL_MACHINE\Software\Microsoft\Windows Search\Applications] (empty),winreg/winreg_default,NTFS:\Windows\System32\config\SOFTWARE,-
2023-12-27T00:17:06.168097+00:00,Content Modification Time,REG,Registry Key,[HKEY_LOCAL_MACHINE\Software\Microsoft\Windows Search\Gathering Manager\Applications] (empty),winreg/winreg_default,NTFS:\Windows\System32\config\SOFTWARE,-
2023-12-27T00:17:06.184194+00:00,Metadata Modification Time,FILE,NTFS USN change,Projects File reference: 130661-2 Parent file reference: 130657-2 Update source:  Update reason: USN_REASON_FILE_CREATE,usnjrnl,NTFS:\$Extend\$UsnJrnl:$J,-
2023-12-27T00:17:06.184194+00:00,Metadata Modification Time,FILE,NTFS USN change,Projects File reference: 130661-2 Parent file reference: 130657-2 Update source:  Update reason: USN_REASON_FILE_CREATE  USN_REASON_CLOSE,usnjrnl,NTFS:\$Extend\$UsnJrnl:$J,-
2023-12-27T00:17:06.184194+00:00,Creation Time,FILE,File stat,NTFS:\ProgramData\Microsoft\Search\Data\Applications\Windows\Projects Type: directory,filestat,NTFS:\ProgramData\Microsoft\Search\Data\Applications\Windows\Projects,-
2023-12-27T00:17:06.199173+00:00,Metadata Modification Time,FILE,NTFS USN change,GatherLogs File reference: 130662-2 Parent file reference: 130657-2 Update source:  Update reason: USN_REASON_FILE_CREATE,usnjrnl,NTFS:\$Extend\$UsnJrnl:$J,-
2023-12-27T00:17:06.199173+00:00,Creation Time,FILE,File stat,NTFS:\ProgramData\Microsoft\Search\Data\Applications\Windows\GatherLogs Type: directory,filestat,NTFS:\ProgramData\Microsoft\Search\Data\Applications\Windows\GatherLogs,-
2023-12-27T00:17:06.200791+00:00,Metadata Modification Time,FILE,NTFS USN change,CM274B5.tmp File reference: 130650-9 Parent file reference: 3709-1 Update source:  Update reason: USN_REASON_DATA_EXTEND  USN_REASON_DATA_TRUNCATION  USN_REASON_CLOSE,usnjrnl,NTFS:\$Extend\$UsnJrnl:$J,-
2023-12-27T00:17:06.200791+00:00,Metadata Modification Time,FILE,NTFS USN change,CM274B5.tmp File reference: 130650-9 Parent file reference: 3709-1 Update source:  Update reason: USN_REASON_FILE_DELETE  USN_REASON_CLOSE,usnjrnl,NTFS:\$Extend\$UsnJrnl:$J,-
2023-12-27T00:17:06.200791+00:00,Metadata Modification Time,FILE,NTFS USN change,GatherLogs File reference: 130662-2 Parent file reference: 130657-2 Update source:  Update reason: USN_REASON_FILE_CREATE  USN_REASON_CLOSE,usnjrnl,NTFS:\$Extend\$UsnJrnl:$J,-
2023-12-27T00:17:06.226167+00:00,Content Modification Time,REG,Registry Key,[HKEY_LOCAL_MACHINE\Software\Microsoft\Windows Search\Gather] DebugTranFiles: [REG_DWORD_LE] 0 LowDiskMinimumMBytes: [REG_DWORD_LE] 1 RegVersion: [REG_DWORD_LE] 67239936,winreg/winreg_default,NTFS:\Windows\System32\config\SOFTWARE,-
2023-12-27T00:17:06.233077+00:00,Metadata Modification Time,FILE,NTFS USN change,CM27552.tmp File reference: 130650-10 Parent file reference: 3709-1 Update source:  Update reason: USN_REASON_DATA_EXTEND  USN_REASON_DATA_TRUNCATION,usnjrnl,NTFS:\$Extend\$UsnJrnl:$J,-
2023-12-27T00:17:06.233077+00:00,Metadata Modification Time,FILE,NTFS USN change,CM27552.tmp File reference: 130650-10 Parent file reference: 3709-1 Update source:  Update reason: USN_REASON_DATA_TRUNCATION,usnjrnl,NTFS:\$Extend\$UsnJrnl:$J,-
2023-12-27T00:17:06.233077+00:00,Metadata Modification Time,FILE,NTFS USN change,CM27552.tmp File reference: 130650-10 Parent file reference: 3709-1 Update source:  Update reason: USN_REASON_FILE_CREATE,usnjrnl,NTFS:\$Extend\$UsnJrnl:$J,-
2023-12-27T00:17:06.233077+00:00,Metadata Modification Time,FILE,NTFS USN change,CM27552.tmp File reference: 130650-10 Parent file reference: 3709-1 Update source:  Update reason: USN_REASON_FILE_CREATE  USN_REASON_CLOSE,usnjrnl,NTFS:\$Extend\$UsnJrnl:$J,-
2023-12-27T00:17:06.233077+00:00,Content Modification Time,REG,Registry Key,[HKEY_LOCAL_MACHINE\Software\Microsoft\Windows Search\UsnNotifier\Windows] (empty),winreg/winreg_default,NTFS:\Windows\System32\config\SOFTWARE,-
2023-12-27T00:17:06.233077+00:00,Content Modification Time,REG,Registry Key,[HKEY_LOCAL_MACHINE\Software\Microsoft\Windows Search\UsnNotifier] (empty),winreg/winreg_default,NTFS:\Windows\System32\config\SOFTWARE,-
2023-12-27T00:17:06.259314+00:00,Last Access Time,FILE,File stat,NTFS:\Windows\System32\wmi.dll Type: file,filestat,NTFS:\Windows\System32\wmi.dll,-
2023-12-27T00:17:06.259314+00:00,Last Access Time,FILE,File stat,NTFS:\Windows\WinSxS\amd64_microsoft-windows-wmistub_31bf3856ad364e35_10.0.22621.1_none_ff58135ea74510c2\wmi.dll Type: file,filestat,NTFS:\Windows\WinSxS\amd64_microsoft-windows-wmistub_31bf3856ad364e35_10.0.22621.1_none_ff58135ea74510c2\wmi.dll,-
2023-12-27T00:17:06.275020+00:00,Metadata Modification Time,FILE,NTFS USN change,CM27552.tmp File reference: 130650-10 Parent file reference: 3709-1 Update source:  Update reason: USN_REASON_DATA_EXTEND  USN_REASON_DATA_TRUNCATION  USN_REASON_CLOSE,usnjrnl,NTFS:\$Extend\$UsnJrnl:$J,-
2023-12-27T00:17:06.275020+00:00,Metadata Modification Time,FILE,NTFS USN change,CM27552.tmp File reference: 130650-10 Parent file reference: 3709-1 Update source:  Update reason: USN_REASON_FILE_DELETE  USN_REASON_CLOSE,usnjrnl,NTFS:\$Extend\$UsnJrnl:$J,-
2023-12-27T00:17:06.275020+00:00,Metadata Modification Time,FILE,NTFS USN change,CM27572.tmp File reference: 130650-11 Parent file reference: 3709-1 Update source:  Update reason: USN_REASON_DATA_TRUNCATION,usnjrnl,NTFS:\$Extend\$UsnJrnl:$J,-
2023-12-27T00:17:06.275020+00:00,Metadata Modification Time,FILE,NTFS USN change,CM27572.tmp File reference: 130650-11 Parent file reference: 3709-1 Update source:  Update reason: USN_REASON_FILE_CREATE,usnjrnl,NTFS:\$Extend\$UsnJrnl:$J,-
2023-12-27T00:17:06.275020+00:00,Metadata Modification Time,FILE,NTFS USN change,CM27572.tmp File reference: 130650-11 Parent file reference: 3709-1 Update source:  Update reason: USN_REASON_FILE_CREATE  USN_REASON_CLOSE,usnjrnl,NTFS:\$Extend\$UsnJrnl:$J,-
2023-12-27T00:17:06.308222+00:00,Metadata Modification Time,FILE,NTFS USN change,CM27572.tmp File reference: 130650-11 Parent file reference: 3709-1 Update source:  Update reason: USN_REASON_DATA_EXTEND  USN_REASON_DATA_TRUNCATION,usnjrnl,NTFS:\$Extend\$UsnJrnl:$J,-
2023-12-27T00:17:06.324473+00:00,Metadata Modification Time,FILE,NTFS USN change,8.0.100_IsDockerContainer.dotnetUserLevelCache File reference: 177540-2 Parent file reference: 177538-2 Update source:  Update reason: USN_REASON_FILE_DELETE  USN_REASON_CLOSE,usnjrnl,NTFS:\$Extend\$UsnJrnl:$J,-
2023-12-27T00:17:06.324473+00:00,Metadata Modification Time,FILE,NTFS USN change,8.0.100_MachineId.dotnetUserLevelCache File reference: 177542-2 Parent file reference: 177538-2 Update source:  Update reason: USN_REASON_FILE_DELETE  USN_REASON_CLOSE,usnjrnl,NTFS:\$Extend\$UsnJrnl:$J,-
2023-12-27T00:17:06.324473+00:00,Metadata Modification Time,FILE,NTFS USN change,MachineId.v1.dotnetUserLevelCache File reference: 177543-2 Parent file reference: 177538-2 Update source:  Update reason: USN_REASON_FILE_DELETE  USN_REASON_CLOSE,usnjrnl,NTFS:\$Extend\$UsnJrnl:$J,-
2023-12-27T00:17:06.359504+00:00,Metadata Modification Time,FILE,NTFS USN change,20231115184432_0343f6b897c041cfb728be2e923ab749.trn File reference: 177546-2 Parent file reference: 177539-2 Update source:  Update reason: USN_REASON_FILE_DELETE  USN_REASON_CLOSE,usnjrnl,NTFS:\$Extend\$UsnJrnl:$J,-
2023-12-27T00:17:06.359504+00:00,Metadata Modification Time,FILE,NTFS USN change,20231115184432_24b41d5549ee4f3185896f1e26c4c7ef.trn File reference: 177547-2 Parent file reference: 177539-2 Update source:  Update reason: USN_REASON_FILE_DELETE  USN_REASON_CLOSE,usnjrnl,NTFS:\$Extend\$UsnJrnl:$J,-
2023-12-27T00:17:06.359504+00:00,Metadata Modification Time,FILE,NTFS USN change,20231115184432_d443ffa0471c4743b3562598a437cbd0.trn File reference: 177545-2 Parent file reference: 177539-2 Update source:  Update reason: USN_REASON_FILE_DELETE  USN_REASON_CLOSE,usnjrnl,NTFS:\$Extend\$UsnJrnl:$J,-
2023-12-27T00:17:06.372254+00:00,Metadata Modification Time,FILE,NTFS USN change,.dotnet File reference: 177538-2 Parent file reference: 132016-2 Update source:  Update reason: USN_REASON_RENAME_OLD_NAME,usnjrnl,NTFS:\$Extend\$UsnJrnl:$J,-
2023-12-27T00:17:06.372254+00:00,Metadata Modification Time,FILE,NTFS USN change,000200000002B58225722D63 File reference: 177538-2 Parent file reference: 29-1 Update source:  Update reason: USN_REASON_FILE_DELETE  USN_REASON_RENAME_NEW_NAME  USN_REASON_CLOSE,usnjrnl,NTFS:\$Extend\$UsnJrnl:$J,-
2023-12-27T00:17:06.372254+00:00,Metadata Modification Time,FILE,NTFS USN change,000200000002B58225722D63 File reference: 177538-2 Parent file reference: 29-1 Update source:  Update reason: USN_REASON_RENAME_NEW_NAME,usnjrnl,NTFS:\$Extend\$UsnJrnl:$J,-
2023-12-27T00:17:06.372254+00:00,Metadata Modification Time,FILE,NTFS USN change,000200000002B583366D7146 File reference: 177539-2 Parent file reference: 29-1 Update source:  Update reason: USN_REASON_FILE_DELETE  USN_REASON_RENAME_NEW_NAME  USN_REASON_CLOSE,usnjrnl,NTFS:\$Extend\$UsnJrnl:$J,-
2023-12-27T00:17:06.372254+00:00,Metadata Modification Time,FILE,NTFS USN change,000200000002B583366D7146 File reference: 177539-2 Parent file reference: 29-1 Update source:  Update reason: USN_REASON_RENAME_NEW_NAME,usnjrnl,NTFS:\$Extend\$UsnJrnl:$J,-
2023-12-27T00:17:06.372254+00:00,Metadata Modification Time,FILE,NTFS USN change,TelemetryStorageService File reference: 177539-2 Parent file reference: 177538-2 Update source:  Update reason: USN_REASON_RENAME_OLD_NAME,usnjrnl,NTFS:\$Extend\$UsnJrnl:$J,-
2023-12-27T00:17:06.375624+00:00,Metadata Modification Time,FILE,NTFS USN change,.IdentityService File reference: 244132-1 Parent file reference: 132048-2 Update source:  Update reason: USN_REASON_RENAME_OLD_NAME,usnjrnl,NTFS:\$Extend\$UsnJrnl:$J,-
2023-12-27T00:17:06.375624+00:00,Metadata Modification Time,FILE,NTFS USN change,.templateengine File reference: 244396-1 Parent file reference: 132016-2 Update source:  Update reason: USN_REASON_RENAME_OLD_NAME,usnjrnl,NTFS:\$Extend\$UsnJrnl:$J,-
2023-12-27T00:17:06.375624+00:00,Metadata Modification Time,FILE,NTFS USN change,000100000003B9A471C6DDC9 File reference: 244132-1 Parent file reference: 29-1 Update source:  Update reason: USN_REASON_FILE_DELETE  USN_REASON_RENAME_NEW_NAME  USN_REASON_CLOSE,usnjrnl,NTFS:\$Extend\$UsnJrnl:$J,-
2023-12-27T00:17:06.375624+00:00,Metadata Modification Time,FILE,NTFS USN change,000100000003B9A471C6DDC9 File reference: 244132-1 Parent file reference: 29-1 Update source:  Update reason: USN_REASON_RENAME_NEW_NAME,usnjrnl,NTFS:\$Extend\$UsnJrnl:$J,-
2023-12-27T00:17:06.375624+00:00,Metadata Modification Time,FILE,NTFS USN change,000100000003BAAC590A015F File reference: 244396-1 Parent file reference: 29-1 Update source:  Update reason: USN_REASON_FILE_DELETE  USN_REASON_RENAME_NEW_NAME  USN_REASON_CLOSE,usnjrnl,NTFS:\$Extend\$UsnJrnl:$J,-
2023-12-27T00:17:06.375624+00:00,Metadata Modification Time,FILE,NTFS USN change,000100000003BAAC590A015F File reference: 244396-1 Parent file reference: 29-1 Update source:  Update reason: USN_REASON_RENAME_NEW_NAME,usnjrnl,NTFS:\$Extend\$UsnJrnl:$J,-
2023-12-27T00:17:06.375624+00:00,Metadata Modification Time,FILE,NTFS USN change,000100000003BAAD50028E90 File reference: 244397-1 Parent file reference: 29-1 Update source:  Update reason: USN_REASON_FILE_DELETE  USN_REASON_RENAME_NEW_NAME  USN_REASON_CLOSE,usnjrnl,NTFS:\$Extend\$UsnJrnl:$J,-
2023-12-27T00:17:06.375624+00:00,Metadata Modification Time,FILE,NTFS USN change,000100000003BAAD50028E90 File reference: 244397-1 Parent file reference: 29-1 Update source:  Update reason: USN_REASON_RENAME_NEW_NAME,usnjrnl,NTFS:\$Extend\$UsnJrnl:$J,-
2023-12-27T00:17:06.375624+00:00,Metadata Modification Time,FILE,NTFS USN change,Application Data File reference: 132137-2 Parent file reference: 132048-2 Update source:  Update reason: USN_REASON_BASIC_INFO_CHANGE,usnjrnl,NTFS:\$Extend\$UsnJrnl:$J,-
2023-12-27T00:17:06.375624+00:00,Metadata Modification Time,FILE,NTFS USN change,Application Data File reference: 132137-2 Parent file reference: 132048-2 Update source:  Update reason: USN_REASON_BASIC_INFO_CHANGE  USN_REASON_CLOSE,usnjrnl,NTFS:\$Extend\$UsnJrnl:$J,-
2023-12-27T00:17:06.375624+00:00,Metadata Modification Time,FILE,NTFS USN change,Application Data File reference: 132137-2 Parent file reference: 132048-2 Update source:  Update reason: USN_REASON_FILE_DELETE  USN_REASON_CLOSE,usnjrnl,NTFS:\$Extend\$UsnJrnl:$J,-
2023-12-27T00:17:06.375624+00:00,Metadata Modification Time,FILE,NTFS USN change,CM27572.tmp File reference: 130650-11 Parent file reference: 3709-1 Update source:  Update reason: USN_REASON_DATA_EXTEND  USN_REASON_DATA_TRUNCATION  USN_REASON_CLOSE,usnjrnl,NTFS:\$Extend\$UsnJrnl:$J,-
2023-12-27T00:17:06.375624+00:00,Metadata Modification Time,FILE,NTFS USN change,packages File reference: 244397-1 Parent file reference: 244396-1 Update source:  Update reason: USN_REASON_RENAME_OLD_NAME,usnjrnl,NTFS:\$Extend\$UsnJrnl:$J,-
2023-12-27T00:17:06.391793+00:00,Metadata Modification Time,FILE,NTFS USN change,CM27572.tmp File reference: 130650-11 Parent file reference: 3709-1 Update source:  Update reason: USN_REASON_FILE_DELETE  USN_REASON_CLOSE,usnjrnl,NTFS:\$Extend\$UsnJrnl:$J,-
2023-12-27T00:17:06.391793+00:00,Metadata Modification Time,FILE,NTFS USN change,feed-v2167102.json File reference: 244413-1 Parent file reference: 244412-1 Update source:  Update reason: USN_REASON_FILE_DELETE  USN_REASON_CLOSE,usnjrnl,NTFS:\$Extend\$UsnJrnl:$J,-
2023-12-27T00:17:06.465821+00:00,Metadata Modification Time,FILE,NTFS USN change,000100000003BABE687DCDAE File reference: 244414-1 Parent file reference: 29-1 Update source:  Update reason: USN_REASON_FILE_DELETE  USN_REASON_RENAME_NEW_NAME  USN_REASON_CLOSE,usnjrnl,NTFS:\$Extend\$UsnJrnl:$J,-
2023-12-27T00:17:06.465821+00:00,Metadata Modification Time,FILE,NTFS USN change,000100000003BABE687DCDAE File reference: 244414-1 Parent file reference: 29-1 Update source:  Update reason: USN_REASON_RENAME_NEW_NAME,usnjrnl,NTFS:\$Extend\$UsnJrnl:$J,-
2023-12-27T00:17:06.465821+00:00,Metadata Modification Time,FILE,NTFS USN change,000100000003BAC118258EEB File reference: 244417-1 Parent file reference: 29-1 Update source:  Update reason: USN_REASON_FILE_DELETE  USN_REASON_RENAME_NEW_NAME  USN_REASON_CLOSE,usnjrnl,NTFS:\$Extend\$UsnJrnl:$J,-
2023-12-27T00:17:06.465821+00:00,Metadata Modification Time,FILE,NTFS USN change,000100000003BAC118258EEB File reference: 244417-1 Parent file reference: 29-1 Update source:  Update reason: USN_REASON_RENAME_NEW_NAME,usnjrnl,NTFS:\$Extend\$UsnJrnl:$J,-
2023-12-27T00:17:06.465821+00:00,Metadata Modification Time,FILE,NTFS USN change,000100000003BAC300EEF8BB File reference: 244419-1 Parent file reference: 29-1 Update source:  Update reason: USN_REASON_FILE_DELETE  USN_REASON_RENAME_NEW_NAME  USN_REASON_CLOSE,usnjrnl,NTFS:\$Extend\$UsnJrnl:$J,-
2023-12-27T00:17:06.465821+00:00,Metadata Modification Time,FILE,NTFS USN change,000100000003BAC300EEF8BB File reference: 244419-1 Parent file reference: 29-1 Update source:  Update reason: USN_REASON_RENAME_NEW_NAME,usnjrnl,NTFS:\$Extend\$UsnJrnl:$J,-
2023-12-27T00:17:06.465821+00:00,Metadata Modification Time,FILE,NTFS USN change,000100000003BAC567BC8C03 File reference: 244421-1 Parent file reference: 29-1 Update source:  Update reason: USN_REASON_FILE_DELETE  USN_REASON_RENAME_NEW_NAME  USN_REASON_CLOSE,usnjrnl,NTFS:\$Extend\$UsnJrnl:$J,-
2023-12-27T00:17:06.465821+00:00,Metadata Modification Time,FILE,NTFS USN change,000100000003BAC567BC8C03 File reference: 244421-1 Parent file reference: 29-1 Update source:  Update reason: USN_REASON_RENAME_NEW_NAME,usnjrnl,NTFS:\$Extend\$UsnJrnl:$J,-
2023-12-27T00:17:06.465821+00:00,Metadata Modification Time,FILE,NTFS USN change,000100000003BAC749EC1585 File reference: 244423-1 Parent file reference: 29-1 Update source:  Update reason: USN_REASON_FILE_DELETE  USN_REASON_RENAME_NEW_NAME  USN_REASON_CLOSE,usnjrnl,NTFS:\$Extend\$UsnJrnl:$J,-
2023-12-27T00:17:06.465821+00:00,Metadata Modification Time,FILE,NTFS USN change,000100000003BAC749EC1585 File reference: 244423-1 Parent file reference: 29-1 Update source:  Update reason: USN_REASON_RENAME_NEW_NAME,usnjrnl,NTFS:\$Extend\$UsnJrnl:$J,-
2023-12-27T00:17:06.465821+00:00,Metadata Modification Time,FILE,NTFS USN change,1.13.2 File reference: 244417-1 Parent file reference: 244414-1 Update source:  Update reason: USN_REASON_RENAME_OLD_NAME,usnjrnl,NTFS:\$Extend\$UsnJrnl:$J,-
2023-12-27T00:17:06.465821+00:00,Metadata Modification Time,FILE,NTFS USN change,2.60.0 File reference: 244419-1 Parent file reference: 244414-1 Update source:  Update reason: USN_REASON_RENAME_OLD_NAME,usnjrnl,NTFS:\$Extend\$UsnJrnl:$J,-
2023-12-27T00:17:06.465821+00:00,Metadata Modification Time,FILE,NTFS USN change,3.47.1 File reference: 244421-1 Parent file reference: 244414-1 Update source:  Update reason: USN_REASON_RENAME_OLD_NAME,usnjrnl,NTFS:\$Extend\$UsnJrnl:$J,-
2023-12-27T00:17:06.465821+00:00,Metadata Modification Time,FILE,NTFS USN change,4.51.0 File reference: 244423-1 Parent file reference: 244414-1 Update source:  Update reason: USN_REASON_RENAME_OLD_NAME,usnjrnl,NTFS:\$Extend\$UsnJrnl:$J,-
2023-12-27T00:17:06.465821+00:00,Metadata Modification Time,FILE,NTFS USN change,Releases File reference: 244414-1 Parent file reference: 244412-1 Update source:  Update reason: USN_REASON_RENAME_OLD_NAME,usnjrnl,NTFS:\$Extend\$UsnJrnl:$J,-
2023-12-27T00:17:06.499286+00:00,Metadata Modification Time,FILE,NTFS USN change,000100000003BAC04199D2B6 File reference: 244416-1 Parent file reference: 29-1 Update source:  Update reason: USN_REASON_FILE_DELETE  USN_REASON_RENAME_NEW_NAME  USN_REASON_CLOSE,usnjrnl,NTFS:\$Extend\$UsnJrnl:$J,-
2023-12-27T00:17:06.499286+00:00,Metadata Modification Time,FILE,NTFS USN change,000100000003BAC04199D2B6 File reference: 244416-1 Parent file reference: 29-1 Update source:  Update reason: USN_REASON_RENAME_NEW_NAME,usnjrnl,NTFS:\$Extend\$UsnJrnl:$J,-
2023-12-27T00:17:06.499286+00:00,Metadata Modification Time,FILE,NTFS USN change,v1 File reference: 244416-1 Parent file reference: 244415-1 Update source:  Update reason: USN_REASON_RENAME_OLD_NAME,usnjrnl,NTFS:\$Extend\$UsnJrnl:$J,-
2023-12-27T00:17:06.515835+00:00,Metadata Modification Time,FILE,NTFS USN change,000100000003BABC3CF4CF43 File reference: 244412-1 Parent file reference: 29-1 Update source:  Update reason: USN_REASON_FILE_DELETE  USN_REASON_RENAME_NEW_NAME  USN_REASON_CLOSE,usnjrnl,NTFS:\$Extend\$UsnJrnl:$J,-
2023-12-27T00:17:06.515835+00:00,Metadata Modification Time,FILE,NTFS USN change,000100000003BABC3CF4CF43 File reference: 244412-1 Parent file reference: 29-1 Update source:  Update reason: USN_REASON_RENAME_NEW_NAME,usnjrnl,NTFS:\$Extend\$UsnJrnl:$J,-
2023-12-27T00:17:06.515835+00:00,Metadata Modification Time,FILE,NTFS USN change,000100000003BABF7D645B26 File reference: 244415-1 Parent file reference: 29-1 Update source:  Update reason: USN_REASON_FILE_DELETE  USN_REASON_RENAME_NEW_NAME  USN_REASON_CLOSE,usnjrnl,NTFS:\$Extend\$UsnJrnl:$J,-
2023-12-27T00:17:06.515835+00:00,Metadata Modification Time,FILE,NTFS USN change,000100000003BABF7D645B26 File reference: 244415-1 Parent file reference: 29-1 Update source:  Update reason: USN_REASON_RENAME_NEW_NAME,usnjrnl,NTFS:\$Extend\$UsnJrnl:$J,-
2023-12-27T00:17:06.515835+00:00,Metadata Modification Time,FILE,NTFS USN change,000100000003BAC23D0A6EE7 File reference: 244418-1 Parent file reference: 29-1 Update source:  Update reason: USN_REASON_FILE_DELETE  USN_REASON_RENAME_NEW_NAME  USN_REASON_CLOSE,usnjrnl,NTFS:\$Extend\$UsnJrnl:$J,-
2023-12-27T00:17:06.515835+00:00,Metadata Modification Time,FILE,NTFS USN change,000100000003BAC23D0A6EE7 File reference: 244418-1 Parent file reference: 29-1 Update source:  Update reason: USN_REASON_RENAME_NEW_NAME,usnjrnl,NTFS:\$Extend\$UsnJrnl:$J,-
2023-12-27T00:17:06.515835+00:00,Metadata Modification Time,FILE,NTFS USN change,000100000003BAC40161B524 File reference: 244420-1 Parent file reference: 29-1 Update source:  Update reason: USN_REASON_FILE_DELETE  USN_REASON_RENAME_NEW_NAME  USN_REASON_CLOSE,usnjrnl,NTFS:\$Extend\$UsnJrnl:$J,-
2023-12-27T00:17:06.515835+00:00,Metadata Modification Time,FILE,NTFS USN change,000100000003BAC40161B524 File reference: 244420-1 Parent file reference: 29-1 Update source:  Update reason: USN_REASON_RENAME_NEW_NAME,usnjrnl,NTFS:\$Extend\$UsnJrnl:$J,-
2023-12-27T00:17:06.515835+00:00,Metadata Modification Time,FILE,NTFS USN change,000100000003BAC61A342ACF File reference: 244422-1 Parent file reference: 29-1 Update source:  Update reason: USN_REASON_FILE_DELETE  USN_REASON_RENAME_NEW_NAME  USN_REASON_CLOSE,usnjrnl,NTFS:\$Extend\$UsnJrnl:$J,-
2023-12-27T00:17:06.515835+00:00,Metadata Modification Time,FILE,NTFS USN change,000100000003BAC61A342ACF File reference: 244422-1 Parent file reference: 29-1 Update source:  Update reason: USN_REASON_RENAME_NEW_NAME,usnjrnl,NTFS:\$Extend\$UsnJrnl:$J,-
2023-12-27T00:17:06.515835+00:00,Metadata Modification Time,FILE,NTFS USN change,AzureFunctionsTools File reference: 244412-1 Parent file reference: 132048-2 Update source:  Update reason: USN_REASON_RENAME_OLD_NAME,usnjrnl,NTFS:\$Extend\$UsnJrnl:$J,-
2023-12-27T00:17:06.515835+00:00,Metadata Modification Time,FILE,NTFS USN change,Tags File reference: 244415-1 Parent file reference: 244412-1 Update source:  Update reason: USN_REASON_RENAME_OLD_NAME,usnjrnl,NTFS:\$Extend\$UsnJrnl:$J,-
2023-12-27T00:17:06.515835+00:00,Metadata Modification Time,FILE,NTFS USN change,v2 File reference: 244418-1 Parent file reference: 244415-1 Update source:  Update reason: USN_REASON_RENAME_OLD_NAME,usnjrnl,NTFS:\$Extend\$UsnJrnl:$J,-
2023-12-27T00:17:06.515835+00:00,Metadata Modification Time,FILE,NTFS USN change,v3 File reference: 244420-1 Parent file reference: 244415-1 Update source:  Update reason: USN_REASON_RENAME_OLD_NAME,usnjrnl,NTFS:\$Extend\$UsnJrnl:$J,-
2023-12-27T00:17:06.515835+00:00,Metadata Modification Time,FILE,NTFS USN change,v4 File reference: 244422-1 Parent file reference: 244415-1 Update source:  Update reason: USN_REASON_RENAME_OLD_NAME,usnjrnl,NTFS:\$Extend\$UsnJrnl:$J,-
2023-12-27T00:17:06.537200+00:00,Metadata Modification Time,FILE,NTFS USN change,Windows.db File reference: 130650-12 Parent file reference: 130657-2 Update source:  Update reason: USN_REASON_FILE_CREATE,usnjrnl,NTFS:\$Extend\$UsnJrnl:$J,-
2023-12-27T00:17:06.537200+00:00,Creation Time,FILE,File stat,NTFS:\ProgramData\Microsoft\Search\Data\Applications\Windows\Windows.db Type: file,filestat,NTFS:\ProgramData\Microsoft\Search\Data\Applications\Windows\Windows.db,-
2023-12-27T00:17:06.554733+00:00,Metadata Modification Time,FILE,NTFS USN change,Windows.db-journal File reference: 130663-2 Parent file reference: 130657-2 Update source:  Update reason: USN_REASON_FILE_CREATE,usnjrnl,NTFS:\$Extend\$UsnJrnl:$J,-
2023-12-27T00:17:06.592605+00:00,Metadata Modification Time,FILE,NTFS USN change,CM2768D.tmp File reference: 130666-2 Parent file reference: 3709-1 Update source:  Update reason: USN_REASON_FILE_CREATE,usnjrnl,NTFS:\$Extend\$UsnJrnl:$J,-
2023-12-27T00:17:06.592605+00:00,Metadata Modification Time,FILE,NTFS USN change,Windows.db-journal File reference: 130663-2 Parent file reference: 130657-2 Update source:  Update reason: USN_REASON_DATA_EXTEND  USN_REASON_FILE_CREATE,usnjrnl,NTFS:\$Extend\$UsnJrnl:$J,-
2023-12-27T00:17:06.604496+00:00,Metadata Modification Time,FILE,NTFS USN change,AggregateCache.uca File reference: 244-4 Parent file reference: 615-3 Update source:  Update reason: USN_REASON_FILE_DELETE  USN_REASON_CLOSE,usnjrnl,NTFS:\$Extend\$UsnJrnl:$J,-
2023-12-27T00:17:06.604496+00:00,Metadata Modification Time,FILE,NTFS USN change,CM2768D.tmp File reference: 130666-2 Parent file reference: 3709-1 Update source:  Update reason: USN_REASON_DATA_EXTEND  USN_REASON_DATA_TRUNCATION,usnjrnl,NTFS:\$Extend\$UsnJrnl:$J,-
2023-12-27T00:17:06.604496+00:00,Metadata Modification Time,FILE,NTFS USN change,CM2768D.tmp File reference: 130666-2 Parent file reference: 3709-1 Update source:  Update reason: USN_REASON_DATA_TRUNCATION,usnjrnl,NTFS:\$Extend\$UsnJrnl:$J,-
2023-12-27T00:17:06.604496+00:00,Metadata Modification Time,FILE,NTFS USN change,CM2768D.tmp File reference: 130666-2 Parent file reference: 3709-1 Update source:  Update reason: USN_REASON_FILE_CREATE  USN_REASON_CLOSE,usnjrnl,NTFS:\$Extend\$UsnJrnl:$J,-
2023-12-27T00:17:06.619396+00:00,Metadata Modification Time,FILE,NTFS USN change,00030000000002673D40275C File reference: 615-3 Parent file reference: 29-1 Update source:  Update reason: USN_REASON_FILE_DELETE  USN_REASON_RENAME_NEW_NAME  USN_REASON_CLOSE,usnjrnl,NTFS:\$Extend\$UsnJrnl:$J,-
2023-12-27T00:17:06.619396+00:00,Metadata Modification Time,FILE,NTFS USN change,00030000000002673D40275C File reference: 615-3 Parent file reference: 29-1 Update source:  Update reason: USN_REASON_RENAME_NEW_NAME,usnjrnl,NTFS:\$Extend\$UsnJrnl:$J,-
2023-12-27T00:17:06.619396+00:00,Metadata Modification Time,FILE,NTFS USN change,000300000000029F555C6D87 File reference: 671-3 Parent file reference: 29-1 Update source:  Update reason: USN_REASON_FILE_DELETE  USN_REASON_RENAME_NEW_NAME  USN_REASON_CLOSE,usnjrnl,NTFS:\$Extend\$UsnJrnl:$J,-
2023-12-27T00:17:06.619396+00:00,Metadata Modification Time,FILE,NTFS USN change,000300000000029F555C6D87 File reference: 671-3 Parent file reference: 29-1 Update source:  Update reason: USN_REASON_RENAME_NEW_NAME,usnjrnl,NTFS:\$Extend\$UsnJrnl:$J,-
2023-12-27T00:17:06.619396+00:00,Metadata Modification Time,FILE,NTFS USN change,00060000000000AF3CAD4E14 File reference: 175-6 Parent file reference: 29-1 Update source:  Update reason: USN_REASON_FILE_DELETE  USN_REASON_RENAME_NEW_NAME  USN_REASON_CLOSE,usnjrnl,NTFS:\$Extend\$UsnJrnl:$J,-
2023-12-27T00:17:06.619396+00:00,Metadata Modification Time,FILE,NTFS USN change,00060000000000AF3CAD4E14 File reference: 175-6 Parent file reference: 29-1 Update source:  Update reason: USN_REASON_RENAME_NEW_NAME,usnjrnl,NTFS:\$Extend\$UsnJrnl:$J,-
2023-12-27T00:17:06.619396+00:00,Metadata Modification Time,FILE,NTFS USN change,Unistore File reference: 175-6 Parent file reference: 319-5 Update source:  Update reason: USN_REASON_RENAME_OLD_NAME,usnjrnl,NTFS:\$Extend\$UsnJrnl:$J,-
2023-12-27T00:17:06.619396+00:00,Metadata Modification Time,FILE,NTFS USN change,data File reference: 615-3 Parent file reference: 175-6 Update source:  Update reason: USN_REASON_RENAME_OLD_NAME,usnjrnl,NTFS:\$Extend\$UsnJrnl:$J,-
2023-12-27T00:17:06.619396+00:00,Metadata Modification Time,FILE,NTFS USN change,temp File reference: 671-3 Parent file reference: 615-3 Update source:  Update reason: USN_REASON_RENAME_OLD_NAME,usnjrnl,NTFS:\$Extend\$UsnJrnl:$J,-
2023-12-27T00:17:06.635664+00:00,Metadata Modification Time,FILE,NTFS USN change,store.jfm File reference: 574-3 Parent file reference: 508-3 Update source:  Update reason: USN_REASON_FILE_DELETE  USN_REASON_CLOSE,usnjrnl,NTFS:\$Extend\$UsnJrnl:$J,-
2023-12-27T00:17:06.668061+00:00,Metadata Modification Time,FILE,NTFS USN change,CM2768D.tmp File reference: 130666-2 Parent file reference: 3709-1 Update source:  Update reason: USN_REASON_DATA_EXTEND  USN_REASON_DATA_TRUNCATION  USN_REASON_CLOSE,usnjrnl,NTFS:\$Extend\$UsnJrnl:$J,-
2023-12-27T00:17:06.668061+00:00,Metadata Modification Time,FILE,NTFS USN change,CM2768D.tmp File reference: 130666-2 Parent file reference: 3709-1 Update source:  Update reason: USN_REASON_FILE_DELETE  USN_REASON_CLOSE,usnjrnl,NTFS:\$Extend\$UsnJrnl:$J,-
2023-12-27T00:17:06.668061+00:00,Metadata Modification Time,FILE,NTFS USN change,Windows.db-journal File reference: 130663-2 Parent file reference: 130657-2 Update source:  Update reason: USN_REASON_DATA_OVERWRITE  USN_REASON_DATA_EXTEND  USN_REASON_FILE_CREATE,usnjrnl,NTFS:\$Extend\$UsnJrnl:$J,-
2023-12-27T00:17:06.684645+00:00,Metadata Modification Time,FILE,NTFS USN change,Windows.db File reference: 130650-12 Parent file reference: 130657-2 Update source:  Update reason: USN_REASON_DATA_EXTEND  USN_REASON_FILE_CREATE,usnjrnl,NTFS:\$Extend\$UsnJrnl:$J,-
2023-12-27T00:17:06.701814+00:00,Metadata Modification Time,FILE,NTFS USN change,00030000000001FC6AF7A46F File reference: 508-3 Parent file reference: 29-1 Update source:  Update reason: USN_REASON_FILE_DELETE  USN_REASON_RENAME_NEW_NAME  USN_REASON_CLOSE,usnjrnl,NTFS:\$Extend\$UsnJrnl:$J,-
2023-12-27T00:17:06.701814+00:00,Metadata Modification Time,FILE,NTFS USN change,00030000000001FC6AF7A46F File reference: 508-3 Parent file reference: 29-1 Update source:  Update reason: USN_REASON_RENAME_NEW_NAME,usnjrnl,NTFS:\$Extend\$UsnJrnl:$J,-
2023-12-27T00:17:06.701814+00:00,Metadata Modification Time,FILE,NTFS USN change,000500000000013F5C1DF9BF File reference: 319-5 Parent file reference: 29-1 Update source:  Update reason: USN_REASON_FILE_DELETE  USN_REASON_RENAME_NEW_NAME  USN_REASON_CLOSE,usnjrnl,NTFS:\$Extend\$UsnJrnl:$J,-
2023-12-27T00:17:06.701814+00:00,Metadata Modification Time,FILE,NTFS USN change,000500000000013F5C1DF9BF File reference: 319-5 Parent file reference: 29-1 Update source:  Update reason: USN_REASON_RENAME_NEW_NAME,usnjrnl,NTFS:\$Extend\$UsnJrnl:$J,-
2023-12-27T00:17:06.701814+00:00,Metadata Modification Time,FILE,NTFS USN change,CM2772A.tmp File reference: 319-6 Parent file reference: 3709-1 Update source:  Update reason: USN_REASON_FILE_CREATE,usnjrnl,NTFS:\$Extend\$UsnJrnl:$J,-
2023-12-27T00:17:06.701814+00:00,Metadata Modification Time,FILE,NTFS USN change,CM2772A.tmp File reference: 319-6 Parent file reference: 3709-1 Update source:  Update reason: USN_REASON_FILE_CREATE  USN_REASON_CLOSE,usnjrnl,NTFS:\$Extend\$UsnJrnl:$J,-
2023-12-27T00:17:06.701814+00:00,Metadata Modification Time,FILE,NTFS USN change,Comms File reference: 319-5 Parent file reference: 132048-2 Update source:  Update reason: USN_REASON_RENAME_OLD_NAME,usnjrnl,NTFS:\$Extend\$UsnJrnl:$J,-
2023-12-27T00:17:06.701814+00:00,Metadata Modification Time,FILE,NTFS USN change,USS.jcp File reference: 573-3 Parent file reference: 508-3 Update source:  Update reason: USN_REASON_FILE_DELETE  USN_REASON_CLOSE,usnjrnl,NTFS:\$Extend\$UsnJrnl:$J,-
2023-12-27T00:17:06.701814+00:00,Metadata Modification Time,FILE,NTFS USN change,USS.jtx File reference: 510-3 Parent file reference: 508-3 Update source:  Update reason: USN_REASON_FILE_DELETE  USN_REASON_CLOSE,usnjrnl,NTFS:\$Extend\$UsnJrnl:$J,-
2023-12-27T00:17:06.701814+00:00,Metadata Modification Time,FILE,NTFS USN change,USSres00001.jrs File reference: 557-9 Parent file reference: 508-3 Update source:  Update reason: USN_REASON_FILE_DELETE  USN_REASON_CLOSE,usnjrnl,NTFS:\$Extend\$UsnJrnl:$J,-
2023-12-27T00:17:06.701814+00:00,Metadata Modification Time,FILE,NTFS USN change,USSres00002.jrs File reference: 572-3 Parent file reference: 508-3 Update source:  Update reason: USN_REASON_FILE_DELETE  USN_REASON_CLOSE,usnjrnl,NTFS:\$Extend\$UsnJrnl:$J,-
2023-12-27T00:17:06.701814+00:00,Metadata Modification Time,FILE,NTFS USN change,USStmp.jtx File reference: 536-3 Parent file reference: 508-3 Update source:  Update reason: USN_REASON_FILE_DELETE  USN_REASON_CLOSE,usnjrnl,NTFS:\$Extend\$UsnJrnl:$J,-
2023-12-27T00:17:06.701814+00:00,Metadata Modification Time,FILE,NTFS USN change,UnistoreDB File reference: 508-3 Parent file reference: 319-5 Update source:  Update reason: USN_REASON_RENAME_OLD_NAME,usnjrnl,NTFS:\$Extend\$UsnJrnl:$J,-
2023-12-27T00:17:06.701814+00:00,Metadata Modification Time,FILE,NTFS USN change,Windows-gather.db File reference: 175-7 Parent file reference: 130657-2 Update source:  Update reason: USN_REASON_FILE_CREATE,usnjrnl,NTFS:\$Extend\$UsnJrnl:$J,-
2023-12-27T00:17:06.701814+00:00,Metadata Modification Time,FILE,NTFS USN change,Windows.db File reference: 130650-12 Parent file reference: 130657-2 Update source:  Update reason: USN_REASON_DATA_EXTEND  USN_REASON_FILE_CREATE  USN_REASON_CLOSE,usnjrnl,NTFS:\$Extend\$UsnJrnl:$J,-
2023-12-27T00:17:06.701814+00:00,Metadata Modification Time,FILE,NTFS USN change,Windows.db-journal File reference: 130663-2 Parent file reference: 130657-2 Update source:  Update reason: USN_REASON_DATA_OVERWRITE  USN_REASON_DATA_EXTEND  USN_REASON_FILE_CREATE  USN_REASON_CLOSE,usnjrnl,NTFS:\$Extend\$UsnJrnl:$J,-
2023-12-27T00:17:06.701814+00:00,Metadata Modification Time,FILE,NTFS USN change,Windows.db-journal File reference: 130663-2 Parent file reference: 130657-2 Update source:  Update reason: USN_REASON_FILE_DELETE  USN_REASON_CLOSE,usnjrnl,NTFS:\$Extend\$UsnJrnl:$J,-
2023-12-27T00:17:06.701814+00:00,Metadata Modification Time,FILE,NTFS USN change,store.vol File reference: 575-3 Parent file reference: 508-3 Update source:  Update reason: USN_REASON_FILE_DELETE  USN_REASON_CLOSE,usnjrnl,NTFS:\$Extend\$UsnJrnl:$J,-
2023-12-27T00:17:06.701814+00:00,Creation Time,FILE,File stat,NTFS:\ProgramData\Microsoft\Search\Data\Applications\Windows\Windows-gather.db Type: file,filestat,NTFS:\ProgramData\Microsoft\Search\Data\Applications\Windows\Windows-gather.db,-
2023-12-27T00:17:06.740353+00:00,Metadata Modification Time,FILE,NTFS USN change,CM2772A.tmp File reference: 319-6 Parent file reference: 3709-1 Update source:  Update reason: USN_REASON_DATA_EXTEND  USN_REASON_DATA_TRUNCATION,usnjrnl,NTFS:\$Extend\$UsnJrnl:$J,-
2023-12-27T00:17:06.740353+00:00,Metadata Modification Time,FILE,NTFS USN change,CM2772A.tmp File reference: 319-6 Parent file reference: 3709-1 Update source:  Update reason: USN_REASON_DATA_TRUNCATION,usnjrnl,NTFS:\$Extend\$UsnJrnl:$J,-
2023-12-27T00:17:06.740353+00:00,Metadata Modification Time,FILE,NTFS USN change,Windows-gather.db-journal File reference: 244-5 Parent file reference: 130657-2 Update source:  Update reason: USN_REASON_DATA_EXTEND  USN_REASON_FILE_CREATE,usnjrnl,NTFS:\$Extend\$UsnJrnl:$J,-
2023-12-27T00:17:06.740353+00:00,Metadata Modification Time,FILE,NTFS USN change,Windows-gather.db-journal File reference: 244-5 Parent file reference: 130657-2 Update source:  Update reason: USN_REASON_FILE_CREATE,usnjrnl,NTFS:\$Extend\$UsnJrnl:$J,-
2023-12-27T00:17:06.747993+00:00,Metadata Modification Time,FILE,NTFS USN change,CDPGlobalSettings.cdp File reference: 132148-5 Parent file reference: 132146-3 Update source:  Update reason: USN_REASON_FILE_DELETE  USN_REASON_CLOSE,usnjrnl,NTFS:\$Extend\$UsnJrnl:$J,-
2023-12-27T00:17:06.747993+00:00,Metadata Modification Time,FILE,NTFS USN change,Connected Devices Platform certificates.sst File reference: 132162-2 Parent file reference: 132146-3 Update source:  Update reason: USN_REASON_FILE_DELETE  USN_REASON_CLOSE,usnjrnl,NTFS:\$Extend\$UsnJrnl:$J,-
2023-12-27T00:17:06.756180+00:00,Metadata Modification Time,FILE,NTFS USN change,00030000000204325C0E7277 File reference: 132146-3 Parent file reference: 29-1 Update source:  Update reason: USN_REASON_FILE_DELETE  USN_REASON_RENAME_NEW_NAME  USN_REASON_CLOSE,usnjrnl,NTFS:\$Extend\$UsnJrnl:$J,-
2023-12-27T00:17:06.756180+00:00,Metadata Modification Time,FILE,NTFS USN change,00030000000204325C0E7277 File reference: 132146-3 Parent file reference: 29-1 Update source:  Update reason: USN_REASON_RENAME_NEW_NAME,usnjrnl,NTFS:\$Extend\$UsnJrnl:$J,-
2023-12-27T00:17:06.756180+00:00,Metadata Modification Time,FILE,NTFS USN change,000300000002051A738FC6BF File reference: 132378-3 Parent file reference: 29-1 Update source:  Update reason: USN_REASON_FILE_DELETE  USN_REASON_RENAME_NEW_NAME  USN_REASON_CLOSE,usnjrnl,NTFS:\$Extend\$UsnJrnl:$J,-
2023-12-27T00:17:06.756180+00:00,Metadata Modification Time,FILE,NTFS USN change,000300000002051A738FC6BF File reference: 132378-3 Parent file reference: 29-1 Update source:  Update reason: USN_REASON_RENAME_NEW_NAME,usnjrnl,NTFS:\$Extend\$UsnJrnl:$J,-
2023-12-27T00:17:06.756180+00:00,Metadata Modification Time,FILE,NTFS USN change,ActivitiesCache.db File reference: 132395-3 Parent file reference: 132378-3 Update source:  Update reason: USN_REASON_FILE_DELETE  USN_REASON_CLOSE,usnjrnl,NTFS:\$Extend\$UsnJrnl:$J,-
2023-12-27T00:17:06.756180+00:00,Metadata Modification Time,FILE,NTFS USN change,ActivitiesCache.db-shm File reference: 132397-2 Parent file reference: 132378-3 Update source:  Update reason: USN_REASON_FILE_DELETE  USN_REASON_CLOSE,usnjrnl,NTFS:\$Extend\$UsnJrnl:$J,-
2023-12-27T00:17:06.756180+00:00,Metadata Modification Time,FILE,NTFS USN change,ActivitiesCache.db-wal File reference: 132396-3 Parent file reference: 132378-3 Update source:  Update reason: USN_REASON_FILE_DELETE  USN_REASON_CLOSE,usnjrnl,NTFS:\$Extend\$UsnJrnl:$J,-
2023-12-27T00:17:06.756180+00:00,Metadata Modification Time,FILE,NTFS USN change,CM2772A.tmp File reference: 319-6 Parent file reference: 3709-1 Update source:  Update reason: USN_REASON_DATA_EXTEND  USN_REASON_DATA_TRUNCATION  USN_REASON_CLOSE,usnjrnl,NTFS:\$Extend\$UsnJrnl:$J,-
2023-12-27T00:17:06.756180+00:00,Metadata Modification Time,FILE,NTFS USN change,CM2772A.tmp File reference: 319-6 Parent file reference: 3709-1 Update source:  Update reason: USN_REASON_FILE_DELETE  USN_REASON_CLOSE,usnjrnl,NTFS:\$Extend\$UsnJrnl:$J,-
2023-12-27T00:17:06.756180+00:00,Metadata Modification Time,FILE,NTFS USN change,CM2775A.tmp File reference: 319-7 Parent file reference: 3709-1 Update source:  Update reason: USN_REASON_DATA_EXTEND  USN_REASON_DATA_TRUNCATION,usnjrnl,NTFS:\$Extend\$UsnJrnl:$J,-
2023-12-27T00:17:06.756180+00:00,Metadata Modification Time,FILE,NTFS USN change,CM2775A.tmp File reference: 319-7 Parent file reference: 3709-1 Update source:  Update reason: USN_REASON_DATA_TRUNCATION,usnjrnl,NTFS:\$Extend\$UsnJrnl:$J,-
2023-12-27T00:17:06.756180+00:00,Metadata Modification Time,FILE,NTFS USN change,CM2775A.tmp File reference: 319-7 Parent file reference: 3709-1 Update source:  Update reason: USN_REASON_FILE_CREATE,usnjrnl,NTFS:\$Extend\$UsnJrnl:$J,-
2023-12-27T00:17:06.756180+00:00,Metadata Modification Time,FILE,NTFS USN change,CM2775A.tmp File reference: 319-7 Parent file reference: 3709-1 Update source:  Update reason: USN_REASON_FILE_CREATE  USN_REASON_CLOSE,usnjrnl,NTFS:\$Extend\$UsnJrnl:$J,-
2023-12-27T00:17:06.756180+00:00,Metadata Modification Time,FILE,NTFS USN change,ConnectedDevicesPlatform File reference: 132146-3 Parent file reference: 132048-2 Update source:  Update reason: USN_REASON_RENAME_OLD_NAME,usnjrnl,NTFS:\$Extend\$UsnJrnl:$J,-
2023-12-27T00:17:06.756180+00:00,Metadata Modification Time,FILE,NTFS USN change,History File reference: 132139-2 Parent file reference: 132048-2 Update source:  Update reason: USN_REASON_BASIC_INFO_CHANGE,usnjrnl,NTFS:\$Extend\$UsnJrnl:$J,-
2023-12-27T00:17:06.756180+00:00,Metadata Modification Time,FILE,NTFS USN change,History File reference: 132139-2 Parent file reference: 132048-2 Update source:  Update reason: USN_REASON_BASIC_INFO_CHANGE  USN_REASON_CLOSE,usnjrnl,NTFS:\$Extend\$UsnJrnl:$J,-
2023-12-27T00:17:06.756180+00:00,Metadata Modification Time,FILE,NTFS USN change,L.Administrator File reference: 132378-3 Parent file reference: 132146-3 Update source:  Update reason: USN_REASON_RENAME_OLD_NAME,usnjrnl,NTFS:\$Extend\$UsnJrnl:$J,-
2023-12-27T00:17:06.756180+00:00,Metadata Modification Time,FILE,NTFS USN change,L.Administrator.cdp File reference: 132380-2 Parent file reference: 132146-3 Update source:  Update reason: USN_REASON_FILE_DELETE  USN_REASON_CLOSE,usnjrnl,NTFS:\$Extend\$UsnJrnl:$J,-
2023-12-27T00:17:06.756180+00:00,Metadata Modification Time,FILE,NTFS USN change,L.Administrator.cdpresource File reference: 132151-2 Parent file reference: 132146-3 Update source:  Update reason: USN_REASON_FILE_DELETE  USN_REASON_CLOSE,usnjrnl,NTFS:\$Extend\$UsnJrnl:$J,-
2023-12-27T00:17:06.756180+00:00,Metadata Modification Time,FILE,NTFS USN change,Windows-gather.db File reference: 175-7 Parent file reference: 130657-2 Update source:  Update reason: USN_REASON_DATA_EXTEND  USN_REASON_FILE_CREATE,usnjrnl,NTFS:\$Extend\$UsnJrnl:$J,-
2023-12-27T00:17:06.756180+00:00,Metadata Modification Time,FILE,NTFS USN change,Windows-gather.db-journal File reference: 244-5 Parent file reference: 130657-2 Update source:  Update reason: USN_REASON_DATA_OVERWRITE  USN_REASON_DATA_EXTEND  USN_REASON_FILE_CREATE,usnjrnl,NTFS:\$Extend\$UsnJrnl:$J,-
2023-12-27T00:17:06.772648+00:00,Metadata Modification Time,FILE,NTFS USN change,History File reference: 132139-2 Parent file reference: 132048-2 Update source:  Update reason: USN_REASON_FILE_DELETE  USN_REASON_CLOSE,usnjrnl,NTFS:\$Extend\$UsnJrnl:$J,-
2023-12-27T00:17:06.772648+00:00,Metadata Modification Time,FILE,NTFS USN change,IconCache.db File reference: 133824-2 Parent file reference: 132048-2 Update source:  Update reason: USN_REASON_FILE_DELETE  USN_REASON_CLOSE,usnjrnl,NTFS:\$Extend\$UsnJrnl:$J,-
2023-12-27T00:17:06.772648+00:00,Metadata Modification Time,FILE,NTFS USN change,Windows-gather.db File reference: 175-7 Parent file reference: 130657-2 Update source:  Update reason: USN_REASON_DATA_EXTEND  USN_REASON_FILE_CREATE  USN_REASON_CLOSE,usnjrnl,NTFS:\$Extend\$UsnJrnl:$J,-
2023-12-27T00:17:06.772648+00:00,Metadata Modification Time,FILE,NTFS USN change,Windows-gather.db-journal File reference: 244-5 Parent file reference: 130657-2 Update source:  Update reason: USN_REASON_DATA_OVERWRITE  USN_REASON_DATA_EXTEND  USN_REASON_FILE_CREATE  USN_REASON_CLOSE,usnjrnl,NTFS:\$Extend\$UsnJrnl:$J,-
2023-12-27T00:17:06.772648+00:00,Metadata Modification Time,FILE,NTFS USN change,Windows-gather.db-journal File reference: 244-5 Parent file reference: 130657-2 Update source:  Update reason: USN_REASON_FILE_DELETE  USN_REASON_CLOSE,usnjrnl,NTFS:\$Extend\$UsnJrnl:$J,-
2023-12-27T00:17:06.772648+00:00,Metadata Modification Time,FILE,NTFS USN change,Windows-usn.db File reference: 244-6 Parent file reference: 130657-2 Update source:  Update reason: USN_REASON_FILE_CREATE,usnjrnl,NTFS:\$Extend\$UsnJrnl:$J,-
2023-12-27T00:17:06.772648+00:00,Metadata Modification Time,FILE,NTFS USN change,Windows-usn.db-journal File reference: 508-4 Parent file reference: 130657-2 Update source:  Update reason: USN_REASON_DATA_EXTEND  USN_REASON_FILE_CREATE,usnjrnl,NTFS:\$Extend\$UsnJrnl:$J,-
2023-12-27T00:17:06.772648+00:00,Metadata Modification Time,FILE,NTFS USN change,Windows-usn.db-journal File reference: 508-4 Parent file reference: 130657-2 Update source:  Update reason: USN_REASON_FILE_CREATE,usnjrnl,NTFS:\$Extend\$UsnJrnl:$J,-
2023-12-27T00:17:06.772648+00:00,Creation Time,FILE,File stat,NTFS:\ProgramData\Microsoft\Search\Data\Applications\Windows\Windows-usn.db Type: file,filestat,NTFS:\ProgramData\Microsoft\Search\Data\Applications\Windows\Windows-usn.db,-
2023-12-27T00:17:06.788404+00:00,Metadata Modification Time,FILE,NTFS USN change,Windows-usn.db-journal File reference: 508-4 Parent file reference: 130657-2 Update source:  Update reason: USN_REASON_DATA_OVERWRITE  USN_REASON_DATA_EXTEND  USN_REASON_FILE_CREATE,usnjrnl,NTFS:\$Extend\$UsnJrnl:$J,-
2023-12-27T00:17:06.827372+00:00,Metadata Modification Time,FILE,NTFS USN change,Windows-usn.db File reference: 244-6 Parent file reference: 130657-2 Update source:  Update reason: USN_REASON_DATA_EXTEND  USN_REASON_FILE_CREATE,usnjrnl,NTFS:\$Extend\$UsnJrnl:$J,-
2023-12-27T00:17:06.843776+00:00,Metadata Modification Time,FILE,NTFS USN change,Windows-usn.db File reference: 244-6 Parent file reference: 130657-2 Update source:  Update reason: USN_REASON_DATA_EXTEND  USN_REASON_FILE_CREATE  USN_REASON_CLOSE,usnjrnl,NTFS:\$Extend\$UsnJrnl:$J,-
2023-12-27T00:17:06.843776+00:00,Metadata Modification Time,FILE,NTFS USN change,Windows-usn.db-journal File reference: 508-4 Parent file reference: 130657-2 Update source:  Update reason: USN_REASON_DATA_OVERWRITE  USN_REASON_DATA_EXTEND  USN_REASON_FILE_CREATE  USN_REASON_CLOSE,usnjrnl,NTFS:\$Extend\$UsnJrnl:$J,-
2023-12-27T00:17:06.843776+00:00,Metadata Modification Time,FILE,NTFS USN change,Windows-usn.db-journal File reference: 508-4 Parent file reference: 130657-2 Update source:  Update reason: USN_REASON_FILE_DELETE  USN_REASON_CLOSE,usnjrnl,NTFS:\$Extend\$UsnJrnl:$J,-
2023-12-27T00:17:06.859500+00:00,Metadata Modification Time,FILE,NTFS USN change,00010000000207872A70DC64 File reference: 132999-1 Parent file reference: 29-1 Update source:  Update reason: USN_REASON_FILE_DELETE  USN_REASON_RENAME_NEW_NAME  USN_REASON_CLOSE,usnjrnl,NTFS:\$Extend\$UsnJrnl:$J,-
2023-12-27T00:17:06.859500+00:00,Metadata Modification Time,FILE,NTFS USN change,00010000000207872A70DC64 File reference: 132999-1 Parent file reference: 29-1 Update source:  Update reason: USN_REASON_RENAME_NEW_NAME,usnjrnl,NTFS:\$Extend\$UsnJrnl:$J,-
2023-12-27T00:17:06.859500+00:00,Metadata Modification Time,FILE,NTFS USN change,0001000000020788322E9759 File reference: 133000-1 Parent file reference: 29-1 Update source:  Update reason: USN_REASON_FILE_DELETE  USN_REASON_RENAME_NEW_NAME  USN_REASON_CLOSE,usnjrnl,NTFS:\$Extend\$UsnJrnl:$J,-
2023-12-27T00:17:06.859500+00:00,Metadata Modification Time,FILE,NTFS USN change,0001000000020788322E9759 File reference: 133000-1 Parent file reference: 29-1 Update source:  Update reason: USN_REASON_RENAME_NEW_NAME,usnjrnl,NTFS:\$Extend\$UsnJrnl:$J,-
2023-12-27T00:17:06.859500+00:00,Metadata Modification Time,FILE,NTFS USN change,00010000000208656F380412 File reference: 133221-1 Parent file reference: 29-1 Update source:  Update reason: USN_REASON_FILE_DELETE  USN_REASON_RENAME_NEW_NAME  USN_REASON_CLOSE,usnjrnl,NTFS:\$Extend\$UsnJrnl:$J,-
2023-12-27T00:17:06.859500+00:00,Metadata Modification Time,FILE,NTFS USN change,00010000000208656F380412 File reference: 133221-1 Parent file reference: 29-1 Update source:  Update reason: USN_REASON_RENAME_NEW_NAME,usnjrnl,NTFS:\$Extend\$UsnJrnl:$J,-
2023-12-27T00:17:06.859500+00:00,Metadata Modification Time,FILE,NTFS USN change,00030000000204307B76AFB2 File reference: 132144-3 Parent file reference: 29-1 Update source:  Update reason: USN_REASON_FILE_DELETE  USN_REASON_RENAME_NEW_NAME  USN_REASON_BASIC_INFO_CHANGE  USN_REASON_CLOSE,usnjrnl,NTFS:\$Extend\$UsnJrnl:$J,-
2023-12-27T00:17:06.859500+00:00,Metadata Modification Time,FILE,NTFS USN change,00030000000204307B76AFB2 File reference: 132144-3 Parent file reference: 29-1 Update source:  Update reason: USN_REASON_RENAME_NEW_NAME  USN_REASON_BASIC_INFO_CHANGE,usnjrnl,NTFS:\$Extend\$UsnJrnl:$J,-
2023-12-27T00:17:06.859500+00:00,Metadata Modification Time,FILE,NTFS USN change,BrowserMetrics File reference: 133221-1 Parent file reference: 132731-2 Update source:  Update reason: USN_REASON_RENAME_OLD_NAME,usnjrnl,NTFS:\$Extend\$UsnJrnl:$J,-
2023-12-27T00:17:06.859500+00:00,Metadata Modification Time,FILE,NTFS USN change,BrowserMetrics-655504D4-B78.pma File reference: 133222-1 Parent file reference: 133221-1 Update source:  Update reason: USN_REASON_FILE_DELETE  USN_REASON_CLOSE,usnjrnl,NTFS:\$Extend\$UsnJrnl:$J,-
2023-12-27T00:17:06.859500+00:00,Metadata Modification Time,FILE,NTFS USN change,CLR_v4.0 File reference: 132999-1 Parent file reference: 132050-2 Update source:  Update reason: USN_REASON_RENAME_OLD_NAME,usnjrnl,NTFS:\$Extend\$UsnJrnl:$J,-
2023-12-27T00:17:06.859500+00:00,Metadata Modification Time,FILE,NTFS USN change,Credentials File reference: 132144-3 Parent file reference: 132050-2 Update source:  Update reason: USN_REASON_BASIC_INFO_CHANGE,usnjrnl,NTFS:\$Extend\$UsnJrnl:$J,-
2023-12-27T00:17:06.859500+00:00,Metadata Modification Time,FILE,NTFS USN change,Credentials File reference: 132144-3 Parent file reference: 132050-2 Update source:  Update reason: USN_REASON_RENAME_OLD_NAME  USN_REASON_BASIC_INFO_CHANGE,usnjrnl,NTFS:\$Extend\$UsnJrnl:$J,-
2023-12-27T00:17:06.859500+00:00,Metadata Modification Time,FILE,NTFS USN change,Download File reference: 508-5 Parent file reference: 37426-5 Update source:  Update reason: USN_REASON_FILE_CREATE,usnjrnl,NTFS:\$Extend\$UsnJrnl:$J,-
2023-12-27T00:17:06.859500+00:00,Metadata Modification Time,FILE,NTFS USN change,Download File reference: 508-5 Parent file reference: 37426-5 Update source:  Update reason: USN_REASON_FILE_CREATE  USN_REASON_CLOSE,usnjrnl,NTFS:\$Extend\$UsnJrnl:$J,-
2023-12-27T00:17:06.859500+00:00,Metadata Modification Time,FILE,NTFS USN change,SharedFileCache File reference: 510-4 Parent file reference: 508-5 Update source:  Update reason: USN_REASON_FILE_CREATE,usnjrnl,NTFS:\$Extend\$UsnJrnl:$J,-
2023-12-27T00:17:06.859500+00:00,Metadata Modification Time,FILE,NTFS USN change,SharedFileCache File reference: 510-4 Parent file reference: 508-5 Update source:  Update reason: USN_REASON_FILE_CREATE  USN_REASON_CLOSE,usnjrnl,NTFS:\$Extend\$UsnJrnl:$J,-
2023-12-27T00:17:06.859500+00:00,Metadata Modification Time,FILE,NTFS USN change,UsageLogs File reference: 133000-1 Parent file reference: 132999-1 Update source:  Update reason: USN_REASON_RENAME_OLD_NAME,usnjrnl,NTFS:\$Extend\$UsnJrnl:$J,-
2023-12-27T00:17:06.859500+00:00,Metadata Modification Time,FILE,NTFS USN change,powershell.exe.log File reference: 133001-1 Parent file reference: 133000-1 Update source:  Update reason: USN_REASON_FILE_DELETE  USN_REASON_CLOSE,usnjrnl,NTFS:\$Extend\$UsnJrnl:$J,-
2023-12-27T00:17:06.859500+00:00,Content Modification Time,FILE,File stat,NTFS:\Windows\SoftwareDistribution\Download Type: directory,filestat,NTFS:\Windows\SoftwareDistribution\Download,-
2023-12-27T00:17:06.859500+00:00,Creation Time,FILE,File stat,NTFS:\Windows\SoftwareDistribution\Download Type: directory,filestat,NTFS:\Windows\SoftwareDistribution\Download,-
2023-12-27T00:17:06.859500+00:00,Last Access Time,FILE,File stat,NTFS:\Windows\SoftwareDistribution\Download Type: directory,filestat,NTFS:\Windows\SoftwareDistribution\Download,-
2023-12-27T00:17:06.859500+00:00,Metadata Modification Time,FILE,File stat,NTFS:\Windows\SoftwareDistribution\Download Type: directory,filestat,NTFS:\Windows\SoftwareDistribution\Download,-
2023-12-27T00:17:06.859500+00:00,Content Modification Time,FILE,File stat,NTFS:\Windows\SoftwareDistribution\Download\SharedFileCache Type: directory,filestat,NTFS:\Windows\SoftwareDistribution\Download\SharedFileCache,-
2023-12-27T00:17:06.859500+00:00,Creation Time,FILE,File stat,NTFS:\Windows\SoftwareDistribution\Download\SharedFileCache Type: directory,filestat,NTFS:\Windows\SoftwareDistribution\Download\SharedFileCache,-
2023-12-27T00:17:06.859500+00:00,Last Access Time,FILE,File stat,NTFS:\Windows\SoftwareDistribution\Download\SharedFileCache Type: directory,filestat,NTFS:\Windows\SoftwareDistribution\Download\SharedFileCache,-
2023-12-27T00:17:06.859500+00:00,Metadata Modification Time,FILE,File stat,NTFS:\Windows\SoftwareDistribution\Download\SharedFileCache Type: directory,filestat,NTFS:\Windows\SoftwareDistribution\Download\SharedFileCache,-
2023-12-27T00:17:06.877250+00:00,Metadata Modification Time,FILE,NTFS USN change,000200000002069531C1C9C1 File reference: 132757-2 Parent file reference: 29-1 Update source:  Update reason: USN_REASON_FILE_DELETE  USN_REASON_RENAME_NEW_NAME  USN_REASON_CLOSE,usnjrnl,NTFS:\$Extend\$UsnJrnl:$J,-
2023-12-27T00:17:06.877250+00:00,Metadata Modification Time,FILE,NTFS USN change,000200000002069531C1C9C1 File reference: 132757-2 Parent file reference: 29-1 Update source:  Update reason: USN_REASON_RENAME_NEW_NAME,usnjrnl,NTFS:\$Extend\$UsnJrnl:$J,-
2023-12-27T00:17:06.877250+00:00,Metadata Modification Time,FILE,NTFS USN change,Windows.db-shm File reference: 557-10 Parent file reference: 130657-2 Update source:  Update reason: USN_REASON_DATA_EXTEND  USN_REASON_FILE_CREATE,usnjrnl,NTFS:\$Extend\$UsnJrnl:$J,-
2023-12-27T00:17:06.877250+00:00,Metadata Modification Time,FILE,NTFS USN change,Windows.db-shm File reference: 557-10 Parent file reference: 130657-2 Update source:  Update reason: USN_REASON_FILE_CREATE,usnjrnl,NTFS:\$Extend\$UsnJrnl:$J,-
2023-12-27T00:17:06.877250+00:00,Metadata Modification Time,FILE,NTFS USN change,Windows.db-wal File reference: 536-4 Parent file reference: 130657-2 Update source:  Update reason: USN_REASON_FILE_CREATE,usnjrnl,NTFS:\$Extend\$UsnJrnl:$J,-
2023-12-27T00:17:06.877250+00:00,Metadata Modification Time,FILE,NTFS USN change,attachments File reference: 132757-2 Parent file reference: 132753-2 Update source:  Update reason: USN_REASON_RENAME_OLD_NAME,usnjrnl,NTFS:\$Extend\$UsnJrnl:$J,-
2023-12-27T00:17:06.890802+00:00,Metadata Modification Time,FILE,NTFS USN change,00020000000206920FA30A1E File reference: 132754-2 Parent file reference: 29-1 Update source:  Update reason: USN_REASON_FILE_DELETE  USN_REASON_RENAME_NEW_NAME  USN_REASON_CLOSE,usnjrnl,NTFS:\$Extend\$UsnJrnl:$J,-
2023-12-27T00:17:06.890802+00:00,Metadata Modification Time,FILE,NTFS USN change,00020000000206920FA30A1E File reference: 132754-2 Parent file reference: 29-1 Update source:  Update reason: USN_REASON_RENAME_NEW_NAME,usnjrnl,NTFS:\$Extend\$UsnJrnl:$J,-
2023-12-27T00:17:06.890802+00:00,Metadata Modification Time,FILE,NTFS USN change,metadata File reference: 132750-3 Parent file reference: 132753-2 Update source:  Update reason: USN_REASON_FILE_DELETE  USN_REASON_CLOSE,usnjrnl,NTFS:\$Extend\$UsnJrnl:$J,-
2023-12-27T00:17:06.890802+00:00,Metadata Modification Time,FILE,NTFS USN change,reports File reference: 132754-2 Parent file reference: 132753-2 Update source:  Update reason: USN_REASON_RENAME_OLD_NAME,usnjrnl,NTFS:\$Extend\$UsnJrnl:$J,-
2023-12-27T00:17:06.894048+00:00,Metadata Modification Time,FILE,NTFS USN change,CM2775A.tmp File reference: 319-7 Parent file reference: 3709-1 Update source:  Update reason: USN_REASON_DATA_EXTEND  USN_REASON_DATA_TRUNCATION  USN_REASON_CLOSE,usnjrnl,NTFS:\$Extend\$UsnJrnl:$J,-
2023-12-27T00:17:06.894048+00:00,Metadata Modification Time,FILE,NTFS USN change,CM2775A.tmp File reference: 319-7 Parent file reference: 3709-1 Update source:  Update reason: USN_REASON_FILE_DELETE  USN_REASON_CLOSE,usnjrnl,NTFS:\$Extend\$UsnJrnl:$J,-
2023-12-27T00:17:06.894048+00:00,Metadata Modification Time,FILE,NTFS USN change,CM277E7.tmp File reference: 319-8 Parent file reference: 3709-1 Update source:  Update reason: USN_REASON_DATA_EXTEND  USN_REASON_DATA_TRUNCATION,usnjrnl,NTFS:\$Extend\$UsnJrnl:$J,-
2023-12-27T00:17:06.894048+00:00,Metadata Modification Time,FILE,NTFS USN change,CM277E7.tmp File reference: 319-8 Parent file reference: 3709-1 Update source:  Update reason: USN_REASON_DATA_TRUNCATION,usnjrnl,NTFS:\$Extend\$UsnJrnl:$J,-
2023-12-27T00:17:06.894048+00:00,Metadata Modification Time,FILE,NTFS USN change,CM277E7.tmp File reference: 319-8 Parent file reference: 3709-1 Update source:  Update reason: USN_REASON_FILE_CREATE,usnjrnl,NTFS:\$Extend\$UsnJrnl:$J,-
2023-12-27T00:17:06.894048+00:00,Metadata Modification Time,FILE,NTFS USN change,CM277E7.tmp File reference: 319-8 Parent file reference: 3709-1 Update source:  Update reason: USN_REASON_FILE_CREATE  USN_REASON_CLOSE,usnjrnl,NTFS:\$Extend\$UsnJrnl:$J,-
2023-12-27T00:17:06.894048+00:00,Metadata Modification Time,FILE,NTFS USN change,Microsoft-Windows-Windows Defender%4Operational.evtx File reference: 129861-1 Parent file reference: 4877-1 Update source:  Update reason: USN_REASON_DATA_OVERWRITE,usnjrnl,NTFS:\$Extend\$UsnJrnl:$J,-
2023-12-27T00:17:06.894048+00:00,Metadata Modification Time,FILE,NTFS USN change,Microsoft-Windows-Windows Defender%4Operational.evtx File reference: 129861-1 Parent file reference: 4877-1 Update source:  Update reason: USN_REASON_DATA_OVERWRITE  USN_REASON_CLOSE,usnjrnl,NTFS:\$Extend\$UsnJrnl:$J,-
2023-12-27T00:17:06.894048+00:00,Metadata Modification Time,FILE,NTFS USN change,Windows.db-wal File reference: 536-4 Parent file reference: 130657-2 Update source:  Update reason: USN_REASON_DATA_EXTEND  USN_REASON_FILE_CREATE,usnjrnl,NTFS:\$Extend\$UsnJrnl:$J,-
2023-12-27T00:17:06.894048+00:00,Metadata Modification Time,FILE,NTFS USN change,settings.dat File reference: 132758-2 Parent file reference: 132753-2 Update source:  Update reason: USN_REASON_FILE_DELETE  USN_REASON_CLOSE,usnjrnl,NTFS:\$Extend\$UsnJrnl:$J,-
2023-12-27T00:17:06.910594+00:00,Metadata Modification Time,FILE,NTFS USN change,Windows.db File reference: 130650-12 Parent file reference: 130657-2 Update source:  Update reason: USN_REASON_DATA_OVERWRITE,usnjrnl,NTFS:\$Extend\$UsnJrnl:$J,-
2023-12-27T00:17:06.910594+00:00,Metadata Modification Time,FILE,NTFS USN change,Windows.db File reference: 130650-12 Parent file reference: 130657-2 Update source:  Update reason: USN_REASON_DATA_OVERWRITE  USN_REASON_DATA_EXTEND,usnjrnl,NTFS:\$Extend\$UsnJrnl:$J,-
2023-12-27T00:17:06.910594+00:00,Metadata Modification Time,FILE,NTFS USN change,Windows.db File reference: 130650-12 Parent file reference: 130657-2 Update source:  Update reason: USN_REASON_DATA_OVERWRITE  USN_REASON_DATA_EXTEND  USN_REASON_CLOSE,usnjrnl,NTFS:\$Extend\$UsnJrnl:$J,-
2023-12-27T00:17:06.910594+00:00,Metadata Modification Time,FILE,NTFS USN change,Windows.db-shm File reference: 557-10 Parent file reference: 130657-2 Update source:  Update reason: USN_REASON_DATA_EXTEND  USN_REASON_FILE_CREATE  USN_REASON_CLOSE,usnjrnl,NTFS:\$Extend\$UsnJrnl:$J,-
2023-12-27T00:17:06.910594+00:00,Metadata Modification Time,FILE,NTFS USN change,Windows.db-shm File reference: 557-10 Parent file reference: 130657-2 Update source:  Update reason: USN_REASON_FILE_DELETE  USN_REASON_CLOSE,usnjrnl,NTFS:\$Extend\$UsnJrnl:$J,-
2023-12-27T00:17:06.910594+00:00,Metadata Modification Time,FILE,NTFS USN change,Windows.db-wal File reference: 536-4 Parent file reference: 130657-2 Update source:  Update reason: USN_REASON_DATA_EXTEND  USN_REASON_FILE_CREATE  USN_REASON_CLOSE,usnjrnl,NTFS:\$Extend\$UsnJrnl:$J,-
2023-12-27T00:17:06.910594+00:00,Metadata Modification Time,FILE,NTFS USN change,Windows.db-wal File reference: 536-4 Parent file reference: 130657-2 Update source:  Update reason: USN_REASON_FILE_DELETE  USN_REASON_CLOSE,usnjrnl,NTFS:\$Extend\$UsnJrnl:$J,-
2023-12-27T00:17:06.925791+00:00,Metadata Modification Time,FILE,NTFS USN change,00020000000206910F169374 File reference: 132753-2 Parent file reference: 29-1 Update source:  Update reason: USN_REASON_FILE_DELETE  USN_REASON_RENAME_NEW_NAME  USN_REASON_CLOSE,usnjrnl,NTFS:\$Extend\$UsnJrnl:$J,-
2023-12-27T00:17:06.925791+00:00,Metadata Modification Time,FILE,NTFS USN change,00020000000206910F169374 File reference: 132753-2 Parent file reference: 29-1 Update source:  Update reason: USN_REASON_RENAME_NEW_NAME,usnjrnl,NTFS:\$Extend\$UsnJrnl:$J,-
2023-12-27T00:17:06.925791+00:00,Metadata Modification Time,FILE,NTFS USN change,CM277E7.tmp File reference: 319-8 Parent file reference: 3709-1 Update source:  Update reason: USN_REASON_DATA_EXTEND  USN_REASON_DATA_TRUNCATION  USN_REASON_CLOSE,usnjrnl,NTFS:\$Extend\$UsnJrnl:$J,-
2023-12-27T00:17:06.925791+00:00,Metadata Modification Time,FILE,NTFS USN change,CM277E7.tmp File reference: 319-8 Parent file reference: 3709-1 Update source:  Update reason: USN_REASON_FILE_DELETE  USN_REASON_CLOSE,usnjrnl,NTFS:\$Extend\$UsnJrnl:$J,-
2023-12-27T00:17:06.925791+00:00,Metadata Modification Time,FILE,NTFS USN change,Crashpad File reference: 132753-2 Parent file reference: 132731-2 Update source:  Update reason: USN_REASON_RENAME_OLD_NAME,usnjrnl,NTFS:\$Extend\$UsnJrnl:$J,-
2023-12-27T00:17:06.925791+00:00,Metadata Modification Time,FILE,NTFS USN change,throttle_store.dat File reference: 132759-2 Parent file reference: 132753-2 Update source:  Update reason: USN_REASON_FILE_DELETE  USN_REASON_CLOSE,usnjrnl,NTFS:\$Extend\$UsnJrnl:$J,-
2023-12-27T00:17:06.941842+00:00,Metadata Modification Time,FILE,NTFS USN change,000100000002089A16B0D408 File reference: 133274-1 Parent file reference: 29-1 Update source:  Update reason: USN_REASON_FILE_DELETE  USN_REASON_RENAME_NEW_NAME  USN_REASON_CLOSE,usnjrnl,NTFS:\$Extend\$UsnJrnl:$J,-
2023-12-27T00:17:06.941842+00:00,Metadata Modification Time,FILE,NTFS USN change,000100000002089A16B0D408 File reference: 133274-1 Parent file reference: 29-1 Update source:  Update reason: USN_REASON_RENAME_NEW_NAME,usnjrnl,NTFS:\$Extend\$UsnJrnl:$J,-
2023-12-27T00:17:06.941842+00:00,Metadata Modification Time,FILE,NTFS USN change,CM27817.tmp File reference: 319-9 Parent file reference: 3709-1 Update source:  Update reason: USN_REASON_DATA_EXTEND  USN_REASON_DATA_TRUNCATION,usnjrnl,NTFS:\$Extend\$UsnJrnl:$J,-
2023-12-27T00:17:06.941842+00:00,Metadata Modification Time,FILE,NTFS USN change,CM27817.tmp File reference: 319-9 Parent file reference: 3709-1 Update source:  Update reason: USN_REASON_DATA_TRUNCATION,usnjrnl,NTFS:\$Extend\$UsnJrnl:$J,-
2023-12-27T00:17:06.941842+00:00,Metadata Modification Time,FILE,NTFS USN change,CM27817.tmp File reference: 319-9 Parent file reference: 3709-1 Update source:  Update reason: USN_REASON_FILE_CREATE,usnjrnl,NTFS:\$Extend\$UsnJrnl:$J,-
2023-12-27T00:17:06.941842+00:00,Metadata Modification Time,FILE,NTFS USN change,CM27817.tmp File reference: 319-9 Parent file reference: 3709-1 Update source:  Update reason: USN_REASON_FILE_CREATE  USN_REASON_CLOSE,usnjrnl,NTFS:\$Extend\$UsnJrnl:$J,-
2023-12-27T00:17:06.941842+00:00,Metadata Modification Time,FILE,NTFS USN change,Cache File reference: 133274-1 Parent file reference: 133266-1 Update source:  Update reason: USN_REASON_RENAME_OLD_NAME,usnjrnl,NTFS:\$Extend\$UsnJrnl:$J,-
2023-12-27T00:17:06.941842+00:00,Content Modification Time,REG,Registry Key,[HKEY_LOCAL_MACHINE\Software\Microsoft\Windows Search\Gathering Manager\Applications\Windows\PluginManagers\0] ProgId: [REG_SZ] Search.TripoliIndexer,winreg/winreg_default,NTFS:\Windows\System32\config\SOFTWARE,-
2023-12-27T00:17:06.941842+00:00,Content Modification Time,REG,Registry Key,[HKEY_LOCAL_MACHINE\Software\Microsoft\Windows Search\Gathering Manager\Applications\Windows\PluginManagers\1] ProgId: [REG_SZ] Search.MapPI,winreg/winreg_default,NTFS:\Windows\System32\config\SOFTWARE,-
2023-12-27T00:17:06.941842+00:00,Content Modification Time,REG,Registry Key,[HKEY_LOCAL_MACHINE\Software\Microsoft\Windows Search\Gathering Manager\Applications\Windows\PluginManagers] (empty),winreg/winreg_default,NTFS:\Windows\System32\config\SOFTWARE,-
2023-12-27T00:17:06.957114+00:00,Metadata Modification Time,FILE,NTFS USN change,00010000000208B044DE544F File reference: 133296-1 Parent file reference: 29-1 Update source:  Update reason: USN_REASON_FILE_DELETE  USN_REASON_RENAME_NEW_NAME  USN_REASON_CLOSE,usnjrnl,NTFS:\$Extend\$UsnJrnl:$J,-
2023-12-27T00:17:06.957114+00:00,Metadata Modification Time,FILE,NTFS USN change,00010000000208B044DE544F File reference: 133296-1 Parent file reference: 29-1 Update source:  Update reason: USN_REASON_RENAME_NEW_NAME,usnjrnl,NTFS:\$Extend\$UsnJrnl:$J,-
2023-12-27T00:17:06.957114+00:00,Metadata Modification Time,FILE,NTFS USN change,00010000000208B523759715 File reference: 133301-1 Parent file reference: 29-1 Update source:  Update reason: USN_REASON_FILE_DELETE  USN_REASON_RENAME_NEW_NAME  USN_REASON_CLOSE,usnjrnl,NTFS:\$Extend\$UsnJrnl:$J,-
2023-12-27T00:17:06.957114+00:00,Metadata Modification Time,FILE,NTFS USN change,00010000000208B523759715 File reference: 133301-1 Parent file reference: 29-1 Update source:  Update reason: USN_REASON_RENAME_NEW_NAME,usnjrnl,NTFS:\$Extend\$UsnJrnl:$J,-
2023-12-27T00:17:06.957114+00:00,Metadata Modification Time,FILE,NTFS USN change,index File reference: 133298-1 Parent file reference: 133296-1 Update source:  Update reason: USN_REASON_FILE_DELETE  USN_REASON_CLOSE,usnjrnl,NTFS:\$Extend\$UsnJrnl:$J,-
2023-12-27T00:17:06.957114+00:00,Metadata Modification Time,FILE,NTFS USN change,index-dir File reference: 133301-1 Parent file reference: 133296-1 Update source:  Update reason: USN_REASON_RENAME_OLD_NAME,usnjrnl,NTFS:\$Extend\$UsnJrnl:$J,-
2023-12-27T00:17:06.957114+00:00,Metadata Modification Time,FILE,NTFS USN change,js File reference: 133296-1 Parent file reference: 133294-1 Update source:  Update reason: USN_REASON_RENAME_OLD_NAME,usnjrnl,NTFS:\$Extend\$UsnJrnl:$J,-
2023-12-27T00:17:06.957114+00:00,Metadata Modification Time,FILE,NTFS USN change,the-real-index File reference: 133300-2 Parent file reference: 133301-1 Update source:  Update reason: USN_REASON_FILE_DELETE  USN_REASON_CLOSE,usnjrnl,NTFS:\$Extend\$UsnJrnl:$J,-
2023-12-27T00:17:06.957114+00:00,Content Modification Time,REG,Registry Key,[HKEY_LOCAL_MACHINE\Software\Microsoft\Windows Search\CatalogNames\Windows] CatalogID: [REG_DWORD_LE] 2,winreg/winreg_default,NTFS:\Windows\System32\config\SOFTWARE,-
2023-12-27T00:17:06.957114+00:00,Content Modification Time,REG,Registry Key,[HKEY_LOCAL_MACHINE\Software\Microsoft\Windows Search\CatalogNames] (empty),winreg/winreg_default,NTFS:\Windows\System32\config\SOFTWARE,-
2023-12-27T00:17:06.994365+00:00,Metadata Modification Time,FILE,NTFS USN change,00010000000208AE67A3CB95 File reference: 133294-1 Parent file reference: 29-1 Update source:  Update reason: USN_REASON_FILE_DELETE  USN_REASON_RENAME_NEW_NAME  USN_REASON_CLOSE,usnjrnl,NTFS:\$Extend\$UsnJrnl:$J,-
2023-12-27T00:17:06.994365+00:00,Metadata Modification Time,FILE,NTFS USN change,00010000000208AE67A3CB95 File reference: 133294-1 Parent file reference: 29-1 Update source:  Update reason: USN_REASON_RENAME_NEW_NAME,usnjrnl,NTFS:\$Extend\$UsnJrnl:$J,-
2023-12-27T00:17:06.994365+00:00,Metadata Modification Time,FILE,NTFS USN change,00010000000208B80E2736FE File reference: 133304-1 Parent file reference: 29-1 Update source:  Update reason: USN_REASON_FILE_DELETE  USN_REASON_RENAME_NEW_NAME  USN_REASON_CLOSE,usnjrnl,NTFS:\$Extend\$UsnJrnl:$J,-
2023-12-27T00:17:06.994365+00:00,Metadata Modification Time,FILE,NTFS USN change,00010000000208B80E2736FE File reference: 133304-1 Parent file reference: 29-1 Update source:  Update reason: USN_REASON_RENAME_NEW_NAME,usnjrnl,NTFS:\$Extend\$UsnJrnl:$J,-
2023-12-27T00:17:06.994365+00:00,Metadata Modification Time,FILE,NTFS USN change,00010000000208BA5B291240 File reference: 133306-1 Parent file reference: 29-1 Update source:  Update reason: USN_REASON_FILE_DELETE  USN_REASON_RENAME_NEW_NAME  USN_REASON_CLOSE,usnjrnl,NTFS:\$Extend\$UsnJrnl:$J,-
2023-12-27T00:17:06.994365+00:00,Metadata Modification Time,FILE,NTFS USN change,00010000000208BA5B291240 File reference: 133306-1 Parent file reference: 29-1 Update source:  Update reason: USN_REASON_RENAME_NEW_NAME,usnjrnl,NTFS:\$Extend\$UsnJrnl:$J,-
2023-12-27T00:17:06.994365+00:00,Metadata Modification Time,FILE,NTFS USN change,Code Cache File reference: 133294-1 Parent file reference: 133266-1 Update source:  Update reason: USN_REASON_RENAME_OLD_NAME,usnjrnl,NTFS:\$Extend\$UsnJrnl:$J,-
2023-12-27T00:17:06.994365+00:00,Metadata Modification Time,FILE,NTFS USN change,Edge Profile.ico File reference: 133329-3 Parent file reference: 133266-1 Update source:  Update reason: USN_REASON_FILE_DELETE  USN_REASON_CLOSE,usnjrnl,NTFS:\$Extend\$UsnJrnl:$J,-
2023-12-27T00:17:06.994365+00:00,Metadata Modification Time,FILE,NTFS USN change,PropMap File reference: 557-11 Parent file reference: 536-5 Update source:  Update reason: USN_REASON_FILE_CREATE,usnjrnl,NTFS:\$Extend\$UsnJrnl:$J,-
2023-12-27T00:17:06.994365+00:00,Metadata Modification Time,FILE,NTFS USN change,PropMap File reference: 557-11 Parent file reference: 536-5 Update source:  Update reason: USN_REASON_FILE_CREATE  USN_REASON_CLOSE,usnjrnl,NTFS:\$Extend\$UsnJrnl:$J,-
2023-12-27T00:17:06.994365+00:00,Metadata Modification Time,FILE,NTFS USN change,PropMap.db File reference: 572-4 Parent file reference: 557-11 Update source:  Update reason: USN_REASON_FILE_CREATE,usnjrnl,NTFS:\$Extend\$UsnJrnl:$J,-
2023-12-27T00:17:06.994365+00:00,Metadata Modification Time,FILE,NTFS USN change,PropMap.db-journal File reference: 573-4 Parent file reference: 557-11 Update source:  Update reason: USN_REASON_DATA_EXTEND  USN_REASON_FILE_CREATE,usnjrnl,NTFS:\$Extend\$UsnJrnl:$J,-
2023-12-27T00:17:06.994365+00:00,Metadata Modification Time,FILE,NTFS USN change,PropMap.db-journal File reference: 573-4 Parent file reference: 557-11 Update source:  Update reason: USN_REASON_FILE_CREATE,usnjrnl,NTFS:\$Extend\$UsnJrnl:$J,-
2023-12-27T00:17:06.994365+00:00,Metadata Modification Time,FILE,NTFS USN change,SystemIndex File reference: 536-5 Parent file reference: 130661-2 Update source:  Update reason: USN_REASON_FILE_CREATE,usnjrnl,NTFS:\$Extend\$UsnJrnl:$J,-
2023-12-27T00:17:06.994365+00:00,Metadata Modification Time,FILE,NTFS USN change,SystemIndex File reference: 536-5 Parent file reference: 130661-2 Update source:  Update reason: USN_REASON_FILE_CREATE  USN_REASON_CLOSE,usnjrnl,NTFS:\$Extend\$UsnJrnl:$J,-
2023-12-27T00:17:06.994365+00:00,Metadata Modification Time,FILE,NTFS USN change,SystemIndex File reference: 536-5 Parent file reference: 130661-2 Update source:  Update reason: USN_REASON_SECURITY_CHANGE,usnjrnl,NTFS:\$Extend\$UsnJrnl:$J,-
2023-12-27T00:17:06.994365+00:00,Metadata Modification Time,FILE,NTFS USN change,SystemIndex File reference: 536-5 Parent file reference: 130661-2 Update source:  Update reason: USN_REASON_SECURITY_CHANGE  USN_REASON_CLOSE,usnjrnl,NTFS:\$Extend\$UsnJrnl:$J,-
2023-12-27T00:17:06.994365+00:00,Metadata Modification Time,FILE,NTFS USN change,index File reference: 133305-1 Parent file reference: 133304-1 Update source:  Update reason: USN_REASON_FILE_DELETE  USN_REASON_CLOSE,usnjrnl,NTFS:\$Extend\$UsnJrnl:$J,-
2023-12-27T00:17:06.994365+00:00,Metadata Modification Time,FILE,NTFS USN change,index-dir File reference: 133306-1 Parent file reference: 133304-1 Update source:  Update reason: USN_REASON_RENAME_OLD_NAME,usnjrnl,NTFS:\$Extend\$UsnJrnl:$J,-
2023-12-27T00:17:06.994365+00:00,Metadata Modification Time,FILE,NTFS USN change,the-real-index File reference: 133307-1 Parent file reference: 133306-1 Update source:  Update reason: USN_REASON_FILE_DELETE  USN_REASON_CLOSE,usnjrnl,NTFS:\$Extend\$UsnJrnl:$J,-
2023-12-27T00:17:06.994365+00:00,Metadata Modification Time,FILE,NTFS USN change,wasm File reference: 133304-1 Parent file reference: 133294-1 Update source:  Update reason: USN_REASON_RENAME_OLD_NAME,usnjrnl,NTFS:\$Extend\$UsnJrnl:$J,-
2023-12-27T00:17:06.994365+00:00,Content Modification Time,FILE,File stat,NTFS:\ProgramData\Microsoft\Search\Data\Applications\Windows\Projects Type: directory,filestat,NTFS:\ProgramData\Microsoft\Search\Data\Applications\Windows\Projects,-
2023-12-27T00:17:06.994365+00:00,Last Access Time,FILE,File stat,NTFS:\ProgramData\Microsoft\Search\Data\Applications\Windows\Projects Type: directory,filestat,NTFS:\ProgramData\Microsoft\Search\Data\Applications\Windows\Projects,-
2023-12-27T00:17:06.994365+00:00,Metadata Modification Time,FILE,File stat,NTFS:\ProgramData\Microsoft\Search\Data\Applications\Windows\Projects Type: directory,filestat,NTFS:\ProgramData\Microsoft\Search\Data\Applications\Windows\Projects,-
2023-12-27T00:17:06.994365+00:00,Creation Time,FILE,File stat,NTFS:\ProgramData\Microsoft\Search\Data\Applications\Windows\Projects\SystemIndex Type: directory,filestat,NTFS:\ProgramData\Microsoft\Search\Data\Applications\Windows\Projects\SystemIndex,-
2023-12-27T00:17:06.994365+00:00,Creation Time,FILE,File stat,NTFS:\ProgramData\Microsoft\Search\Data\Applications\Windows\Projects\SystemIndex\PropMap Type: directory,filestat,NTFS:\ProgramData\Microsoft\Search\Data\Applications\Windows\Projects\SystemIndex\PropMap,-
2023-12-27T00:17:06.994365+00:00,Creation Time,FILE,File stat,NTFS:\ProgramData\Microsoft\Search\Data\Applications\Windows\Projects\SystemIndex\PropMap\PropMap.db Type: file,filestat,NTFS:\ProgramData\Microsoft\Search\Data\Applications\Windows\Projects\SystemIndex\PropMap\PropMap.db,-
2023-12-27T00:17:06.994365+00:00,Content Modification Time,REG,Registry Key,[HKEY_LOCAL_MACHINE\Software\Microsoft\Windows Search\Gathering Manager\Applications\Windows\Projects] (empty),winreg/winreg_default,NTFS:\Windows\System32\config\SOFTWARE,-
2023-12-27T00:17:07.123799+00:00,Metadata Modification Time,FILE,NTFS USN change,PropMap.db-journal File reference: 573-4 Parent file reference: 557-11 Update source:  Update reason: USN_REASON_DATA_OVERWRITE  USN_REASON_DATA_EXTEND  USN_REASON_FILE_CREATE,usnjrnl,NTFS:\$Extend\$UsnJrnl:$J,-
2023-12-27T00:17:07.262404+00:00,Metadata Modification Time,FILE,NTFS USN change,000003.log File reference: 133342-1 Parent file reference: 132951-5 Update source:  Update reason: USN_REASON_FILE_DELETE  USN_REASON_CLOSE,usnjrnl,NTFS:\$Extend\$UsnJrnl:$J,-
2023-12-27T00:17:07.286129+00:00,Metadata Modification Time,FILE,NTFS USN change,000200000001FB154857DC4A File reference: 129813-2 Parent file reference: 29-1 Update source:  Update reason: USN_REASON_FILE_DELETE  USN_REASON_RENAME_NEW_NAME  USN_REASON_CLOSE,usnjrnl,NTFS:\$Extend\$UsnJrnl:$J,-
2023-12-27T00:17:07.286129+00:00,Metadata Modification Time,FILE,NTFS USN change,000200000001FB154857DC4A File reference: 129813-2 Parent file reference: 29-1 Update source:  Update reason: USN_REASON_RENAME_NEW_NAME,usnjrnl,NTFS:\$Extend\$UsnJrnl:$J,-
2023-12-27T00:17:07.286129+00:00,Metadata Modification Time,FILE,NTFS USN change,00020000000208AF43C97960 File reference: 133295-2 Parent file reference: 29-1 Update source:  Update reason: USN_REASON_FILE_DELETE  USN_REASON_RENAME_NEW_NAME  USN_REASON_CLOSE,usnjrnl,NTFS:\$Extend\$UsnJrnl:$J,-
2023-12-27T00:17:07.286129+00:00,Metadata Modification Time,FILE,NTFS USN change,00020000000208AF43C97960 File reference: 133295-2 Parent file reference: 29-1 Update source:  Update reason: USN_REASON_RENAME_NEW_NAME,usnjrnl,NTFS:\$Extend\$UsnJrnl:$J,-
2023-12-27T00:17:07.286129+00:00,Metadata Modification Time,FILE,NTFS USN change,00050000000207571165B387 File reference: 132951-5 Parent file reference: 29-1 Update source:  Update reason: USN_REASON_FILE_DELETE  USN_REASON_RENAME_NEW_NAME  USN_REASON_CLOSE,usnjrnl,NTFS:\$Extend\$UsnJrnl:$J,-
2023-12-27T00:17:07.286129+00:00,Metadata Modification Time,FILE,NTFS USN change,00050000000207571165B387 File reference: 132951-5 Parent file reference: 29-1 Update source:  Update reason: USN_REASON_RENAME_NEW_NAME,usnjrnl,NTFS:\$Extend\$UsnJrnl:$J,-
2023-12-27T00:17:07.286129+00:00,Metadata Modification Time,FILE,NTFS USN change,CURRENT File reference: 133341-1 Parent file reference: 132951-5 Update source:  Update reason: USN_REASON_FILE_DELETE  USN_REASON_CLOSE,usnjrnl,NTFS:\$Extend\$UsnJrnl:$J,-
2023-12-27T00:17:07.286129+00:00,Metadata Modification Time,FILE,NTFS USN change,EdgeCoupons File reference: 129813-2 Parent file reference: 133266-1 Update source:  Update reason: USN_REASON_RENAME_OLD_NAME,usnjrnl,NTFS:\$Extend\$UsnJrnl:$J,-
2023-12-27T00:17:07.286129+00:00,Metadata Modification Time,FILE,NTFS USN change,EdgePushStorageWithConnectTokenAndKey File reference: 133295-2 Parent file reference: 133266-1 Update source:  Update reason: USN_REASON_RENAME_OLD_NAME,usnjrnl,NTFS:\$Extend\$UsnJrnl:$J,-
2023-12-27T00:17:07.286129+00:00,Metadata Modification Time,FILE,NTFS USN change,LOCK File reference: 133302-1 Parent file reference: 133295-2 Update source:  Update reason: USN_REASON_FILE_DELETE  USN_REASON_CLOSE,usnjrnl,NTFS:\$Extend\$UsnJrnl:$J,-
2023-12-27T00:17:07.286129+00:00,Metadata Modification Time,FILE,NTFS USN change,LOCK File reference: 133339-1 Parent file reference: 132951-5 Update source:  Update reason: USN_REASON_FILE_DELETE  USN_REASON_CLOSE,usnjrnl,NTFS:\$Extend\$UsnJrnl:$J,-
2023-12-27T00:17:07.286129+00:00,Metadata Modification Time,FILE,NTFS USN change,LOG File reference: 133299-2 Parent file reference: 133295-2 Update source:  Update reason: USN_REASON_FILE_DELETE  USN_REASON_CLOSE,usnjrnl,NTFS:\$Extend\$UsnJrnl:$J,-
2023-12-27T00:17:07.286129+00:00,Metadata Modification Time,FILE,NTFS USN change,LOG File reference: 133338-1 Parent file reference: 132951-5 Update source:  Update reason: USN_REASON_FILE_DELETE  USN_REASON_CLOSE,usnjrnl,NTFS:\$Extend\$UsnJrnl:$J,-
2023-12-27T00:17:07.286129+00:00,Metadata Modification Time,FILE,NTFS USN change,MANIFEST-000001 File reference: 133340-1 Parent file reference: 132951-5 Update source:  Update reason: USN_REASON_FILE_DELETE  USN_REASON_CLOSE,usnjrnl,NTFS:\$Extend\$UsnJrnl:$J,-
2023-12-27T00:17:07.286129+00:00,Metadata Modification Time,FILE,NTFS USN change,coupons_data.db File reference: 132951-5 Parent file reference: 129813-2 Update source:  Update reason: USN_REASON_RENAME_OLD_NAME,usnjrnl,NTFS:\$Extend\$UsnJrnl:$J,-
2023-12-27T00:17:07.453816+00:00,Metadata Modification Time,FILE,NTFS USN change,000003.log File reference: 133324-1 Parent file reference: 133316-1 Update source:  Update reason: USN_REASON_FILE_DELETE  USN_REASON_CLOSE,usnjrnl,NTFS:\$Extend\$UsnJrnl:$J,-
2023-12-27T00:17:07.453816+00:00,Metadata Modification Time,FILE,NTFS USN change,CURRENT File reference: 133322-1 Parent file reference: 133316-1 Update source:  Update reason: USN_REASON_FILE_DELETE  USN_REASON_CLOSE,usnjrnl,NTFS:\$Extend\$UsnJrnl:$J,-
2023-12-27T00:17:07.612512+00:00,Metadata Modification Time,FILE,NTFS USN change,LOCK File reference: 133320-1 Parent file reference: 133316-1 Update source:  Update reason: USN_REASON_FILE_DELETE  USN_REASON_CLOSE,usnjrnl,NTFS:\$Extend\$UsnJrnl:$J,-
2023-12-27T00:17:07.612512+00:00,Metadata Modification Time,FILE,NTFS USN change,LOG File reference: 133318-1 Parent file reference: 133316-1 Update source:  Update reason: USN_REASON_FILE_DELETE  USN_REASON_CLOSE,usnjrnl,NTFS:\$Extend\$UsnJrnl:$J,-
2023-12-27T00:17:07.612512+00:00,Metadata Modification Time,FILE,NTFS USN change,MANIFEST-000001 File reference: 133321-1 Parent file reference: 133316-1 Update source:  Update reason: USN_REASON_FILE_DELETE  USN_REASON_CLOSE,usnjrnl,NTFS:\$Extend\$UsnJrnl:$J,-
2023-12-27T00:17:07.612512+00:00,Metadata Modification Time,FILE,NTFS USN change,PropMap.db File reference: 572-4 Parent file reference: 557-11 Update source:  Update reason: USN_REASON_DATA_EXTEND  USN_REASON_FILE_CREATE,usnjrnl,NTFS:\$Extend\$UsnJrnl:$J,-
2023-12-27T00:17:07.764820+00:00,Metadata Modification Time,FILE,NTFS USN change,00010000000208C415E8C156 File reference: 133316-1 Parent file reference: 29-1 Update source:  Update reason: USN_REASON_FILE_DELETE  USN_REASON_RENAME_NEW_NAME  USN_REASON_CLOSE,usnjrnl,NTFS:\$Extend\$UsnJrnl:$J,-
2023-12-27T00:17:07.764820+00:00,Metadata Modification Time,FILE,NTFS USN change,00010000000208C415E8C156 File reference: 133316-1 Parent file reference: 29-1 Update source:  Update reason: USN_REASON_RENAME_NEW_NAME,usnjrnl,NTFS:\$Extend\$UsnJrnl:$J,-
2023-12-27T00:17:07.764820+00:00,Metadata Modification Time,FILE,NTFS USN change,Extension Scripts File reference: 133316-1 Parent file reference: 133266-1 Update source:  Update reason: USN_REASON_RENAME_OLD_NAME,usnjrnl,NTFS:\$Extend\$UsnJrnl:$J,-
2023-12-27T00:17:07.764820+00:00,Metadata Modification Time,FILE,NTFS USN change,Favicons File reference: 133270-1 Parent file reference: 133266-1 Update source:  Update reason: USN_REASON_FILE_DELETE  USN_REASON_CLOSE,usnjrnl,NTFS:\$Extend\$UsnJrnl:$J,-
2023-12-27T00:17:07.764820+00:00,Metadata Modification Time,FILE,NTFS USN change,Favicons-journal File reference: 133272-1 Parent file reference: 133266-1 Update source:  Update reason: USN_REASON_FILE_DELETE  USN_REASON_CLOSE,usnjrnl,NTFS:\$Extend\$UsnJrnl:$J,-
2023-12-27T00:17:07.764820+00:00,Metadata Modification Time,FILE,NTFS USN change,History File reference: 133268-1 Parent file reference: 133266-1 Update source:  Update reason: USN_REASON_FILE_DELETE  USN_REASON_CLOSE,usnjrnl,NTFS:\$Extend\$UsnJrnl:$J,-
2023-12-27T00:17:07.764820+00:00,Metadata Modification Time,FILE,NTFS USN change,History-journal File reference: 133269-1 Parent file reference: 133266-1 Update source:  Update reason: USN_REASON_FILE_DELETE  USN_REASON_CLOSE,usnjrnl,NTFS:\$Extend\$UsnJrnl:$J,-
2023-12-27T00:17:07.764820+00:00,Metadata Modification Time,FILE,NTFS USN change,PropMap.db-journal File reference: 573-4 Parent file reference: 557-11 Update source:  Update reason: USN_REASON_DATA_OVERWRITE  USN_REASON_DATA_EXTEND  USN_REASON_FILE_CREATE  USN_REASON_CLOSE,usnjrnl,NTFS:\$Extend\$UsnJrnl:$J,-
2023-12-27T00:17:07.925321+00:00,Metadata Modification Time,FILE,NTFS USN change,000003.log File reference: 133323-1 Parent file reference: 133313-1 Update source:  Update reason: USN_REASON_FILE_DELETE  USN_REASON_CLOSE,usnjrnl,NTFS:\$Extend\$UsnJrnl:$J,-
2023-12-27T00:17:07.925321+00:00,Metadata Modification Time,FILE,NTFS USN change,CURRENT File reference: 133319-1 Parent file reference: 133313-1 Update source:  Update reason: USN_REASON_FILE_DELETE  USN_REASON_CLOSE,usnjrnl,NTFS:\$Extend\$UsnJrnl:$J,-
2023-12-27T00:17:07.925321+00:00,Metadata Modification Time,FILE,NTFS USN change,PropMap.db File reference: 572-4 Parent file reference: 557-11 Update source:  Update reason: USN_REASON_DATA_EXTEND  USN_REASON_FILE_CREATE  USN_REASON_CLOSE,usnjrnl,NTFS:\$Extend\$UsnJrnl:$J,-
2023-12-27T00:17:07.925321+00:00,Metadata Modification Time,FILE,NTFS USN change,PropMap.db-journal File reference: 573-4 Parent file reference: 557-11 Update source:  Update reason: USN_REASON_FILE_DELETE  USN_REASON_CLOSE,usnjrnl,NTFS:\$Extend\$UsnJrnl:$J,-
2023-12-27T00:17:07.925321+00:00,Metadata Modification Time,FILE,NTFS USN change,PropMap.db-shm File reference: 574-4 Parent file reference: 557-11 Update source:  Update reason: USN_REASON_DATA_EXTEND  USN_REASON_FILE_CREATE,usnjrnl,NTFS:\$Extend\$UsnJrnl:$J,-
2023-12-27T00:17:07.925321+00:00,Metadata Modification Time,FILE,NTFS USN change,PropMap.db-shm File reference: 574-4 Parent file reference: 557-11 Update source:  Update reason: USN_REASON_FILE_CREATE,usnjrnl,NTFS:\$Extend\$UsnJrnl:$J,-
2023-12-27T00:17:07.925321+00:00,Metadata Modification Time,FILE,NTFS USN change,PropMap.db-wal File reference: 573-5 Parent file reference: 557-11 Update source:  Update reason: USN_REASON_DATA_EXTEND  USN_REASON_FILE_CREATE,usnjrnl,NTFS:\$Extend\$UsnJrnl:$J,-
2023-12-27T00:17:07.925321+00:00,Metadata Modification Time,FILE,NTFS USN change,PropMap.db-wal File reference: 573-5 Parent file reference: 557-11 Update source:  Update reason: USN_REASON_FILE_CREATE,usnjrnl,NTFS:\$Extend\$UsnJrnl:$J,-
2023-12-27T00:17:07.110265+00:00,Metadata Modification Time,FILE,NTFS USN change,00010000000208A30A2EA141 File reference: 133283-1 Parent file reference: 29-1 Update source:  Update reason: USN_REASON_FILE_DELETE  USN_REASON_RENAME_NEW_NAME  USN_REASON_CLOSE,usnjrnl,NTFS:\$Extend\$UsnJrnl:$J,-
2023-12-27T00:17:07.110265+00:00,Metadata Modification Time,FILE,NTFS USN change,00010000000208A30A2EA141 File reference: 133283-1 Parent file reference: 29-1 Update source:  Update reason: USN_REASON_RENAME_NEW_NAME,usnjrnl,NTFS:\$Extend\$UsnJrnl:$J,-
2023-12-27T00:17:07.110265+00:00,Metadata Modification Time,FILE,NTFS USN change,00010000000208C03540E248 File reference: 133312-1 Parent file reference: 29-1 Update source:  Update reason: USN_REASON_FILE_DELETE  USN_REASON_RENAME_NEW_NAME  USN_REASON_CLOSE,usnjrnl,NTFS:\$Extend\$UsnJrnl:$J,-
2023-12-27T00:17:07.110265+00:00,Metadata Modification Time,FILE,NTFS USN change,00010000000208C03540E248 File reference: 133312-1 Parent file reference: 29-1 Update source:  Update reason: USN_REASON_RENAME_NEW_NAME,usnjrnl,NTFS:\$Extend\$UsnJrnl:$J,-
2023-12-27T00:17:07.110265+00:00,Metadata Modification Time,FILE,NTFS USN change,00010000000208C11F5441CA File reference: 133313-1 Parent file reference: 29-1 Update source:  Update reason: USN_REASON_FILE_DELETE  USN_REASON_RENAME_NEW_NAME  USN_REASON_CLOSE,usnjrnl,NTFS:\$Extend\$UsnJrnl:$J,-
2023-12-27T00:17:07.110265+00:00,Metadata Modification Time,FILE,NTFS USN change,00010000000208C11F5441CA File reference: 133313-1 Parent file reference: 29-1 Update source:  Update reason: USN_REASON_RENAME_NEW_NAME,usnjrnl,NTFS:\$Extend\$UsnJrnl:$J,-
2023-12-27T00:17:07.110265+00:00,Metadata Modification Time,FILE,NTFS USN change,LOCK File reference: 133315-1 Parent file reference: 133313-1 Update source:  Update reason: USN_REASON_FILE_DELETE  USN_REASON_CLOSE,usnjrnl,NTFS:\$Extend\$UsnJrnl:$J,-
2023-12-27T00:17:07.110265+00:00,Metadata Modification Time,FILE,NTFS USN change,LOG File reference: 133314-1 Parent file reference: 133313-1 Update source:  Update reason: USN_REASON_FILE_DELETE  USN_REASON_CLOSE,usnjrnl,NTFS:\$Extend\$UsnJrnl:$J,-
2023-12-27T00:17:07.110265+00:00,Metadata Modification Time,FILE,NTFS USN change,Local Storage File reference: 133312-1 Parent file reference: 133266-1 Update source:  Update reason: USN_REASON_RENAME_OLD_NAME,usnjrnl,NTFS:\$Extend\$UsnJrnl:$J,-
2023-12-27T00:17:07.110265+00:00,Metadata Modification Time,FILE,NTFS USN change,Login Data File reference: 133276-1 Parent file reference: 133266-1 Update source:  Update reason: USN_REASON_FILE_DELETE  USN_REASON_CLOSE,usnjrnl,NTFS:\$Extend\$UsnJrnl:$J,-
2023-12-27T00:17:07.110265+00:00,Metadata Modification Time,FILE,NTFS USN change,Login Data-journal File reference: 133279-1 Parent file reference: 133266-1 Update source:  Update reason: USN_REASON_FILE_DELETE  USN_REASON_CLOSE,usnjrnl,NTFS:\$Extend\$UsnJrnl:$J,-
2023-12-27T00:17:07.110265+00:00,Metadata Modification Time,FILE,NTFS USN change,MANIFEST-000001 File reference: 133317-1 Parent file reference: 133313-1 Update source:  Update reason: USN_REASON_FILE_DELETE  USN_REASON_CLOSE,usnjrnl,NTFS:\$Extend\$UsnJrnl:$J,-
2023-12-27T00:17:07.110265+00:00,Metadata Modification Time,FILE,NTFS USN change,Network File reference: 133283-1 Parent file reference: 133266-1 Update source:  Update reason: USN_REASON_RENAME_OLD_NAME,usnjrnl,NTFS:\$Extend\$UsnJrnl:$J,-
2023-12-27T00:17:07.110265+00:00,Metadata Modification Time,FILE,NTFS USN change,NetworkDataMigrated File reference: 133284-1 Parent file reference: 133283-1 Update source:  Update reason: USN_REASON_FILE_DELETE  USN_REASON_CLOSE,usnjrnl,NTFS:\$Extend\$UsnJrnl:$J,-
2023-12-27T00:17:07.110265+00:00,Metadata Modification Time,FILE,NTFS USN change,leveldb File reference: 133313-1 Parent file reference: 133312-1 Update source:  Update reason: USN_REASON_RENAME_OLD_NAME,usnjrnl,NTFS:\$Extend\$UsnJrnl:$J,-
2023-12-27T00:17:07.126529+00:00,Metadata Modification Time,FILE,NTFS USN change,00010000000208A076868F9A File reference: 133280-1 Parent file reference: 29-1 Update source:  Update reason: USN_REASON_FILE_DELETE  USN_REASON_RENAME_NEW_NAME  USN_REASON_CLOSE,usnjrnl,NTFS:\$Extend\$UsnJrnl:$J,-
2023-12-27T00:17:07.126529+00:00,Metadata Modification Time,FILE,NTFS USN change,00010000000208A076868F9A File reference: 133280-1 Parent file reference: 29-1 Update source:  Update reason: USN_REASON_RENAME_NEW_NAME,usnjrnl,NTFS:\$Extend\$UsnJrnl:$J,-
2023-12-27T00:17:07.126529+00:00,Metadata Modification Time,FILE,NTFS USN change,00020000000208CE032038C8 File reference: 133326-2 Parent file reference: 29-1 Update source:  Update reason: USN_REASON_FILE_DELETE  USN_REASON_RENAME_NEW_NAME  USN_REASON_CLOSE,usnjrnl,NTFS:\$Extend\$UsnJrnl:$J,-
2023-12-27T00:17:07.126529+00:00,Metadata Modification Time,FILE,NTFS USN change,00020000000208CE032038C8 File reference: 133326-2 Parent file reference: 29-1 Update source:  Update reason: USN_REASON_RENAME_NEW_NAME,usnjrnl,NTFS:\$Extend\$UsnJrnl:$J,-
2023-12-27T00:17:07.126529+00:00,Metadata Modification Time,FILE,NTFS USN change,CM27817.tmp File reference: 319-9 Parent file reference: 3709-1 Update source:  Update reason: USN_REASON_DATA_EXTEND  USN_REASON_DATA_TRUNCATION  USN_REASON_CLOSE,usnjrnl,NTFS:\$Extend\$UsnJrnl:$J,-
2023-12-27T00:17:07.126529+00:00,Metadata Modification Time,FILE,NTFS USN change,CM27817.tmp File reference: 319-9 Parent file reference: 3709-1 Update source:  Update reason: USN_REASON_FILE_DELETE  USN_REASON_CLOSE,usnjrnl,NTFS:\$Extend\$UsnJrnl:$J,-
2023-12-27T00:17:07.126529+00:00,Metadata Modification Time,FILE,NTFS USN change,NetworkDataMigrated File reference: 133327-1 Parent file reference: 133326-2 Update source:  Update reason: USN_REASON_FILE_DELETE  USN_REASON_CLOSE,usnjrnl,NTFS:\$Extend\$UsnJrnl:$J,-
2023-12-27T00:17:07.126529+00:00,Metadata Modification Time,FILE,NTFS USN change,Nurturing File reference: 133280-1 Parent file reference: 133266-1 Update source:  Update reason: USN_REASON_RENAME_OLD_NAME,usnjrnl,NTFS:\$Extend\$UsnJrnl:$J,-
2023-12-27T00:17:07.126529+00:00,Metadata Modification Time,FILE,NTFS USN change,Preferences File reference: 133333-2 Parent file reference: 133266-1 Update source:  Update reason: USN_REASON_FILE_DELETE  USN_REASON_CLOSE,usnjrnl,NTFS:\$Extend\$UsnJrnl:$J,-
2023-12-27T00:17:07.126529+00:00,Metadata Modification Time,FILE,NTFS USN change,README File reference: 133267-1 Parent file reference: 133266-1 Update source:  Update reason: USN_REASON_FILE_DELETE  USN_REASON_CLOSE,usnjrnl,NTFS:\$Extend\$UsnJrnl:$J,-
2023-12-27T00:17:07.126529+00:00,Metadata Modification Time,FILE,NTFS USN change,Safe Browsing Network File reference: 133326-2 Parent file reference: 133266-1 Update source:  Update reason: USN_REASON_RENAME_OLD_NAME,usnjrnl,NTFS:\$Extend\$UsnJrnl:$J,-
2023-12-27T00:17:07.126529+00:00,Metadata Modification Time,FILE,NTFS USN change,Secure Preferences File reference: 133331-4 Parent file reference: 133266-1 Update source:  Update reason: USN_REASON_FILE_DELETE  USN_REASON_CLOSE,usnjrnl,NTFS:\$Extend\$UsnJrnl:$J,-
2023-12-27T00:17:07.126529+00:00,Metadata Modification Time,FILE,NTFS USN change,campaign_history File reference: 133281-1 Parent file reference: 133280-1 Update source:  Update reason: USN_REASON_FILE_DELETE  USN_REASON_CLOSE,usnjrnl,NTFS:\$Extend\$UsnJrnl:$J,-
2023-12-27T00:17:07.126529+00:00,Metadata Modification Time,FILE,NTFS USN change,campaign_history-journal File reference: 133282-1 Parent file reference: 133280-1 Update source:  Update reason: USN_REASON_FILE_DELETE  USN_REASON_CLOSE,usnjrnl,NTFS:\$Extend\$UsnJrnl:$J,-
2023-12-27T00:17:07.150965+00:00,Metadata Modification Time,FILE,NTFS USN change,000003.log File reference: 133303-1 Parent file reference: 133285-1 Update source:  Update reason: USN_REASON_FILE_DELETE  USN_REASON_CLOSE,usnjrnl,NTFS:\$Extend\$UsnJrnl:$J,-
2023-12-27T00:17:07.158047+00:00,Metadata Modification Time,FILE,NTFS USN change,000003.log File reference: 133311-1 Parent file reference: 133293-1 Update source:  Update reason: USN_REASON_FILE_DELETE  USN_REASON_CLOSE,usnjrnl,NTFS:\$Extend\$UsnJrnl:$J,-
2023-12-27T00:17:07.158047+00:00,Metadata Modification Time,FILE,NTFS USN change,00010000000208A54BF87BC9 File reference: 133285-1 Parent file reference: 29-1 Update source:  Update reason: USN_REASON_FILE_DELETE  USN_REASON_RENAME_NEW_NAME  USN_REASON_CLOSE,usnjrnl,NTFS:\$Extend\$UsnJrnl:$J,-
2023-12-27T00:17:07.158047+00:00,Metadata Modification Time,FILE,NTFS USN change,00010000000208A54BF87BC9 File reference: 133285-1 Parent file reference: 29-1 Update source:  Update reason: USN_REASON_RENAME_NEW_NAME,usnjrnl,NTFS:\$Extend\$UsnJrnl:$J,-
2023-12-27T00:17:07.158047+00:00,Metadata Modification Time,FILE,NTFS USN change,00010000000208A9394BCD90 File reference: 133289-1 Parent file reference: 29-1 Update source:  Update reason: USN_REASON_FILE_DELETE  USN_REASON_RENAME_NEW_NAME  USN_REASON_CLOSE,usnjrnl,NTFS:\$Extend\$UsnJrnl:$J,-
2023-12-27T00:17:07.158047+00:00,Metadata Modification Time,FILE,NTFS USN change,00010000000208A9394BCD90 File reference: 133289-1 Parent file reference: 29-1 Update source:  Update reason: USN_REASON_RENAME_NEW_NAME,usnjrnl,NTFS:\$Extend\$UsnJrnl:$J,-
2023-12-27T00:17:07.158047+00:00,Metadata Modification Time,FILE,NTFS USN change,00010000000208AD2EF2B3FE File reference: 133293-1 Parent file reference: 29-1 Update source:  Update reason: USN_REASON_FILE_DELETE  USN_REASON_RENAME_NEW_NAME  USN_REASON_CLOSE,usnjrnl,NTFS:\$Extend\$UsnJrnl:$J,-
2023-12-27T00:17:07.158047+00:00,Metadata Modification Time,FILE,NTFS USN change,00010000000208AD2EF2B3FE File reference: 133293-1 Parent file reference: 29-1 Update source:  Update reason: USN_REASON_RENAME_NEW_NAME,usnjrnl,NTFS:\$Extend\$UsnJrnl:$J,-
2023-12-27T00:17:07.158047+00:00,Metadata Modification Time,FILE,NTFS USN change,CURRENT File reference: 133290-1 Parent file reference: 133285-1 Update source:  Update reason: USN_REASON_FILE_DELETE  USN_REASON_CLOSE,usnjrnl,NTFS:\$Extend\$UsnJrnl:$J,-
2023-12-27T00:17:07.158047+00:00,Metadata Modification Time,FILE,NTFS USN change,CURRENT File reference: 133310-1 Parent file reference: 133293-1 Update source:  Update reason: USN_REASON_FILE_DELETE  USN_REASON_CLOSE,usnjrnl,NTFS:\$Extend\$UsnJrnl:$J,-
2023-12-27T00:17:07.158047+00:00,Metadata Modification Time,FILE,NTFS USN change,LOCK File reference: 133287-1 Parent file reference: 133285-1 Update source:  Update reason: USN_REASON_FILE_DELETE  USN_REASON_CLOSE,usnjrnl,NTFS:\$Extend\$UsnJrnl:$J,-
2023-12-27T00:17:07.158047+00:00,Metadata Modification Time,FILE,NTFS USN change,LOCK File reference: 133308-1 Parent file reference: 133293-1 Update source:  Update reason: USN_REASON_FILE_DELETE  USN_REASON_CLOSE,usnjrnl,NTFS:\$Extend\$UsnJrnl:$J,-
2023-12-27T00:17:07.158047+00:00,Metadata Modification Time,FILE,NTFS USN change,LOG File reference: 133286-1 Parent file reference: 133285-1 Update source:  Update reason: USN_REASON_FILE_DELETE  USN_REASON_CLOSE,usnjrnl,NTFS:\$Extend\$UsnJrnl:$J,-
2023-12-27T00:17:07.158047+00:00,Metadata Modification Time,FILE,NTFS USN change,LOG File reference: 133297-1 Parent file reference: 133293-1 Update source:  Update reason: USN_REASON_FILE_DELETE  USN_REASON_CLOSE,usnjrnl,NTFS:\$Extend\$UsnJrnl:$J,-
2023-12-27T00:17:07.158047+00:00,Metadata Modification Time,FILE,NTFS USN change,LevelDB File reference: 133293-1 Parent file reference: 133289-1 Update source:  Update reason: USN_REASON_RENAME_OLD_NAME,usnjrnl,NTFS:\$Extend\$UsnJrnl:$J,-
2023-12-27T00:17:07.158047+00:00,Metadata Modification Time,FILE,NTFS USN change,MANIFEST-000001 File reference: 133288-1 Parent file reference: 133285-1 Update source:  Update reason: USN_REASON_FILE_DELETE  USN_REASON_CLOSE,usnjrnl,NTFS:\$Extend\$UsnJrnl:$J,-
2023-12-27T00:17:07.158047+00:00,Metadata Modification Time,FILE,NTFS USN change,MANIFEST-000001 File reference: 133309-1 Parent file reference: 133293-1 Update source:  Update reason: USN_REASON_FILE_DELETE  USN_REASON_CLOSE,usnjrnl,NTFS:\$Extend\$UsnJrnl:$J,-
2023-12-27T00:17:07.158047+00:00,Metadata Modification Time,FILE,NTFS USN change,Site Characteristics Database File reference: 133285-1 Parent file reference: 133266-1 Update source:  Update reason: USN_REASON_RENAME_OLD_NAME,usnjrnl,NTFS:\$Extend\$UsnJrnl:$J,-
2023-12-27T00:17:07.158047+00:00,Metadata Modification Time,FILE,NTFS USN change,Sync Data File reference: 133289-1 Parent file reference: 133266-1 Update source:  Update reason: USN_REASON_RENAME_OLD_NAME,usnjrnl,NTFS:\$Extend\$UsnJrnl:$J,-
2023-12-27T00:17:07.167551+00:00,Metadata Modification Time,FILE,NTFS USN change,00010000000208925D3653ED File reference: 133266-1 Parent file reference: 29-1 Update source:  Update reason: USN_REASON_FILE_DELETE  USN_REASON_RENAME_NEW_NAME  USN_REASON_CLOSE,usnjrnl,NTFS:\$Extend\$UsnJrnl:$J,-
2023-12-27T00:17:07.167551+00:00,Metadata Modification Time,FILE,NTFS USN change,00010000000208925D3653ED File reference: 133266-1 Parent file reference: 29-1 Update source:  Update reason: USN_REASON_RENAME_NEW_NAME,usnjrnl,NTFS:\$Extend\$UsnJrnl:$J,-
2023-12-27T00:17:07.167551+00:00,Metadata Modification Time,FILE,NTFS USN change,Default File reference: 133266-1 Parent file reference: 132731-2 Update source:  Update reason: USN_REASON_RENAME_OLD_NAME,usnjrnl,NTFS:\$Extend\$UsnJrnl:$J,-
2023-12-27T00:17:07.167551+00:00,Metadata Modification Time,FILE,NTFS USN change,Top Sites File reference: 133291-1 Parent file reference: 133266-1 Update source:  Update reason: USN_REASON_FILE_DELETE  USN_REASON_CLOSE,usnjrnl,NTFS:\$Extend\$UsnJrnl:$J,-
2023-12-27T00:17:07.167551+00:00,Metadata Modification Time,FILE,NTFS USN change,Top Sites-journal File reference: 133292-1 Parent file reference: 133266-1 Update source:  Update reason: USN_REASON_FILE_DELETE  USN_REASON_CLOSE,usnjrnl,NTFS:\$Extend\$UsnJrnl:$J,-
2023-12-27T00:17:07.167551+00:00,Metadata Modification Time,FILE,NTFS USN change,Web Data File reference: 133271-1 Parent file reference: 133266-1 Update source:  Update reason: USN_REASON_FILE_DELETE  USN_REASON_CLOSE,usnjrnl,NTFS:\$Extend\$UsnJrnl:$J,-
2023-12-27T00:17:07.167551+00:00,Metadata Modification Time,FILE,NTFS USN change,Web Data-journal File reference: 133273-1 Parent file reference: 133266-1 Update source:  Update reason: USN_REASON_FILE_DELETE  USN_REASON_CLOSE,usnjrnl,NTFS:\$Extend\$UsnJrnl:$J,-
