datetime,timestamp_desc,source,source_long,message,parser,display_name,tag2023-12-26T23:24:37.706254+00:00,Metadata Modification Time,FILE,NTFS USN change,manifest.json File reference: 134852-7 Parent file reference: 134850-4 Update source:  Update reason: USN_REASON_DATA_EXTEND  USN_REASON_FILE_CREATE,usnjrnl,NTFS:\$Extend\$UsnJrnl:$J,-
2023-12-26T23:24:37.706254+00:00,Metadata Modification Time,FILE,NTFS USN change,manifest.json File reference: 134852-7 Parent file reference: 134850-4 Update source:  Update reason: USN_REASON_DATA_EXTEND  USN_REASON_FILE_CREATE  USN_REASON_BASIC_INFO_CHANGE,usnjrnl,NTFS:\$Extend\$UsnJrnl:$J,-
2023-12-26T23:24:37.706254+00:00,Metadata Modification Time,FILE,NTFS USN change,manifest.json File reference: 134852-7 Parent file reference: 134850-4 Update source:  Update reason: USN_REASON_DATA_EXTEND  USN_REASON_FILE_CREATE  USN_REASON_BASIC_INFO_CHANGE  USN_REASON_CLOSE,usnjrnl,NTFS:\$Extend\$UsnJrnl:$J,-
2023-12-26T23:24:37.706254+00:00,Metadata Modification Time,FILE,NTFS USN change,manifest.json File reference: 134852-7 Parent file reference: 134850-4 Update source:  Update reason: USN_REASON_FILE_CREATE,usnjrnl,NTFS:\$Extend\$UsnJrnl:$J,-
2023-12-26T23:24:37.746359+00:00,Metadata Modification Time,FILE,NTFS USN change,safety_tips.pb File reference: 134892-4 Parent file reference: 134850-4 Update source:  Update reason: USN_REASON_DATA_EXTEND  USN_REASON_FILE_CREATE,usnjrnl,NTFS:\$Extend\$UsnJrnl:$J,-
2023-12-26T23:24:37.746359+00:00,Metadata Modification Time,FILE,NTFS USN change,safety_tips.pb File reference: 134892-4 Parent file reference: 134850-4 Update source:  Update reason: USN_REASON_FILE_CREATE,usnjrnl,NTFS:\$Extend\$UsnJrnl:$J,-
2023-12-26T23:24:37.753783+00:00,Metadata Modification Time,FILE,NTFS USN change,safety_tips.pb File reference: 134892-4 Parent file reference: 134850-4 Update source:  Update reason: USN_REASON_DATA_EXTEND  USN_REASON_FILE_CREATE  USN_REASON_BASIC_INFO_CHANGE,usnjrnl,NTFS:\$Extend\$UsnJrnl:$J,-
2023-12-26T23:24:37.753783+00:00,Metadata Modification Time,FILE,NTFS USN change,safety_tips.pb File reference: 134892-4 Parent file reference: 134850-4 Update source:  Update reason: USN_REASON_DATA_EXTEND  USN_REASON_FILE_CREATE  USN_REASON_BASIC_INFO_CHANGE  USN_REASON_CLOSE,usnjrnl,NTFS:\$Extend\$UsnJrnl:$J,-
2023-12-26T23:24:37.753783+00:00,Metadata Modification Time,FILE,NTFS USN change,typosquatting_list.pb File reference: 134893-4 Parent file reference: 134850-4 Update source:  Update reason: USN_REASON_FILE_CREATE,usnjrnl,NTFS:\$Extend\$UsnJrnl:$J,-
2023-12-26T23:24:37.764244+00:00,Metadata Modification Time,FILE,NTFS USN change,_metadata File reference: 134894-4 Parent file reference: 134850-4 Update source:  Update reason: USN_REASON_FILE_CREATE,usnjrnl,NTFS:\$Extend\$UsnJrnl:$J,-
2023-12-26T23:24:37.764244+00:00,Metadata Modification Time,FILE,NTFS USN change,_metadata File reference: 134894-4 Parent file reference: 134850-4 Update source:  Update reason: USN_REASON_FILE_CREATE  USN_REASON_CLOSE,usnjrnl,NTFS:\$Extend\$UsnJrnl:$J,-
2023-12-26T23:24:37.764244+00:00,Metadata Modification Time,FILE,NTFS USN change,typosquatting_list.pb File reference: 134893-4 Parent file reference: 134850-4 Update source:  Update reason: USN_REASON_DATA_EXTEND  USN_REASON_FILE_CREATE,usnjrnl,NTFS:\$Extend\$UsnJrnl:$J,-
2023-12-26T23:24:37.764244+00:00,Metadata Modification Time,FILE,NTFS USN change,typosquatting_list.pb File reference: 134893-4 Parent file reference: 134850-4 Update source:  Update reason: USN_REASON_DATA_EXTEND  USN_REASON_FILE_CREATE  USN_REASON_BASIC_INFO_CHANGE,usnjrnl,NTFS:\$Extend\$UsnJrnl:$J,-
2023-12-26T23:24:37.764244+00:00,Metadata Modification Time,FILE,NTFS USN change,typosquatting_list.pb File reference: 134893-4 Parent file reference: 134850-4 Update source:  Update reason: USN_REASON_DATA_EXTEND  USN_REASON_FILE_CREATE  USN_REASON_BASIC_INFO_CHANGE  USN_REASON_CLOSE,usnjrnl,NTFS:\$Extend\$UsnJrnl:$J,-
2023-12-26T23:24:37.764244+00:00,Creation Time,FILE,File stat,NTFS:\Users\User\AppData\Local\Microsoft\Edge\User Data\SafetyTips\3012\_metadata Type: directory,filestat,NTFS:\Users\User\AppData\Local\Microsoft\Edge\User Data\SafetyTips\3012\_metadata,-
2023-12-26T23:24:37.780518+00:00,Metadata Modification Time,FILE,NTFS USN change,verified_contents.json File reference: 134895-4 Parent file reference: 134894-4 Update source:  Update reason: USN_REASON_DATA_EXTEND  USN_REASON_FILE_CREATE,usnjrnl,NTFS:\$Extend\$UsnJrnl:$J,-
2023-12-26T23:24:37.780518+00:00,Metadata Modification Time,FILE,NTFS USN change,verified_contents.json File reference: 134895-4 Parent file reference: 134894-4 Update source:  Update reason: USN_REASON_DATA_EXTEND  USN_REASON_FILE_CREATE  USN_REASON_BASIC_INFO_CHANGE,usnjrnl,NTFS:\$Extend\$UsnJrnl:$J,-
2023-12-26T23:24:37.780518+00:00,Metadata Modification Time,FILE,NTFS USN change,verified_contents.json File reference: 134895-4 Parent file reference: 134894-4 Update source:  Update reason: USN_REASON_DATA_EXTEND  USN_REASON_FILE_CREATE  USN_REASON_BASIC_INFO_CHANGE  USN_REASON_CLOSE,usnjrnl,NTFS:\$Extend\$UsnJrnl:$J,-
2023-12-26T23:24:37.780518+00:00,Metadata Modification Time,FILE,NTFS USN change,verified_contents.json File reference: 134895-4 Parent file reference: 134894-4 Update source:  Update reason: USN_REASON_FILE_CREATE,usnjrnl,NTFS:\$Extend\$UsnJrnl:$J,-
2023-12-26T23:24:37.780518+00:00,Content Modification Time,FILE,File stat,NTFS:\Users\User\AppData\Local\Microsoft\Edge\User Data\SafetyTips\3012\_metadata Type: directory,filestat,NTFS:\Users\User\AppData\Local\Microsoft\Edge\User Data\SafetyTips\3012\_metadata,-
2023-12-26T23:24:37.780518+00:00,Metadata Modification Time,FILE,File stat,NTFS:\Users\User\AppData\Local\Microsoft\Edge\User Data\SafetyTips\3012\_metadata Type: directory,filestat,NTFS:\Users\User\AppData\Local\Microsoft\Edge\User Data\SafetyTips\3012\_metadata,-
2023-12-26T23:24:37.780518+00:00,Last Access Time,FILE,File stat,NTFS:\Users\User\AppData\Local\Temp\edge_BITS_5760_1065204746 Type: directory,filestat,NTFS:\Users\User\AppData\Local\Temp\edge_BITS_5760_1065204746,-
2023-12-26T23:24:37.780518+00:00,Last Access Time,FILE,File stat,NTFS:\Users\User\AppData\Local\Temp\edge_BITS_5760_1065204746\f95d4e69-d6cf-4ee2-bc80-9d659c19f9b5 Type: file,filestat,NTFS:\Users\User\AppData\Local\Temp\edge_BITS_5760_1065204746\f95d4e69-d6cf-4ee2-bc80-9d659c19f9b5,-
2023-12-26T23:24:37.796605+00:00,Metadata Modification Time,FILE,NTFS USN change,manifest.fingerprint File reference: 134896-4 Parent file reference: 134850-4 Update source:  Update reason: USN_REASON_DATA_EXTEND  USN_REASON_FILE_CREATE,usnjrnl,NTFS:\$Extend\$UsnJrnl:$J,-
2023-12-26T23:24:37.796605+00:00,Metadata Modification Time,FILE,NTFS USN change,manifest.fingerprint File reference: 134896-4 Parent file reference: 134850-4 Update source:  Update reason: USN_REASON_DATA_EXTEND  USN_REASON_FILE_CREATE  USN_REASON_CLOSE,usnjrnl,NTFS:\$Extend\$UsnJrnl:$J,-
2023-12-26T23:24:37.796605+00:00,Metadata Modification Time,FILE,NTFS USN change,manifest.fingerprint File reference: 134896-4 Parent file reference: 134850-4 Update source:  Update reason: USN_REASON_FILE_CREATE,usnjrnl,NTFS:\$Extend\$UsnJrnl:$J,-
2023-12-26T23:24:37.796605+00:00,Content Modification Time,FILE,File stat,NTFS:\Users\User\AppData\Local\Microsoft\Edge\User Data\SafetyTips\3012 Type: directory,filestat,NTFS:\Users\User\AppData\Local\Microsoft\Edge\User Data\SafetyTips\3012,-
2023-12-26T23:24:37.811740+00:00,Metadata Modification Time,FILE,NTFS USN change,3012 File reference: 134850-4 Parent file reference: 133468-2 Update source:  Update reason: USN_REASON_RENAME_NEW_NAME,usnjrnl,NTFS:\$Extend\$UsnJrnl:$J,-
2023-12-26T23:24:37.811740+00:00,Metadata Modification Time,FILE,NTFS USN change,3012 File reference: 134850-4 Parent file reference: 133468-2 Update source:  Update reason: USN_REASON_RENAME_NEW_NAME  USN_REASON_CLOSE,usnjrnl,NTFS:\$Extend\$UsnJrnl:$J,-
2023-12-26T23:24:37.811740+00:00,Metadata Modification Time,FILE,NTFS USN change,chrome_PuffinComponentUnpacker_BeginUnzipping5760_616523641 File reference: 134850-4 Parent file reference: 42582-3 Update source:  Update reason: USN_REASON_RENAME_OLD_NAME,usnjrnl,NTFS:\$Extend\$UsnJrnl:$J,-
2023-12-26T23:24:37.811740+00:00,Content Modification Time,FILE,File stat,NTFS:\Users\User\AppData\Local\Microsoft\Edge\User Data\SafetyTips Type: directory,filestat,NTFS:\Users\User\AppData\Local\Microsoft\Edge\User Data\SafetyTips,-
2023-12-26T23:24:37.811740+00:00,Metadata Modification Time,FILE,File stat,NTFS:\Users\User\AppData\Local\Microsoft\Edge\User Data\SafetyTips Type: directory,filestat,NTFS:\Users\User\AppData\Local\Microsoft\Edge\User Data\SafetyTips,-
2023-12-26T23:24:37.811740+00:00,Last Access Time,FILE,File stat,NTFS:\Users\User\AppData\Local\Microsoft\Edge\User Data\SafetyTips\3012 Type: directory,filestat,NTFS:\Users\User\AppData\Local\Microsoft\Edge\User Data\SafetyTips\3012,-
2023-12-26T23:24:37.811740+00:00,Metadata Modification Time,FILE,File stat,NTFS:\Users\User\AppData\Local\Microsoft\Edge\User Data\SafetyTips\3012 Type: directory,filestat,NTFS:\Users\User\AppData\Local\Microsoft\Edge\User Data\SafetyTips\3012,-
2023-12-26T23:24:37.811740+00:00,Last Access Time,FILE,File stat,NTFS:\Users\User\AppData\Local\Microsoft\Edge\User Data\SafetyTips\3012\_metadata Type: directory,filestat,NTFS:\Users\User\AppData\Local\Microsoft\Edge\User Data\SafetyTips\3012\_metadata,-
2023-12-26T23:24:38.473436+00:00,Metadata Modification Time,FILE,NTFS USN change,B398B80134F72209547439DB21AB308D_A4CF52CCA82D7458083F7280801A3A04 File reference: 134461-5 Parent file reference: 132721-3 Update source:  Update reason: USN_REASON_DATA_OVERWRITE,usnjrnl,NTFS:\$Extend\$UsnJrnl:$J,-
2023-12-26T23:24:38.473436+00:00,Metadata Modification Time,FILE,NTFS USN change,B398B80134F72209547439DB21AB308D_A4CF52CCA82D7458083F7280801A3A04 File reference: 134461-5 Parent file reference: 132721-3 Update source:  Update reason: USN_REASON_DATA_OVERWRITE  USN_REASON_CLOSE,usnjrnl,NTFS:\$Extend\$UsnJrnl:$J,-
2023-12-26T23:24:38.473436+00:00,Metadata Modification Time,FILE,NTFS USN change,EAF8AA29A62AB29E614331747385D816_5F534900EDA07912026343B1203BA2B5 File reference: 134463-4 Parent file reference: 132721-3 Update source:  Update reason: USN_REASON_DATA_OVERWRITE,usnjrnl,NTFS:\$Extend\$UsnJrnl:$J,-
2023-12-26T23:24:38.473436+00:00,Metadata Modification Time,FILE,NTFS USN change,EAF8AA29A62AB29E614331747385D816_5F534900EDA07912026343B1203BA2B5 File reference: 134463-4 Parent file reference: 132721-3 Update source:  Update reason: USN_REASON_DATA_OVERWRITE  USN_REASON_CLOSE,usnjrnl,NTFS:\$Extend\$UsnJrnl:$J,-
2023-12-26T23:24:38.824350+00:00,Metadata Modification Time,FILE,NTFS USN change,DLLHOST.EXE-D6E392F8.pf File reference: 132956-3 Parent file reference: 76318-2 Update source:  Update reason: USN_REASON_DATA_TRUNCATION,usnjrnl,NTFS:\$Extend\$UsnJrnl:$J,-
2023-12-26T23:24:38.824350+00:00,Metadata Modification Time,FILE,NTFS USN change,V01.chk File reference: 130812-3 Parent file reference: 130594-4 Update source:  Update reason: USN_REASON_DATA_OVERWRITE,usnjrnl,NTFS:\$Extend\$UsnJrnl:$J,-
2023-12-26T23:24:38.840904+00:00,Metadata Modification Time,FILE,NTFS USN change,DLLHOST.EXE-D6E392F8.pf File reference: 132956-3 Parent file reference: 76318-2 Update source:  Update reason: USN_REASON_DATA_EXTEND  USN_REASON_DATA_TRUNCATION,usnjrnl,NTFS:\$Extend\$UsnJrnl:$J,-
2023-12-26T23:24:38.858435+00:00,Metadata Modification Time,FILE,NTFS USN change,DLLHOST.EXE-D6E392F8.pf File reference: 132956-3 Parent file reference: 76318-2 Update source:  Update reason: USN_REASON_DATA_EXTEND  USN_REASON_DATA_TRUNCATION  USN_REASON_CLOSE,usnjrnl,NTFS:\$Extend\$UsnJrnl:$J,-
2023-12-26T23:24:38.874437+00:00,Metadata Modification Time,FILE,NTFS USN change,V01.chk File reference: 130812-3 Parent file reference: 130594-4 Update source:  Update reason: USN_REASON_DATA_OVERWRITE  USN_REASON_CLOSE,usnjrnl,NTFS:\$Extend\$UsnJrnl:$J,-
2023-12-26T23:24:39.886702+00:00,Metadata Modification Time,FILE,NTFS USN change,www.bing[1].xml File reference: 132700-4 Parent file reference: 132699-3 Update source:  Update reason: USN_REASON_DATA_EXTEND  USN_REASON_DATA_TRUNCATION,usnjrnl,NTFS:\$Extend\$UsnJrnl:$J,-
2023-12-26T23:24:39.886702+00:00,Metadata Modification Time,FILE,NTFS USN change,www.bing[1].xml File reference: 132700-4 Parent file reference: 132699-3 Update source:  Update reason: USN_REASON_DATA_OVERWRITE  USN_REASON_DATA_EXTEND  USN_REASON_DATA_TRUNCATION,usnjrnl,NTFS:\$Extend\$UsnJrnl:$J,-
2023-12-26T23:24:39.886702+00:00,Metadata Modification Time,FILE,NTFS USN change,www.bing[1].xml File reference: 132700-4 Parent file reference: 132699-3 Update source:  Update reason: USN_REASON_DATA_TRUNCATION,usnjrnl,NTFS:\$Extend\$UsnJrnl:$J,-
2023-12-26T23:24:39.902063+00:00,Metadata Modification Time,FILE,NTFS USN change,www.bing[1].xml File reference: 132700-4 Parent file reference: 132699-3 Update source:  Update reason: USN_REASON_DATA_OVERWRITE  USN_REASON_DATA_EXTEND  USN_REASON_DATA_TRUNCATION  USN_REASON_CLOSE,usnjrnl,NTFS:\$Extend\$UsnJrnl:$J,-
2023-12-26T23:24:41.207344+00:00,Content Modification Time,REG,Registry Key,[HKEY_CURRENT_USER\Software\Classes\Local Settings\Software\Microsoft\Windows\CurrentVersion\AppModel\SystemAppData\windows.immersivecontrolpanel_cw5n1h2txyewy\HAM\AUI\microsoft.windows.immersivecontrolpanel\V1] (empty),winreg/winreg_default,NTFS:\Users\User\AppData\Local\Microsoft\Windows\UsrClass.dat,-
2023-12-26T23:24:41.207344+00:00,Content Modification Time,REG,Registry Key,[HKEY_CURRENT_USER\Software\Classes\Local Settings\Software\Microsoft\Windows\CurrentVersion\AppModel\SystemAppData\windows.immersivecontrolpanel_cw5n1h2txyewy\HAM\AUI\microsoft.windows.immersivecontrolpanel] (empty),winreg/winreg_default,NTFS:\Users\User\AppData\Local\Microsoft\Windows\UsrClass.dat,-
2023-12-26T23:24:41.207344+00:00,Content Modification Time,REG,Registry Key,[HKEY_CURRENT_USER\Software\Classes\Local Settings\Software\Microsoft\Windows\CurrentVersion\AppModel\SystemAppData\windows.immersivecontrolpanel_cw5n1h2txyewy\HAM\AUI] (empty),winreg/winreg_default,NTFS:\Users\User\AppData\Local\Microsoft\Windows\UsrClass.dat,-
2023-12-26T23:24:41.207344+00:00,Content Modification Time,REG,Registry Key,[HKEY_CURRENT_USER\Software\Classes\Local Settings\Software\Microsoft\Windows\CurrentVersion\AppModel\SystemAppData\windows.immersivecontrolpanel_cw5n1h2txyewy\HAM] (empty),winreg/winreg_default,NTFS:\Users\User\AppData\Local\Microsoft\Windows\UsrClass.dat,-
2023-12-26T23:24:41.207344+00:00,Previous Last Time Executed,LOG,WinPrefetch,Prefetch [SYSTEMSETTINGS.EXE] was executed - run count 2 path hints: \WINDOWS\IMMERSIVECONTROLPANEL\SYSTEMSETTINGS.EXE hash: 0xC47CEF56 volume: 1 [serial number: 0x5CE1DF5A  device path: \VOLUME{01da182ce1985a64-5ce1df5a}],prefetch,NTFS:\Windows\Prefetch\SYSTEMSETTINGS.EXE-C47CEF56.pf,-
2023-12-26T23:24:41.256589+00:00,Content Modification Time,EVT,WinEVTX,[500 / 0x01f4] Provider identifier: {eef54e71-0661-422d-9a98-82fd4940b820} Source Name: Microsoft-Windows-Application-Experience Strings: ['8488'  '2023-12-26T23:24:40.780471700Z'  '{15A89F9E-4F3E-4AA2-B026-7271DEF4F208}'  '0x00010101'  'C:\\Windows\\ImmersiveControlPanel\\SystemSettings.exe'  'Microsoft Apps'] Computer Name: WinDev2311Eval Record Number: 2 Event Level: 4,winevtx,NTFS:\Windows\System32\winevt\Logs\Microsoft-Windows-Application-Experience%4Program-Telemetry.evtx,-
2023-12-26T23:24:41.256589+00:00,Creation Time,EVT,WinEVTX,[500 / 0x01f4] Provider identifier: {eef54e71-0661-422d-9a98-82fd4940b820} Source Name: Microsoft-Windows-Application-Experience Strings: ['8488'  '2023-12-26T23:24:40.780471700Z'  '{15A89F9E-4F3E-4AA2-B026-7271DEF4F208}'  '0x00010101'  'C:\\Windows\\ImmersiveControlPanel\\SystemSettings.exe'  'Microsoft Apps'] Computer Name: WinDev2311Eval Record Number: 2 Event Level: 4,winevtx,NTFS:\Windows\System32\winevt\Logs\Microsoft-Windows-Application-Experience%4Program-Telemetry.evtx,-
2023-12-26T23:24:41.256603+00:00,Content Modification Time,EVT,WinEVTX,[500 / 0x01f4] Provider identifier: {eef54e71-0661-422d-9a98-82fd4940b820} Source Name: Microsoft-Windows-Application-Experience Strings: ['8488'  '2023-12-26T23:24:40.780471700Z'  '{F4DB680C-9C1E-4A31-B6B0-3BE6BFD4F55F}'  '0x00010101'  'C:\\Windows\\ImmersiveControlPanel\\SystemSettings.exe'  'Microsoft Apps'] Computer Name: WinDev2311Eval Record Number: 3 Event Level: 4,winevtx,NTFS:\Windows\System32\winevt\Logs\Microsoft-Windows-Application-Experience%4Program-Telemetry.evtx,-
2023-12-26T23:24:41.256603+00:00,Creation Time,EVT,WinEVTX,[500 / 0x01f4] Provider identifier: {eef54e71-0661-422d-9a98-82fd4940b820} Source Name: Microsoft-Windows-Application-Experience Strings: ['8488'  '2023-12-26T23:24:40.780471700Z'  '{F4DB680C-9C1E-4A31-B6B0-3BE6BFD4F55F}'  '0x00010101'  'C:\\Windows\\ImmersiveControlPanel\\SystemSettings.exe'  'Microsoft Apps'] Computer Name: WinDev2311Eval Record Number: 3 Event Level: 4,winevtx,NTFS:\Windows\System32\winevt\Logs\Microsoft-Windows-Application-Experience%4Program-Telemetry.evtx,-
2023-12-26T23:24:41.264002+00:00,Metadata Modification Time,FILE,NTFS USN change,www.bing[1].xml File reference: 132700-4 Parent file reference: 132699-3 Update source:  Update reason: USN_REASON_DATA_EXTEND  USN_REASON_DATA_TRUNCATION,usnjrnl,NTFS:\$Extend\$UsnJrnl:$J,-
2023-12-26T23:24:41.264002+00:00,Metadata Modification Time,FILE,NTFS USN change,www.bing[1].xml File reference: 132700-4 Parent file reference: 132699-3 Update source:  Update reason: USN_REASON_DATA_OVERWRITE  USN_REASON_DATA_EXTEND  USN_REASON_DATA_TRUNCATION,usnjrnl,NTFS:\$Extend\$UsnJrnl:$J,-
2023-12-26T23:24:41.264002+00:00,Metadata Modification Time,FILE,NTFS USN change,www.bing[1].xml File reference: 132700-4 Parent file reference: 132699-3 Update source:  Update reason: USN_REASON_DATA_TRUNCATION,usnjrnl,NTFS:\$Extend\$UsnJrnl:$J,-
2023-12-26T23:24:41.305573+00:00,Metadata Modification Time,FILE,NTFS USN change,www.bing[1].xml File reference: 132700-4 Parent file reference: 132699-3 Update source:  Update reason: USN_REASON_DATA_OVERWRITE  USN_REASON_DATA_EXTEND  USN_REASON_DATA_TRUNCATION  USN_REASON_CLOSE,usnjrnl,NTFS:\$Extend\$UsnJrnl:$J,-
2023-12-26T23:24:41.408946+00:00,Last Time Executed,LOG,WinPrefetch,Prefetch [APPLICATIONFRAMEHOST.EXE] was executed - run count 1 path hints: \WINDOWS\SYSTEM32\APPLICATIONFRAMEHOST.EXE hash: 0x4CE44C83 volume: 1 [serial number: 0x5CE1DF5A  device path: \VOLUME{01da182ce1985a64-5ce1df5a}],prefetch,NTFS:\Windows\Prefetch\APPLICATIONFRAMEHOST.EXE-4CE44C83.pf,-
2023-12-26T23:24:41.726767+00:00,Metadata Modification Time,FILE,NTFS USN change,SystemSettings.dll File reference: 100001-1 Parent file reference: 18896-1 Update source:  Update reason: USN_REASON_EA_CHANGE,usnjrnl,NTFS:\$Extend\$UsnJrnl:$J,-
2023-12-26T23:24:41.726767+00:00,Metadata Modification Time,FILE,NTFS USN change,SystemSettings.dll File reference: 100001-1 Parent file reference: 18896-1 Update source:  Update reason: USN_REASON_EA_CHANGE  USN_REASON_CLOSE,usnjrnl,NTFS:\$Extend\$UsnJrnl:$J,-
2023-12-26T23:24:41.726767+00:00,Metadata Modification Time,FILE,File stat,NTFS:\Windows\ImmersiveControlPanel\SystemSettings.dll Type: file,filestat,NTFS:\Windows\ImmersiveControlPanel\SystemSettings.dll,-
2023-12-26T23:24:41.726767+00:00,Last Access Time,FILE,File stat,NTFS:\Windows\System32\CatRoot\{F750E6C3-38EE-11D1-85E5-00C04FC295EE}\Microsoft-Windows-Client-Desktop-Required-Package0513~31bf3856ad364e35~amd64~~10.0.22621.2715.cat Type: file,filestat,NTFS:\Windows\System32\CatRoot\{F750E6C3-38EE-11D1-85E5-00C04FC295EE}\Microsoft-Windows-Client-Desktop-Required-Package0513~31bf3856ad364e35~amd64~~10.0.22621.2715.cat,-
2023-12-26T23:24:41.726767+00:00,Last Access Time,FILE,File stat,NTFS:\Windows\WinSxS\Catalogs\f6ad31b6f12bcfbca56701fd03958fe4d3b872b5531daeb1b5a57c7c8b358323.cat Type: file,filestat,NTFS:\Windows\WinSxS\Catalogs\f6ad31b6f12bcfbca56701fd03958fe4d3b872b5531daeb1b5a57c7c8b358323.cat,-
2023-12-26T23:24:41.726767+00:00,Metadata Modification Time,FILE,File stat,NTFS:\Windows\WinSxS\amd64_microsoft-windows-s..emsettingsthreshold_31bf3856ad364e35_10.0.22621.2715_none_ff3a52d2599942a0\SystemSettings.dll Type: file,filestat,NTFS:\Windows\WinSxS\amd64_microsoft-windows-s..emsettingsthreshold_31bf3856ad364e35_10.0.22621.2715_none_ff3a52d2599942a0\SystemSettings.dll,-
2023-12-26T23:24:41.726767+00:00,Last Access Time,FILE,File stat,NTFS:\Windows\servicing\Packages\Microsoft-Windows-Client-Desktop-Required-Package0513~31bf3856ad364e35~amd64~~10.0.22621.2715.cat Type: file,filestat,NTFS:\Windows\servicing\Packages\Microsoft-Windows-Client-Desktop-Required-Package0513~31bf3856ad364e35~amd64~~10.0.22621.2715.cat,-
2023-12-26T23:24:42.895439+00:00,Metadata Modification Time,FILE,NTFS USN change,92bb496e-4dd2-4332-8bae-a46bb71adf45.tmp File reference: 134898-6 Parent file reference: 131949-6 Update source:  Update reason: USN_REASON_DATA_EXTEND  USN_REASON_FILE_CREATE,usnjrnl,NTFS:\$Extend\$UsnJrnl:$J,-
2023-12-26T23:24:42.895439+00:00,Metadata Modification Time,FILE,NTFS USN change,92bb496e-4dd2-4332-8bae-a46bb71adf45.tmp File reference: 134898-6 Parent file reference: 131949-6 Update source:  Update reason: USN_REASON_FILE_CREATE,usnjrnl,NTFS:\$Extend\$UsnJrnl:$J,-
2023-12-26T23:24:42.122413+00:00,Metadata Modification Time,FILE,NTFS USN change,92bb496e-4dd2-4332-8bae-a46bb71adf45.tmp File reference: 134898-6 Parent file reference: 131949-6 Update source:  Update reason: USN_REASON_BASIC_INFO_CHANGE,usnjrnl,NTFS:\$Extend\$UsnJrnl:$J,-
2023-12-26T23:24:42.122413+00:00,Metadata Modification Time,FILE,NTFS USN change,92bb496e-4dd2-4332-8bae-a46bb71adf45.tmp File reference: 134898-6 Parent file reference: 131949-6 Update source:  Update reason: USN_REASON_DATA_EXTEND  USN_REASON_FILE_CREATE  USN_REASON_CLOSE,usnjrnl,NTFS:\$Extend\$UsnJrnl:$J,-
2023-12-26T23:24:42.122413+00:00,Metadata Modification Time,FILE,NTFS USN change,92bb496e-4dd2-4332-8bae-a46bb71adf45.tmp File reference: 134898-6 Parent file reference: 131949-6 Update source:  Update reason: USN_REASON_SECURITY_CHANGE  USN_REASON_BASIC_INFO_CHANGE,usnjrnl,NTFS:\$Extend\$UsnJrnl:$J,-
2023-12-26T23:24:42.122413+00:00,Metadata Modification Time,FILE,NTFS USN change,Local State~RFc8fd2.TMP File reference: 134899-6 Parent file reference: 131949-6 Update source:  Update reason: USN_REASON_FILE_CREATE,usnjrnl,NTFS:\$Extend\$UsnJrnl:$J,-
2023-12-26T23:24:42.122413+00:00,Metadata Modification Time,FILE,NTFS USN change,Local State~RFc8fd2.TMP File reference: 134899-6 Parent file reference: 131949-6 Update source:  Update reason: USN_REASON_FILE_CREATE  USN_REASON_CLOSE,usnjrnl,NTFS:\$Extend\$UsnJrnl:$J,-
2023-12-26T23:24:42.140407+00:00,Metadata Modification Time,FILE,NTFS USN change,Local State File reference: 134822-4 Parent file reference: 131949-6 Update source:  Update reason: USN_REASON_RENAME_OLD_NAME,usnjrnl,NTFS:\$Extend\$UsnJrnl:$J,-
2023-12-26T23:24:42.140407+00:00,Metadata Modification Time,FILE,NTFS USN change,Local State~RFc8fd2.TMP File reference: 134822-4 Parent file reference: 131949-6 Update source:  Update reason: USN_REASON_RENAME_NEW_NAME,usnjrnl,NTFS:\$Extend\$UsnJrnl:$J,-
2023-12-26T23:24:42.140407+00:00,Metadata Modification Time,FILE,NTFS USN change,Local State~RFc8fd2.TMP File reference: 134899-6 Parent file reference: 131949-6 Update source:  Update reason: USN_REASON_FILE_DELETE  USN_REASON_CLOSE,usnjrnl,NTFS:\$Extend\$UsnJrnl:$J,-
2023-12-26T23:24:42.157427+00:00,Metadata Modification Time,FILE,NTFS USN change,92bb496e-4dd2-4332-8bae-a46bb71adf45.tmp File reference: 134898-6 Parent file reference: 131949-6 Update source:  Update reason: USN_REASON_SECURITY_CHANGE  USN_REASON_RENAME_OLD_NAME  USN_REASON_BASIC_INFO_CHANGE,usnjrnl,NTFS:\$Extend\$UsnJrnl:$J,-
2023-12-26T23:24:42.157427+00:00,Metadata Modification Time,FILE,NTFS USN change,Local State File reference: 134898-6 Parent file reference: 131949-6 Update source:  Update reason: USN_REASON_SECURITY_CHANGE  USN_REASON_RENAME_NEW_NAME  USN_REASON_BASIC_INFO_CHANGE,usnjrnl,NTFS:\$Extend\$UsnJrnl:$J,-
2023-12-26T23:24:42.171564+00:00,Metadata Modification Time,FILE,NTFS USN change,Local State File reference: 134898-6 Parent file reference: 131949-6 Update source:  Update reason: USN_REASON_SECURITY_CHANGE  USN_REASON_RENAME_NEW_NAME  USN_REASON_BASIC_INFO_CHANGE  USN_REASON_CLOSE,usnjrnl,NTFS:\$Extend\$UsnJrnl:$J,-
2023-12-26T23:24:42.171564+00:00,Metadata Modification Time,FILE,NTFS USN change,Local State~RFc8fd2.TMP File reference: 134822-4 Parent file reference: 131949-6 Update source:  Update reason: USN_REASON_FILE_DELETE  USN_REASON_CLOSE,usnjrnl,NTFS:\$Extend\$UsnJrnl:$J,-
2023-12-26T23:24:42.171564+00:00,Metadata Modification Time,FILE,NTFS USN change,Local State~RFc8fd2.TMP File reference: 134822-4 Parent file reference: 131949-6 Update source:  Update reason: USN_REASON_RENAME_NEW_NAME  USN_REASON_CLOSE,usnjrnl,NTFS:\$Extend\$UsnJrnl:$J,-
2023-12-26T23:24:42.642894+00:00,Metadata Modification Time,FILE,NTFS USN change,Telemetry.Common.dll File reference: 99983-1 Parent file reference: 18896-1 Update source:  Update reason: USN_REASON_EA_CHANGE,usnjrnl,NTFS:\$Extend\$UsnJrnl:$J,-
2023-12-26T23:24:42.642894+00:00,Metadata Modification Time,FILE,NTFS USN change,Telemetry.Common.dll File reference: 99983-1 Parent file reference: 18896-1 Update source:  Update reason: USN_REASON_EA_CHANGE  USN_REASON_CLOSE,usnjrnl,NTFS:\$Extend\$UsnJrnl:$J,-
2023-12-26T23:24:42.642894+00:00,Metadata Modification Time,FILE,File stat,NTFS:\Windows\ImmersiveControlPanel\Telemetry.Common.dll Type: file,filestat,NTFS:\Windows\ImmersiveControlPanel\Telemetry.Common.dll,-
2023-12-26T23:24:42.642894+00:00,Metadata Modification Time,FILE,File stat,NTFS:\Windows\WinSxS\amd64_microsoft-windows-s..emsettingsthreshold_31bf3856ad364e35_10.0.22621.2715_none_ff3a52d2599942a0\Telemetry.Common.dll Type: file,filestat,NTFS:\Windows\WinSxS\amd64_microsoft-windows-s..emsettingsthreshold_31bf3856ad364e35_10.0.22621.2715_none_ff3a52d2599942a0\Telemetry.Common.dll,-
2023-12-26T23:24:42.867622+00:00,Last Access Time,FILE,File stat,NTFS:\Windows\System32\ApplicationFrameHost.exe Type: file,filestat,NTFS:\Windows\System32\ApplicationFrameHost.exe,-
2023-12-26T23:24:42.867622+00:00,Last Access Time,FILE,File stat,NTFS:\Windows\WinSxS\amd64_microsoft-windows-s..plicationframe-host_31bf3856ad364e35_10.0.22621.2506_none_b98798a8a89cb7ac\ApplicationFrameHost.exe Type: file,filestat,NTFS:\Windows\WinSxS\amd64_microsoft-windows-s..plicationframe-host_31bf3856ad364e35_10.0.22621.2506_none_b98798a8a89cb7ac\ApplicationFrameHost.exe,-
2023-12-26T23:24:43.103408+00:00,Content Modification Time,REG,Registry Key,[HKEY_CURRENT_USER\Software\Classes\Local Settings\Software\Microsoft\Windows\CurrentVersion\AppModel\SystemAppData\windows.immersivecontrolpanel_cw5n1h2txyewy\ApplicationFrame] (empty),winreg/winreg_default,NTFS:\Users\User\AppData\Local\Microsoft\Windows\UsrClass.dat,-
2023-12-26T23:24:43.109113+00:00,Content Modification Time,EVT,WinEVTX,[1223 / 0x04c7] Provider identifier: {88cd9180-4491-4640-b571-e3bee2527943} Source Name: Microsoft-Windows-PushNotifications-Platform Strings: ['PNG'  '6'  'CON'  'Ew1S8/Gu3km+57WH.6'  '29'  '436F6E746578743A20633231336465313734316631323833640D0A0D0A'  '0'] Computer Name: WinDev2311Eval Record Number: 1477 Event Level: 5,winevtx,NTFS:\Windows\System32\winevt\Logs\Microsoft-Windows-PushNotification-Platform%4Operational.evtx,-
2023-12-26T23:24:43.109113+00:00,Creation Time,EVT,WinEVTX,[1223 / 0x04c7] Provider identifier: {88cd9180-4491-4640-b571-e3bee2527943} Source Name: Microsoft-Windows-PushNotifications-Platform Strings: ['PNG'  '6'  'CON'  'Ew1S8/Gu3km+57WH.6'  '29'  '436F6E746578743A20633231336465313734316631323833640D0A0D0A'  '0'] Computer Name: WinDev2311Eval Record Number: 1477 Event Level: 5,winevtx,NTFS:\Windows\System32\winevt\Logs\Microsoft-Windows-PushNotification-Platform%4Operational.evtx,-
2023-12-26T23:24:43.109114+00:00,Content Modification Time,EVT,WinEVTX,[1267 / 0x04f3] Provider identifier: {88cd9180-4491-4640-b571-e3bee2527943} Source Name: Microsoft-Windows-PushNotifications-Platform Strings: ['PNG'  '6'  'CON'  'Ew1S8/Gu3km+57WH.6'  '70'  '504E47203620434F4E2035360D0A4D532D43563A2045773153382F4775336B6D2B353757482E360D0A436F6E746578743A20633231336465313734316631323833640D0A0D0A'  '0'] Computer Name: WinDev2311Eval Record Number: 1478 Event Level: 5,winevtx,NTFS:\Windows\System32\winevt\Logs\Microsoft-Windows-PushNotification-Platform%4Operational.evtx,-
2023-12-26T23:24:43.109114+00:00,Creation Time,EVT,WinEVTX,[1267 / 0x04f3] Provider identifier: {88cd9180-4491-4640-b571-e3bee2527943} Source Name: Microsoft-Windows-PushNotifications-Platform Strings: ['PNG'  '6'  'CON'  'Ew1S8/Gu3km+57WH.6'  '70'  '504E47203620434F4E2035360D0A4D532D43563A2045773153382F4775336B6D2B353757482E360D0A436F6E746578743A20633231336465313734316631323833640D0A0D0A'  '0'] Computer Name: WinDev2311Eval Record Number: 1478 Event Level: 5,winevtx,NTFS:\Windows\System32\winevt\Logs\Microsoft-Windows-PushNotification-Platform%4Operational.evtx,-
2023-12-26T23:24:43.166362+00:00,Content Modification Time,REG,Registry Key,[HKEY_CURRENT_USER\Software\Classes\Local Settings\Software\Microsoft\Windows\CurrentVersion\AppModel\SystemAppData\windows.immersivecontrolpanel_cw5n1h2txyewy] WasEverActivated: [REG_DWORD_LE] 1,winreg/winreg_default,NTFS:\Users\User\AppData\Local\Microsoft\Windows\UsrClass.dat,-
2023-12-26T23:24:43.183560+00:00,Content Modification Time,REG,Registry Key,[HKEY_CURRENT_USER\Software\Classes\Local Settings\Software\Microsoft\Windows\CurrentVersion\AppModel\SystemAppData\windows.immersivecontrolpanel_cw5n1h2txyewy\PersistedTitleBarData] (empty),winreg/winreg_default,NTFS:\Users\User\AppData\Local\Microsoft\Windows\UsrClass.dat,-
2023-12-26T23:24:43.190848+00:00,Content Modification Time,EVT,WinEVTX,[1225 / 0x04c9] Provider identifier: {88cd9180-4491-4640-b571-e3bee2527943} Source Name: Microsoft-Windows-PushNotifications-Platform Strings: ['PNG'  '6'  'CON'  'Ew1S8/Gu3km+57WH.6.0'  '77'  '4D532D43563A2045773153382F4775336B6D2B353757482E362E300D0A0D0A3C70696E672D726573706F6E73653E3C776169743E34393C2F776169743E3C2F70696E672D726573706F6E73653E'  '0'] Computer Name: WinDev2311Eval Record Number: 1479 Event Level: 5,winevtx,NTFS:\Windows\System32\winevt\Logs\Microsoft-Windows-PushNotification-Platform%4Operational.evtx,-
2023-12-26T23:24:43.190848+00:00,Creation Time,EVT,WinEVTX,[1225 / 0x04c9] Provider identifier: {88cd9180-4491-4640-b571-e3bee2527943} Source Name: Microsoft-Windows-PushNotifications-Platform Strings: ['PNG'  '6'  'CON'  'Ew1S8/Gu3km+57WH.6.0'  '77'  '4D532D43563A2045773153382F4775336B6D2B353757482E362E300D0A0D0A3C70696E672D726573706F6E73653E3C776169743E34393C2F776169743E3C2F70696E672D726573706F6E73653E'  '0'] Computer Name: WinDev2311Eval Record Number: 1479 Event Level: 5,winevtx,NTFS:\Windows\System32\winevt\Logs\Microsoft-Windows-PushNotification-Platform%4Operational.evtx,-
2023-12-26T23:24:43.190852+00:00,Content Modification Time,EVT,WinEVTX,[1268 / 0x04f4] Provider identifier: {88cd9180-4491-4640-b571-e3bee2527943} Source Name: Microsoft-Windows-PushNotifications-Platform Strings: ['PNG'  '6'  'CON'  'Ew1S8/Gu3km+57WH.6.0'  '77'  '504E47203620434F4E0037370D0A4D532D43563A2045773153382F4775336B6D2B353757482E362E300D0A0D0A3C70696E672D726573706F6E73653E3C776169743E34393C2F776169743E3C2F'  '0'] Computer Name: WinDev2311Eval Record Number: 1480 Event Level: 5,winevtx,NTFS:\Windows\System32\winevt\Logs\Microsoft-Windows-PushNotification-Platform%4Operational.evtx,-
2023-12-26T23:24:43.190852+00:00,Creation Time,EVT,WinEVTX,[1268 / 0x04f4] Provider identifier: {88cd9180-4491-4640-b571-e3bee2527943} Source Name: Microsoft-Windows-PushNotifications-Platform Strings: ['PNG'  '6'  'CON'  'Ew1S8/Gu3km+57WH.6.0'  '77'  '504E47203620434F4E0037370D0A4D532D43563A2045773153382F4775336B6D2B353757482E362E300D0A0D0A3C70696E672D726573706F6E73653E3C776169743E34393C2F776169743E3C2F'  '0'] Computer Name: WinDev2311Eval Record Number: 1480 Event Level: 5,winevtx,NTFS:\Windows\System32\winevt\Logs\Microsoft-Windows-PushNotification-Platform%4Operational.evtx,-
2023-12-26T23:24:43.319767+00:00,Metadata Modification Time,FILE,NTFS USN change,BIT9495.tmp File reference: 134899-7 Parent file reference: 134822-5 Update source:  Update reason: USN_REASON_FILE_CREATE,usnjrnl,NTFS:\$Extend\$UsnJrnl:$J,-
2023-12-26T23:24:43.319767+00:00,Metadata Modification Time,FILE,NTFS USN change,BIT9495.tmp File reference: 134899-7 Parent file reference: 134822-5 Update source:  Update reason: USN_REASON_FILE_CREATE  USN_REASON_CLOSE,usnjrnl,NTFS:\$Extend\$UsnJrnl:$J,-
2023-12-26T23:24:43.319767+00:00,Metadata Modification Time,FILE,NTFS USN change,edge_BITS_5760_1236657887 File reference: 134822-5 Parent file reference: 42582-3 Update source:  Update reason: USN_REASON_FILE_CREATE,usnjrnl,NTFS:\$Extend\$UsnJrnl:$J,-
2023-12-26T23:24:43.319767+00:00,Metadata Modification Time,FILE,NTFS USN change,edge_BITS_5760_1236657887 File reference: 134822-5 Parent file reference: 42582-3 Update source:  Update reason: USN_REASON_FILE_CREATE  USN_REASON_CLOSE,usnjrnl,NTFS:\$Extend\$UsnJrnl:$J,-
2023-12-26T23:24:43.319767+00:00,Creation Time,FILE,File stat,NTFS:\Users\User\AppData\Local\Temp\edge_BITS_5760_1236657887 Type: directory,filestat,NTFS:\Users\User\AppData\Local\Temp\edge_BITS_5760_1236657887,-
2023-12-26T23:24:43.324021+00:00,Content Modification Time,EVT,WinEVTX,[3 / 0x0003] Provider identifier: {ef1cc15b-46c1-414e-bb95-e76b077bd51e} Source Name: Microsoft-Windows-Bits-Client Strings: ['Edge Component Updater'  '{F09328D0-9D7D-4EE4-B8F8-8DFD0EBD8FB9}'  'WINDEV2311EVAL\\User'  'C:\\Program Files (x86)\\Microsoft\\Edge\\Application\\msedge.exe'  '5760'  '3096224743817504'] Computer Name: WinDev2311Eval Record Number: 206 Event Level: 4,winevtx,NTFS:\Windows\System32\winevt\Logs\Microsoft-Windows-Bits-Client%4Operational.evtx,-
2023-12-26T23:24:43.324021+00:00,Creation Time,EVT,WinEVTX,[3 / 0x0003] Provider identifier: {ef1cc15b-46c1-414e-bb95-e76b077bd51e} Source Name: Microsoft-Windows-Bits-Client Strings: ['Edge Component Updater'  '{F09328D0-9D7D-4EE4-B8F8-8DFD0EBD8FB9}'  'WINDEV2311EVAL\\User'  'C:\\Program Files (x86)\\Microsoft\\Edge\\Application\\msedge.exe'  '5760'  '3096224743817504'] Computer Name: WinDev2311Eval Record Number: 206 Event Level: 4,winevtx,NTFS:\Windows\System32\winevt\Logs\Microsoft-Windows-Bits-Client%4Operational.evtx,-
2023-12-26T23:24:43.337101+00:00,Metadata Modification Time,FILE,NTFS USN change,BIT9495.tmp File reference: 134899-7 Parent file reference: 134822-5 Update source:  Update reason: USN_REASON_DATA_TRUNCATION,usnjrnl,NTFS:\$Extend\$UsnJrnl:$J,-
2023-12-26T23:24:43.353787+00:00,Metadata Modification Time,FILE,NTFS USN change,BIT9495.tmp File reference: 134899-7 Parent file reference: 134822-5 Update source:  Update reason: USN_REASON_DATA_TRUNCATION  USN_REASON_CLOSE,usnjrnl,NTFS:\$Extend\$UsnJrnl:$J,-
2023-12-26T23:24:43.389593+00:00,Content Modification Time,EVT,WinEVTX,[16403 / 0x4013] Provider identifier: {ef1cc15b-46c1-414e-bb95-e76b077bd51e} Source Name: Microsoft-Windows-Bits-Client Strings: ['WINDEV2311EVAL\\User'  'Edge Component Updater'  '{F09328D0-9D7D-4EE4-B8F8-8DFD0EBD8FB9}'  'WINDEV2311EVAL\\User'  '1'  'http://msedge.b.tlu.dl.delivery.mp.microsoft.com/filestreamingservice/files/2e8a592b-0ad4-414c-b996-21bd8749e2fd?P1=1703740447&P2=404&P3=2&P4=g96v8uO9eNTa1XoPjQ89DMKJKXrqY4ambE2fqEb6LlAiEJbcX102aIYLtHkxf6JRE7dbDyirGq5uG9YUmqOyXg%3d%3d'  'C:\\Users\\User\\AppData\\Local\\Temp\\edge_BITS_5760_1236657887\\2e8a592b-0ad4-414c-b996-21bd8749e2fd'  '5760'  '3096224743817504'] Computer Name: WinDev2311Eval Record Number: 207 Event Level: 4,winevtx,NTFS:\Windows\System32\winevt\Logs\Microsoft-Windows-Bits-Client%4Operational.evtx,-
2023-12-26T23:24:43.389593+00:00,Creation Time,EVT,WinEVTX,[16403 / 0x4013] Provider identifier: {ef1cc15b-46c1-414e-bb95-e76b077bd51e} Source Name: Microsoft-Windows-Bits-Client Strings: ['WINDEV2311EVAL\\User'  'Edge Component Updater'  '{F09328D0-9D7D-4EE4-B8F8-8DFD0EBD8FB9}'  'WINDEV2311EVAL\\User'  '1'  'http://msedge.b.tlu.dl.delivery.mp.microsoft.com/filestreamingservice/files/2e8a592b-0ad4-414c-b996-21bd8749e2fd?P1=1703740447&P2=404&P3=2&P4=g96v8uO9eNTa1XoPjQ89DMKJKXrqY4ambE2fqEb6LlAiEJbcX102aIYLtHkxf6JRE7dbDyirGq5uG9YUmqOyXg%3d%3d'  'C:\\Users\\User\\AppData\\Local\\Temp\\edge_BITS_5760_1236657887\\2e8a592b-0ad4-414c-b996-21bd8749e2fd'  '5760'  '3096224743817504'] Computer Name: WinDev2311Eval Record Number: 207 Event Level: 4,winevtx,NTFS:\Windows\System32\winevt\Logs\Microsoft-Windows-Bits-Client%4Operational.evtx,-
2023-12-26T23:24:43.497673+00:00,Content Modification Time,EVT,WinEVTX,[59 / 0x003b] Provider identifier: {ef1cc15b-46c1-414e-bb95-e76b077bd51e} Source Name: Microsoft-Windows-Bits-Client Strings: ['{B54DC055-4DC1-4A85-BE34-CEA4BE52F1A6}'  'Edge Component Updater'  '{F09328D0-9D7D-4EE4-B8F8-8DFD0EBD8FB9}'  'http://msedge.b.tlu.dl.delivery.mp.microsoft.com/filestreamingservice/files/2e8a592b-0ad4-414c-b996-21bd8749e2fd?P1=1703740447&P2=404&P3=2&P4=g96v8uO9eNTa1XoPjQ89DMKJKXrqY4ambE2fqEb6LlAiEJbcX102aIYLtHkxf6JRE7dbDyirGq5uG9YUmqOyXg%3d%3d'  ''  '2022-04-19T06:09:47.000000000Z'  '8058'  '8058'  '0'  '0'] Computer Name: WinDev2311Eval Record Number: 208 Event Level: 4,winevtx,NTFS:\Windows\System32\winevt\Logs\Microsoft-Windows-Bits-Client%4Operational.evtx,-
2023-12-26T23:24:43.497673+00:00,Creation Time,EVT,WinEVTX,[59 / 0x003b] Provider identifier: {ef1cc15b-46c1-414e-bb95-e76b077bd51e} Source Name: Microsoft-Windows-Bits-Client Strings: ['{B54DC055-4DC1-4A85-BE34-CEA4BE52F1A6}'  'Edge Component Updater'  '{F09328D0-9D7D-4EE4-B8F8-8DFD0EBD8FB9}'  'http://msedge.b.tlu.dl.delivery.mp.microsoft.com/filestreamingservice/files/2e8a592b-0ad4-414c-b996-21bd8749e2fd?P1=1703740447&P2=404&P3=2&P4=g96v8uO9eNTa1XoPjQ89DMKJKXrqY4ambE2fqEb6LlAiEJbcX102aIYLtHkxf6JRE7dbDyirGq5uG9YUmqOyXg%3d%3d'  ''  '2022-04-19T06:09:47.000000000Z'  '8058'  '8058'  '0'  '0'] Computer Name: WinDev2311Eval Record Number: 208 Event Level: 4,winevtx,NTFS:\Windows\System32\winevt\Logs\Microsoft-Windows-Bits-Client%4Operational.evtx,-
2023-12-26T23:24:43.508577+00:00,Metadata Modification Time,FILE,NTFS USN change,BIT9495.tmp File reference: 134899-7 Parent file reference: 134822-5 Update source:  Update reason: USN_REASON_DATA_EXTEND  USN_REASON_DATA_TRUNCATION,usnjrnl,NTFS:\$Extend\$UsnJrnl:$J,-
2023-12-26T23:24:43.508577+00:00,Metadata Modification Time,FILE,NTFS USN change,BIT9495.tmp File reference: 134899-7 Parent file reference: 134822-5 Update source:  Update reason: USN_REASON_DATA_TRUNCATION,usnjrnl,NTFS:\$Extend\$UsnJrnl:$J,-
2023-12-26T23:24:43.508577+00:00,Metadata Modification Time,FILE,NTFS USN change,V01.chk File reference: 130812-3 Parent file reference: 130594-4 Update source:  Update reason: USN_REASON_DATA_OVERWRITE,usnjrnl,NTFS:\$Extend\$UsnJrnl:$J,-
2023-12-26T23:24:43.524627+00:00,Metadata Modification Time,FILE,NTFS USN change,V01.chk File reference: 130812-3 Parent file reference: 130594-4 Update source:  Update reason: USN_REASON_DATA_OVERWRITE  USN_REASON_CLOSE,usnjrnl,NTFS:\$Extend\$UsnJrnl:$J,-
2023-12-26T23:24:45.876122+00:00,Metadata Modification Time,FILE,NTFS USN change,www.bing[1].xml File reference: 132700-4 Parent file reference: 132699-3 Update source:  Update reason: USN_REASON_DATA_EXTEND  USN_REASON_DATA_TRUNCATION,usnjrnl,NTFS:\$Extend\$UsnJrnl:$J,-
2023-12-26T23:24:45.876122+00:00,Metadata Modification Time,FILE,NTFS USN change,www.bing[1].xml File reference: 132700-4 Parent file reference: 132699-3 Update source:  Update reason: USN_REASON_DATA_OVERWRITE  USN_REASON_DATA_EXTEND  USN_REASON_DATA_TRUNCATION,usnjrnl,NTFS:\$Extend\$UsnJrnl:$J,-
2023-12-26T23:24:45.876122+00:00,Metadata Modification Time,FILE,NTFS USN change,www.bing[1].xml File reference: 132700-4 Parent file reference: 132699-3 Update source:  Update reason: USN_REASON_DATA_TRUNCATION,usnjrnl,NTFS:\$Extend\$UsnJrnl:$J,-
2023-12-26T23:24:45.892945+00:00,Metadata Modification Time,FILE,NTFS USN change,www.bing[1].xml File reference: 132700-4 Parent file reference: 132699-3 Update source:  Update reason: USN_REASON_DATA_OVERWRITE  USN_REASON_DATA_EXTEND  USN_REASON_DATA_TRUNCATION  USN_REASON_CLOSE,usnjrnl,NTFS:\$Extend\$UsnJrnl:$J,-
2023-12-26T23:24:46.245851+00:00,Content Modification Time,REG,Registry Key,[HKEY_CURRENT_USER\Software\Microsoft\Phone\ShellUI\WindowSizing\windows.immersivecontrolpanel_cw5n1h2txyewy!microsoft.windows.immersivecontrolpanel] (empty),winreg/winreg_default,NTFS:\Users\User\NTUSER.DAT,-
2023-12-26T23:24:48.988989+00:00,Metadata Modification Time,FILE,NTFS USN change,www.bing[1].xml File reference: 132700-4 Parent file reference: 132699-3 Update source:  Update reason: USN_REASON_DATA_EXTEND  USN_REASON_DATA_TRUNCATION,usnjrnl,NTFS:\$Extend\$UsnJrnl:$J,-
2023-12-26T23:24:48.988989+00:00,Metadata Modification Time,FILE,NTFS USN change,www.bing[1].xml File reference: 132700-4 Parent file reference: 132699-3 Update source:  Update reason: USN_REASON_DATA_OVERWRITE  USN_REASON_DATA_EXTEND  USN_REASON_DATA_TRUNCATION,usnjrnl,NTFS:\$Extend\$UsnJrnl:$J,-
2023-12-26T23:24:48.988989+00:00,Metadata Modification Time,FILE,NTFS USN change,www.bing[1].xml File reference: 132700-4 Parent file reference: 132699-3 Update source:  Update reason: USN_REASON_DATA_TRUNCATION,usnjrnl,NTFS:\$Extend\$UsnJrnl:$J,-
2023-12-26T23:24:49.239086+00:00,Content Modification Time,REG,Registry Key,[HKEY_LOCAL_MACHINE\Software\Microsoft\Tracing\SystemSettings_RASAPI32] ConsoleTracingMask: [REG_DWORD_LE] -65536 EnableAutoFileTracing: [REG_DWORD_LE] 0 EnableConsoleTracing: [REG_DWORD_LE] 0 EnableFileTracing: [REG_DWORD_LE] 0 FileDirectory: [REG_EXPAND_SZ] %windir%\tracing FileTracingMask: [REG_DWORD_LE] -65536 MaxFileSize: [REG_DWORD_LE] 1048576,winreg/winreg_default,NTFS:\Windows\System32\config\SOFTWARE,-
2023-12-26T23:24:49.239086+00:00,Content Modification Time,REG,Registry Key,[HKEY_LOCAL_MACHINE\Software\Microsoft\Tracing\SystemSettings_RASMANCS] ConsoleTracingMask: [REG_DWORD_LE] -65536 EnableAutoFileTracing: [REG_DWORD_LE] 0 EnableConsoleTracing: [REG_DWORD_LE] 0 EnableFileTracing: [REG_DWORD_LE] 0 FileDirectory: [REG_EXPAND_SZ] %windir%\tracing FileTracingMask: [REG_DWORD_LE] -65536 MaxFileSize: [REG_DWORD_LE] 1048576,winreg/winreg_default,NTFS:\Windows\System32\config\SOFTWARE,-
2023-12-26T23:24:49.356609+00:00,Metadata Modification Time,FILE,NTFS USN change,www.bing[1].xml File reference: 132700-4 Parent file reference: 132699-3 Update source:  Update reason: USN_REASON_DATA_OVERWRITE  USN_REASON_DATA_EXTEND  USN_REASON_DATA_TRUNCATION  USN_REASON_CLOSE,usnjrnl,NTFS:\$Extend\$UsnJrnl:$J,-
2023-12-26T23:24:49.303520+00:00,Previous Last Time Executed,LOG,WinPrefetch,Prefetch [DLLHOST.EXE] was executed - run count 11 path hints: \WINDOWS\SYSTEM32\DLLHOST.EXE hash: 0x38926D07 volume: 1 [serial number: 0x5CE1DF5A  device path: \VOLUME{01da182ce1985a64-5ce1df5a}],prefetch,NTFS:\Windows\Prefetch\DLLHOST.EXE-38926D07.pf,-
2023-12-26T23:24:49.544671+00:00,Metadata Modification Time,FILE,NTFS USN change,www.bing[1].xml File reference: 132700-4 Parent file reference: 132699-3 Update source:  Update reason: USN_REASON_DATA_EXTEND  USN_REASON_DATA_TRUNCATION,usnjrnl,NTFS:\$Extend\$UsnJrnl:$J,-
2023-12-26T23:24:49.544671+00:00,Metadata Modification Time,FILE,NTFS USN change,www.bing[1].xml File reference: 132700-4 Parent file reference: 132699-3 Update source:  Update reason: USN_REASON_DATA_OVERWRITE  USN_REASON_DATA_EXTEND  USN_REASON_DATA_TRUNCATION,usnjrnl,NTFS:\$Extend\$UsnJrnl:$J,-
2023-12-26T23:24:49.544671+00:00,Metadata Modification Time,FILE,NTFS USN change,www.bing[1].xml File reference: 132700-4 Parent file reference: 132699-3 Update source:  Update reason: USN_REASON_DATA_TRUNCATION,usnjrnl,NTFS:\$Extend\$UsnJrnl:$J,-
2023-12-26T23:24:49.559979+00:00,Metadata Modification Time,FILE,NTFS USN change,www.bing[1].xml File reference: 132700-4 Parent file reference: 132699-3 Update source:  Update reason: USN_REASON_DATA_OVERWRITE  USN_REASON_DATA_EXTEND  USN_REASON_DATA_TRUNCATION  USN_REASON_CLOSE,usnjrnl,NTFS:\$Extend\$UsnJrnl:$J,-
2023-12-26T23:24:49.737604+00:00,Last Access Time,FILE,File stat,NTFS:\Windows\ImmersiveControlPanel\images\logo.targetsize-24_altform-unplated.png Type: file,filestat,NTFS:\Windows\ImmersiveControlPanel\images\logo.targetsize-24_altform-unplated.png,-
2023-12-26T23:24:49.737604+00:00,Last Access Time,FILE,File stat,NTFS:\Windows\WinSxS\amd64_microsoft-windows-i..ntrolpanel.appxmain_31bf3856ad364e35_10.0.22621.2506_none_fa98700012a74a79\logo.targetsize-24_altform-unplated.png Type: file,filestat,NTFS:\Windows\WinSxS\amd64_microsoft-windows-i..ntrolpanel.appxmain_31bf3856ad364e35_10.0.22621.2506_none_fa98700012a74a79\logo.targetsize-24_altform-unplated.png,-
2023-12-26T23:24:49.737604+00:00,Last Access Time,FILE,File stat,NTFS:\Windows\WinSxS\amd64_microsoft-windows-i..ntrolpanel.appxmain_31bf3856ad364e35_10.0.22621.457_none_7ccf5cf4602b0786\logo.targetsize-24_altform-unplated.png Type: file,filestat,NTFS:\Windows\WinSxS\amd64_microsoft-windows-i..ntrolpanel.appxmain_31bf3856ad364e35_10.0.22621.457_none_7ccf5cf4602b0786\logo.targetsize-24_altform-unplated.png,-
2023-12-26T23:24:49.800250+00:00,Metadata Modification Time,FILE,NTFS USN change,thumbcache_idx.db File reference: 132494-3 Parent file reference: 42738-3 Update source:  Update reason: USN_REASON_DATA_OVERWRITE  USN_REASON_CLOSE,usnjrnl,NTFS:\$Extend\$UsnJrnl:$J,-
2023-12-26T23:24:50.246722+00:00,Content Modification Time,REG,Registry Key,[HKEY_LOCAL_MACHINE\System\ControlSet001\Control\FeatureManagement\Overrides\4\1527872653] EnabledState: [REG_DWORD_LE] 2 EnabledStateOptions: [REG_DWORD_LE] 1 FlightId: [REG_SZ] FX:12D9002B ImpressionTime: [REG_QWORD] 133481066901669020 RolloutState: [REG_DWORD_LE] 0 RolloutType: [REG_DWORD_LE] 0 Variant: [REG_DWORD_LE] 0 VariantPayload: [REG_DWORD_LE] 0 VariantPayloadKind: [REG_DWORD_LE] 0,winreg/winreg_default,NTFS:\Windows\System32\config\SYSTEM,-
2023-12-26T23:24:50.277875+00:00,Metadata Modification Time,FILE,NTFS USN change,BRJYL8E4RB2SIK1B27SF.temp File reference: 134900-6 Parent file reference: 131072-2 Update source:  Update reason: USN_REASON_DATA_EXTEND  USN_REASON_FILE_CREATE,usnjrnl,NTFS:\$Extend\$UsnJrnl:$J,-
2023-12-26T23:24:50.277875+00:00,Metadata Modification Time,FILE,NTFS USN change,BRJYL8E4RB2SIK1B27SF.temp File reference: 134900-6 Parent file reference: 131072-2 Update source:  Update reason: USN_REASON_FILE_CREATE,usnjrnl,NTFS:\$Extend\$UsnJrnl:$J,-
2023-12-26T23:24:50.293566+00:00,Metadata Modification Time,FILE,NTFS USN change,BRJYL8E4RB2SIK1B27SF.temp File reference: 134900-6 Parent file reference: 131072-2 Update source:  Update reason: USN_REASON_DATA_EXTEND  USN_REASON_FILE_CREATE  USN_REASON_CLOSE,usnjrnl,NTFS:\$Extend\$UsnJrnl:$J,-
2023-12-26T23:24:50.293566+00:00,Metadata Modification Time,FILE,NTFS USN change,BRJYL8E4RB2SIK1B27SF.temp File reference: 134900-6 Parent file reference: 131072-2 Update source:  Update reason: USN_REASON_RENAME_OLD_NAME,usnjrnl,NTFS:\$Extend\$UsnJrnl:$J,-
2023-12-26T23:24:50.293566+00:00,Metadata Modification Time,FILE,NTFS USN change,f18460fded109990.customDestinations-ms File reference: 134900-6 Parent file reference: 131072-2 Update source:  Update reason: USN_REASON_RENAME_NEW_NAME,usnjrnl,NTFS:\$Extend\$UsnJrnl:$J,-
2023-12-26T23:24:50.293566+00:00,Metadata Modification Time,FILE,NTFS USN change,f18460fded109990.customDestinations-ms File reference: 134900-6 Parent file reference: 131072-2 Update source:  Update reason: USN_REASON_RENAME_NEW_NAME  USN_REASON_CLOSE,usnjrnl,NTFS:\$Extend\$UsnJrnl:$J,-
2023-12-26T23:24:50.670958+00:00,Metadata Modification Time,FILE,NTFS USN change,Microsoft.LocalUserImageProvider.dll File reference: 102979-1 Parent file reference: 7708-1 Update source:  Update reason: USN_REASON_EA_CHANGE,usnjrnl,NTFS:\$Extend\$UsnJrnl:$J,-
2023-12-26T23:24:50.670958+00:00,Metadata Modification Time,FILE,NTFS USN change,Microsoft.LocalUserImageProvider.dll File reference: 102979-1 Parent file reference: 7708-1 Update source:  Update reason: USN_REASON_EA_CHANGE  USN_REASON_CLOSE,usnjrnl,NTFS:\$Extend\$UsnJrnl:$J,-
2023-12-26T23:24:50.670958+00:00,Last Access Time,FILE,File stat,NTFS:\Windows\System32\Microsoft.LocalUserImageProvider.dll Type: file,filestat,NTFS:\Windows\System32\Microsoft.LocalUserImageProvider.dll,-
2023-12-26T23:24:50.670958+00:00,Metadata Modification Time,FILE,File stat,NTFS:\Windows\System32\Microsoft.LocalUserImageProvider.dll Type: file,filestat,NTFS:\Windows\System32\Microsoft.LocalUserImageProvider.dll,-
2023-12-26T23:24:50.670958+00:00,Last Access Time,FILE,File stat,NTFS:\Windows\WinSxS\amd64_localuserimageprovider_31bf3856ad364e35_10.0.22621.2506_none_b6645e89a677a3f0\Microsoft.LocalUserImageProvider.dll Type: file,filestat,NTFS:\Windows\WinSxS\amd64_localuserimageprovider_31bf3856ad364e35_10.0.22621.2506_none_b6645e89a677a3f0\Microsoft.LocalUserImageProvider.dll,-
2023-12-26T23:24:50.670958+00:00,Metadata Modification Time,FILE,File stat,NTFS:\Windows\WinSxS\amd64_localuserimageprovider_31bf3856ad364e35_10.0.22621.2506_none_b6645e89a677a3f0\Microsoft.LocalUserImageProvider.dll Type: file,filestat,NTFS:\Windows\WinSxS\amd64_localuserimageprovider_31bf3856ad364e35_10.0.22621.2506_none_b6645e89a677a3f0\Microsoft.LocalUserImageProvider.dll,-
2023-12-26T23:24:50.993440+00:00,Metadata Modification Time,FILE,NTFS USN change,TASKHOSTW.EXE-1EAF2222.pf File reference: 132536-3 Parent file reference: 76318-2 Update source:  Update reason: USN_REASON_DATA_EXTEND  USN_REASON_DATA_TRUNCATION,usnjrnl,NTFS:\$Extend\$UsnJrnl:$J,-
2023-12-26T23:24:50.993440+00:00,Metadata Modification Time,FILE,NTFS USN change,TASKHOSTW.EXE-1EAF2222.pf File reference: 132536-3 Parent file reference: 76318-2 Update source:  Update reason: USN_REASON_DATA_EXTEND  USN_REASON_DATA_TRUNCATION  USN_REASON_CLOSE,usnjrnl,NTFS:\$Extend\$UsnJrnl:$J,-
2023-12-26T23:24:50.993440+00:00,Metadata Modification Time,FILE,NTFS USN change,TASKHOSTW.EXE-1EAF2222.pf File reference: 132536-3 Parent file reference: 76318-2 Update source:  Update reason: USN_REASON_DATA_TRUNCATION,usnjrnl,NTFS:\$Extend\$UsnJrnl:$J,-
2023-12-26T23:24:51.148725+00:00,Metadata Modification Time,FILE,NTFS USN change,settings.dat File reference: 131838-8 Parent file reference: 131826-7 Update source:  Update reason: USN_REASON_DATA_OVERWRITE,usnjrnl,NTFS:\$Extend\$UsnJrnl:$J,-
2023-12-26T23:24:51.148725+00:00,Metadata Modification Time,FILE,NTFS USN change,settings.dat.LOG1 File reference: 132311-3 Parent file reference: 131826-7 Update source:  Update reason: USN_REASON_DATA_OVERWRITE,usnjrnl,NTFS:\$Extend\$UsnJrnl:$J,-
2023-12-26T23:24:51.180735+00:00,Metadata Modification Time,FILE,NTFS USN change,settings.dat File reference: 131838-8 Parent file reference: 131826-7 Update source:  Update reason: USN_REASON_DATA_OVERWRITE  USN_REASON_BASIC_INFO_CHANGE,usnjrnl,NTFS:\$Extend\$UsnJrnl:$J,-
2023-12-26T23:24:51.180735+00:00,Metadata Modification Time,FILE,NTFS USN change,settings.dat.LOG1 File reference: 132311-3 Parent file reference: 131826-7 Update source:  Update reason: USN_REASON_DATA_OVERWRITE  USN_REASON_CLOSE,usnjrnl,NTFS:\$Extend\$UsnJrnl:$J,-
2023-12-26T23:24:51.274911+00:00,Metadata Modification Time,FILE,NTFS USN change,settings.dat File reference: 131838-8 Parent file reference: 131826-7 Update source:  Update reason: USN_REASON_DATA_OVERWRITE  USN_REASON_BASIC_INFO_CHANGE  USN_REASON_CLOSE,usnjrnl,NTFS:\$Extend\$UsnJrnl:$J,-
2023-12-26T23:24:51.307476+00:00,Metadata Modification Time,FILE,NTFS USN change,SYSTEMSETTINGS.EXE-C47CEF56.pf File reference: 134901-6 Parent file reference: 76318-2 Update source:  Update reason: USN_REASON_DATA_EXTEND  USN_REASON_FILE_CREATE,usnjrnl,NTFS:\$Extend\$UsnJrnl:$J,-
2023-12-26T23:24:51.307476+00:00,Metadata Modification Time,FILE,NTFS USN change,SYSTEMSETTINGS.EXE-C47CEF56.pf File reference: 134901-6 Parent file reference: 76318-2 Update source:  Update reason: USN_REASON_DATA_EXTEND  USN_REASON_FILE_CREATE  USN_REASON_CLOSE,usnjrnl,NTFS:\$Extend\$UsnJrnl:$J,-
2023-12-26T23:24:51.307476+00:00,Metadata Modification Time,FILE,NTFS USN change,SYSTEMSETTINGS.EXE-C47CEF56.pf File reference: 134901-6 Parent file reference: 76318-2 Update source:  Update reason: USN_REASON_FILE_CREATE,usnjrnl,NTFS:\$Extend\$UsnJrnl:$J,-
2023-12-26T23:24:51.307476+00:00,Creation Time,FILE,File stat,NTFS:\Windows\Prefetch\SYSTEMSETTINGS.EXE-C47CEF56.pf Type: file,filestat,NTFS:\Windows\Prefetch\SYSTEMSETTINGS.EXE-C47CEF56.pf,-
2023-12-26T23:24:51.387549+00:00,Last Access Time,FILE,File stat,NTFS:\Windows\System32\SettingsHandlers_nt.dll Type: file,filestat,NTFS:\Windows\System32\SettingsHandlers_nt.dll,-
2023-12-26T23:24:51.387549+00:00,Last Access Time,FILE,File stat,NTFS:\Windows\WinSxS\amd64_microsoft-windows-s..settingshandlers-nt_31bf3856ad364e35_10.0.22621.2506_none_5dc0f368ceb6ed8d\SettingsHandlers_nt.dll Type: file,filestat,NTFS:\Windows\WinSxS\amd64_microsoft-windows-s..settingshandlers-nt_31bf3856ad364e35_10.0.22621.2506_none_5dc0f368ceb6ed8d\SettingsHandlers_nt.dll,-
2023-12-26T23:24:51.403581+00:00,Metadata Modification Time,FILE,NTFS USN change,ErrorDetailsCore.dll File reference: 53420-1 Parent file reference: 7863-1 Update source:  Update reason: USN_REASON_EA_CHANGE,usnjrnl,NTFS:\$Extend\$UsnJrnl:$J,-
2023-12-26T23:24:51.403581+00:00,Metadata Modification Time,FILE,NTFS USN change,ErrorDetailsCore.dll File reference: 53420-1 Parent file reference: 7863-1 Update source:  Update reason: USN_REASON_EA_CHANGE  USN_REASON_CLOSE,usnjrnl,NTFS:\$Extend\$UsnJrnl:$J,-
2023-12-26T23:24:51.403581+00:00,Last Access Time,FILE,File stat,NTFS:\Windows\System32\CatRoot\{F750E6C3-38EE-11D1-85E5-00C04FC295EE}\Microsoft-Windows-Client-Desktop-Required-Package0510~31bf3856ad364e35~amd64~~10.0.22621.525.cat Type: file,filestat,NTFS:\Windows\System32\CatRoot\{F750E6C3-38EE-11D1-85E5-00C04FC295EE}\Microsoft-Windows-Client-Desktop-Required-Package0510~31bf3856ad364e35~amd64~~10.0.22621.525.cat,-
2023-12-26T23:24:51.403581+00:00,Last Access Time,FILE,File stat,NTFS:\Windows\System32\ErrorDetailsCore.dll Type: file,filestat,NTFS:\Windows\System32\ErrorDetailsCore.dll,-
2023-12-26T23:24:51.403581+00:00,Metadata Modification Time,FILE,File stat,NTFS:\Windows\System32\ErrorDetailsCore.dll Type: file,filestat,NTFS:\Windows\System32\ErrorDetailsCore.dll,-
2023-12-26T23:24:51.403581+00:00,Last Access Time,FILE,File stat,NTFS:\Windows\WinSxS\Catalogs\6bcd116b074e760862fe9113c8facc1450b085cafa5e7c9727667f9c0fd796e1.cat Type: file,filestat,NTFS:\Windows\WinSxS\Catalogs\6bcd116b074e760862fe9113c8facc1450b085cafa5e7c9727667f9c0fd796e1.cat,-
2023-12-26T23:24:51.403581+00:00,Last Access Time,FILE,File stat,NTFS:\Windows\WinSxS\amd64_microsoft-foundatio..ostics-errordetails_31bf3856ad364e35_10.0.22621.1_none_6ab3dadfe729946c\ErrorDetailsCore.dll Type: file,filestat,NTFS:\Windows\WinSxS\amd64_microsoft-foundatio..ostics-errordetails_31bf3856ad364e35_10.0.22621.1_none_6ab3dadfe729946c\ErrorDetailsCore.dll,-
2023-12-26T23:24:51.403581+00:00,Metadata Modification Time,FILE,File stat,NTFS:\Windows\WinSxS\amd64_microsoft-foundatio..ostics-errordetails_31bf3856ad364e35_10.0.22621.1_none_6ab3dadfe729946c\ErrorDetailsCore.dll Type: file,filestat,NTFS:\Windows\WinSxS\amd64_microsoft-foundatio..ostics-errordetails_31bf3856ad364e35_10.0.22621.1_none_6ab3dadfe729946c\ErrorDetailsCore.dll,-
2023-12-26T23:24:51.403581+00:00,Last Access Time,FILE,File stat,NTFS:\Windows\servicing\Packages\Microsoft-Windows-Client-Desktop-Required-Package0510~31bf3856ad364e35~amd64~~10.0.22621.525.cat Type: file,filestat,NTFS:\Windows\servicing\Packages\Microsoft-Windows-Client-Desktop-Required-Package0510~31bf3856ad364e35~amd64~~10.0.22621.525.cat,-
2023-12-26T23:24:51.513175+00:00,Metadata Modification Time,FILE,NTFS USN change,APPLICATIONFRAMEHOST.EXE-4CE44C83.pf File reference: 134902-5 Parent file reference: 76318-2 Update source:  Update reason: USN_REASON_DATA_EXTEND  USN_REASON_FILE_CREATE,usnjrnl,NTFS:\$Extend\$UsnJrnl:$J,-
2023-12-26T23:24:51.513175+00:00,Metadata Modification Time,FILE,NTFS USN change,APPLICATIONFRAMEHOST.EXE-4CE44C83.pf File reference: 134902-5 Parent file reference: 76318-2 Update source:  Update reason: USN_REASON_DATA_EXTEND  USN_REASON_FILE_CREATE  USN_REASON_CLOSE,usnjrnl,NTFS:\$Extend\$UsnJrnl:$J,-
2023-12-26T23:24:51.513175+00:00,Metadata Modification Time,FILE,NTFS USN change,APPLICATIONFRAMEHOST.EXE-4CE44C83.pf File reference: 134902-5 Parent file reference: 76318-2 Update source:  Update reason: USN_REASON_FILE_CREATE,usnjrnl,NTFS:\$Extend\$UsnJrnl:$J,-
2023-12-26T23:24:51.513175+00:00,Content Modification Time,FILE,File stat,NTFS:\Windows\Prefetch\APPLICATIONFRAMEHOST.EXE-4CE44C83.pf Type: file,filestat,NTFS:\Windows\Prefetch\APPLICATIONFRAMEHOST.EXE-4CE44C83.pf,-
2023-12-26T23:24:51.513175+00:00,Creation Time,FILE,File stat,NTFS:\Windows\Prefetch\APPLICATIONFRAMEHOST.EXE-4CE44C83.pf Type: file,filestat,NTFS:\Windows\Prefetch\APPLICATIONFRAMEHOST.EXE-4CE44C83.pf,-
2023-12-26T23:24:51.513175+00:00,Last Access Time,FILE,File stat,NTFS:\Windows\Prefetch\APPLICATIONFRAMEHOST.EXE-4CE44C83.pf Type: file,filestat,NTFS:\Windows\Prefetch\APPLICATIONFRAMEHOST.EXE-4CE44C83.pf,-
2023-12-26T23:24:51.513175+00:00,Metadata Modification Time,FILE,File stat,NTFS:\Windows\Prefetch\APPLICATIONFRAMEHOST.EXE-4CE44C83.pf Type: file,filestat,NTFS:\Windows\Prefetch\APPLICATIONFRAMEHOST.EXE-4CE44C83.pf,-
2023-12-26T23:24:51.575501+00:00,Metadata Modification Time,FILE,NTFS USN change,SystemSettings.SettingsExtensibility.dll File reference: 103669-1 Parent file reference: 19748-1 Update source:  Update reason: USN_REASON_CLOSE,usnjrnl,NTFS:\$Extend\$UsnJrnl:$J,-
2023-12-26T23:24:51.575501+00:00,Metadata Modification Time,FILE,File stat,NTFS:\Windows\System32\SystemSettings.SettingsExtensibility.dll Type: file,filestat,NTFS:\Windows\System32\SystemSettings.SettingsExtensibility.dll,-
2023-12-26T23:24:51.575501+00:00,Metadata Modification Time,FILE,File stat,NTFS:\Windows\WinSxS\amd64_microsoft-windows-s..ttingsextensibility_31bf3856ad364e35_10.0.22621.2506_none_08c3f8a9da7606e9\SystemSettings.SettingsExtensibility.dll Type: file,filestat,NTFS:\Windows\WinSxS\amd64_microsoft-windows-s..ttingsextensibility_31bf3856ad364e35_10.0.22621.2506_none_08c3f8a9da7606e9\SystemSettings.SettingsExtensibility.dll,-
2023-12-26T23:24:51.858731+00:00,Last Access Time,FILE,File stat,NTFS:\Windows\System32\en-US\taskbarcpl.dll.mui Type: file,filestat,NTFS:\Windows\System32\en-US\taskbarcpl.dll.mui,-
2023-12-26T23:24:51.858731+00:00,Last Access Time,FILE,File stat,NTFS:\Windows\System32\taskbarcpl.dll Type: file,filestat,NTFS:\Windows\System32\taskbarcpl.dll,-
2023-12-26T23:24:51.858731+00:00,Last Access Time,FILE,File stat,NTFS:\Windows\WinSxS\amd64_microsoft-windows-taskbarcpl.resources_31bf3856ad364e35_10.0.22621.1_en-us_d6958a47358e041d\taskbarcpl.dll.mui Type: file,filestat,NTFS:\Windows\WinSxS\amd64_microsoft-windows-taskbarcpl.resources_31bf3856ad364e35_10.0.22621.1_en-us_d6958a47358e041d\taskbarcpl.dll.mui,-
2023-12-26T23:24:51.858731+00:00,Last Access Time,FILE,File stat,NTFS:\Windows\WinSxS\amd64_microsoft-windows-taskbarcpl_31bf3856ad364e35_10.0.22621.1_none_5671cd371d87f6d4\taskbarcpl.dll Type: file,filestat,NTFS:\Windows\WinSxS\amd64_microsoft-windows-taskbarcpl_31bf3856ad364e35_10.0.22621.1_none_5671cd371d87f6d4\taskbarcpl.dll,-
2023-12-26T23:24:52.331362+00:00,Content Modification Time,REG,Registry Key,[HKEY_CURRENT_USER\Software\Microsoft\Windows\CurrentVersion\CloudStore\Store\Cache\DefaultAccount] (empty),winreg/winreg_default,NTFS:\Users\User\NTUSER.DAT,-
2023-12-26T23:24:52.345792+00:00,Content Modification Time,REG,Registry Key,[HKEY_CURRENT_USER\Software\Microsoft\Windows\CurrentVersion\CloudStore\Store\Cache\DefaultAccount\$microsoft.quiethoursprofile.priorityonly$windows.data.notifications.quiethoursprofile\Current] Data: [REG_BINARY] (39 bytes),winreg/winreg_default,NTFS:\Users\User\NTUSER.DAT,-
2023-12-26T23:24:52.345792+00:00,Content Modification Time,REG,Registry Key,[HKEY_CURRENT_USER\Software\Microsoft\Windows\CurrentVersion\CloudStore\Store\Cache\DefaultAccount\$microsoft.quiethoursprofile.priorityonly$windows.data.notifications.quiethoursprofile] (empty),winreg/winreg_default,NTFS:\Users\User\NTUSER.DAT,-
2023-12-26T23:24:52.619254+00:00,Content Modification Time,EVT,WinEVTX,[3049 / 0x0be9] Provider identifier: {88cd9180-4491-4640-b571-e3bee2527943} Source Name: Microsoft-Windows-PushNotifications-Platform Strings: ['0x0000028e6fb44358'] Computer Name: WinDev2311Eval Record Number: 1481 Event Level: 4,winevtx,NTFS:\Windows\System32\winevt\Logs\Microsoft-Windows-PushNotification-Platform%4Operational.evtx,-
2023-12-26T23:24:52.619254+00:00,Creation Time,EVT,WinEVTX,[3049 / 0x0be9] Provider identifier: {88cd9180-4491-4640-b571-e3bee2527943} Source Name: Microsoft-Windows-PushNotifications-Platform Strings: ['0x0000028e6fb44358'] Computer Name: WinDev2311Eval Record Number: 1481 Event Level: 4,winevtx,NTFS:\Windows\System32\winevt\Logs\Microsoft-Windows-PushNotification-Platform%4Operational.evtx,-
2023-12-26T23:24:52.728949+00:00,Content Modification Time,REG,Registry Key,[HKEY_CURRENT_USER\Software\Microsoft\Windows\CurrentVersion\Notifications\SmartOptOut] LastEvaluationTimestamp: [REG_QWORD] 1703632492 LastWeeklyTelemetryTimestamp: [REG_QWORD] 1703633092 SmartOptOutRevision: [REG_QWORD] 2,winreg/winreg_default,NTFS:\Users\User\NTUSER.DAT,-
2023-12-26T23:24:52.747464+00:00,Last Access Time,FILE,File stat,NTFS:\Windows\SystemResources\Windows.Data.Pdf.dll.mun Type: file,filestat,NTFS:\Windows\SystemResources\Windows.Data.Pdf.dll.mun,-
2023-12-26T23:24:52.747464+00:00,Last Access Time,FILE,File stat,NTFS:\Windows\WinSxS\amd64_microsoft-windows-data-pdf_31bf3856ad364e35_10.0.22621.2506_none_d62f287f0f4e6c0a\Windows.Data.Pdf.dll.mun Type: file,filestat,NTFS:\Windows\WinSxS\amd64_microsoft-windows-data-pdf_31bf3856ad364e35_10.0.22621.2506_none_d62f287f0f4e6c0a\Windows.Data.Pdf.dll.mun,-
2023-12-26T23:24:54.582504+00:00,Content Modification Time,REG,Registry Key,[HKEY_CURRENT_USER\Software\Classes\Local Settings\Software\Microsoft\Windows\CurrentVersion\AppModel\SystemAppData\windows.immersivecontrolpanel_cw5n1h2txyewy\PersistedTitleBarData\windows.immersivecontrolpanel_cw5n1h2txyewy!microsoft.windows.immersivecontrolpanel] AppVersion: [REG_QWORD] 2814749767500776 ButtonBackgroundColor: [REG_DWORD_LE] -1 ButtonBackgroundColorInactive: [REG_DWORD_LE] -1 ButtonForegroundColor: [REG_DWORD_LE] -16777216 ExtendViewIntoTitleBar: [REG_DWORD_LE] 1,winreg/winreg_default,NTFS:\Users\User\AppData\Local\Microsoft\Windows\UsrClass.dat,-
2023-12-26T23:24:54.691108+00:00,Content Modification Time,EVT,WinEVTX,[1223 / 0x04c7] Provider identifier: {88cd9180-4491-4640-b571-e3bee2527943} Source Name: Microsoft-Windows-PushNotifications-Platform Strings: ['PNG'  '14'  'CON'  'nSwVVHO2zES53etn.14'  '29'  '436F6E746578743A20313762393965306630646430613465650D0A0D0A'  '1'] Computer Name: WinDev2311Eval Record Number: 1482 Event Level: 5,winevtx,NTFS:\Windows\System32\winevt\Logs\Microsoft-Windows-PushNotification-Platform%4Operational.evtx,-
2023-12-26T23:24:54.691108+00:00,Creation Time,EVT,WinEVTX,[1223 / 0x04c7] Provider identifier: {88cd9180-4491-4640-b571-e3bee2527943} Source Name: Microsoft-Windows-PushNotifications-Platform Strings: ['PNG'  '14'  'CON'  'nSwVVHO2zES53etn.14'  '29'  '436F6E746578743A20313762393965306630646430613465650D0A0D0A'  '1'] Computer Name: WinDev2311Eval Record Number: 1482 Event Level: 5,winevtx,NTFS:\Windows\System32\winevt\Logs\Microsoft-Windows-PushNotification-Platform%4Operational.evtx,-
2023-12-26T23:24:54.691132+00:00,Content Modification Time,EVT,WinEVTX,[1267 / 0x04f3] Provider identifier: {88cd9180-4491-4640-b571-e3bee2527943} Source Name: Microsoft-Windows-PushNotifications-Platform Strings: ['PNG'  '14'  'CON'  'nSwVVHO2zES53etn.14'  '72'  '504E4720313420434F4E2035370D0A4D532D43563A206E53775656484F327A4553353365746E2E31340D0A436F6E746578743A20313762393965306630646430613465650D0A0D0A'  '1'] Computer Name: WinDev2311Eval Record Number: 1483 Event Level: 5,winevtx,NTFS:\Windows\System32\winevt\Logs\Microsoft-Windows-PushNotification-Platform%4Operational.evtx,-
2023-12-26T23:24:54.691132+00:00,Creation Time,EVT,WinEVTX,[1267 / 0x04f3] Provider identifier: {88cd9180-4491-4640-b571-e3bee2527943} Source Name: Microsoft-Windows-PushNotifications-Platform Strings: ['PNG'  '14'  'CON'  'nSwVVHO2zES53etn.14'  '72'  '504E4720313420434F4E2035370D0A4D532D43563A206E53775656484F327A4553353365746E2E31340D0A436F6E746578743A20313762393965306630646430613465650D0A0D0A'  '1'] Computer Name: WinDev2311Eval Record Number: 1483 Event Level: 5,winevtx,NTFS:\Windows\System32\winevt\Logs\Microsoft-Windows-PushNotification-Platform%4Operational.evtx,-
2023-12-26T23:24:54.146343+00:00,Content Modification Time,EVT,WinEVTX,[1225 / 0x04c9] Provider identifier: {88cd9180-4491-4640-b571-e3bee2527943} Source Name: Microsoft-Windows-PushNotifications-Platform Strings: ['PNG'  '14'  'CON'  'nSwVVHO2zES53etn.14.0'  '126'  '4D532D43563A206E53775656484F327A4553353365746E2E31342E300D0A0D0A3C70696E672D726573706F6E73653E3C776169743E34333C2F776169743E3C636F6E6E656374696F6E2D7374617475733E436F6E6E65637465643C2F636F6E6E656374696F6E2D7374617475733E3C2F70696E672D726573706F6E73653E'  '1'] Computer Name: WinDev2311Eval Record Number: 1484 Event Level: 5,winevtx,NTFS:\Windows\System32\winevt\Logs\Microsoft-Windows-PushNotification-Platform%4Operational.evtx,-
2023-12-26T23:24:54.146343+00:00,Creation Time,EVT,WinEVTX,[1225 / 0x04c9] Provider identifier: {88cd9180-4491-4640-b571-e3bee2527943} Source Name: Microsoft-Windows-PushNotifications-Platform Strings: ['PNG'  '14'  'CON'  'nSwVVHO2zES53etn.14.0'  '126'  '4D532D43563A206E53775656484F327A4553353365746E2E31342E300D0A0D0A3C70696E672D726573706F6E73653E3C776169743E34333C2F776169743E3C636F6E6E656374696F6E2D7374617475733E436F6E6E65637465643C2F636F6E6E656374696F6E2D7374617475733E3C2F70696E672D726573706F6E73653E'  '1'] Computer Name: WinDev2311Eval Record Number: 1484 Event Level: 5,winevtx,NTFS:\Windows\System32\winevt\Logs\Microsoft-Windows-PushNotification-Platform%4Operational.evtx,-
2023-12-26T23:24:54.146345+00:00,Content Modification Time,EVT,WinEVTX,[1268 / 0x04f4] Provider identifier: {88cd9180-4491-4640-b571-e3bee2527943} Source Name: Microsoft-Windows-PushNotifications-Platform Strings: ['PNG'  '14'  'CON'  'nSwVVHO2zES53etn.14.0'  '126'  '504E4720313420434F4E003132360D0A4D532D43563A206E53775656484F327A4553353365746E2E31342E300D0A0D0A3C70696E672D726573706F6E73653E3C776169743E34333C2F776169743E3C636F6E6E656374696F6E2D7374617475733E436F6E6E65637465643C2F636F6E6E656374696F6E2D7374617475733E'  '1'] Computer Name: WinDev2311Eval Record Number: 1485 Event Level: 5,winevtx,NTFS:\Windows\System32\winevt\Logs\Microsoft-Windows-PushNotification-Platform%4Operational.evtx,-
2023-12-26T23:24:54.146345+00:00,Creation Time,EVT,WinEVTX,[1268 / 0x04f4] Provider identifier: {88cd9180-4491-4640-b571-e3bee2527943} Source Name: Microsoft-Windows-PushNotifications-Platform Strings: ['PNG'  '14'  'CON'  'nSwVVHO2zES53etn.14.0'  '126'  '504E4720313420434F4E003132360D0A4D532D43563A206E53775656484F327A4553353365746E2E31342E300D0A0D0A3C70696E672D726573706F6E73653E3C776169743E34333C2F776169743E3C636F6E6E656374696F6E2D7374617475733E436F6E6E65637465643C2F636F6E6E656374696F6E2D7374617475733E'  '1'] Computer Name: WinDev2311Eval Record Number: 1485 Event Level: 5,winevtx,NTFS:\Windows\System32\winevt\Logs\Microsoft-Windows-PushNotification-Platform%4Operational.evtx,-
2023-12-26T23:24:54.612336+00:00,Metadata Modification Time,FILE,NTFS USN change,BIT9495.tmp File reference: 134899-7 Parent file reference: 134822-5 Update source:  Update reason: USN_REASON_DATA_OVERWRITE  USN_REASON_DATA_EXTEND  USN_REASON_DATA_TRUNCATION,usnjrnl,NTFS:\$Extend\$UsnJrnl:$J,-
2023-12-26T23:24:54.628414+00:00,Metadata Modification Time,FILE,NTFS USN change,BIT9495.tmp File reference: 134899-7 Parent file reference: 134822-5 Update source:  Update reason: USN_REASON_DATA_OVERWRITE  USN_REASON_DATA_EXTEND  USN_REASON_DATA_TRUNCATION  USN_REASON_BASIC_INFO_CHANGE,usnjrnl,NTFS:\$Extend\$UsnJrnl:$J,-
2023-12-26T23:24:54.628414+00:00,Metadata Modification Time,FILE,NTFS USN change,BIT9495.tmp File reference: 134899-7 Parent file reference: 134822-5 Update source:  Update reason: USN_REASON_DATA_OVERWRITE  USN_REASON_DATA_EXTEND  USN_REASON_DATA_TRUNCATION  USN_REASON_BASIC_INFO_CHANGE  USN_REASON_CLOSE,usnjrnl,NTFS:\$Extend\$UsnJrnl:$J,-
2023-12-26T23:24:54.637912+00:00,Content Modification Time,EVT,WinEVTX,[60 / 0x003c] Provider identifier: {ef1cc15b-46c1-414e-bb95-e76b077bd51e} Source Name: Microsoft-Windows-Bits-Client Strings: ['{B54DC055-4DC1-4A85-BE34-CEA4BE52F1A6}'  'Edge Component Updater'  '{F09328D0-9D7D-4EE4-B8F8-8DFD0EBD8FB9}'  'http://msedge.b.tlu.dl.delivery.mp.microsoft.com/filestreamingservice/files/2e8a592b-0ad4-414c-b996-21bd8749e2fd?P1=1703740447&P2=404&P3=2&P4=g96v8uO9eNTa1XoPjQ89DMKJKXrqY4ambE2fqEb6LlAiEJbcX102aIYLtHkxf6JRE7dbDyirGq5uG9YUmqOyXg%3d%3d'  ''  '0'  '2022-04-19T06:09:47.000000000Z'  '8058'  '8058'  '8058'  ''  '0'  '0'  '0'  '0'  '18446744073709551615'  'false'] Computer Name: WinDev2311Eval Record Number: 209 Event Level: 4,winevtx,NTFS:\Windows\System32\winevt\Logs\Microsoft-Windows-Bits-Client%4Operational.evtx,-
2023-12-26T23:24:54.637912+00:00,Creation Time,EVT,WinEVTX,[60 / 0x003c] Provider identifier: {ef1cc15b-46c1-414e-bb95-e76b077bd51e} Source Name: Microsoft-Windows-Bits-Client Strings: ['{B54DC055-4DC1-4A85-BE34-CEA4BE52F1A6}'  'Edge Component Updater'  '{F09328D0-9D7D-4EE4-B8F8-8DFD0EBD8FB9}'  'http://msedge.b.tlu.dl.delivery.mp.microsoft.com/filestreamingservice/files/2e8a592b-0ad4-414c-b996-21bd8749e2fd?P1=1703740447&P2=404&P3=2&P4=g96v8uO9eNTa1XoPjQ89DMKJKXrqY4ambE2fqEb6LlAiEJbcX102aIYLtHkxf6JRE7dbDyirGq5uG9YUmqOyXg%3d%3d'  ''  '0'  '2022-04-19T06:09:47.000000000Z'  '8058'  '8058'  '8058'  ''  '0'  '0'  '0'  '0'  '18446744073709551615'  'false'] Computer Name: WinDev2311Eval Record Number: 209 Event Level: 4,winevtx,NTFS:\Windows\System32\winevt\Logs\Microsoft-Windows-Bits-Client%4Operational.evtx,-
2023-12-26T23:24:54.768460+00:00,Metadata Modification Time,FILE,NTFS USN change,DLLHOST.EXE-38926D07.pf File reference: 132599-3 Parent file reference: 76318-2 Update source:  Update reason: USN_REASON_DATA_EXTEND  USN_REASON_DATA_TRUNCATION,usnjrnl,NTFS:\$Extend\$UsnJrnl:$J,-
2023-12-26T23:24:54.768460+00:00,Metadata Modification Time,FILE,NTFS USN change,DLLHOST.EXE-38926D07.pf File reference: 132599-3 Parent file reference: 76318-2 Update source:  Update reason: USN_REASON_DATA_EXTEND  USN_REASON_DATA_TRUNCATION  USN_REASON_CLOSE,usnjrnl,NTFS:\$Extend\$UsnJrnl:$J,-
2023-12-26T23:24:54.768460+00:00,Metadata Modification Time,FILE,NTFS USN change,DLLHOST.EXE-38926D07.pf File reference: 132599-3 Parent file reference: 76318-2 Update source:  Update reason: USN_REASON_DATA_TRUNCATION,usnjrnl,NTFS:\$Extend\$UsnJrnl:$J,-
2023-12-26T23:24:55.541271+00:00,Metadata Modification Time,FILE,NTFS USN change,2e8a592b-0ad4-414c-b996-21bd8749e2fd File reference: 134899-7 Parent file reference: 134822-5 Update source:  Update reason: USN_REASON_RENAME_NEW_NAME,usnjrnl,NTFS:\$Extend\$UsnJrnl:$J,-
2023-12-26T23:24:55.541271+00:00,Metadata Modification Time,FILE,NTFS USN change,2e8a592b-0ad4-414c-b996-21bd8749e2fd File reference: 134899-7 Parent file reference: 134822-5 Update source:  Update reason: USN_REASON_RENAME_NEW_NAME  USN_REASON_CLOSE,usnjrnl,NTFS:\$Extend\$UsnJrnl:$J,-
2023-12-26T23:24:55.541271+00:00,Metadata Modification Time,FILE,NTFS USN change,BIT9495.tmp File reference: 134899-7 Parent file reference: 134822-5 Update source:  Update reason: USN_REASON_BASIC_INFO_CHANGE,usnjrnl,NTFS:\$Extend\$UsnJrnl:$J,-
2023-12-26T23:24:55.541271+00:00,Metadata Modification Time,FILE,NTFS USN change,BIT9495.tmp File reference: 134899-7 Parent file reference: 134822-5 Update source:  Update reason: USN_REASON_BASIC_INFO_CHANGE  USN_REASON_CLOSE,usnjrnl,NTFS:\$Extend\$UsnJrnl:$J,-
2023-12-26T23:24:55.541271+00:00,Metadata Modification Time,FILE,NTFS USN change,BIT9495.tmp File reference: 134899-7 Parent file reference: 134822-5 Update source:  Update reason: USN_REASON_RENAME_OLD_NAME,usnjrnl,NTFS:\$Extend\$UsnJrnl:$J,-
2023-12-26T23:24:55.541271+00:00,Content Modification Time,FILE,File stat,NTFS:\Users\User\AppData\Local\Temp\edge_BITS_5760_1236657887 Type: directory,filestat,NTFS:\Users\User\AppData\Local\Temp\edge_BITS_5760_1236657887,-
2023-12-26T23:24:55.541271+00:00,Metadata Modification Time,FILE,File stat,NTFS:\Users\User\AppData\Local\Temp\edge_BITS_5760_1236657887 Type: directory,filestat,NTFS:\Users\User\AppData\Local\Temp\edge_BITS_5760_1236657887,-
2023-12-26T23:24:55.541271+00:00,Metadata Modification Time,FILE,File stat,NTFS:\Users\User\AppData\Local\Temp\edge_BITS_5760_1236657887\2e8a592b-0ad4-414c-b996-21bd8749e2fd Type: file,filestat,NTFS:\Users\User\AppData\Local\Temp\edge_BITS_5760_1236657887\2e8a592b-0ad4-414c-b996-21bd8749e2fd,-
2023-12-26T23:24:55.546013+00:00,Content Modification Time,EVT,WinEVTX,[4 / 0x0004] Provider identifier: {ef1cc15b-46c1-414e-bb95-e76b077bd51e} Source Name: Microsoft-Windows-Bits-Client Strings: ['WINDEV2311EVAL\\User'  'Edge Component Updater'  '{F09328D0-9D7D-4EE4-B8F8-8DFD0EBD8FB9}'  'WINDEV2311EVAL\\User'  '1'  '8058'  '0'] Computer Name: WinDev2311Eval Record Number: 210 Event Level: 4,winevtx,NTFS:\Windows\System32\winevt\Logs\Microsoft-Windows-Bits-Client%4Operational.evtx,-
2023-12-26T23:24:55.546013+00:00,Creation Time,EVT,WinEVTX,[4 / 0x0004] Provider identifier: {ef1cc15b-46c1-414e-bb95-e76b077bd51e} Source Name: Microsoft-Windows-Bits-Client Strings: ['WINDEV2311EVAL\\User'  'Edge Component Updater'  '{F09328D0-9D7D-4EE4-B8F8-8DFD0EBD8FB9}'  'WINDEV2311EVAL\\User'  '1'  '8058'  '0'] Computer Name: WinDev2311Eval Record Number: 210 Event Level: 4,winevtx,NTFS:\Windows\System32\winevt\Logs\Microsoft-Windows-Bits-Client%4Operational.evtx,-
2023-12-26T23:24:55.556706+00:00,Metadata Modification Time,FILE,NTFS USN change,chrome_PuffinComponentUnpacker_BeginUnzipping5760_2106917937 File reference: 134928-4 Parent file reference: 42582-3 Update source:  Update reason: USN_REASON_FILE_CREATE,usnjrnl,NTFS:\$Extend\$UsnJrnl:$J,-
2023-12-26T23:24:55.556706+00:00,Metadata Modification Time,FILE,NTFS USN change,chrome_PuffinComponentUnpacker_BeginUnzipping5760_2106917937 File reference: 134928-4 Parent file reference: 42582-3 Update source:  Update reason: USN_REASON_FILE_CREATE  USN_REASON_CLOSE,usnjrnl,NTFS:\$Extend\$UsnJrnl:$J,-
2023-12-26T23:24:55.556706+00:00,Creation Time,FILE,File stat,NTFS:\Users\User\AppData\Local\Microsoft\Edge\User Data\Edge Travel\1.0.0.2 Type: directory,filestat,NTFS:\Users\User\AppData\Local\Microsoft\Edge\User Data\Edge Travel\1.0.0.2,-
2023-12-26T23:24:55.761891+00:00,Metadata Modification Time,FILE,NTFS USN change,automation.js File reference: 134929-4 Parent file reference: 134928-4 Update source:  Update reason: USN_REASON_DATA_EXTEND  USN_REASON_FILE_CREATE,usnjrnl,NTFS:\$Extend\$UsnJrnl:$J,-
2023-12-26T23:24:55.761891+00:00,Metadata Modification Time,FILE,NTFS USN change,automation.js File reference: 134929-4 Parent file reference: 134928-4 Update source:  Update reason: USN_REASON_DATA_EXTEND  USN_REASON_FILE_CREATE  USN_REASON_BASIC_INFO_CHANGE,usnjrnl,NTFS:\$Extend\$UsnJrnl:$J,-
2023-12-26T23:24:55.761891+00:00,Metadata Modification Time,FILE,NTFS USN change,automation.js File reference: 134929-4 Parent file reference: 134928-4 Update source:  Update reason: USN_REASON_DATA_EXTEND  USN_REASON_FILE_CREATE  USN_REASON_BASIC_INFO_CHANGE  USN_REASON_CLOSE,usnjrnl,NTFS:\$Extend\$UsnJrnl:$J,-
2023-12-26T23:24:55.761891+00:00,Metadata Modification Time,FILE,NTFS USN change,automation.js File reference: 134929-4 Parent file reference: 134928-4 Update source:  Update reason: USN_REASON_FILE_CREATE,usnjrnl,NTFS:\$Extend\$UsnJrnl:$J,-
2023-12-26T23:24:55.761891+00:00,Metadata Modification Time,FILE,NTFS USN change,classification.js File reference: 134936-4 Parent file reference: 134928-4 Update source:  Update reason: USN_REASON_FILE_CREATE,usnjrnl,NTFS:\$Extend\$UsnJrnl:$J,-
2023-12-26T23:24:55.777346+00:00,Metadata Modification Time,FILE,NTFS USN change,classification.js File reference: 134936-4 Parent file reference: 134928-4 Update source:  Update reason: USN_REASON_DATA_EXTEND  USN_REASON_FILE_CREATE,usnjrnl,NTFS:\$Extend\$UsnJrnl:$J,-
2023-12-26T23:24:55.777346+00:00,Metadata Modification Time,FILE,NTFS USN change,classification.js File reference: 134936-4 Parent file reference: 134928-4 Update source:  Update reason: USN_REASON_DATA_EXTEND  USN_REASON_FILE_CREATE  USN_REASON_BASIC_INFO_CHANGE,usnjrnl,NTFS:\$Extend\$UsnJrnl:$J,-
2023-12-26T23:24:55.777346+00:00,Metadata Modification Time,FILE,NTFS USN change,classification.js File reference: 134936-4 Parent file reference: 134928-4 Update source:  Update reason: USN_REASON_DATA_EXTEND  USN_REASON_FILE_CREATE  USN_REASON_BASIC_INFO_CHANGE  USN_REASON_CLOSE,usnjrnl,NTFS:\$Extend\$UsnJrnl:$J,-
2023-12-26T23:24:55.777346+00:00,Metadata Modification Time,FILE,NTFS USN change,extraction.js File reference: 134939-4 Parent file reference: 134928-4 Update source:  Update reason: USN_REASON_DATA_EXTEND  USN_REASON_FILE_CREATE,usnjrnl,NTFS:\$Extend\$UsnJrnl:$J,-
2023-12-26T23:24:55.777346+00:00,Metadata Modification Time,FILE,NTFS USN change,extraction.js File reference: 134939-4 Parent file reference: 134928-4 Update source:  Update reason: USN_REASON_DATA_EXTEND  USN_REASON_FILE_CREATE  USN_REASON_BASIC_INFO_CHANGE,usnjrnl,NTFS:\$Extend\$UsnJrnl:$J,-
2023-12-26T23:24:55.777346+00:00,Metadata Modification Time,FILE,NTFS USN change,extraction.js File reference: 134939-4 Parent file reference: 134928-4 Update source:  Update reason: USN_REASON_DATA_EXTEND  USN_REASON_FILE_CREATE  USN_REASON_BASIC_INFO_CHANGE  USN_REASON_CLOSE,usnjrnl,NTFS:\$Extend\$UsnJrnl:$J,-
2023-12-26T23:24:55.777346+00:00,Metadata Modification Time,FILE,NTFS USN change,extraction.js File reference: 134939-4 Parent file reference: 134928-4 Update source:  Update reason: USN_REASON_FILE_CREATE,usnjrnl,NTFS:\$Extend\$UsnJrnl:$J,-
2023-12-26T23:24:55.792943+00:00,Metadata Modification Time,FILE,NTFS USN change,manifest.json File reference: 134957-4 Parent file reference: 134928-4 Update source:  Update reason: USN_REASON_DATA_EXTEND  USN_REASON_FILE_CREATE,usnjrnl,NTFS:\$Extend\$UsnJrnl:$J,-
2023-12-26T23:24:55.792943+00:00,Metadata Modification Time,FILE,NTFS USN change,manifest.json File reference: 134957-4 Parent file reference: 134928-4 Update source:  Update reason: USN_REASON_DATA_EXTEND  USN_REASON_FILE_CREATE  USN_REASON_BASIC_INFO_CHANGE,usnjrnl,NTFS:\$Extend\$UsnJrnl:$J,-
2023-12-26T23:24:55.792943+00:00,Metadata Modification Time,FILE,NTFS USN change,manifest.json File reference: 134957-4 Parent file reference: 134928-4 Update source:  Update reason: USN_REASON_DATA_EXTEND  USN_REASON_FILE_CREATE  USN_REASON_BASIC_INFO_CHANGE  USN_REASON_CLOSE,usnjrnl,NTFS:\$Extend\$UsnJrnl:$J,-
2023-12-26T23:24:55.792943+00:00,Metadata Modification Time,FILE,NTFS USN change,manifest.json File reference: 134957-4 Parent file reference: 134928-4 Update source:  Update reason: USN_REASON_FILE_CREATE,usnjrnl,NTFS:\$Extend\$UsnJrnl:$J,-
2023-12-26T23:24:55.792943+00:00,Metadata Modification Time,FILE,NTFS USN change,travel-facilitated-booking-bing.js File reference: 135038-10 Parent file reference: 134928-4 Update source:  Update reason: USN_REASON_DATA_EXTEND  USN_REASON_FILE_CREATE,usnjrnl,NTFS:\$Extend\$UsnJrnl:$J,-
2023-12-26T23:24:55.792943+00:00,Metadata Modification Time,FILE,NTFS USN change,travel-facilitated-booking-bing.js File reference: 135038-10 Parent file reference: 134928-4 Update source:  Update reason: USN_REASON_DATA_EXTEND  USN_REASON_FILE_CREATE  USN_REASON_BASIC_INFO_CHANGE,usnjrnl,NTFS:\$Extend\$UsnJrnl:$J,-
2023-12-26T23:24:55.792943+00:00,Metadata Modification Time,FILE,NTFS USN change,travel-facilitated-booking-bing.js File reference: 135038-10 Parent file reference: 134928-4 Update source:  Update reason: USN_REASON_DATA_EXTEND  USN_REASON_FILE_CREATE  USN_REASON_BASIC_INFO_CHANGE  USN_REASON_CLOSE,usnjrnl,NTFS:\$Extend\$UsnJrnl:$J,-
2023-12-26T23:24:55.792943+00:00,Metadata Modification Time,FILE,NTFS USN change,travel-facilitated-booking-bing.js File reference: 135038-10 Parent file reference: 134928-4 Update source:  Update reason: USN_REASON_FILE_CREATE,usnjrnl,NTFS:\$Extend\$UsnJrnl:$J,-
2023-12-26T23:24:55.792943+00:00,Metadata Modification Time,FILE,NTFS USN change,travel-facilitated-booking-kayak.js File reference: 135046-9 Parent file reference: 134928-4 Update source:  Update reason: USN_REASON_DATA_EXTEND  USN_REASON_FILE_CREATE,usnjrnl,NTFS:\$Extend\$UsnJrnl:$J,-
2023-12-26T23:24:55.792943+00:00,Metadata Modification Time,FILE,NTFS USN change,travel-facilitated-booking-kayak.js File reference: 135046-9 Parent file reference: 134928-4 Update source:  Update reason: USN_REASON_FILE_CREATE,usnjrnl,NTFS:\$Extend\$UsnJrnl:$J,-
2023-12-26T23:24:55.792943+00:00,Last Access Time,FILE,File stat,NTFS:\Users\User\AppData\Local\Temp\edge_BITS_5760_1236657887\2e8a592b-0ad4-414c-b996-21bd8749e2fd Type: file,filestat,NTFS:\Users\User\AppData\Local\Temp\edge_BITS_5760_1236657887\2e8a592b-0ad4-414c-b996-21bd8749e2fd,-
2023-12-26T23:24:55.808598+00:00,Metadata Modification Time,FILE,NTFS USN change,1.0.0.2 File reference: 134928-4 Parent file reference: 133470-2 Update source:  Update reason: USN_REASON_RENAME_NEW_NAME,usnjrnl,NTFS:\$Extend\$UsnJrnl:$J,-
2023-12-26T23:24:55.808598+00:00,Metadata Modification Time,FILE,NTFS USN change,1.0.0.2 File reference: 134928-4 Parent file reference: 133470-2 Update source:  Update reason: USN_REASON_RENAME_NEW_NAME  USN_REASON_CLOSE,usnjrnl,NTFS:\$Extend\$UsnJrnl:$J,-
2023-12-26T23:24:55.808598+00:00,Metadata Modification Time,FILE,NTFS USN change,chrome_PuffinComponentUnpacker_BeginUnzipping5760_2106917937 File reference: 134928-4 Parent file reference: 42582-3 Update source:  Update reason: USN_REASON_RENAME_OLD_NAME,usnjrnl,NTFS:\$Extend\$UsnJrnl:$J,-
2023-12-26T23:24:55.808598+00:00,Metadata Modification Time,FILE,NTFS USN change,manifest.fingerprint File reference: 135056-7 Parent file reference: 134928-4 Update source:  Update reason: USN_REASON_DATA_EXTEND  USN_REASON_FILE_CREATE,usnjrnl,NTFS:\$Extend\$UsnJrnl:$J,-
2023-12-26T23:24:55.808598+00:00,Metadata Modification Time,FILE,NTFS USN change,manifest.fingerprint File reference: 135056-7 Parent file reference: 134928-4 Update source:  Update reason: USN_REASON_DATA_EXTEND  USN_REASON_FILE_CREATE  USN_REASON_CLOSE,usnjrnl,NTFS:\$Extend\$UsnJrnl:$J,-
2023-12-26T23:24:55.808598+00:00,Metadata Modification Time,FILE,NTFS USN change,manifest.fingerprint File reference: 135056-7 Parent file reference: 134928-4 Update source:  Update reason: USN_REASON_FILE_CREATE,usnjrnl,NTFS:\$Extend\$UsnJrnl:$J,-
2023-12-26T23:24:55.808598+00:00,Metadata Modification Time,FILE,NTFS USN change,travel-facilitated-booking-kayak.js File reference: 135046-9 Parent file reference: 134928-4 Update source:  Update reason: USN_REASON_DATA_EXTEND  USN_REASON_FILE_CREATE  USN_REASON_BASIC_INFO_CHANGE,usnjrnl,NTFS:\$Extend\$UsnJrnl:$J,-
2023-12-26T23:24:55.808598+00:00,Metadata Modification Time,FILE,NTFS USN change,travel-facilitated-booking-kayak.js File reference: 135046-9 Parent file reference: 134928-4 Update source:  Update reason: USN_REASON_DATA_EXTEND  USN_REASON_FILE_CREATE  USN_REASON_BASIC_INFO_CHANGE  USN_REASON_CLOSE,usnjrnl,NTFS:\$Extend\$UsnJrnl:$J,-
2023-12-26T23:24:55.808598+00:00,Content Modification Time,FILE,File stat,NTFS:\Users\User\AppData\Local\Microsoft\Edge\User Data\Edge Travel Type: directory,filestat,NTFS:\Users\User\AppData\Local\Microsoft\Edge\User Data\Edge Travel,-
2023-12-26T23:24:55.808598+00:00,Metadata Modification Time,FILE,File stat,NTFS:\Users\User\AppData\Local\Microsoft\Edge\User Data\Edge Travel Type: directory,filestat,NTFS:\Users\User\AppData\Local\Microsoft\Edge\User Data\Edge Travel,-
2023-12-26T23:24:55.808598+00:00,Content Modification Time,FILE,File stat,NTFS:\Users\User\AppData\Local\Microsoft\Edge\User Data\Edge Travel\1.0.0.2 Type: directory,filestat,NTFS:\Users\User\AppData\Local\Microsoft\Edge\User Data\Edge Travel\1.0.0.2,-
2023-12-26T23:24:55.808598+00:00,Last Access Time,FILE,File stat,NTFS:\Users\User\AppData\Local\Microsoft\Edge\User Data\Edge Travel\1.0.0.2 Type: directory,filestat,NTFS:\Users\User\AppData\Local\Microsoft\Edge\User Data\Edge Travel\1.0.0.2,-
2023-12-26T23:24:55.808598+00:00,Metadata Modification Time,FILE,File stat,NTFS:\Users\User\AppData\Local\Microsoft\Edge\User Data\Edge Travel\1.0.0.2 Type: directory,filestat,NTFS:\Users\User\AppData\Local\Microsoft\Edge\User Data\Edge Travel\1.0.0.2,-
2023-12-26T23:24:55.808598+00:00,Last Access Time,FILE,File stat,NTFS:\Users\User\AppData\Local\Temp\edge_BITS_5760_1236657887 Type: directory,filestat,NTFS:\Users\User\AppData\Local\Temp\edge_BITS_5760_1236657887,-
2023-12-26T23:24:57.456495+00:00,Content Modification Time,EVT,WinEVTX,[105 / 0x0069] Provider identifier: {f0be35f8-237b-4814-86b5-ade51192e503} Source Name: Microsoft-Windows-AppReadiness Strings: ['false'  'ExternalObjects'] Computer Name: WinDev2311Eval Record Number: 25 Event Level: 4,winevtx,NTFS:\Windows\System32\winevt\Logs\Microsoft-Windows-AppReadiness%4Operational.evtx,-
2023-12-26T23:24:57.456495+00:00,Creation Time,EVT,WinEVTX,[105 / 0x0069] Provider identifier: {f0be35f8-237b-4814-86b5-ade51192e503} Source Name: Microsoft-Windows-AppReadiness Strings: ['false'  'ExternalObjects'] Computer Name: WinDev2311Eval Record Number: 25 Event Level: 4,winevtx,NTFS:\Windows\System32\winevt\Logs\Microsoft-Windows-AppReadiness%4Operational.evtx,-
2023-12-26T23:25:03.739759+00:00,Metadata Modification Time,FILE,NTFS USN change,settings-tipset[1].xml File reference: 135077-6 Parent file reference: 134100-3 Update source:  Update reason: USN_REASON_FILE_CREATE,usnjrnl,NTFS:\$Extend\$UsnJrnl:$J,-
2023-12-26T23:25:03.756983+00:00,Metadata Modification Time,FILE,NTFS USN change,settings-tipset[1].xml File reference: 135077-6 Parent file reference: 134100-3 Update source:  Update reason: USN_REASON_DATA_EXTEND  USN_REASON_FILE_CREATE,usnjrnl,NTFS:\$Extend\$UsnJrnl:$J,-
2023-12-26T23:25:03.756983+00:00,Metadata Modification Time,FILE,NTFS USN change,settings-tipset[1].xml File reference: 135077-6 Parent file reference: 134100-3 Update source:  Update reason: USN_REASON_DATA_EXTEND  USN_REASON_FILE_CREATE  USN_REASON_CLOSE,usnjrnl,NTFS:\$Extend\$UsnJrnl:$J,-
2023-12-26T23:25:03.792364+00:00,Metadata Modification Time,FILE,NTFS USN change,EAF8AA29A62AB29E614331747385D816_F9E4DC0B9D5C777357D7DB8DEF51118A File reference: 135081-6 Parent file reference: 130683-11 Update source:  Update reason: USN_REASON_DATA_EXTEND  USN_REASON_FILE_CREATE,usnjrnl,NTFS:\$Extend\$UsnJrnl:$J,-
2023-12-26T23:25:03.792364+00:00,Metadata Modification Time,FILE,NTFS USN change,EAF8AA29A62AB29E614331747385D816_F9E4DC0B9D5C777357D7DB8DEF51118A File reference: 135081-6 Parent file reference: 130683-11 Update source:  Update reason: USN_REASON_DATA_EXTEND  USN_REASON_FILE_CREATE  USN_REASON_CLOSE,usnjrnl,NTFS:\$Extend\$UsnJrnl:$J,-
2023-12-26T23:25:03.792364+00:00,Metadata Modification Time,FILE,NTFS USN change,EAF8AA29A62AB29E614331747385D816_F9E4DC0B9D5C777357D7DB8DEF51118A File reference: 135081-6 Parent file reference: 130683-11 Update source:  Update reason: USN_REASON_FILE_CREATE,usnjrnl,NTFS:\$Extend\$UsnJrnl:$J,-
2023-12-26T23:25:03.792364+00:00,Metadata Modification Time,FILE,NTFS USN change,EAF8AA29A62AB29E614331747385D816_F9E4DC0B9D5C777357D7DB8DEF51118A File reference: 135087-6 Parent file reference: 130893-2 Update source:  Update reason: USN_REASON_DATA_EXTEND  USN_REASON_FILE_CREATE,usnjrnl,NTFS:\$Extend\$UsnJrnl:$J,-
2023-12-26T23:25:03.792364+00:00,Metadata Modification Time,FILE,NTFS USN change,EAF8AA29A62AB29E614331747385D816_F9E4DC0B9D5C777357D7DB8DEF51118A File reference: 135087-6 Parent file reference: 130893-2 Update source:  Update reason: USN_REASON_DATA_EXTEND  USN_REASON_FILE_CREATE  USN_REASON_CLOSE,usnjrnl,NTFS:\$Extend\$UsnJrnl:$J,-
2023-12-26T23:25:03.792364+00:00,Metadata Modification Time,FILE,NTFS USN change,EAF8AA29A62AB29E614331747385D816_F9E4DC0B9D5C777357D7DB8DEF51118A File reference: 135087-6 Parent file reference: 130893-2 Update source:  Update reason: USN_REASON_FILE_CREATE,usnjrnl,NTFS:\$Extend\$UsnJrnl:$J,-
2023-12-26T23:25:03.792364+00:00,Content Modification Time,FILE,File stat,NTFS:\Users\User\AppData\LocalLow\Microsoft\CryptnetUrlCache\Content Type: directory,filestat,NTFS:\Users\User\AppData\LocalLow\Microsoft\CryptnetUrlCache\Content,-
2023-12-26T23:25:03.792364+00:00,Last Access Time,FILE,File stat,NTFS:\Users\User\AppData\LocalLow\Microsoft\CryptnetUrlCache\Content Type: directory,filestat,NTFS:\Users\User\AppData\LocalLow\Microsoft\CryptnetUrlCache\Content,-
2023-12-26T23:25:03.792364+00:00,Metadata Modification Time,FILE,File stat,NTFS:\Users\User\AppData\LocalLow\Microsoft\CryptnetUrlCache\Content Type: directory,filestat,NTFS:\Users\User\AppData\LocalLow\Microsoft\CryptnetUrlCache\Content,-
2023-12-26T23:25:03.792364+00:00,Content Modification Time,FILE,File stat,NTFS:\Users\User\AppData\LocalLow\Microsoft\CryptnetUrlCache\MetaData Type: directory,filestat,NTFS:\Users\User\AppData\LocalLow\Microsoft\CryptnetUrlCache\MetaData,-
2023-12-26T23:25:03.792364+00:00,Metadata Modification Time,FILE,File stat,NTFS:\Users\User\AppData\LocalLow\Microsoft\CryptnetUrlCache\MetaData Type: directory,filestat,NTFS:\Users\User\AppData\LocalLow\Microsoft\CryptnetUrlCache\MetaData,-
2023-12-26T23:25:03.804935+00:00,Metadata Modification Time,FILE,NTFS USN change,EAF8AA29A62AB29E614331747385D816_F9E4DC0B9D5C777357D7DB8DEF51118A File reference: 135081-6 Parent file reference: 130683-11 Update source:  Update reason: USN_REASON_DATA_OVERWRITE,usnjrnl,NTFS:\$Extend\$UsnJrnl:$J,-
2023-12-26T23:25:03.809178+00:00,Metadata Modification Time,FILE,NTFS USN change,EAF8AA29A62AB29E614331747385D816_F9E4DC0B9D5C777357D7DB8DEF51118A File reference: 135081-6 Parent file reference: 130683-11 Update source:  Update reason: USN_REASON_DATA_OVERWRITE  USN_REASON_CLOSE,usnjrnl,NTFS:\$Extend\$UsnJrnl:$J,-
2023-12-26T23:25:05.831874+00:00,Metadata Modification Time,FILE,NTFS USN change,61bb9f31-7204-46c8-9520-b05d91e79c52.tmp File reference: 135088-7 Parent file reference: 131949-6 Update source:  Update reason: USN_REASON_BASIC_INFO_CHANGE,usnjrnl,NTFS:\$Extend\$UsnJrnl:$J,-
2023-12-26T23:25:05.831874+00:00,Metadata Modification Time,FILE,NTFS USN change,61bb9f31-7204-46c8-9520-b05d91e79c52.tmp File reference: 135088-7 Parent file reference: 131949-6 Update source:  Update reason: USN_REASON_DATA_EXTEND  USN_REASON_FILE_CREATE,usnjrnl,NTFS:\$Extend\$UsnJrnl:$J,-
2023-12-26T23:25:05.831874+00:00,Metadata Modification Time,FILE,NTFS USN change,61bb9f31-7204-46c8-9520-b05d91e79c52.tmp File reference: 135088-7 Parent file reference: 131949-6 Update source:  Update reason: USN_REASON_DATA_EXTEND  USN_REASON_FILE_CREATE  USN_REASON_CLOSE,usnjrnl,NTFS:\$Extend\$UsnJrnl:$J,-
2023-12-26T23:25:05.831874+00:00,Metadata Modification Time,FILE,NTFS USN change,61bb9f31-7204-46c8-9520-b05d91e79c52.tmp File reference: 135088-7 Parent file reference: 131949-6 Update source:  Update reason: USN_REASON_FILE_CREATE,usnjrnl,NTFS:\$Extend\$UsnJrnl:$J,-
2023-12-26T23:25:05.831874+00:00,Metadata Modification Time,FILE,NTFS USN change,61bb9f31-7204-46c8-9520-b05d91e79c52.tmp File reference: 135088-7 Parent file reference: 131949-6 Update source:  Update reason: USN_REASON_SECURITY_CHANGE  USN_REASON_BASIC_INFO_CHANGE,usnjrnl,NTFS:\$Extend\$UsnJrnl:$J,-
2023-12-26T23:25:05.831874+00:00,Metadata Modification Time,FILE,NTFS USN change,Local State~RFcec78.TMP File reference: 135089-6 Parent file reference: 131949-6 Update source:  Update reason: USN_REASON_FILE_CREATE,usnjrnl,NTFS:\$Extend\$UsnJrnl:$J,-
2023-12-26T23:25:05.831874+00:00,Metadata Modification Time,FILE,NTFS USN change,Local State~RFcec78.TMP File reference: 135089-6 Parent file reference: 131949-6 Update source:  Update reason: USN_REASON_FILE_CREATE  USN_REASON_CLOSE,usnjrnl,NTFS:\$Extend\$UsnJrnl:$J,-
2023-12-26T23:25:05.831874+00:00,Metadata Modification Time,FILE,NTFS USN change,Local State~RFcec78.TMP File reference: 135089-6 Parent file reference: 131949-6 Update source:  Update reason: USN_REASON_FILE_DELETE  USN_REASON_CLOSE,usnjrnl,NTFS:\$Extend\$UsnJrnl:$J,-
2023-12-26T23:25:05.916176+00:00,Metadata Modification Time,FILE,NTFS USN change,61bb9f31-7204-46c8-9520-b05d91e79c52.tmp File reference: 135088-7 Parent file reference: 131949-6 Update source:  Update reason: USN_REASON_SECURITY_CHANGE  USN_REASON_RENAME_OLD_NAME  USN_REASON_BASIC_INFO_CHANGE,usnjrnl,NTFS:\$Extend\$UsnJrnl:$J,-
2023-12-26T23:25:05.916176+00:00,Metadata Modification Time,FILE,NTFS USN change,Local State File reference: 134898-6 Parent file reference: 131949-6 Update source:  Update reason: USN_REASON_RENAME_OLD_NAME,usnjrnl,NTFS:\$Extend\$UsnJrnl:$J,-
2023-12-26T23:25:05.916176+00:00,Metadata Modification Time,FILE,NTFS USN change,Local State File reference: 135088-7 Parent file reference: 131949-6 Update source:  Update reason: USN_REASON_SECURITY_CHANGE  USN_REASON_RENAME_NEW_NAME  USN_REASON_BASIC_INFO_CHANGE,usnjrnl,NTFS:\$Extend\$UsnJrnl:$J,-
2023-12-26T23:25:05.916176+00:00,Metadata Modification Time,FILE,NTFS USN change,Local State File reference: 135088-7 Parent file reference: 131949-6 Update source:  Update reason: USN_REASON_SECURITY_CHANGE  USN_REASON_RENAME_NEW_NAME  USN_REASON_BASIC_INFO_CHANGE  USN_REASON_CLOSE,usnjrnl,NTFS:\$Extend\$UsnJrnl:$J,-
2023-12-26T23:25:05.916176+00:00,Metadata Modification Time,FILE,NTFS USN change,Local State~RFcec78.TMP File reference: 134898-6 Parent file reference: 131949-6 Update source:  Update reason: USN_REASON_FILE_DELETE  USN_REASON_CLOSE,usnjrnl,NTFS:\$Extend\$UsnJrnl:$J,-
2023-12-26T23:25:05.916176+00:00,Metadata Modification Time,FILE,NTFS USN change,Local State~RFcec78.TMP File reference: 134898-6 Parent file reference: 131949-6 Update source:  Update reason: USN_REASON_RENAME_NEW_NAME,usnjrnl,NTFS:\$Extend\$UsnJrnl:$J,-
2023-12-26T23:25:05.916176+00:00,Metadata Modification Time,FILE,NTFS USN change,Local State~RFcec78.TMP File reference: 134898-6 Parent file reference: 131949-6 Update source:  Update reason: USN_REASON_RENAME_NEW_NAME  USN_REASON_CLOSE,usnjrnl,NTFS:\$Extend\$UsnJrnl:$J,-
2023-12-26T23:25:13.808747+00:00,Metadata Modification Time,FILE,NTFS USN change,BITBAA.tmp File reference: 135089-7 Parent file reference: 134898-7 Update source:  Update reason: USN_REASON_DATA_TRUNCATION,usnjrnl,NTFS:\$Extend\$UsnJrnl:$J,-
2023-12-26T23:25:13.808747+00:00,Metadata Modification Time,FILE,NTFS USN change,BITBAA.tmp File reference: 135089-7 Parent file reference: 134898-7 Update source:  Update reason: USN_REASON_FILE_CREATE,usnjrnl,NTFS:\$Extend\$UsnJrnl:$J,-
2023-12-26T23:25:13.808747+00:00,Metadata Modification Time,FILE,NTFS USN change,BITBAA.tmp File reference: 135089-7 Parent file reference: 134898-7 Update source:  Update reason: USN_REASON_FILE_CREATE  USN_REASON_CLOSE,usnjrnl,NTFS:\$Extend\$UsnJrnl:$J,-
2023-12-26T23:25:13.808747+00:00,Metadata Modification Time,FILE,NTFS USN change,edge_BITS_5760_555574138 File reference: 134898-7 Parent file reference: 42582-3 Update source:  Update reason: USN_REASON_FILE_CREATE,usnjrnl,NTFS:\$Extend\$UsnJrnl:$J,-
2023-12-26T23:25:13.808747+00:00,Metadata Modification Time,FILE,NTFS USN change,edge_BITS_5760_555574138 File reference: 134898-7 Parent file reference: 42582-3 Update source:  Update reason: USN_REASON_FILE_CREATE  USN_REASON_CLOSE,usnjrnl,NTFS:\$Extend\$UsnJrnl:$J,-
2023-12-26T23:25:13.808747+00:00,Creation Time,FILE,File stat,NTFS:\Users\User\AppData\Local\Temp\edge_BITS_5760_555574138 Type: directory,filestat,NTFS:\Users\User\AppData\Local\Temp\edge_BITS_5760_555574138,-
2023-12-26T23:25:13.816013+00:00,Content Modification Time,EVT,WinEVTX,[3 / 0x0003] Provider identifier: {ef1cc15b-46c1-414e-bb95-e76b077bd51e} Source Name: Microsoft-Windows-Bits-Client Strings: ['Edge Component Updater'  '{1DFC8DD1-9B77-4233-9ED9-34D710BE7DEF}'  'WINDEV2311EVAL\\User'  'C:\\Program Files (x86)\\Microsoft\\Edge\\Application\\msedge.exe'  '5760'  '3096224743817504'] Computer Name: WinDev2311Eval Record Number: 211 Event Level: 4,winevtx,NTFS:\Windows\System32\winevt\Logs\Microsoft-Windows-Bits-Client%4Operational.evtx,-
2023-12-26T23:25:13.816013+00:00,Creation Time,EVT,WinEVTX,[3 / 0x0003] Provider identifier: {ef1cc15b-46c1-414e-bb95-e76b077bd51e} Source Name: Microsoft-Windows-Bits-Client Strings: ['Edge Component Updater'  '{1DFC8DD1-9B77-4233-9ED9-34D710BE7DEF}'  'WINDEV2311EVAL\\User'  'C:\\Program Files (x86)\\Microsoft\\Edge\\Application\\msedge.exe'  '5760'  '3096224743817504'] Computer Name: WinDev2311Eval Record Number: 211 Event Level: 4,winevtx,NTFS:\Windows\System32\winevt\Logs\Microsoft-Windows-Bits-Client%4Operational.evtx,-
2023-12-26T23:25:13.824328+00:00,Metadata Modification Time,FILE,NTFS USN change,BITBAA.tmp File reference: 135089-7 Parent file reference: 134898-7 Update source:  Update reason: USN_REASON_DATA_TRUNCATION  USN_REASON_CLOSE,usnjrnl,NTFS:\$Extend\$UsnJrnl:$J,-
2023-12-26T23:25:13.831329+00:00,Content Modification Time,EVT,WinEVTX,[16403 / 0x4013] Provider identifier: {ef1cc15b-46c1-414e-bb95-e76b077bd51e} Source Name: Microsoft-Windows-Bits-Client Strings: ['WINDEV2311EVAL\\User'  'Edge Component Updater'  '{1DFC8DD1-9B77-4233-9ED9-34D710BE7DEF}'  'WINDEV2311EVAL\\User'  '1'  'http://msedge.b.tlu.dl.delivery.mp.microsoft.com/filestreamingservice/files/5badcdc0-46be-4cb8-a6a4-cbabb78b4931?P1=1703740446&P2=404&P3=2&P4=Bx%2bTf%2fsm67f7KVYklBqrsKt8lq%2fKx24enRNPFSeARWkCGCCnCZCZQcWyoeZ%2fIMD1HZzFmacHUPwcv6zZBQ5rUg%3d%3d'  'C:\\Users\\User\\AppData\\Local\\Temp\\edge_BITS_5760_555574138\\5badcdc0-46be-4cb8-a6a4-cbabb78b4931'  '5760'  '3096224743817504'] Computer Name: WinDev2311Eval Record Number: 212 Event Level: 4,winevtx,NTFS:\Windows\System32\winevt\Logs\Microsoft-Windows-Bits-Client%4Operational.evtx,-
2023-12-26T23:25:13.831329+00:00,Creation Time,EVT,WinEVTX,[16403 / 0x4013] Provider identifier: {ef1cc15b-46c1-414e-bb95-e76b077bd51e} Source Name: Microsoft-Windows-Bits-Client Strings: ['WINDEV2311EVAL\\User'  'Edge Component Updater'  '{1DFC8DD1-9B77-4233-9ED9-34D710BE7DEF}'  'WINDEV2311EVAL\\User'  '1'  'http://msedge.b.tlu.dl.delivery.mp.microsoft.com/filestreamingservice/files/5badcdc0-46be-4cb8-a6a4-cbabb78b4931?P1=1703740446&P2=404&P3=2&P4=Bx%2bTf%2fsm67f7KVYklBqrsKt8lq%2fKx24enRNPFSeARWkCGCCnCZCZQcWyoeZ%2fIMD1HZzFmacHUPwcv6zZBQ5rUg%3d%3d'  'C:\\Users\\User\\AppData\\Local\\Temp\\edge_BITS_5760_555574138\\5badcdc0-46be-4cb8-a6a4-cbabb78b4931'  '5760'  '3096224743817504'] Computer Name: WinDev2311Eval Record Number: 212 Event Level: 4,winevtx,NTFS:\Windows\System32\winevt\Logs\Microsoft-Windows-Bits-Client%4Operational.evtx,-
2023-12-26T23:25:13.872207+00:00,Content Modification Time,EVT,WinEVTX,[59 / 0x003b] Provider identifier: {ef1cc15b-46c1-414e-bb95-e76b077bd51e} Source Name: Microsoft-Windows-Bits-Client Strings: ['{557B5685-571B-4087-82B0-EC889CBAC8DF}'  'Edge Component Updater'  '{1DFC8DD1-9B77-4233-9ED9-34D710BE7DEF}'  'http://msedge.b.tlu.dl.delivery.mp.microsoft.com/filestreamingservice/files/5badcdc0-46be-4cb8-a6a4-cbabb78b4931?P1=1703740446&P2=404&P3=2&P4=Bx%2bTf%2fsm67f7KVYklBqrsKt8lq%2fKx24enRNPFSeARWkCGCCnCZCZQcWyoeZ%2fIMD1HZzFmacHUPwcv6zZBQ5rUg%3d%3d'  ''  '2023-12-15T23:56:31.000000000Z'  '2525706'  '2525706'  '0'  '0'] Computer Name: WinDev2311Eval Record Number: 213 Event Level: 4,winevtx,NTFS:\Windows\System32\winevt\Logs\Microsoft-Windows-Bits-Client%4Operational.evtx,-
2023-12-26T23:25:13.872207+00:00,Creation Time,EVT,WinEVTX,[59 / 0x003b] Provider identifier: {ef1cc15b-46c1-414e-bb95-e76b077bd51e} Source Name: Microsoft-Windows-Bits-Client Strings: ['{557B5685-571B-4087-82B0-EC889CBAC8DF}'  'Edge Component Updater'  '{1DFC8DD1-9B77-4233-9ED9-34D710BE7DEF}'  'http://msedge.b.tlu.dl.delivery.mp.microsoft.com/filestreamingservice/files/5badcdc0-46be-4cb8-a6a4-cbabb78b4931?P1=1703740446&P2=404&P3=2&P4=Bx%2bTf%2fsm67f7KVYklBqrsKt8lq%2fKx24enRNPFSeARWkCGCCnCZCZQcWyoeZ%2fIMD1HZzFmacHUPwcv6zZBQ5rUg%3d%3d'  ''  '2023-12-15T23:56:31.000000000Z'  '2525706'  '2525706'  '0'  '0'] Computer Name: WinDev2311Eval Record Number: 213 Event Level: 4,winevtx,NTFS:\Windows\System32\winevt\Logs\Microsoft-Windows-Bits-Client%4Operational.evtx,-
2023-12-26T23:25:13.887434+00:00,Metadata Modification Time,FILE,NTFS USN change,BITBAA.tmp File reference: 135089-7 Parent file reference: 134898-7 Update source:  Update reason: USN_REASON_DATA_EXTEND  USN_REASON_DATA_TRUNCATION,usnjrnl,NTFS:\$Extend\$UsnJrnl:$J,-
2023-12-26T23:25:13.887434+00:00,Metadata Modification Time,FILE,NTFS USN change,BITBAA.tmp File reference: 135089-7 Parent file reference: 134898-7 Update source:  Update reason: USN_REASON_DATA_TRUNCATION,usnjrnl,NTFS:\$Extend\$UsnJrnl:$J,-
2023-12-26T23:25:13.997927+00:00,Content Modification Time,REG,Registry Key,[HKEY_CURRENT_USER\Software\Microsoft\Windows\CurrentVersion\RunNotification] StartupTNotiMicrosoftEdgeAutoLaunch_C46CFC0629905CC775E70B50EA8A519C: [REG_DWORD_LE] 1 StartupTNotiOneDrive: [REG_DWORD_LE] 1 StartupTNotiSecurityHealth: [REG_DWORD_LE] 0 StartupTNotiVMware User Process: [REG_DWORD_LE] 0,winreg/winreg_default,NTFS:\Users\User\NTUSER.DAT,-
2023-12-26T23:25:15.869631+00:00,Metadata Modification Time,FILE,NTFS USN change,config16Processed[1].xml File reference: 134102-3 Parent file reference: 134100-3 Update source:  Update reason: USN_REASON_FILE_DELETE  USN_REASON_CLOSE,usnjrnl,NTFS:\$Extend\$UsnJrnl:$J,-
2023-12-26T23:25:15.869631+00:00,Content Modification Time,FILE,File stat,NTFS:\Users\User\AppData\Local\Microsoft\Windows\INetCache\IE\BG7ZU2IM Type: directory,filestat,NTFS:\Users\User\AppData\Local\Microsoft\Windows\INetCache\IE\BG7ZU2IM,-
2023-12-26T23:25:15.869631+00:00,Last Access Time,FILE,File stat,NTFS:\Users\User\AppData\Local\Microsoft\Windows\INetCache\IE\BG7ZU2IM Type: directory,filestat,NTFS:\Users\User\AppData\Local\Microsoft\Windows\INetCache\IE\BG7ZU2IM,-
2023-12-26T23:25:15.869631+00:00,Metadata Modification Time,FILE,File stat,NTFS:\Users\User\AppData\Local\Microsoft\Windows\INetCache\IE\BG7ZU2IM Type: directory,filestat,NTFS:\Users\User\AppData\Local\Microsoft\Windows\INetCache\IE\BG7ZU2IM,-
2023-12-26T23:25:18.153455+00:00,Content Modification Time,EVT,WinEVTX,[3013 / 0x0bc5] Provider identifier: {741bb90c-a7a3-49d6-bd82-1e6b858403f7} Source Name: Microsoft-Windows-CloudStore Strings: ['default$windows.data.settings.settingsusagehistory|windows.data.settings.settingsusagehistory'  '2147746053'] Computer Name: WinDev2311Eval Record Number: 285 Event Level: 3,winevtx,NTFS:\Windows\System32\winevt\Logs\Microsoft-Windows-CloudStore%4Operational.evtx,-
2023-12-26T23:25:18.153455+00:00,Creation Time,EVT,WinEVTX,[3013 / 0x0bc5] Provider identifier: {741bb90c-a7a3-49d6-bd82-1e6b858403f7} Source Name: Microsoft-Windows-CloudStore Strings: ['default$windows.data.settings.settingsusagehistory|windows.data.settings.settingsusagehistory'  '2147746053'] Computer Name: WinDev2311Eval Record Number: 285 Event Level: 3,winevtx,NTFS:\Windows\System32\winevt\Logs\Microsoft-Windows-CloudStore%4Operational.evtx,-
2023-12-26T23:25:18.208654+00:00,Content Modification Time,REG,Registry Key,[HKEY_CURRENT_USER\Software\Microsoft\Windows\CurrentVersion\CloudStore\Store\DefaultAccount\Current\default$windows.data.settings.settingsusagehistory] (empty),winreg/winreg_default,NTFS:\Users\User\NTUSER.DAT,-
2023-12-26T23:25:18.265855+00:00,Content Modification Time,REG,Registry Key,[HKEY_CURRENT_USER\Software\Microsoft\Windows\CurrentVersion\CloudStore\Store\DefaultAccount\Cloud\default$windows.data.settings.settingsusagehistory] (empty),winreg/winreg_default,NTFS:\Users\User\NTUSER.DAT,-
2023-12-26T23:25:24.782195+00:00,Metadata Modification Time,FILE,NTFS USN change,SettingsHandlers_Language.dll File reference: 103538-1 Parent file reference: 18999-1 Update source:  Update reason: USN_REASON_EA_CHANGE,usnjrnl,NTFS:\$Extend\$UsnJrnl:$J,-
2023-12-26T23:25:24.782195+00:00,Metadata Modification Time,FILE,NTFS USN change,SettingsHandlers_Language.dll File reference: 103538-1 Parent file reference: 18999-1 Update source:  Update reason: USN_REASON_EA_CHANGE  USN_REASON_CLOSE,usnjrnl,NTFS:\$Extend\$UsnJrnl:$J,-
2023-12-26T23:25:24.782195+00:00,Last Access Time,FILE,File stat,NTFS:\Windows\System32\SettingsHandlers_Language.dll Type: file,filestat,NTFS:\Windows\System32\SettingsHandlers_Language.dll,-
2023-12-26T23:25:24.782195+00:00,Metadata Modification Time,FILE,File stat,NTFS:\Windows\System32\SettingsHandlers_Language.dll Type: file,filestat,NTFS:\Windows\System32\SettingsHandlers_Language.dll,-
2023-12-26T23:25:24.782195+00:00,Last Access Time,FILE,File stat,NTFS:\Windows\WinSxS\amd64_microsoft-windows-s..gshandlers-language_31bf3856ad364e35_10.0.22621.2506_none_cefcf17d23a269bf\SettingsHandlers_Language.dll Type: file,filestat,NTFS:\Windows\WinSxS\amd64_microsoft-windows-s..gshandlers-language_31bf3856ad364e35_10.0.22621.2506_none_cefcf17d23a269bf\SettingsHandlers_Language.dll,-
2023-12-26T23:25:24.782195+00:00,Metadata Modification Time,FILE,File stat,NTFS:\Windows\WinSxS\amd64_microsoft-windows-s..gshandlers-language_31bf3856ad364e35_10.0.22621.2506_none_cefcf17d23a269bf\SettingsHandlers_Language.dll Type: file,filestat,NTFS:\Windows\WinSxS\amd64_microsoft-windows-s..gshandlers-language_31bf3856ad364e35_10.0.22621.2506_none_cefcf17d23a269bf\SettingsHandlers_Language.dll,-
2023-12-26T23:25:24.827548+00:00,Content Modification Time,EVT,WinEVTX,[4624 / 0x1210] Provider identifier: {54849625-5478-4994-a5ba-3e3b0328c30d} Source Name: Microsoft-Windows-Security-Auditing Strings: ['S-1-5-18'  'WINDEV2311EVAL$'  'WORKGROUP'  '0x00000000000003e7'  'S-1-5-18'  'SYSTEM'  'NT AUTHORITY'  '0x00000000000003e7'  '5'  'Advapi  '  'Negotiate'  '-'  '{00000000-0000-0000-0000-000000000000}'  '-'  '-'  '0'  '0x00000000000002e8'  'C:\\Windows\\System32\\services.exe'  '-'  '-'  '%%1833'  '-'  '-'  '-'  '-'  '%%1843'  '0x0000000000000000'  '%%1842'] Computer Name: WinDev2311Eval Record Number: 3202 Event Level: 0,winevtx,NTFS:\Windows\System32\winevt\Logs\Security.evtx,-
2023-12-26T23:25:24.827548+00:00,Creation Time,EVT,WinEVTX,[4624 / 0x1210] Provider identifier: {54849625-5478-4994-a5ba-3e3b0328c30d} Source Name: Microsoft-Windows-Security-Auditing Strings: ['S-1-5-18'  'WINDEV2311EVAL$'  'WORKGROUP'  '0x00000000000003e7'  'S-1-5-18'  'SYSTEM'  'NT AUTHORITY'  '0x00000000000003e7'  '5'  'Advapi  '  'Negotiate'  '-'  '{00000000-0000-0000-0000-000000000000}'  '-'  '-'  '0'  '0x00000000000002e8'  'C:\\Windows\\System32\\services.exe'  '-'  '-'  '%%1833'  '-'  '-'  '-'  '-'  '%%1843'  '0x0000000000000000'  '%%1842'] Computer Name: WinDev2311Eval Record Number: 3202 Event Level: 0,winevtx,NTFS:\Windows\System32\winevt\Logs\Security.evtx,-
2023-12-26T23:25:24.827575+00:00,Content Modification Time,EVT,WinEVTX,[4672 / 0x1240] Provider identifier: {54849625-5478-4994-a5ba-3e3b0328c30d} Source Name: Microsoft-Windows-Security-Auditing Strings: ['S-1-5-18'  'SYSTEM'  'NT AUTHORITY'  '0x00000000000003e7'  'SeAssignPrimaryTokenPrivilege\r\n\t\t\tSeTcbPrivilege\r\n\t\t\tSeSecurityPrivilege\r\n\t\t\tSeTakeOwnershipPrivilege\r\n\t\t\tSeLoadDriverPrivilege\r\n\t\t\tSeBackupPrivilege\r\n\t\t\tSeRestorePrivilege\r\n\t\t\tSeDebugPrivilege\r\n\t\t\tSeAuditPrivilege\r\n\t\t\tSeSystemEnvironmentPrivilege\r\n\t\t\tSeImpersonatePrivilege\r\n\t\t\tSeDelegateSessionUserImpersonatePrivilege'] Computer Name: WinDev2311Eval Record Number: 3203 Event Level: 0,winevtx,NTFS:\Windows\System32\winevt\Logs\Security.evtx,-
2023-12-26T23:25:24.827575+00:00,Creation Time,EVT,WinEVTX,[4672 / 0x1240] Provider identifier: {54849625-5478-4994-a5ba-3e3b0328c30d} Source Name: Microsoft-Windows-Security-Auditing Strings: ['S-1-5-18'  'SYSTEM'  'NT AUTHORITY'  '0x00000000000003e7'  'SeAssignPrimaryTokenPrivilege\r\n\t\t\tSeTcbPrivilege\r\n\t\t\tSeSecurityPrivilege\r\n\t\t\tSeTakeOwnershipPrivilege\r\n\t\t\tSeLoadDriverPrivilege\r\n\t\t\tSeBackupPrivilege\r\n\t\t\tSeRestorePrivilege\r\n\t\t\tSeDebugPrivilege\r\n\t\t\tSeAuditPrivilege\r\n\t\t\tSeSystemEnvironmentPrivilege\r\n\t\t\tSeImpersonatePrivilege\r\n\t\t\tSeDelegateSessionUserImpersonatePrivilege'] Computer Name: WinDev2311Eval Record Number: 3203 Event Level: 0,winevtx,NTFS:\Windows\System32\winevt\Logs\Security.evtx,-
2023-12-26T23:25:24.858313+00:00,Content Modification Time,EVT,WinEVTX,[2000 / 0x07d0] Provider identifier: {e0c6f6de-258a-50e0-ac1a-103482d118bc} Source Name: Microsoft-Windows-Install-Agent Strings: ['C:\\Windows\\ImmersiveControlPanel\\SystemSettings.exe'  'C:\\Windows\\System32\\InstallService.dll'  '22621.1.amd64fre.ni_release.220506-1250'] Computer Name: WinDev2311Eval Record Number: 4783 Event Level: 4,winevtx,NTFS:\Windows\System32\winevt\Logs\Microsoft-Windows-Store%4Operational.evtx,-
2023-12-26T23:25:24.858313+00:00,Creation Time,EVT,WinEVTX,[2000 / 0x07d0] Provider identifier: {e0c6f6de-258a-50e0-ac1a-103482d118bc} Source Name: Microsoft-Windows-Install-Agent Strings: ['C:\\Windows\\ImmersiveControlPanel\\SystemSettings.exe'  'C:\\Windows\\System32\\InstallService.dll'  '22621.1.amd64fre.ni_release.220506-1250'] Computer Name: WinDev2311Eval Record Number: 4783 Event Level: 4,winevtx,NTFS:\Windows\System32\winevt\Logs\Microsoft-Windows-Store%4Operational.evtx,-
2023-12-26T23:25:24.875910+00:00,Metadata Modification Time,FILE,NTFS USN change,SettingsHandlers_Region.dll File reference: 103548-1 Parent file reference: 19096-1 Update source:  Update reason: USN_REASON_EA_CHANGE,usnjrnl,NTFS:\$Extend\$UsnJrnl:$J,-
2023-12-26T23:25:24.875910+00:00,Metadata Modification Time,FILE,NTFS USN change,SettingsHandlers_Region.dll File reference: 103548-1 Parent file reference: 19096-1 Update source:  Update reason: USN_REASON_EA_CHANGE  USN_REASON_CLOSE,usnjrnl,NTFS:\$Extend\$UsnJrnl:$J,-
2023-12-26T23:25:24.875910+00:00,Previous Last Time Executed,LOG,WinPrefetch,Prefetch [TRUSTEDINSTALLER.EXE] was executed - run count 3 path hints: \WINDOWS\SERVICING\TRUSTEDINSTALLER.EXE hash: 0xB018CCBF volume: 1 [serial number: 0x5CE1DF5A  device path: \VOLUME{01da182ce1985a64-5ce1df5a}],prefetch,NTFS:\Windows\Prefetch\TRUSTEDINSTALLER.EXE-B018CCBF.pf,-
2023-12-26T23:25:24.875910+00:00,Last Access Time,FILE,File stat,NTFS:\Windows\System32\SettingsHandlers_Region.dll Type: file,filestat,NTFS:\Windows\System32\SettingsHandlers_Region.dll,-
2023-12-26T23:25:24.875910+00:00,Metadata Modification Time,FILE,File stat,NTFS:\Windows\System32\SettingsHandlers_Region.dll Type: file,filestat,NTFS:\Windows\System32\SettingsHandlers_Region.dll,-
2023-12-26T23:25:24.875910+00:00,Last Access Time,FILE,File stat,NTFS:\Windows\WinSxS\amd64_microsoft-windows-s..ingshandlers-region_31bf3856ad364e35_10.0.22621.2506_none_832d702dcc43098f\SettingsHandlers_Region.dll Type: file,filestat,NTFS:\Windows\WinSxS\amd64_microsoft-windows-s..ingshandlers-region_31bf3856ad364e35_10.0.22621.2506_none_832d702dcc43098f\SettingsHandlers_Region.dll,-
2023-12-26T23:25:24.875910+00:00,Metadata Modification Time,FILE,File stat,NTFS:\Windows\WinSxS\amd64_microsoft-windows-s..ingshandlers-region_31bf3856ad364e35_10.0.22621.2506_none_832d702dcc43098f\SettingsHandlers_Region.dll Type: file,filestat,NTFS:\Windows\WinSxS\amd64_microsoft-windows-s..ingshandlers-region_31bf3856ad364e35_10.0.22621.2506_none_832d702dcc43098f\SettingsHandlers_Region.dll,-
2023-12-26T23:25:24.954205+00:00,Metadata Modification Time,FILE,NTFS USN change,CBS.log File reference: 1601-2 Parent file reference: 2602-1 Update source:  Update reason: USN_REASON_DATA_EXTEND,usnjrnl,NTFS:\$Extend\$UsnJrnl:$J,-
2023-12-26T23:25:24.986280+00:00,Metadata Modification Time,FILE,NTFS USN change,BITBAA.tmp File reference: 135089-7 Parent file reference: 134898-7 Update source:  Update reason: USN_REASON_DATA_OVERWRITE  USN_REASON_DATA_EXTEND  USN_REASON_DATA_TRUNCATION,usnjrnl,NTFS:\$Extend\$UsnJrnl:$J,-
2023-12-26T23:25:24.986280+00:00,Last Access Time,FILE,File stat,NTFS:\ProgramData\Microsoft\Windows\OneSettings\SCCInstallService.json Type: file,filestat,NTFS:\ProgramData\Microsoft\Windows\OneSettings\SCCInstallService.json,-
2023-12-26T23:25:25.803152+00:00,Content Modification Time,EVT,WinEVTX,[2005 / 0x07d5] Provider identifier: {e0c6f6de-258a-50e0-ac1a-103482d118bc} Source Name: Microsoft-Windows-Install-Agent Strings: ['oneSettingsconcurrentDefaultInstalls = 3  oneSettingsconcurrentMinInstalls = 3'  'GetConcurrentInstallsFromOneSettings'  '-2147483647'  'onecoreuap\\enduser\\winstore\\installservice\\lib\\settings.cpp'  '480'  'NULL'  'NULL'] Computer Name: WinDev2311Eval Record Number: 4784 Event Level: 5,winevtx,NTFS:\Windows\System32\winevt\Logs\Microsoft-Windows-Store%4Operational.evtx,-
2023-12-26T23:25:25.803152+00:00,Creation Time,EVT,WinEVTX,[2005 / 0x07d5] Provider identifier: {e0c6f6de-258a-50e0-ac1a-103482d118bc} Source Name: Microsoft-Windows-Install-Agent Strings: ['oneSettingsconcurrentDefaultInstalls = 3  oneSettingsconcurrentMinInstalls = 3'  'GetConcurrentInstallsFromOneSettings'  '-2147483647'  'onecoreuap\\enduser\\winstore\\installservice\\lib\\settings.cpp'  '480'  'NULL'  'NULL'] Computer Name: WinDev2311Eval Record Number: 4784 Event Level: 5,winevtx,NTFS:\Windows\System32\winevt\Logs\Microsoft-Windows-Store%4Operational.evtx,-
2023-12-26T23:25:25.110967+00:00,Last Access Time,FILE,File stat,NTFS:\Windows\SysWOW64\en-US\InstallService.dll.mui Type: file,filestat,NTFS:\Windows\SysWOW64\en-US\InstallService.dll.mui,-
2023-12-26T23:25:25.110967+00:00,Last Access Time,FILE,File stat,NTFS:\Windows\System32\en-US\InstallService.dll.mui Type: file,filestat,NTFS:\Windows\System32\en-US\InstallService.dll.mui,-
2023-12-26T23:25:25.110967+00:00,Last Access Time,FILE,File stat,NTFS:\Windows\WinSxS\amd64_microsoft-windows-s..l-service.resources_31bf3856ad364e35_10.0.22621.1_en-us_a0d2792d3f8ba49d\InstallService.dll.mui Type: file,filestat,NTFS:\Windows\WinSxS\amd64_microsoft-windows-s..l-service.resources_31bf3856ad364e35_10.0.22621.1_en-us_a0d2792d3f8ba49d\InstallService.dll.mui,-
2023-12-26T23:25:25.110967+00:00,Last Access Time,FILE,File stat,NTFS:\Windows\WinSxS\wow64_microsoft-windows-s..l-service.resources_31bf3856ad364e35_10.0.22621.1_en-us_ab27237f73ec6698\InstallService.dll.mui Type: file,filestat,NTFS:\Windows\WinSxS\wow64_microsoft-windows-s..l-service.resources_31bf3856ad364e35_10.0.22621.1_en-us_ab27237f73ec6698\InstallService.dll.mui,-
2023-12-26T23:25:25.141016+00:00,Content Modification Time,EVT,WinEVTX,[4624 / 0x1210] Provider identifier: {54849625-5478-4994-a5ba-3e3b0328c30d} Source Name: Microsoft-Windows-Security-Auditing Strings: ['S-1-5-18'  'WINDEV2311EVAL$'  'WORKGROUP'  '0x00000000000003e7'  'S-1-5-18'  'SYSTEM'  'NT AUTHORITY'  '0x00000000000003e7'  '5'  'Advapi  '  'Negotiate'  '-'  '{00000000-0000-0000-0000-000000000000}'  '-'  '-'  '0'  '0x00000000000002e8'  'C:\\Windows\\System32\\services.exe'  '-'  '-'  '%%1833'  '-'  '-'  '-'  '-'  '%%1843'  '0x0000000000000000'  '%%1842'] Computer Name: WinDev2311Eval Record Number: 3204 Event Level: 0,winevtx,NTFS:\Windows\System32\winevt\Logs\Security.evtx,-
2023-12-26T23:25:25.141016+00:00,Creation Time,EVT,WinEVTX,[4624 / 0x1210] Provider identifier: {54849625-5478-4994-a5ba-3e3b0328c30d} Source Name: Microsoft-Windows-Security-Auditing Strings: ['S-1-5-18'  'WINDEV2311EVAL$'  'WORKGROUP'  '0x00000000000003e7'  'S-1-5-18'  'SYSTEM'  'NT AUTHORITY'  '0x00000000000003e7'  '5'  'Advapi  '  'Negotiate'  '-'  '{00000000-0000-0000-0000-000000000000}'  '-'  '-'  '0'  '0x00000000000002e8'  'C:\\Windows\\System32\\services.exe'  '-'  '-'  '%%1833'  '-'  '-'  '-'  '-'  '%%1843'  '0x0000000000000000'  '%%1842'] Computer Name: WinDev2311Eval Record Number: 3204 Event Level: 0,winevtx,NTFS:\Windows\System32\winevt\Logs\Security.evtx,-
2023-12-26T23:25:25.141035+00:00,Content Modification Time,EVT,WinEVTX,[4672 / 0x1240] Provider identifier: {54849625-5478-4994-a5ba-3e3b0328c30d} Source Name: Microsoft-Windows-Security-Auditing Strings: ['S-1-5-18'  'SYSTEM'  'NT AUTHORITY'  '0x00000000000003e7'  'SeAssignPrimaryTokenPrivilege\r\n\t\t\tSeTcbPrivilege\r\n\t\t\tSeSecurityPrivilege\r\n\t\t\tSeTakeOwnershipPrivilege\r\n\t\t\tSeLoadDriverPrivilege\r\n\t\t\tSeBackupPrivilege\r\n\t\t\tSeRestorePrivilege\r\n\t\t\tSeDebugPrivilege\r\n\t\t\tSeAuditPrivilege\r\n\t\t\tSeSystemEnvironmentPrivilege\r\n\t\t\tSeImpersonatePrivilege\r\n\t\t\tSeDelegateSessionUserImpersonatePrivilege'] Computer Name: WinDev2311Eval Record Number: 3205 Event Level: 0,winevtx,NTFS:\Windows\System32\winevt\Logs\Security.evtx,-
2023-12-26T23:25:25.141035+00:00,Creation Time,EVT,WinEVTX,[4672 / 0x1240] Provider identifier: {54849625-5478-4994-a5ba-3e3b0328c30d} Source Name: Microsoft-Windows-Security-Auditing Strings: ['S-1-5-18'  'SYSTEM'  'NT AUTHORITY'  '0x00000000000003e7'  'SeAssignPrimaryTokenPrivilege\r\n\t\t\tSeTcbPrivilege\r\n\t\t\tSeSecurityPrivilege\r\n\t\t\tSeTakeOwnershipPrivilege\r\n\t\t\tSeLoadDriverPrivilege\r\n\t\t\tSeBackupPrivilege\r\n\t\t\tSeRestorePrivilege\r\n\t\t\tSeDebugPrivilege\r\n\t\t\tSeAuditPrivilege\r\n\t\t\tSeSystemEnvironmentPrivilege\r\n\t\t\tSeImpersonatePrivilege\r\n\t\t\tSeDelegateSessionUserImpersonatePrivilege'] Computer Name: WinDev2311Eval Record Number: 3205 Event Level: 0,winevtx,NTFS:\Windows\System32\winevt\Logs\Security.evtx,-
2023-12-26T23:25:25.173501+00:00,Last Time Executed,LOG,WinPrefetch,Prefetch [SVCHOST.EXE] was executed - run count 1 path hints: \WINDOWS\SYSTEM32\SVCHOST.EXE hash: 0xBEA8FA82 volume: 1 [serial number: 0x5CE1DF5A  device path: \VOLUME{01da182ce1985a64-5ce1df5a}],prefetch,NTFS:\Windows\Prefetch\SVCHOST.EXE-BEA8FA82.pf,-
2023-12-26T23:25:25.220330+00:00,Previous Last Time Executed,LOG,WinPrefetch,Prefetch [TIWORKER.EXE] was executed - run count 3 path hints: \WINDOWS\WINSXS\AMD64_MICROSOFT-WINDOWS-SERVICINGSTACK_31BF3856AD364E35_10.0.22621.2567_NONE_E93FB1D442E4B410\TIWORKER.EXE hash: 0x26EFB80E volume: 1 [serial number: 0x5CE1DF5A  device path: \VOLUME{01da182ce1985a64-5ce1df5a}],prefetch,NTFS:\Windows\Prefetch\TIWORKER.EXE-26EFB80E.pf,-
2023-12-26T23:25:25.251310+00:00,Last Access Time,FILE,File stat,NTFS:\Windows\System32\InstallService.dll Type: file,filestat,NTFS:\Windows\System32\InstallService.dll,-
2023-12-26T23:25:25.251310+00:00,Last Access Time,FILE,File stat,NTFS:\Windows\WinSxS\amd64_microsoft-windows-store-install-service_31bf3856ad364e35_10.0.22621.2506_none_bdef3c44f4f80db8\InstallService.dll Type: file,filestat,NTFS:\Windows\WinSxS\amd64_microsoft-windows-store-install-service_31bf3856ad364e35_10.0.22621.2506_none_bdef3c44f4f80db8\InstallService.dll,-
2023-12-26T23:25:25.332343+00:00,Content Modification Time,EVT,WinEVTX,[2000 / 0x07d0] Provider identifier: {e0c6f6de-258a-50e0-ac1a-103482d118bc} Source Name: Microsoft-Windows-Install-Agent Strings: ['C:\\Windows\\System32\\svchost.exe'  'c:\\windows\\system32\\installservice.dll'  '22621.1.amd64fre.ni_release.220506-1250'] Computer Name: WinDev2311Eval Record Number: 4785 Event Level: 4,winevtx,NTFS:\Windows\System32\winevt\Logs\Microsoft-Windows-Store%4Operational.evtx,-
2023-12-26T23:25:25.332343+00:00,Creation Time,EVT,WinEVTX,[2000 / 0x07d0] Provider identifier: {e0c6f6de-258a-50e0-ac1a-103482d118bc} Source Name: Microsoft-Windows-Install-Agent Strings: ['C:\\Windows\\System32\\svchost.exe'  'c:\\windows\\system32\\installservice.dll'  '22621.1.amd64fre.ni_release.220506-1250'] Computer Name: WinDev2311Eval Record Number: 4785 Event Level: 4,winevtx,NTFS:\Windows\System32\winevt\Logs\Microsoft-Windows-Store%4Operational.evtx,-
2023-12-26T23:25:25.333177+00:00,Content Modification Time,EVT,WinEVTX,[2005 / 0x07d5] Provider identifier: {e0c6f6de-258a-50e0-ac1a-103482d118bc} Source Name: Microsoft-Windows-Install-Agent Strings: ['Initializing InstallService for shared'  'ServiceMain'  '-2147483647'  'onecoreuap\\enduser\\winstore\\installservice\\svc\\svcmain.cpp'  '58'  'NULL'  'NULL'] Computer Name: WinDev2311Eval Record Number: 4786 Event Level: 5,winevtx,NTFS:\Windows\System32\winevt\Logs\Microsoft-Windows-Store%4Operational.evtx,-
2023-12-26T23:25:25.333177+00:00,Creation Time,EVT,WinEVTX,[2005 / 0x07d5] Provider identifier: {e0c6f6de-258a-50e0-ac1a-103482d118bc} Source Name: Microsoft-Windows-Install-Agent Strings: ['Initializing InstallService for shared'  'ServiceMain'  '-2147483647'  'onecoreuap\\enduser\\winstore\\installservice\\svc\\svcmain.cpp'  '58'  'NULL'  'NULL'] Computer Name: WinDev2311Eval Record Number: 4786 Event Level: 5,winevtx,NTFS:\Windows\System32\winevt\Logs\Microsoft-Windows-Store%4Operational.evtx,-
2023-12-26T23:25:25.354848+00:00,Content Modification Time,EVT,WinEVTX,[2005 / 0x07d5] Provider identifier: {e0c6f6de-258a-50e0-ac1a-103482d118bc} Source Name: Microsoft-Windows-Install-Agent Strings: ['Initializing InstallService'  'InstallService::ServiceStarted'  '-2147483647'  'onecoreuap\\enduser\\winstore\\installservice\\svc\\svcmain.cpp'  '36'  'NULL'  'NULL'] Computer Name: WinDev2311Eval Record Number: 4787 Event Level: 5,winevtx,NTFS:\Windows\System32\winevt\Logs\Microsoft-Windows-Store%4Operational.evtx,-
2023-12-26T23:25:25.354848+00:00,Creation Time,EVT,WinEVTX,[2005 / 0x07d5] Provider identifier: {e0c6f6de-258a-50e0-ac1a-103482d118bc} Source Name: Microsoft-Windows-Install-Agent Strings: ['Initializing InstallService'  'InstallService::ServiceStarted'  '-2147483647'  'onecoreuap\\enduser\\winstore\\installservice\\svc\\svcmain.cpp'  '36'  'NULL'  'NULL'] Computer Name: WinDev2311Eval Record Number: 4787 Event Level: 5,winevtx,NTFS:\Windows\System32\winevt\Logs\Microsoft-Windows-Store%4Operational.evtx,-
2023-12-26T23:25:25.427235+00:00,Last Access Time,FILE,File stat,NTFS:\Windows\System32\en-US\LanguageOverlayServer.dll.mui Type: file,filestat,NTFS:\Windows\System32\en-US\LanguageOverlayServer.dll.mui,-
2023-12-26T23:25:25.427235+00:00,Last Access Time,FILE,File stat,NTFS:\Windows\WinSxS\amd64_microsoft-onecore-l..layserver.resources_31bf3856ad364e35_10.0.22621.1_en-us_c0497b7976f9a190\LanguageOverlayServer.dll.mui Type: file,filestat,NTFS:\Windows\WinSxS\amd64_microsoft-onecore-l..layserver.resources_31bf3856ad364e35_10.0.22621.1_en-us_c0497b7976f9a190\LanguageOverlayServer.dll.mui,-
2023-12-26T23:25:25.436023+00:00,Content Modification Time,EVT,WinEVTX,[2006 / 0x07d6] Provider identifier: {e0c6f6de-258a-50e0-ac1a-103482d118bc} Source Name: Microsoft-Windows-Install-Agent Strings: ['Loaded listener for progress events. Listener = CuratedTileCollections.StoreEventListener \xa0'  'InstallQueue2::_LoadRegistryHandlers'  '0'  'onecoreuap\\enduser\\winstore\\installservice\\libqueue2\\installqueue2.cpp'  '2943'  ''  ''] Computer Name: WinDev2311Eval Record Number: 4788 Event Level: 4,winevtx,NTFS:\Windows\System32\winevt\Logs\Microsoft-Windows-Store%4Operational.evtx,-
2023-12-26T23:25:25.436023+00:00,Creation Time,EVT,WinEVTX,[2006 / 0x07d6] Provider identifier: {e0c6f6de-258a-50e0-ac1a-103482d118bc} Source Name: Microsoft-Windows-Install-Agent Strings: ['Loaded listener for progress events. Listener = CuratedTileCollections.StoreEventListener \xa0'  'InstallQueue2::_LoadRegistryHandlers'  '0'  'onecoreuap\\enduser\\winstore\\installservice\\libqueue2\\installqueue2.cpp'  '2943'  ''  ''] Computer Name: WinDev2311Eval Record Number: 4788 Event Level: 4,winevtx,NTFS:\Windows\System32\winevt\Logs\Microsoft-Windows-Store%4Operational.evtx,-
2023-12-26T23:25:25.436051+00:00,Content Modification Time,EVT,WinEVTX,[2006 / 0x07d6] Provider identifier: {e0c6f6de-258a-50e0-ac1a-103482d118bc} Source Name: Microsoft-Windows-Install-Agent Strings: ['Loaded listener for completed events. Listener = CuratedTileCollections.StoreEventListener \xa0'  'InstallQueue2::_LoadRegistryHandlers'  '0'  'onecoreuap\\enduser\\winstore\\installservice\\libqueue2\\installqueue2.cpp'  '2948'  ''  ''] Computer Name: WinDev2311Eval Record Number: 4789 Event Level: 4,winevtx,NTFS:\Windows\System32\winevt\Logs\Microsoft-Windows-Store%4Operational.evtx,-
2023-12-26T23:25:25.436051+00:00,Creation Time,EVT,WinEVTX,[2006 / 0x07d6] Provider identifier: {e0c6f6de-258a-50e0-ac1a-103482d118bc} Source Name: Microsoft-Windows-Install-Agent Strings: ['Loaded listener for completed events. Listener = CuratedTileCollections.StoreEventListener \xa0'  'InstallQueue2::_LoadRegistryHandlers'  '0'  'onecoreuap\\enduser\\winstore\\installservice\\libqueue2\\installqueue2.cpp'  '2948'  ''  ''] Computer Name: WinDev2311Eval Record Number: 4789 Event Level: 4,winevtx,NTFS:\Windows\System32\winevt\Logs\Microsoft-Windows-Store%4Operational.evtx,-
2023-12-26T23:25:25.443116+00:00,Last Access Time,FILE,File stat,NTFS:\Windows\System32\EAMProgressHandler.dll Type: file,filestat,NTFS:\Windows\System32\EAMProgressHandler.dll,-
2023-12-26T23:25:25.443116+00:00,Last Access Time,FILE,File stat,NTFS:\Windows\WinSxS\amd64_microsoft-windows-i..-eamprogresshandler_31bf3856ad364e35_10.0.22621.1_none_614eebd396295c5c\EAMProgressHandler.dll Type: file,filestat,NTFS:\Windows\WinSxS\amd64_microsoft-windows-i..-eamprogresshandler_31bf3856ad364e35_10.0.22621.1_none_614eebd396295c5c\EAMProgressHandler.dll,-
2023-12-26T23:25:25.445993+00:00,Content Modification Time,EVT,WinEVTX,[2006 / 0x07d6] Provider identifier: {e0c6f6de-258a-50e0-ac1a-103482d118bc} Source Name: Microsoft-Windows-Install-Agent Strings: ['Loaded listener for progress events. Listener = EnterpriseModernAppManagement.EAMProgressHandler \xa0'  'InstallQueue2::_LoadRegistryHandlers'  '0'  'onecoreuap\\enduser\\winstore\\installservice\\libqueue2\\installqueue2.cpp'  '2943'  ''  ''] Computer Name: WinDev2311Eval Record Number: 4790 Event Level: 4,winevtx,NTFS:\Windows\System32\winevt\Logs\Microsoft-Windows-Store%4Operational.evtx,-
2023-12-26T23:25:25.445993+00:00,Creation Time,EVT,WinEVTX,[2006 / 0x07d6] Provider identifier: {e0c6f6de-258a-50e0-ac1a-103482d118bc} Source Name: Microsoft-Windows-Install-Agent Strings: ['Loaded listener for progress events. Listener = EnterpriseModernAppManagement.EAMProgressHandler \xa0'  'InstallQueue2::_LoadRegistryHandlers'  '0'  'onecoreuap\\enduser\\winstore\\installservice\\libqueue2\\installqueue2.cpp'  '2943'  ''  ''] Computer Name: WinDev2311Eval Record Number: 4790 Event Level: 4,winevtx,NTFS:\Windows\System32\winevt\Logs\Microsoft-Windows-Store%4Operational.evtx,-
2023-12-26T23:25:25.446000+00:00,Content Modification Time,EVT,WinEVTX,[2006 / 0x07d6] Provider identifier: {e0c6f6de-258a-50e0-ac1a-103482d118bc} Source Name: Microsoft-Windows-Install-Agent Strings: ['Loaded listener for completed events. Listener = EnterpriseModernAppManagement.EAMProgressHandler \xa0'  'InstallQueue2::_LoadRegistryHandlers'  '0'  'onecoreuap\\enduser\\winstore\\installservice\\libqueue2\\installqueue2.cpp'  '2948'  ''  ''] Computer Name: WinDev2311Eval Record Number: 4791 Event Level: 4,winevtx,NTFS:\Windows\System32\winevt\Logs\Microsoft-Windows-Store%4Operational.evtx,-
2023-12-26T23:25:25.446000+00:00,Creation Time,EVT,WinEVTX,[2006 / 0x07d6] Provider identifier: {e0c6f6de-258a-50e0-ac1a-103482d118bc} Source Name: Microsoft-Windows-Install-Agent Strings: ['Loaded listener for completed events. Listener = EnterpriseModernAppManagement.EAMProgressHandler \xa0'  'InstallQueue2::_LoadRegistryHandlers'  '0'  'onecoreuap\\enduser\\winstore\\installservice\\libqueue2\\installqueue2.cpp'  '2948'  ''  ''] Computer Name: WinDev2311Eval Record Number: 4791 Event Level: 4,winevtx,NTFS:\Windows\System32\winevt\Logs\Microsoft-Windows-Store%4Operational.evtx,-
2023-12-26T23:25:25.469234+00:00,Content Modification Time,EVT,WinEVTX,[4624 / 0x1210] Provider identifier: {54849625-5478-4994-a5ba-3e3b0328c30d} Source Name: Microsoft-Windows-Security-Auditing Strings: ['S-1-5-18'  'WINDEV2311EVAL$'  'WORKGROUP'  '0x00000000000003e7'  'S-1-5-18'  'SYSTEM'  'NT AUTHORITY'  '0x00000000000003e7'  '5'  'Advapi  '  'Negotiate'  '-'  '{00000000-0000-0000-0000-000000000000}'  '-'  '-'  '0'  '0x00000000000002e8'  'C:\\Windows\\System32\\services.exe'  '-'  '-'  '%%1833'  '-'  '-'  '-'  '-'  '%%1843'  '0x0000000000000000'  '%%1842'] Computer Name: WinDev2311Eval Record Number: 3206 Event Level: 0,winevtx,NTFS:\Windows\System32\winevt\Logs\Security.evtx,-
2023-12-26T23:25:25.469234+00:00,Creation Time,EVT,WinEVTX,[4624 / 0x1210] Provider identifier: {54849625-5478-4994-a5ba-3e3b0328c30d} Source Name: Microsoft-Windows-Security-Auditing Strings: ['S-1-5-18'  'WINDEV2311EVAL$'  'WORKGROUP'  '0x00000000000003e7'  'S-1-5-18'  'SYSTEM'  'NT AUTHORITY'  '0x00000000000003e7'  '5'  'Advapi  '  'Negotiate'  '-'  '{00000000-0000-0000-0000-000000000000}'  '-'  '-'  '0'  '0x00000000000002e8'  'C:\\Windows\\System32\\services.exe'  '-'  '-'  '%%1833'  '-'  '-'  '-'  '-'  '%%1843'  '0x0000000000000000'  '%%1842'] Computer Name: WinDev2311Eval Record Number: 3206 Event Level: 0,winevtx,NTFS:\Windows\System32\winevt\Logs\Security.evtx,-
2023-12-26T23:25:25.469248+00:00,Content Modification Time,EVT,WinEVTX,[4672 / 0x1240] Provider identifier: {54849625-5478-4994-a5ba-3e3b0328c30d} Source Name: Microsoft-Windows-Security-Auditing Strings: ['S-1-5-18'  'SYSTEM'  'NT AUTHORITY'  '0x00000000000003e7'  'SeAssignPrimaryTokenPrivilege\r\n\t\t\tSeTcbPrivilege\r\n\t\t\tSeSecurityPrivilege\r\n\t\t\tSeTakeOwnershipPrivilege\r\n\t\t\tSeLoadDriverPrivilege\r\n\t\t\tSeBackupPrivilege\r\n\t\t\tSeRestorePrivilege\r\n\t\t\tSeDebugPrivilege\r\n\t\t\tSeAuditPrivilege\r\n\t\t\tSeSystemEnvironmentPrivilege\r\n\t\t\tSeImpersonatePrivilege\r\n\t\t\tSeDelegateSessionUserImpersonatePrivilege'] Computer Name: WinDev2311Eval Record Number: 3207 Event Level: 0,winevtx,NTFS:\Windows\System32\winevt\Logs\Security.evtx,-
2023-12-26T23:25:25.469248+00:00,Creation Time,EVT,WinEVTX,[4672 / 0x1240] Provider identifier: {54849625-5478-4994-a5ba-3e3b0328c30d} Source Name: Microsoft-Windows-Security-Auditing Strings: ['S-1-5-18'  'SYSTEM'  'NT AUTHORITY'  '0x00000000000003e7'  'SeAssignPrimaryTokenPrivilege\r\n\t\t\tSeTcbPrivilege\r\n\t\t\tSeSecurityPrivilege\r\n\t\t\tSeTakeOwnershipPrivilege\r\n\t\t\tSeLoadDriverPrivilege\r\n\t\t\tSeBackupPrivilege\r\n\t\t\tSeRestorePrivilege\r\n\t\t\tSeDebugPrivilege\r\n\t\t\tSeAuditPrivilege\r\n\t\t\tSeSystemEnvironmentPrivilege\r\n\t\t\tSeImpersonatePrivilege\r\n\t\t\tSeDelegateSessionUserImpersonatePrivilege'] Computer Name: WinDev2311Eval Record Number: 3207 Event Level: 0,winevtx,NTFS:\Windows\System32\winevt\Logs\Security.evtx,-
2023-12-26T23:25:25.476085+00:00,Last Access Time,FILE,File stat,NTFS:\Windows\System32\config\systemprofile\AppData\Local\Microsoft\InstallService Type: directory,filestat,NTFS:\Windows\System32\config\systemprofile\AppData\Local\Microsoft\InstallService,-
2023-12-26T23:25:25.489991+00:00,Content Modification Time,EVT,WinEVTX,[2006 / 0x07d6] Provider identifier: {e0c6f6de-258a-50e0-ac1a-103482d118bc} Source Name: Microsoft-Windows-Install-Agent Strings: ['request: Microsoft.WindowsStore CN=Microsoft Corporation  O=Microsoft Corporation  L=Redmond  S=Washington  C=US'  'Windows::ApplicationModel::Store::Preview::InstallControl::AppInstallManagerImpl::IsStoreBlockedByPolicyAsync'  '-2147483647'  'onecoreuap\\enduser\\winstore\\installservice\\lib\\appinstallcontrol.cpp'  '1757'  'NULL'  'NULL'] Computer Name: WinDev2311Eval Record Number: 4792 Event Level: 4,winevtx,NTFS:\Windows\System32\winevt\Logs\Microsoft-Windows-Store%4Operational.evtx,-
2023-12-26T23:25:25.489991+00:00,Creation Time,EVT,WinEVTX,[2006 / 0x07d6] Provider identifier: {e0c6f6de-258a-50e0-ac1a-103482d118bc} Source Name: Microsoft-Windows-Install-Agent Strings: ['request: Microsoft.WindowsStore CN=Microsoft Corporation  O=Microsoft Corporation  L=Redmond  S=Washington  C=US'  'Windows::ApplicationModel::Store::Preview::InstallControl::AppInstallManagerImpl::IsStoreBlockedByPolicyAsync'  '-2147483647'  'onecoreuap\\enduser\\winstore\\installservice\\lib\\appinstallcontrol.cpp'  '1757'  'NULL'  'NULL'] Computer Name: WinDev2311Eval Record Number: 4792 Event Level: 4,winevtx,NTFS:\Windows\System32\winevt\Logs\Microsoft-Windows-Store%4Operational.evtx,-
2023-12-26T23:25:25.496286+00:00,Content Modification Time,EVT,WinEVTX,[2006 / 0x07d6] Provider identifier: {e0c6f6de-258a-50e0-ac1a-103482d118bc} Source Name: Microsoft-Windows-Install-Agent Strings: ['result: Microsoft.WindowsStore  CN=Microsoft Corporation  O=Microsoft Corporation  L=Redmond  S=Washington  C=US  blocked = false'  'Windows::ApplicationModel::Store::Preview::InstallControl::AppInstallManagerImpl::IsStoreBlockedByPolicyAsync::<lambda_cff5a089d0e18da4f008933962636107>::operator ()'  '0'  'onecoreuap\\enduser\\winstore\\installservice\\lib\\appinstallcontrol.cpp'  '1788'  'NULL'  'NULL'] Computer Name: WinDev2311Eval Record Number: 4793 Event Level: 4,winevtx,NTFS:\Windows\System32\winevt\Logs\Microsoft-Windows-Store%4Operational.evtx,-
2023-12-26T23:25:25.496286+00:00,Creation Time,EVT,WinEVTX,[2006 / 0x07d6] Provider identifier: {e0c6f6de-258a-50e0-ac1a-103482d118bc} Source Name: Microsoft-Windows-Install-Agent Strings: ['result: Microsoft.WindowsStore  CN=Microsoft Corporation  O=Microsoft Corporation  L=Redmond  S=Washington  C=US  blocked = false'  'Windows::ApplicationModel::Store::Preview::InstallControl::AppInstallManagerImpl::IsStoreBlockedByPolicyAsync::<lambda_cff5a089d0e18da4f008933962636107>::operator ()'  '0'  'onecoreuap\\enduser\\winstore\\installservice\\lib\\appinstallcontrol.cpp'  '1788'  'NULL'  'NULL'] Computer Name: WinDev2311Eval Record Number: 4793 Event Level: 4,winevtx,NTFS:\Windows\System32\winevt\Logs\Microsoft-Windows-Store%4Operational.evtx,-
2023-12-26T23:25:25.523055+00:00,Last Time Executed,LOG,WinPrefetch,Prefetch [SVCHOST.EXE] was executed - run count 1 path hints: \WINDOWS\SYSTEM32\SVCHOST.EXE hash: 0x34651659 volume: 1 [serial number: 0x5CE1DF5A  device path: \VOLUME{01da182ce1985a64-5ce1df5a}],prefetch,NTFS:\Windows\Prefetch\SVCHOST.EXE-34651659.pf,-
2023-12-26T23:25:25.806444+00:00,Metadata Modification Time,FILE,NTFS USN change,LanguageOverlayServer.dll File reference: 102867-1 Parent file reference: 8283-1 Update source:  Update reason: USN_REASON_EA_CHANGE,usnjrnl,NTFS:\$Extend\$UsnJrnl:$J,-
2023-12-26T23:25:25.806444+00:00,Metadata Modification Time,FILE,NTFS USN change,LanguageOverlayServer.dll File reference: 102867-1 Parent file reference: 8283-1 Update source:  Update reason: USN_REASON_EA_CHANGE  USN_REASON_CLOSE,usnjrnl,NTFS:\$Extend\$UsnJrnl:$J,-
2023-12-26T23:25:25.806444+00:00,Last Access Time,FILE,File stat,NTFS:\Windows\System32\CatRoot\{F750E6C3-38EE-11D1-85E5-00C04FC295EE}\Microsoft-Windows-Client-Desktop-Required-Package02~31bf3856ad364e35~amd64~~10.0.22621.2715.cat Type: file,filestat,NTFS:\Windows\System32\CatRoot\{F750E6C3-38EE-11D1-85E5-00C04FC295EE}\Microsoft-Windows-Client-Desktop-Required-Package02~31bf3856ad364e35~amd64~~10.0.22621.2715.cat,-
2023-12-26T23:25:25.806444+00:00,Last Access Time,FILE,File stat,NTFS:\Windows\WinSxS\Catalogs\d49d3ad0239700109721de93ce03e7431104bb90a5147f57d5e23eefbb1fb640.cat Type: file,filestat,NTFS:\Windows\WinSxS\Catalogs\d49d3ad0239700109721de93ce03e7431104bb90a5147f57d5e23eefbb1fb640.cat,-
2023-12-26T23:25:25.806444+00:00,Last Access Time,FILE,File stat,NTFS:\Windows\servicing\Packages\Microsoft-Windows-Client-Desktop-Required-Package02~31bf3856ad364e35~amd64~~10.0.22621.2715.cat Type: file,filestat,NTFS:\Windows\servicing\Packages\Microsoft-Windows-Client-Desktop-Required-Package02~31bf3856ad364e35~amd64~~10.0.22621.2715.cat,-
2023-12-26T23:25:25.823793+00:00,Last Access Time,FILE,File stat,NTFS:\Windows\System32\LanguageOverlayServer.dll Type: file,filestat,NTFS:\Windows\System32\LanguageOverlayServer.dll,-
2023-12-26T23:25:25.823793+00:00,Metadata Modification Time,FILE,File stat,NTFS:\Windows\System32\LanguageOverlayServer.dll Type: file,filestat,NTFS:\Windows\System32\LanguageOverlayServer.dll,-
2023-12-26T23:25:25.823793+00:00,Last Access Time,FILE,File stat,NTFS:\Windows\WinSxS\amd64_microsoft-onecore-l..nguageoverlayserver_31bf3856ad364e35_10.0.22621.2506_none_25efa9b5e8e50d19\LanguageOverlayServer.dll Type: file,filestat,NTFS:\Windows\WinSxS\amd64_microsoft-onecore-l..nguageoverlayserver_31bf3856ad364e35_10.0.22621.2506_none_25efa9b5e8e50d19\LanguageOverlayServer.dll,-
2023-12-26T23:25:25.823793+00:00,Metadata Modification Time,FILE,File stat,NTFS:\Windows\WinSxS\amd64_microsoft-onecore-l..nguageoverlayserver_31bf3856ad364e35_10.0.22621.2506_none_25efa9b5e8e50d19\LanguageOverlayServer.dll Type: file,filestat,NTFS:\Windows\WinSxS\amd64_microsoft-onecore-l..nguageoverlayserver_31bf3856ad364e35_10.0.22621.2506_none_25efa9b5e8e50d19\LanguageOverlayServer.dll,-
2023-12-26T23:25:25.872980+00:00,Content Modification Time,REG,Registry Key,[HKEY_LOCAL_MACHINE\System\ControlSet001\Services\LxpSvc\State] (empty),winreg/winreg_default,NTFS:\Windows\System32\config\SYSTEM,-
2023-12-26T23:25:25.872980+00:00,Content Modification Time,REG,Service/Driver Configuration Registry Key,[HKEY_LOCAL_MACHINE\System\ControlSet001\Services\LxpSvc] Type: Service - Share Process (0x20) Start: Manual (3) Image path: %SystemRoot%\system32\svchost.exe -k netsvcs Error control: Ignore (0) Description: [REG_SZ] @%SystemRoot%\system32\LanguageOverlayServer.dll -101 DisplayName: [REG_SZ] @%SystemRoot%\system32\LanguageOverlayServer.dll -100 FailureActions: [REG_BINARY] (52 bytes) RequiredPrivileges: [REG_MULTI_SZ] [SeTcbPrivilege  SeImpersonatePrivilege  SeCreateSymbolicLinkPrivilege  SeRestorePrivilege  SeBackupPrivilege  SeSecurityPrivilege  SeIncreaseQuotaPrivilege  SeAssignPrimaryTokenPrivilege] ServiceSidType: [REG_DWORD_LE] 1,winreg/windows_services,NTFS:\Windows\System32\config\SYSTEM,-
2023-12-26T23:25:26.493777+00:00,Metadata Modification Time,FILE,NTFS USN change,BITBAA.tmp File reference: 135089-7 Parent file reference: 134898-7 Update source:  Update reason: USN_REASON_DATA_OVERWRITE  USN_REASON_DATA_EXTEND  USN_REASON_DATA_TRUNCATION  USN_REASON_BASIC_INFO_CHANGE,usnjrnl,NTFS:\$Extend\$UsnJrnl:$J,-
2023-12-26T23:25:26.493777+00:00,Metadata Modification Time,FILE,NTFS USN change,BITBAA.tmp File reference: 135089-7 Parent file reference: 134898-7 Update source:  Update reason: USN_REASON_DATA_OVERWRITE  USN_REASON_DATA_EXTEND  USN_REASON_DATA_TRUNCATION  USN_REASON_BASIC_INFO_CHANGE  USN_REASON_CLOSE,usnjrnl,NTFS:\$Extend\$UsnJrnl:$J,-
2023-12-26T23:25:26.499831+00:00,Content Modification Time,EVT,WinEVTX,[60 / 0x003c] Provider identifier: {ef1cc15b-46c1-414e-bb95-e76b077bd51e} Source Name: Microsoft-Windows-Bits-Client Strings: ['{557B5685-571B-4087-82B0-EC889CBAC8DF}'  'Edge Component Updater'  '{1DFC8DD1-9B77-4233-9ED9-34D710BE7DEF}'  'http://msedge.b.tlu.dl.delivery.mp.microsoft.com/filestreamingservice/files/5badcdc0-46be-4cb8-a6a4-cbabb78b4931?P1=1703740446&P2=404&P3=2&P4=Bx%2bTf%2fsm67f7KVYklBqrsKt8lq%2fKx24enRNPFSeARWkCGCCnCZCZQcWyoeZ%2fIMD1HZzFmacHUPwcv6zZBQ5rUg%3d%3d'  ''  '0'  '2023-12-15T23:56:31.000000000Z'  '2525706'  '2525706'  '2525706'  ''  '0'  '0'  '0'  '0'  '18446744073709551615'  'false'] Computer Name: WinDev2311Eval Record Number: 214 Event Level: 4,winevtx,NTFS:\Windows\System32\winevt\Logs\Microsoft-Windows-Bits-Client%4Operational.evtx,-
2023-12-26T23:25:26.499831+00:00,Creation Time,EVT,WinEVTX,[60 / 0x003c] Provider identifier: {ef1cc15b-46c1-414e-bb95-e76b077bd51e} Source Name: Microsoft-Windows-Bits-Client Strings: ['{557B5685-571B-4087-82B0-EC889CBAC8DF}'  'Edge Component Updater'  '{1DFC8DD1-9B77-4233-9ED9-34D710BE7DEF}'  'http://msedge.b.tlu.dl.delivery.mp.microsoft.com/filestreamingservice/files/5badcdc0-46be-4cb8-a6a4-cbabb78b4931?P1=1703740446&P2=404&P3=2&P4=Bx%2bTf%2fsm67f7KVYklBqrsKt8lq%2fKx24enRNPFSeARWkCGCCnCZCZQcWyoeZ%2fIMD1HZzFmacHUPwcv6zZBQ5rUg%3d%3d'  ''  '0'  '2023-12-15T23:56:31.000000000Z'  '2525706'  '2525706'  '2525706'  ''  '0'  '0'  '0'  '0'  '18446744073709551615'  'false'] Computer Name: WinDev2311Eval Record Number: 214 Event Level: 4,winevtx,NTFS:\Windows\System32\winevt\Logs\Microsoft-Windows-Bits-Client%4Operational.evtx,-
2023-12-26T23:25:29.872388+00:00,Metadata Modification Time,FILE,NTFS USN change,5badcdc0-46be-4cb8-a6a4-cbabb78b4931 File reference: 135089-7 Parent file reference: 134898-7 Update source:  Update reason: USN_REASON_RENAME_NEW_NAME,usnjrnl,NTFS:\$Extend\$UsnJrnl:$J,-
2023-12-26T23:25:29.872388+00:00,Metadata Modification Time,FILE,NTFS USN change,5badcdc0-46be-4cb8-a6a4-cbabb78b4931 File reference: 135089-7 Parent file reference: 134898-7 Update source:  Update reason: USN_REASON_RENAME_NEW_NAME  USN_REASON_CLOSE,usnjrnl,NTFS:\$Extend\$UsnJrnl:$J,-
2023-12-26T23:25:29.872388+00:00,Metadata Modification Time,FILE,NTFS USN change,BITBAA.tmp File reference: 135089-7 Parent file reference: 134898-7 Update source:  Update reason: USN_REASON_BASIC_INFO_CHANGE,usnjrnl,NTFS:\$Extend\$UsnJrnl:$J,-
2023-12-26T23:25:29.872388+00:00,Metadata Modification Time,FILE,NTFS USN change,BITBAA.tmp File reference: 135089-7 Parent file reference: 134898-7 Update source:  Update reason: USN_REASON_BASIC_INFO_CHANGE  USN_REASON_CLOSE,usnjrnl,NTFS:\$Extend\$UsnJrnl:$J,-
2023-12-26T23:25:29.872388+00:00,Metadata Modification Time,FILE,NTFS USN change,BITBAA.tmp File reference: 135089-7 Parent file reference: 134898-7 Update source:  Update reason: USN_REASON_RENAME_OLD_NAME,usnjrnl,NTFS:\$Extend\$UsnJrnl:$J,-
2023-12-26T23:25:29.872388+00:00,Content Modification Time,FILE,File stat,NTFS:\Users\User\AppData\Local\Temp\edge_BITS_5760_555574138 Type: directory,filestat,NTFS:\Users\User\AppData\Local\Temp\edge_BITS_5760_555574138,-
2023-12-26T23:25:29.872388+00:00,Metadata Modification Time,FILE,File stat,NTFS:\Users\User\AppData\Local\Temp\edge_BITS_5760_555574138 Type: directory,filestat,NTFS:\Users\User\AppData\Local\Temp\edge_BITS_5760_555574138,-
2023-12-26T23:25:29.872388+00:00,Metadata Modification Time,FILE,File stat,NTFS:\Users\User\AppData\Local\Temp\edge_BITS_5760_555574138\5badcdc0-46be-4cb8-a6a4-cbabb78b4931 Type: file,filestat,NTFS:\Users\User\AppData\Local\Temp\edge_BITS_5760_555574138\5badcdc0-46be-4cb8-a6a4-cbabb78b4931,-
2023-12-26T23:25:29.878796+00:00,Content Modification Time,EVT,WinEVTX,[4 / 0x0004] Provider identifier: {ef1cc15b-46c1-414e-bb95-e76b077bd51e} Source Name: Microsoft-Windows-Bits-Client Strings: ['WINDEV2311EVAL\\User'  'Edge Component Updater'  '{1DFC8DD1-9B77-4233-9ED9-34D710BE7DEF}'  'WINDEV2311EVAL\\User'  '1'  '2525706'  '0'] Computer Name: WinDev2311Eval Record Number: 215 Event Level: 4,winevtx,NTFS:\Windows\System32\winevt\Logs\Microsoft-Windows-Bits-Client%4Operational.evtx,-
2023-12-26T23:25:29.878796+00:00,Creation Time,EVT,WinEVTX,[4 / 0x0004] Provider identifier: {ef1cc15b-46c1-414e-bb95-e76b077bd51e} Source Name: Microsoft-Windows-Bits-Client Strings: ['WINDEV2311EVAL\\User'  'Edge Component Updater'  '{1DFC8DD1-9B77-4233-9ED9-34D710BE7DEF}'  'WINDEV2311EVAL\\User'  '1'  '2525706'  '0'] Computer Name: WinDev2311Eval Record Number: 215 Event Level: 4,winevtx,NTFS:\Windows\System32\winevt\Logs\Microsoft-Windows-Bits-Client%4Operational.evtx,-
2023-12-26T23:25:29.934767+00:00,Metadata Modification Time,FILE,NTFS USN change,chrome_PuffinComponentUnpacker_BeginUnzipping5760_563150945 File reference: 134102-4 Parent file reference: 42582-3 Update source:  Update reason: USN_REASON_FILE_CREATE,usnjrnl,NTFS:\$Extend\$UsnJrnl:$J,-
2023-12-26T23:25:29.934767+00:00,Metadata Modification Time,FILE,NTFS USN change,chrome_PuffinComponentUnpacker_BeginUnzipping5760_563150945 File reference: 134102-4 Parent file reference: 42582-3 Update source:  Update reason: USN_REASON_FILE_CREATE  USN_REASON_CLOSE,usnjrnl,NTFS:\$Extend\$UsnJrnl:$J,-
2023-12-26T23:25:29.934767+00:00,Creation Time,FILE,File stat,NTFS:\Users\User\AppData\Local\Microsoft\Edge\User Data\Edge Shopping\2.0.6201.0 Type: directory,filestat,NTFS:\Users\User\AppData\Local\Microsoft\Edge\User Data\Edge Shopping\2.0.6201.0,-
2023-12-26T23:25:30.191673+00:00,Metadata Modification Time,FILE,NTFS USN change,auto_open_controller.js File reference: 135097-6 Parent file reference: 134102-4 Update source:  Update reason: USN_REASON_DATA_EXTEND  USN_REASON_FILE_CREATE,usnjrnl,NTFS:\$Extend\$UsnJrnl:$J,-
2023-12-26T23:25:30.191673+00:00,Metadata Modification Time,FILE,NTFS USN change,auto_open_controller.js File reference: 135097-6 Parent file reference: 134102-4 Update source:  Update reason: USN_REASON_FILE_CREATE,usnjrnl,NTFS:\$Extend\$UsnJrnl:$J,-
2023-12-26T23:25:30.209777+00:00,Metadata Modification Time,FILE,NTFS USN change,auto_open_controller.js File reference: 135097-6 Parent file reference: 134102-4 Update source:  Update reason: USN_REASON_DATA_EXTEND  USN_REASON_FILE_CREATE  USN_REASON_BASIC_INFO_CHANGE,usnjrnl,NTFS:\$Extend\$UsnJrnl:$J,-
2023-12-26T23:25:30.209777+00:00,Metadata Modification Time,FILE,NTFS USN change,auto_open_controller.js File reference: 135097-6 Parent file reference: 134102-4 Update source:  Update reason: USN_REASON_DATA_EXTEND  USN_REASON_FILE_CREATE  USN_REASON_BASIC_INFO_CHANGE  USN_REASON_CLOSE,usnjrnl,NTFS:\$Extend\$UsnJrnl:$J,-
2023-12-26T23:25:30.226058+00:00,Metadata Modification Time,FILE,NTFS USN change,edge_checkout_page_validator.js File reference: 135099-7 Parent file reference: 134102-4 Update source:  Update reason: USN_REASON_DATA_EXTEND  USN_REASON_FILE_CREATE,usnjrnl,NTFS:\$Extend\$UsnJrnl:$J,-
2023-12-26T23:25:30.226058+00:00,Metadata Modification Time,FILE,NTFS USN change,edge_checkout_page_validator.js File reference: 135099-7 Parent file reference: 134102-4 Update source:  Update reason: USN_REASON_DATA_EXTEND  USN_REASON_FILE_CREATE  USN_REASON_BASIC_INFO_CHANGE,usnjrnl,NTFS:\$Extend\$UsnJrnl:$J,-
2023-12-26T23:25:30.226058+00:00,Metadata Modification Time,FILE,NTFS USN change,edge_checkout_page_validator.js File reference: 135099-7 Parent file reference: 134102-4 Update source:  Update reason: USN_REASON_DATA_EXTEND  USN_REASON_FILE_CREATE  USN_REASON_BASIC_INFO_CHANGE  USN_REASON_CLOSE,usnjrnl,NTFS:\$Extend\$UsnJrnl:$J,-
2023-12-26T23:25:30.226058+00:00,Metadata Modification Time,FILE,NTFS USN change,edge_checkout_page_validator.js File reference: 135099-7 Parent file reference: 134102-4 Update source:  Update reason: USN_REASON_FILE_CREATE,usnjrnl,NTFS:\$Extend\$UsnJrnl:$J,-
2023-12-26T23:25:30.226058+00:00,Metadata Modification Time,FILE,NTFS USN change,edge_confirmation_page_validator.js File reference: 135101-7 Parent file reference: 134102-4 Update source:  Update reason: USN_REASON_DATA_EXTEND  USN_REASON_FILE_CREATE,usnjrnl,NTFS:\$Extend\$UsnJrnl:$J,-
2023-12-26T23:25:30.226058+00:00,Metadata Modification Time,FILE,NTFS USN change,edge_confirmation_page_validator.js File reference: 135101-7 Parent file reference: 134102-4 Update source:  Update reason: USN_REASON_FILE_CREATE,usnjrnl,NTFS:\$Extend\$UsnJrnl:$J,-
2023-12-26T23:25:30.242822+00:00,Metadata Modification Time,FILE,NTFS USN change,edge_confirmation_page_validator.js File reference: 135101-7 Parent file reference: 134102-4 Update source:  Update reason: USN_REASON_DATA_EXTEND  USN_REASON_FILE_CREATE  USN_REASON_BASIC_INFO_CHANGE,usnjrnl,NTFS:\$Extend\$UsnJrnl:$J,-
2023-12-26T23:25:30.242822+00:00,Metadata Modification Time,FILE,NTFS USN change,edge_confirmation_page_validator.js File reference: 135101-7 Parent file reference: 134102-4 Update source:  Update reason: USN_REASON_DATA_EXTEND  USN_REASON_FILE_CREATE  USN_REASON_BASIC_INFO_CHANGE  USN_REASON_CLOSE,usnjrnl,NTFS:\$Extend\$UsnJrnl:$J,-
2023-12-26T23:25:30.242822+00:00,Metadata Modification Time,FILE,NTFS USN change,edge_driver.js File reference: 135102-8 Parent file reference: 134102-4 Update source:  Update reason: USN_REASON_DATA_EXTEND  USN_REASON_FILE_CREATE,usnjrnl,NTFS:\$Extend\$UsnJrnl:$J,-
2023-12-26T23:25:30.242822+00:00,Metadata Modification Time,FILE,NTFS USN change,edge_driver.js File reference: 135102-8 Parent file reference: 134102-4 Update source:  Update reason: USN_REASON_FILE_CREATE,usnjrnl,NTFS:\$Extend\$UsnJrnl:$J,-
2023-12-26T23:25:30.259081+00:00,Metadata Modification Time,FILE,NTFS USN change,edge_driver.js File reference: 135102-8 Parent file reference: 134102-4 Update source:  Update reason: USN_REASON_DATA_EXTEND  USN_REASON_FILE_CREATE  USN_REASON_BASIC_INFO_CHANGE,usnjrnl,NTFS:\$Extend\$UsnJrnl:$J,-
2023-12-26T23:25:30.259081+00:00,Metadata Modification Time,FILE,NTFS USN change,edge_driver.js File reference: 135102-8 Parent file reference: 134102-4 Update source:  Update reason: USN_REASON_DATA_EXTEND  USN_REASON_FILE_CREATE  USN_REASON_BASIC_INFO_CHANGE  USN_REASON_CLOSE,usnjrnl,NTFS:\$Extend\$UsnJrnl:$J,-
2023-12-26T23:25:30.275282+00:00,Metadata Modification Time,FILE,NTFS USN change,edge_tracking_page_validator.js File reference: 135103-7 Parent file reference: 134102-4 Update source:  Update reason: USN_REASON_DATA_EXTEND  USN_REASON_FILE_CREATE,usnjrnl,NTFS:\$Extend\$UsnJrnl:$J,-
2023-12-26T23:25:30.275282+00:00,Metadata Modification Time,FILE,NTFS USN change,edge_tracking_page_validator.js File reference: 135103-7 Parent file reference: 134102-4 Update source:  Update reason: USN_REASON_DATA_EXTEND  USN_REASON_FILE_CREATE  USN_REASON_BASIC_INFO_CHANGE,usnjrnl,NTFS:\$Extend\$UsnJrnl:$J,-
2023-12-26T23:25:30.275282+00:00,Metadata Modification Time,FILE,NTFS USN change,edge_tracking_page_validator.js File reference: 135103-7 Parent file reference: 134102-4 Update source:  Update reason: USN_REASON_DATA_EXTEND  USN_REASON_FILE_CREATE  USN_REASON_BASIC_INFO_CHANGE  USN_REASON_CLOSE,usnjrnl,NTFS:\$Extend\$UsnJrnl:$J,-
2023-12-26T23:25:30.275282+00:00,Metadata Modification Time,FILE,NTFS USN change,edge_tracking_page_validator.js File reference: 135103-7 Parent file reference: 134102-4 Update source:  Update reason: USN_REASON_FILE_CREATE,usnjrnl,NTFS:\$Extend\$UsnJrnl:$J,-
2023-12-26T23:25:30.275282+00:00,Metadata Modification Time,FILE,NTFS USN change,manifest.json File reference: 135105-9 Parent file reference: 134102-4 Update source:  Update reason: USN_REASON_DATA_EXTEND  USN_REASON_FILE_CREATE,usnjrnl,NTFS:\$Extend\$UsnJrnl:$J,-
2023-12-26T23:25:30.275282+00:00,Metadata Modification Time,FILE,NTFS USN change,manifest.json File reference: 135105-9 Parent file reference: 134102-4 Update source:  Update reason: USN_REASON_DATA_EXTEND  USN_REASON_FILE_CREATE  USN_REASON_BASIC_INFO_CHANGE,usnjrnl,NTFS:\$Extend\$UsnJrnl:$J,-
2023-12-26T23:25:30.275282+00:00,Metadata Modification Time,FILE,NTFS USN change,manifest.json File reference: 135105-9 Parent file reference: 134102-4 Update source:  Update reason: USN_REASON_DATA_EXTEND  USN_REASON_FILE_CREATE  USN_REASON_BASIC_INFO_CHANGE  USN_REASON_CLOSE,usnjrnl,NTFS:\$Extend\$UsnJrnl:$J,-
2023-12-26T23:25:30.275282+00:00,Metadata Modification Time,FILE,NTFS USN change,manifest.json File reference: 135105-9 Parent file reference: 134102-4 Update source:  Update reason: USN_REASON_FILE_CREATE,usnjrnl,NTFS:\$Extend\$UsnJrnl:$J,-
2023-12-26T23:25:30.275282+00:00,Metadata Modification Time,FILE,NTFS USN change,product_page.js File reference: 135106-6 Parent file reference: 134102-4 Update source:  Update reason: USN_REASON_DATA_EXTEND  USN_REASON_FILE_CREATE,usnjrnl,NTFS:\$Extend\$UsnJrnl:$J,-
2023-12-26T23:25:30.275282+00:00,Metadata Modification Time,FILE,NTFS USN change,product_page.js File reference: 135106-6 Parent file reference: 134102-4 Update source:  Update reason: USN_REASON_FILE_CREATE,usnjrnl,NTFS:\$Extend\$UsnJrnl:$J,-
2023-12-26T23:25:30.290906+00:00,Metadata Modification Time,FILE,NTFS USN change,product_page.js File reference: 135106-6 Parent file reference: 134102-4 Update source:  Update reason: USN_REASON_DATA_EXTEND  USN_REASON_FILE_CREATE  USN_REASON_BASIC_INFO_CHANGE,usnjrnl,NTFS:\$Extend\$UsnJrnl:$J,-
2023-12-26T23:25:30.290906+00:00,Metadata Modification Time,FILE,NTFS USN change,product_page.js File reference: 135106-6 Parent file reference: 134102-4 Update source:  Update reason: USN_REASON_DATA_EXTEND  USN_REASON_FILE_CREATE  USN_REASON_BASIC_INFO_CHANGE  USN_REASON_CLOSE,usnjrnl,NTFS:\$Extend\$UsnJrnl:$J,-
2023-12-26T23:25:30.290906+00:00,Metadata Modification Time,FILE,NTFS USN change,shopping.html File reference: 135108-6 Parent file reference: 134102-4 Update source:  Update reason: USN_REASON_DATA_EXTEND  USN_REASON_FILE_CREATE,usnjrnl,NTFS:\$Extend\$UsnJrnl:$J,-
2023-12-26T23:25:30.290906+00:00,Metadata Modification Time,FILE,NTFS USN change,shopping.html File reference: 135108-6 Parent file reference: 134102-4 Update source:  Update reason: USN_REASON_DATA_EXTEND  USN_REASON_FILE_CREATE  USN_REASON_BASIC_INFO_CHANGE,usnjrnl,NTFS:\$Extend\$UsnJrnl:$J,-
2023-12-26T23:25:30.290906+00:00,Metadata Modification Time,FILE,NTFS USN change,shopping.html File reference: 135108-6 Parent file reference: 134102-4 Update source:  Update reason: USN_REASON_DATA_EXTEND  USN_REASON_FILE_CREATE  USN_REASON_BASIC_INFO_CHANGE  USN_REASON_CLOSE,usnjrnl,NTFS:\$Extend\$UsnJrnl:$J,-
2023-12-26T23:25:30.290906+00:00,Metadata Modification Time,FILE,NTFS USN change,shopping.html File reference: 135108-6 Parent file reference: 134102-4 Update source:  Update reason: USN_REASON_FILE_CREATE,usnjrnl,NTFS:\$Extend\$UsnJrnl:$J,-
2023-12-26T23:25:30.290906+00:00,Metadata Modification Time,FILE,NTFS USN change,shopping.js File reference: 135111-6 Parent file reference: 134102-4 Update source:  Update reason: USN_REASON_FILE_CREATE,usnjrnl,NTFS:\$Extend\$UsnJrnl:$J,-
2023-12-26T23:25:30.306596+00:00,Metadata Modification Time,FILE,NTFS USN change,shopping.js File reference: 135111-6 Parent file reference: 134102-4 Update source:  Update reason: USN_REASON_DATA_EXTEND  USN_REASON_FILE_CREATE,usnjrnl,NTFS:\$Extend\$UsnJrnl:$J,-
2023-12-26T23:25:30.403059+00:00,Metadata Modification Time,FILE,NTFS USN change,shopping.js File reference: 135111-6 Parent file reference: 134102-4 Update source:  Update reason: USN_REASON_DATA_EXTEND  USN_REASON_FILE_CREATE  USN_REASON_BASIC_INFO_CHANGE,usnjrnl,NTFS:\$Extend\$UsnJrnl:$J,-
2023-12-26T23:25:30.403059+00:00,Metadata Modification Time,FILE,NTFS USN change,shopping.js File reference: 135111-6 Parent file reference: 134102-4 Update source:  Update reason: USN_REASON_DATA_EXTEND  USN_REASON_FILE_CREATE  USN_REASON_BASIC_INFO_CHANGE  USN_REASON_CLOSE,usnjrnl,NTFS:\$Extend\$UsnJrnl:$J,-
2023-12-26T23:25:30.418908+00:00,Metadata Modification Time,FILE,NTFS USN change,shopping_fre.html File reference: 135119-6 Parent file reference: 134102-4 Update source:  Update reason: USN_REASON_FILE_CREATE,usnjrnl,NTFS:\$Extend\$UsnJrnl:$J,-
2023-12-26T23:25:30.418908+00:00,Metadata Modification Time,FILE,NTFS USN change,shoppingfre.js File reference: 135117-6 Parent file reference: 134102-4 Update source:  Update reason: USN_REASON_DATA_EXTEND  USN_REASON_FILE_CREATE,usnjrnl,NTFS:\$Extend\$UsnJrnl:$J,-
2023-12-26T23:25:30.418908+00:00,Metadata Modification Time,FILE,NTFS USN change,shoppingfre.js File reference: 135117-6 Parent file reference: 134102-4 Update source:  Update reason: USN_REASON_DATA_EXTEND  USN_REASON_FILE_CREATE  USN_REASON_BASIC_INFO_CHANGE,usnjrnl,NTFS:\$Extend\$UsnJrnl:$J,-
2023-12-26T23:25:30.418908+00:00,Metadata Modification Time,FILE,NTFS USN change,shoppingfre.js File reference: 135117-6 Parent file reference: 134102-4 Update source:  Update reason: USN_REASON_DATA_EXTEND  USN_REASON_FILE_CREATE  USN_REASON_BASIC_INFO_CHANGE  USN_REASON_CLOSE,usnjrnl,NTFS:\$Extend\$UsnJrnl:$J,-
2023-12-26T23:25:30.418908+00:00,Metadata Modification Time,FILE,NTFS USN change,shoppingfre.js File reference: 135117-6 Parent file reference: 134102-4 Update source:  Update reason: USN_REASON_FILE_CREATE,usnjrnl,NTFS:\$Extend\$UsnJrnl:$J,-
2023-12-26T23:25:30.434212+00:00,Metadata Modification Time,FILE,NTFS USN change,manifest.fingerprint File reference: 135125-11 Parent file reference: 134102-4 Update source:  Update reason: USN_REASON_DATA_EXTEND  USN_REASON_FILE_CREATE,usnjrnl,NTFS:\$Extend\$UsnJrnl:$J,-
2023-12-26T23:25:30.434212+00:00,Metadata Modification Time,FILE,NTFS USN change,manifest.fingerprint File reference: 135125-11 Parent file reference: 134102-4 Update source:  Update reason: USN_REASON_FILE_CREATE,usnjrnl,NTFS:\$Extend\$UsnJrnl:$J,-
2023-12-26T23:25:30.434212+00:00,Metadata Modification Time,FILE,NTFS USN change,shopping_fre.html File reference: 135119-6 Parent file reference: 134102-4 Update source:  Update reason: USN_REASON_DATA_EXTEND  USN_REASON_FILE_CREATE,usnjrnl,NTFS:\$Extend\$UsnJrnl:$J,-
2023-12-26T23:25:30.434212+00:00,Metadata Modification Time,FILE,NTFS USN change,shopping_fre.html File reference: 135119-6 Parent file reference: 134102-4 Update source:  Update reason: USN_REASON_DATA_EXTEND  USN_REASON_FILE_CREATE  USN_REASON_BASIC_INFO_CHANGE,usnjrnl,NTFS:\$Extend\$UsnJrnl:$J,-
2023-12-26T23:25:30.434212+00:00,Metadata Modification Time,FILE,NTFS USN change,shopping_fre.html File reference: 135119-6 Parent file reference: 134102-4 Update source:  Update reason: USN_REASON_DATA_EXTEND  USN_REASON_FILE_CREATE  USN_REASON_BASIC_INFO_CHANGE  USN_REASON_CLOSE,usnjrnl,NTFS:\$Extend\$UsnJrnl:$J,-
2023-12-26T23:25:30.434212+00:00,Metadata Modification Time,FILE,NTFS USN change,shopping_iframe_driver.js File reference: 135122-6 Parent file reference: 134102-4 Update source:  Update reason: USN_REASON_DATA_EXTEND  USN_REASON_FILE_CREATE,usnjrnl,NTFS:\$Extend\$UsnJrnl:$J,-
2023-12-26T23:25:30.434212+00:00,Metadata Modification Time,FILE,NTFS USN change,shopping_iframe_driver.js File reference: 135122-6 Parent file reference: 134102-4 Update source:  Update reason: USN_REASON_DATA_EXTEND  USN_REASON_FILE_CREATE  USN_REASON_BASIC_INFO_CHANGE,usnjrnl,NTFS:\$Extend\$UsnJrnl:$J,-
2023-12-26T23:25:30.434212+00:00,Metadata Modification Time,FILE,NTFS USN change,shopping_iframe_driver.js File reference: 135122-6 Parent file reference: 134102-4 Update source:  Update reason: USN_REASON_DATA_EXTEND  USN_REASON_FILE_CREATE  USN_REASON_BASIC_INFO_CHANGE  USN_REASON_CLOSE,usnjrnl,NTFS:\$Extend\$UsnJrnl:$J,-
2023-12-26T23:25:30.434212+00:00,Metadata Modification Time,FILE,NTFS USN change,shopping_iframe_driver.js File reference: 135122-6 Parent file reference: 134102-4 Update source:  Update reason: USN_REASON_FILE_CREATE,usnjrnl,NTFS:\$Extend\$UsnJrnl:$J,-
2023-12-26T23:25:30.434212+00:00,Content Modification Time,FILE,File stat,NTFS:\Users\User\AppData\Local\Microsoft\Edge\User Data\Edge Shopping\2.0.6201.0 Type: directory,filestat,NTFS:\Users\User\AppData\Local\Microsoft\Edge\User Data\Edge Shopping\2.0.6201.0,-
2023-12-26T23:25:30.434212+00:00,Last Access Time,FILE,File stat,NTFS:\Users\User\AppData\Local\Temp\edge_BITS_5760_555574138 Type: directory,filestat,NTFS:\Users\User\AppData\Local\Temp\edge_BITS_5760_555574138,-
2023-12-26T23:25:30.434212+00:00,Last Access Time,FILE,File stat,NTFS:\Users\User\AppData\Local\Temp\edge_BITS_5760_555574138\5badcdc0-46be-4cb8-a6a4-cbabb78b4931 Type: file,filestat,NTFS:\Users\User\AppData\Local\Temp\edge_BITS_5760_555574138\5badcdc0-46be-4cb8-a6a4-cbabb78b4931,-
2023-12-26T23:25:30.450473+00:00,Metadata Modification Time,FILE,NTFS USN change,2.0.6201.0 File reference: 134102-4 Parent file reference: 133469-2 Update source:  Update reason: USN_REASON_RENAME_NEW_NAME,usnjrnl,NTFS:\$Extend\$UsnJrnl:$J,-
2023-12-26T23:25:30.450473+00:00,Metadata Modification Time,FILE,NTFS USN change,2.0.6201.0 File reference: 134102-4 Parent file reference: 133469-2 Update source:  Update reason: USN_REASON_RENAME_NEW_NAME  USN_REASON_CLOSE,usnjrnl,NTFS:\$Extend\$UsnJrnl:$J,-
2023-12-26T23:25:30.450473+00:00,Metadata Modification Time,FILE,NTFS USN change,chrome_PuffinComponentUnpacker_BeginUnzipping5760_563150945 File reference: 134102-4 Parent file reference: 42582-3 Update source:  Update reason: USN_REASON_RENAME_OLD_NAME,usnjrnl,NTFS:\$Extend\$UsnJrnl:$J,-
2023-12-26T23:25:30.450473+00:00,Metadata Modification Time,FILE,NTFS USN change,manifest.fingerprint File reference: 135125-11 Parent file reference: 134102-4 Update source:  Update reason: USN_REASON_DATA_EXTEND  USN_REASON_FILE_CREATE  USN_REASON_CLOSE,usnjrnl,NTFS:\$Extend\$UsnJrnl:$J,-
2023-12-26T23:25:30.450473+00:00,Content Modification Time,FILE,File stat,NTFS:\Users\User\AppData\Local\Microsoft\Edge\User Data\Edge Shopping Type: directory,filestat,NTFS:\Users\User\AppData\Local\Microsoft\Edge\User Data\Edge Shopping,-
2023-12-26T23:25:30.450473+00:00,Metadata Modification Time,FILE,File stat,NTFS:\Users\User\AppData\Local\Microsoft\Edge\User Data\Edge Shopping Type: directory,filestat,NTFS:\Users\User\AppData\Local\Microsoft\Edge\User Data\Edge Shopping,-
2023-12-26T23:25:30.450473+00:00,Last Access Time,FILE,File stat,NTFS:\Users\User\AppData\Local\Microsoft\Edge\User Data\Edge Shopping\2.0.6201.0 Type: directory,filestat,NTFS:\Users\User\AppData\Local\Microsoft\Edge\User Data\Edge Shopping\2.0.6201.0,-
2023-12-26T23:25:30.450473+00:00,Metadata Modification Time,FILE,File stat,NTFS:\Users\User\AppData\Local\Microsoft\Edge\User Data\Edge Shopping\2.0.6201.0 Type: directory,filestat,NTFS:\Users\User\AppData\Local\Microsoft\Edge\User Data\Edge Shopping\2.0.6201.0,-
2023-12-26T23:25:30.672277+00:00,Last Access Time,FILE,File stat,NTFS:\ProgramData\Microsoft\Windows\OneSettings\SpeechToTextPayload.json Type: file,filestat,NTFS:\ProgramData\Microsoft\Windows\OneSettings\SpeechToTextPayload.json,-
2023-12-26T23:25:30.750905+00:00,Last Access Time,FILE,File stat,NTFS:\ProgramData\Microsoft\Windows\OneSettings\TextToSpeechPayload.json Type: file,filestat,NTFS:\ProgramData\Microsoft\Windows\OneSettings\TextToSpeechPayload.json,-
2023-12-26T23:25:30.750905+00:00,Content Modification Time,REG,Registry Key,[HKEY_CURRENT_USER\Control Panel\International\LanguageComponentsAvailable] AvailableAdvancedSpeechFeatures: [REG_MULTI_SZ] [fr-CA  en-GB  es-MX  da  es-ES  fr-FR  en-IE  en-CA  zh-Hans-CN  zh-Hant-HK  pt-PT  en-US  en-NZ  de-DE  zh-Hant-TW  en-AU  pt-BR  ko  it-IT  en-IN  ja] AvailableAdvancedTTSFeatures: [REG_MULTI_SZ] [es-MX  es-ES  fr-FR  pt-BR  de-DE  zh-Hans-CN  ja  en-GB  en-IN  en-US  ko] AvailableHandwritingFeatures: [REG_MULTI_SZ] [zh-CN  cs-CZ  xh-ZA  sl-SI  en-US  rw-RW  de-DE  af-ZA  gd-GB  da-DK  en-GB  ca-ES  nl-NL  hr-HR  bs-LATN-BA  ja-JP  cy-GB  rm-CH  el-GR  ms-BN  fr-FR  es-ES  tn-ZA  es-MX  eu-ES  fi-FI  ga-IE  nso-ZA  gl-ES  hi-IN  sw-KE  it-IT  hu-HU  id-ID  ko-KR  lb-LU  mi-NZ  ms-MY  nb-NO  nn-NO  pt-BR  pl-PL  pt-PT  ro-RO  ru-RU  sk-SK  sr-CYRL-RS  sq-AL  sr-LATN-RS  sv-SE  tr-TR  wo-SN  zh-HK  zh-TW  zu-ZA] AvailableLanguagePacks: [REG_MULTI_SZ] [az-latn-az  de-de  bg-bg  af-za  fa-ir  be-by  he-il  as-in  gl-es  km-kh  ar-sa  am-et  bn-in  da-dk  gd-gb  ka-ge  uz-latn-uz  hu-hu  it-it  es-mx  te-in  mk-mk  es-es  ml-in  fr-fr  kn-in  th-th  pt-br  pl-pl  is-is  or-in  hr-hr  nl-nl  chr-cher-us  bs-latn-ba  lv-lv  uk-ua  mr-in  kok-in  ca-es  en-gb  fr-ca  ca-es-valencia  et-ee  zh-cn  cs-cz  gu-in  cy-gb  ja-jp  el-gr  eu-es  sl-si  en-us  kk-kz  mi-nz  fi-fi  id-id  fil-ph  lt-lt  ga-ie  pa-in  hi-in  lo-la  ko-kr  hy-am  lb-lu  ms-my  ur-pk  ro-ro  mt-mt  sr-cyrl-rs  sq-al  ne-np  ug-cn  nb-no  nn-no  pt-pt  quz-pe  ru-ru  sk-sk  sr-cyrl-ba  sr-latn-rs  sv-se  ta-in  tr-tr  tt-ru  vi-vn  zh-tw] AvailableSpeechFeatures: [REG_MULTI_SZ] [en-US  fr-CA  en-GB  da-DK  en-IN  de-DE  en-AU  en-CA  fr-FR  es-ES  es-MX  it-IT  ja-JP  pt-BR  zh-CN  zh-HK  zh-TW] AvailableTextToSpeechFeatures: [REG_MULTI_SZ] [zh-CN  cs-CZ  sl-SI  en-US  ar-SA  ar-EG  de-DE  bg-BG  de-CH  da-DK  fr-CA  en-GB  ca-ES  fi-FI  de-AT  en-IN  el-GR  en-AU  en-CA  nl-BE  en-IE  fr-FR  es-ES  es-MX  fr-CH  he-IL  hi-IN  nl-NL  hr-HR  it-IT  hu-HU  id-ID  ja-JP  ko-KR  ms-MY  nb-NO  th-TH  pt-BR  pl-PL  pt-PT  ro-RO  ru-RU  sk-SK  sv-SE  ta-IN  tr-TR  vi-VN  zh-HK  zh-TW],winreg/winreg_default,NTFS:\Users\User\NTUSER.DAT,-
2023-12-26T23:25:35.330316+00:00,Metadata Modification Time,FILE,NTFS USN change,TRUSTEDINSTALLER.EXE-B018CCBF.pf File reference: 133198-4 Parent file reference: 76318-2 Update source:  Update reason: USN_REASON_DATA_EXTEND  USN_REASON_DATA_TRUNCATION,usnjrnl,NTFS:\$Extend\$UsnJrnl:$J,-
2023-12-26T23:25:35.330316+00:00,Metadata Modification Time,FILE,NTFS USN change,TRUSTEDINSTALLER.EXE-B018CCBF.pf File reference: 133198-4 Parent file reference: 76318-2 Update source:  Update reason: USN_REASON_DATA_TRUNCATION,usnjrnl,NTFS:\$Extend\$UsnJrnl:$J,-
2023-12-26T23:25:35.321278+00:00,Metadata Modification Time,FILE,NTFS USN change,SVCHOST.EXE-BEA8FA82.pf File reference: 135126-6 Parent file reference: 76318-2 Update source:  Update reason: USN_REASON_DATA_EXTEND  USN_REASON_FILE_CREATE,usnjrnl,NTFS:\$Extend\$UsnJrnl:$J,-
2023-12-26T23:25:35.321278+00:00,Metadata Modification Time,FILE,NTFS USN change,SVCHOST.EXE-BEA8FA82.pf File reference: 135126-6 Parent file reference: 76318-2 Update source:  Update reason: USN_REASON_DATA_EXTEND  USN_REASON_FILE_CREATE  USN_REASON_CLOSE,usnjrnl,NTFS:\$Extend\$UsnJrnl:$J,-
2023-12-26T23:25:35.321278+00:00,Metadata Modification Time,FILE,NTFS USN change,SVCHOST.EXE-BEA8FA82.pf File reference: 135126-6 Parent file reference: 76318-2 Update source:  Update reason: USN_REASON_FILE_CREATE,usnjrnl,NTFS:\$Extend\$UsnJrnl:$J,-
2023-12-26T23:25:35.321278+00:00,Content Modification Time,FILE,File stat,NTFS:\Windows\Prefetch\SVCHOST.EXE-BEA8FA82.pf Type: file,filestat,NTFS:\Windows\Prefetch\SVCHOST.EXE-BEA8FA82.pf,-
2023-12-26T23:25:35.321278+00:00,Creation Time,FILE,File stat,NTFS:\Windows\Prefetch\SVCHOST.EXE-BEA8FA82.pf Type: file,filestat,NTFS:\Windows\Prefetch\SVCHOST.EXE-BEA8FA82.pf,-
2023-12-26T23:25:35.321278+00:00,Last Access Time,FILE,File stat,NTFS:\Windows\Prefetch\SVCHOST.EXE-BEA8FA82.pf Type: file,filestat,NTFS:\Windows\Prefetch\SVCHOST.EXE-BEA8FA82.pf,-
2023-12-26T23:25:35.321278+00:00,Metadata Modification Time,FILE,File stat,NTFS:\Windows\Prefetch\SVCHOST.EXE-BEA8FA82.pf Type: file,filestat,NTFS:\Windows\Prefetch\SVCHOST.EXE-BEA8FA82.pf,-
2023-12-26T23:25:35.448562+00:00,Metadata Modification Time,FILE,NTFS USN change,TRUSTEDINSTALLER.EXE-B018CCBF.pf File reference: 133198-4 Parent file reference: 76318-2 Update source:  Update reason: USN_REASON_DATA_EXTEND  USN_REASON_DATA_TRUNCATION  USN_REASON_CLOSE,usnjrnl,NTFS:\$Extend\$UsnJrnl:$J,-
2023-12-26T23:25:35.448293+00:00,Metadata Modification Time,FILE,NTFS USN change,TIWORKER.EXE-26EFB80E.pf File reference: 133448-2 Parent file reference: 76318-2 Update source:  Update reason: USN_REASON_DATA_EXTEND  USN_REASON_DATA_TRUNCATION,usnjrnl,NTFS:\$Extend\$UsnJrnl:$J,-
2023-12-26T23:25:35.448293+00:00,Metadata Modification Time,FILE,NTFS USN change,TIWORKER.EXE-26EFB80E.pf File reference: 133448-2 Parent file reference: 76318-2 Update source:  Update reason: USN_REASON_DATA_EXTEND  USN_REASON_DATA_TRUNCATION  USN_REASON_CLOSE,usnjrnl,NTFS:\$Extend\$UsnJrnl:$J,-
2023-12-26T23:25:35.448293+00:00,Metadata Modification Time,FILE,NTFS USN change,TIWORKER.EXE-26EFB80E.pf File reference: 133448-2 Parent file reference: 76318-2 Update source:  Update reason: USN_REASON_DATA_TRUNCATION,usnjrnl,NTFS:\$Extend\$UsnJrnl:$J,-
2023-12-26T23:25:35.626263+00:00,Metadata Modification Time,FILE,NTFS USN change,SVCHOST.EXE-34651659.pf File reference: 135129-7 Parent file reference: 76318-2 Update source:  Update reason: USN_REASON_DATA_EXTEND  USN_REASON_FILE_CREATE,usnjrnl,NTFS:\$Extend\$UsnJrnl:$J,-
2023-12-26T23:25:35.626263+00:00,Metadata Modification Time,FILE,NTFS USN change,SVCHOST.EXE-34651659.pf File reference: 135129-7 Parent file reference: 76318-2 Update source:  Update reason: USN_REASON_DATA_EXTEND  USN_REASON_FILE_CREATE  USN_REASON_CLOSE,usnjrnl,NTFS:\$Extend\$UsnJrnl:$J,-
2023-12-26T23:25:35.626263+00:00,Metadata Modification Time,FILE,NTFS USN change,SVCHOST.EXE-34651659.pf File reference: 135129-7 Parent file reference: 76318-2 Update source:  Update reason: USN_REASON_FILE_CREATE,usnjrnl,NTFS:\$Extend\$UsnJrnl:$J,-
2023-12-26T23:25:35.626263+00:00,Content Modification Time,FILE,File stat,NTFS:\Windows\Prefetch\SVCHOST.EXE-34651659.pf Type: file,filestat,NTFS:\Windows\Prefetch\SVCHOST.EXE-34651659.pf,-
2023-12-26T23:25:35.626263+00:00,Creation Time,FILE,File stat,NTFS:\Windows\Prefetch\SVCHOST.EXE-34651659.pf Type: file,filestat,NTFS:\Windows\Prefetch\SVCHOST.EXE-34651659.pf,-
2023-12-26T23:25:35.626263+00:00,Last Access Time,FILE,File stat,NTFS:\Windows\Prefetch\SVCHOST.EXE-34651659.pf Type: file,filestat,NTFS:\Windows\Prefetch\SVCHOST.EXE-34651659.pf,-
2023-12-26T23:25:35.626263+00:00,Metadata Modification Time,FILE,File stat,NTFS:\Windows\Prefetch\SVCHOST.EXE-34651659.pf Type: file,filestat,NTFS:\Windows\Prefetch\SVCHOST.EXE-34651659.pf,-
2023-12-26T23:25:38.623706+00:00,Content Modification Time,REG,Registry Key,[HKEY_CURRENT_USER\Software\Microsoft\Windows\CurrentVersion\CloudStore\Store\DefaultAccount\Current\default$windows.data.globalization.languagesettings] (empty),winreg/winreg_default,NTFS:\Users\User\NTUSER.DAT,-
2023-12-26T23:25:38.623706+00:00,Content Modification Time,REG,Registry Key,[HKEY_CURRENT_USER\Software\Microsoft\Windows\CurrentVersion\CloudStore\Store\DefaultAccount\Current] (empty),winreg/winreg_default,NTFS:\Users\User\NTUSER.DAT,-
2023-12-26T23:25:38.634452+00:00,Content Modification Time,EVT,WinEVTX,[3013 / 0x0bc5] Provider identifier: {741bb90c-a7a3-49d6-bd82-1e6b858403f7} Source Name: Microsoft-Windows-CloudStore Strings: ['default$windows.data.globalization.languagesettings|windows.data.globalization.languagesettings'  '2147746053'] Computer Name: WinDev2311Eval Record Number: 286 Event Level: 3,winevtx,NTFS:\Windows\System32\winevt\Logs\Microsoft-Windows-CloudStore%4Operational.evtx,-
2023-12-26T23:25:38.634452+00:00,Creation Time,EVT,WinEVTX,[3013 / 0x0bc5] Provider identifier: {741bb90c-a7a3-49d6-bd82-1e6b858403f7} Source Name: Microsoft-Windows-CloudStore Strings: ['default$windows.data.globalization.languagesettings|windows.data.globalization.languagesettings'  '2147746053'] Computer Name: WinDev2311Eval Record Number: 286 Event Level: 3,winevtx,NTFS:\Windows\System32\winevt\Logs\Microsoft-Windows-CloudStore%4Operational.evtx,-
2023-12-26T23:25:38.645169+00:00,Content Modification Time,EVT,WinEVTX,[3013 / 0x0bc5] Provider identifier: {741bb90c-a7a3-49d6-bd82-1e6b858403f7} Source Name: Microsoft-Windows-CloudStore Strings: ['default$windows.data.globalization.languagesettings|windows.data.globalization.languagesettings'  '2147746053'] Computer Name: WinDev2311Eval Record Number: 287 Event Level: 3,winevtx,NTFS:\Windows\System32\winevt\Logs\Microsoft-Windows-CloudStore%4Operational.evtx,-
2023-12-26T23:25:38.645169+00:00,Creation Time,EVT,WinEVTX,[3013 / 0x0bc5] Provider identifier: {741bb90c-a7a3-49d6-bd82-1e6b858403f7} Source Name: Microsoft-Windows-CloudStore Strings: ['default$windows.data.globalization.languagesettings|windows.data.globalization.languagesettings'  '2147746053'] Computer Name: WinDev2311Eval Record Number: 287 Event Level: 3,winevtx,NTFS:\Windows\System32\winevt\Logs\Microsoft-Windows-CloudStore%4Operational.evtx,-
2023-12-26T23:25:38.703024+00:00,Content Modification Time,REG,Registry Key,[HKEY_CURRENT_USER\Software\Microsoft\Windows\CurrentVersion\CloudStore\Store\DefaultAccount\Cloud\default$windows.data.globalization.languagesettings] (empty),winreg/winreg_default,NTFS:\Users\User\NTUSER.DAT,-
2023-12-26T23:25:38.703024+00:00,Content Modification Time,REG,Registry Key,[HKEY_CURRENT_USER\Software\Microsoft\Windows\CurrentVersion\CloudStore\Store\DefaultAccount\Cloud] (empty),winreg/winreg_default,NTFS:\Users\User\NTUSER.DAT,-
2023-12-26T23:25:40.478601+00:00,Metadata Modification Time,FILE,NTFS USN change,1f00f802-d71f-4da0-9e7d-72b6ddcf5f32.tmp File reference: 135132-6 Parent file reference: 131949-6 Update source:  Update reason: USN_REASON_BASIC_INFO_CHANGE,usnjrnl,NTFS:\$Extend\$UsnJrnl:$J,-
2023-12-26T23:25:40.478601+00:00,Metadata Modification Time,FILE,NTFS USN change,1f00f802-d71f-4da0-9e7d-72b6ddcf5f32.tmp File reference: 135132-6 Parent file reference: 131949-6 Update source:  Update reason: USN_REASON_DATA_EXTEND  USN_REASON_FILE_CREATE,usnjrnl,NTFS:\$Extend\$UsnJrnl:$J,-
2023-12-26T23:25:40.478601+00:00,Metadata Modification Time,FILE,NTFS USN change,1f00f802-d71f-4da0-9e7d-72b6ddcf5f32.tmp File reference: 135132-6 Parent file reference: 131949-6 Update source:  Update reason: USN_REASON_DATA_EXTEND  USN_REASON_FILE_CREATE  USN_REASON_CLOSE,usnjrnl,NTFS:\$Extend\$UsnJrnl:$J,-
2023-12-26T23:25:40.478601+00:00,Metadata Modification Time,FILE,NTFS USN change,1f00f802-d71f-4da0-9e7d-72b6ddcf5f32.tmp File reference: 135132-6 Parent file reference: 131949-6 Update source:  Update reason: USN_REASON_FILE_CREATE,usnjrnl,NTFS:\$Extend\$UsnJrnl:$J,-
2023-12-26T23:25:40.478601+00:00,Metadata Modification Time,FILE,NTFS USN change,1f00f802-d71f-4da0-9e7d-72b6ddcf5f32.tmp File reference: 135132-6 Parent file reference: 131949-6 Update source:  Update reason: USN_REASON_SECURITY_CHANGE  USN_REASON_BASIC_INFO_CHANGE,usnjrnl,NTFS:\$Extend\$UsnJrnl:$J,-
2023-12-26T23:25:40.478601+00:00,Metadata Modification Time,FILE,NTFS USN change,1f00f802-d71f-4da0-9e7d-72b6ddcf5f32.tmp File reference: 135132-6 Parent file reference: 131949-6 Update source:  Update reason: USN_REASON_SECURITY_CHANGE  USN_REASON_RENAME_OLD_NAME  USN_REASON_BASIC_INFO_CHANGE,usnjrnl,NTFS:\$Extend\$UsnJrnl:$J,-
2023-12-26T23:25:40.478601+00:00,Metadata Modification Time,FILE,NTFS USN change,Local State File reference: 135088-7 Parent file reference: 131949-6 Update source:  Update reason: USN_REASON_RENAME_OLD_NAME,usnjrnl,NTFS:\$Extend\$UsnJrnl:$J,-
2023-12-26T23:25:40.478601+00:00,Metadata Modification Time,FILE,NTFS USN change,Local State File reference: 135132-6 Parent file reference: 131949-6 Update source:  Update reason: USN_REASON_SECURITY_CHANGE  USN_REASON_RENAME_NEW_NAME  USN_REASON_BASIC_INFO_CHANGE,usnjrnl,NTFS:\$Extend\$UsnJrnl:$J,-
2023-12-26T23:25:40.478601+00:00,Metadata Modification Time,FILE,NTFS USN change,Local State File reference: 135132-6 Parent file reference: 131949-6 Update source:  Update reason: USN_REASON_SECURITY_CHANGE  USN_REASON_RENAME_NEW_NAME  USN_REASON_BASIC_INFO_CHANGE  USN_REASON_CLOSE,usnjrnl,NTFS:\$Extend\$UsnJrnl:$J,-
2023-12-26T23:25:40.478601+00:00,Metadata Modification Time,FILE,NTFS USN change,Local State~RFd73c9.TMP File reference: 135088-7 Parent file reference: 131949-6 Update source:  Update reason: USN_REASON_FILE_DELETE  USN_REASON_CLOSE,usnjrnl,NTFS:\$Extend\$UsnJrnl:$J,-
2023-12-26T23:25:40.478601+00:00,Metadata Modification Time,FILE,NTFS USN change,Local State~RFd73c9.TMP File reference: 135088-7 Parent file reference: 131949-6 Update source:  Update reason: USN_REASON_RENAME_NEW_NAME,usnjrnl,NTFS:\$Extend\$UsnJrnl:$J,-
2023-12-26T23:25:40.478601+00:00,Metadata Modification Time,FILE,NTFS USN change,Local State~RFd73c9.TMP File reference: 135088-7 Parent file reference: 131949-6 Update source:  Update reason: USN_REASON_RENAME_NEW_NAME  USN_REASON_CLOSE,usnjrnl,NTFS:\$Extend\$UsnJrnl:$J,-
2023-12-26T23:25:40.478601+00:00,Metadata Modification Time,FILE,NTFS USN change,Local State~RFd73c9.TMP File reference: 135134-7 Parent file reference: 131949-6 Update source:  Update reason: USN_REASON_FILE_CREATE,usnjrnl,NTFS:\$Extend\$UsnJrnl:$J,-
2023-12-26T23:25:40.478601+00:00,Metadata Modification Time,FILE,NTFS USN change,Local State~RFd73c9.TMP File reference: 135134-7 Parent file reference: 131949-6 Update source:  Update reason: USN_REASON_FILE_CREATE  USN_REASON_CLOSE,usnjrnl,NTFS:\$Extend\$UsnJrnl:$J,-
2023-12-26T23:25:40.478601+00:00,Metadata Modification Time,FILE,NTFS USN change,Local State~RFd73c9.TMP File reference: 135134-7 Parent file reference: 131949-6 Update source:  Update reason: USN_REASON_FILE_DELETE  USN_REASON_CLOSE,usnjrnl,NTFS:\$Extend\$UsnJrnl:$J,-
2023-12-26T23:25:41.372540+00:00,Content Modification Time,REG,Registry Key,[HKEY_CURRENT_USER\Control Panel\International] Locale: [REG_SZ] 00000409 LocaleName: [REG_SZ] en-US NumShape: [REG_SZ] 1 iCalendarType: [REG_SZ] 1 iCountry: [REG_SZ] 1 iCurrDigits: [REG_SZ] 2 iCurrency: [REG_SZ] 0 iDate: [REG_SZ] 0 iDigits: [REG_SZ] 2 iFirstDayOfWeek: [REG_SZ] 6 iFirstWeekOfYear: [REG_SZ] 0 iLZero: [REG_SZ] 1 iMeasure: [REG_SZ] 1 iNegCurr: [REG_SZ] 0 iNegNumber: [REG_SZ] 1 iPaperSize: [REG_SZ] 1 iTLZero: [REG_SZ] 1 iTime: [REG_SZ] 1 iTimePrefix: [REG_SZ] 0 s1159: [REG_SZ] AM s2359: [REG_SZ] PM sCurrency: [REG_SZ] $ sDate: [REG_SZ] / sDecimal: [REG_SZ] . sGrouping: [REG_SZ] 3;0 sLanguage: [REG_SZ] ENU sList: [REG_SZ]   sLongDate: [REG_SZ] dddd  MMMM d  yyyy sMonDecimalSep: [REG_SZ] . sMonGrouping: [REG_SZ] 3;0 sMonThousandSep: [REG_SZ]   sNativeDigits: [REG_SZ] 0123456789 sNegativeSign: [REG_SZ] - sPositiveSign: [REG_SZ] (empty) sShortDate: [REG_SZ] M/d/yyyy sShortTime: [REG_SZ] HH:mm sThousand: [REG_SZ]   sTime: [REG_SZ] : sTimeFormat: [REG_SZ] HH:mm:ss sYearMonth: [REG_SZ] MMMM yyyy,winreg/winreg_default,NTFS:\Users\User\NTUSER.DAT,-
2023-12-26T23:25:41.595502+00:00,Content Modification Time,REG,Registry Key,[HKEY_CURRENT_USER\Software\Microsoft\Windows\CurrentVersion\CloudStore\Store\DefaultAccount\Current\default$windows.data.globalization.languagesettings\windows.data.globalization.languagesettings] Data: [REG_BINARY] (231 bytes),winreg/winreg_default,NTFS:\Users\User\NTUSER.DAT,-
2023-12-26T23:25:41.610998+00:00,Content Modification Time,REG,Registry Key,[HKEY_CURRENT_USER\Software\Microsoft\Windows\CurrentVersion\CloudStore\Store\DefaultAccount\Cloud\default$windows.data.globalization.languagesettings\windows.data.globalization.languagesettings] Data: [REG_BINARY] (13 bytes),winreg/winreg_default,NTFS:\Users\User\NTUSER.DAT,-
2023-12-26T23:25:48.989266+00:00,Content Modification Time,REG,Registry Key,[HKEY_CURRENT_USER\Software\Classes\Local Settings\Software\Microsoft\Windows\CurrentVersion\AppModel\SystemAppData\windows.immersivecontrolpanel_cw5n1h2txyewy\ApplicationFrame\windows.immersivecontrolpanel_cw5n1h2txyewy!microsoft.windows.immersivecontrolpanel] Positions: [REG_BINARY] (44 bytes) PreferredMinSize: [REG_BINARY] (8 bytes),winreg/winreg_default,NTFS:\Users\User\AppData\Local\Microsoft\Windows\UsrClass.dat,-
2023-12-26T23:26:03.721103+00:00,Metadata Modification Time,FILE,NTFS USN change,EAF8AA29A62AB29E614331747385D816_F9E4DC0B9D5C777357D7DB8DEF51118A File reference: 135081-6 Parent file reference: 130683-11 Update source:  Update reason: USN_REASON_DATA_OVERWRITE,usnjrnl,NTFS:\$Extend\$UsnJrnl:$J,-
2023-12-26T23:26:03.721103+00:00,Metadata Modification Time,FILE,NTFS USN change,EAF8AA29A62AB29E614331747385D816_F9E4DC0B9D5C777357D7DB8DEF51118A File reference: 135081-6 Parent file reference: 130683-11 Update source:  Update reason: USN_REASON_DATA_OVERWRITE  USN_REASON_CLOSE,usnjrnl,NTFS:\$Extend\$UsnJrnl:$J,-
2023-12-26T23:26:05.120651+00:00,Metadata Modification Time,FILE,NTFS USN change,BITD41C.tmp File reference: 135134-8 Parent file reference: 135088-8 Update source:  Update reason: USN_REASON_DATA_TRUNCATION,usnjrnl,NTFS:\$Extend\$UsnJrnl:$J,-
2023-12-26T23:26:05.120651+00:00,Metadata Modification Time,FILE,NTFS USN change,BITD41C.tmp File reference: 135134-8 Parent file reference: 135088-8 Update source:  Update reason: USN_REASON_DATA_TRUNCATION  USN_REASON_CLOSE,usnjrnl,NTFS:\$Extend\$UsnJrnl:$J,-
2023-12-26T23:26:05.120651+00:00,Metadata Modification Time,FILE,NTFS USN change,BITD41C.tmp File reference: 135134-8 Parent file reference: 135088-8 Update source:  Update reason: USN_REASON_FILE_CREATE,usnjrnl,NTFS:\$Extend\$UsnJrnl:$J,-
2023-12-26T23:26:05.120651+00:00,Metadata Modification Time,FILE,NTFS USN change,BITD41C.tmp File reference: 135134-8 Parent file reference: 135088-8 Update source:  Update reason: USN_REASON_FILE_CREATE  USN_REASON_CLOSE,usnjrnl,NTFS:\$Extend\$UsnJrnl:$J,-
2023-12-26T23:26:05.120651+00:00,Metadata Modification Time,FILE,NTFS USN change,edge_BITS_5760_1080671156 File reference: 135088-8 Parent file reference: 42582-3 Update source:  Update reason: USN_REASON_FILE_CREATE,usnjrnl,NTFS:\$Extend\$UsnJrnl:$J,-
2023-12-26T23:26:05.120651+00:00,Metadata Modification Time,FILE,NTFS USN change,edge_BITS_5760_1080671156 File reference: 135088-8 Parent file reference: 42582-3 Update source:  Update reason: USN_REASON_FILE_CREATE  USN_REASON_CLOSE,usnjrnl,NTFS:\$Extend\$UsnJrnl:$J,-
2023-12-26T23:26:05.120651+00:00,Creation Time,FILE,File stat,NTFS:\Users\User\AppData\Local\Temp\edge_BITS_5760_1080671156 Type: directory,filestat,NTFS:\Users\User\AppData\Local\Temp\edge_BITS_5760_1080671156,-
2023-12-26T23:26:05.127303+00:00,Content Modification Time,EVT,WinEVTX,[3 / 0x0003] Provider identifier: {ef1cc15b-46c1-414e-bb95-e76b077bd51e} Source Name: Microsoft-Windows-Bits-Client Strings: ['Edge Component Updater'  '{2546F9BC-2542-4326-9C7C-294A81205717}'  'WINDEV2311EVAL\\User'  'C:\\Program Files (x86)\\Microsoft\\Edge\\Application\\msedge.exe'  '5760'  '3096224743817504'] Computer Name: WinDev2311Eval Record Number: 216 Event Level: 4,winevtx,NTFS:\Windows\System32\winevt\Logs\Microsoft-Windows-Bits-Client%4Operational.evtx,-
2023-12-26T23:26:05.127303+00:00,Creation Time,EVT,WinEVTX,[3 / 0x0003] Provider identifier: {ef1cc15b-46c1-414e-bb95-e76b077bd51e} Source Name: Microsoft-Windows-Bits-Client Strings: ['Edge Component Updater'  '{2546F9BC-2542-4326-9C7C-294A81205717}'  'WINDEV2311EVAL\\User'  'C:\\Program Files (x86)\\Microsoft\\Edge\\Application\\msedge.exe'  '5760'  '3096224743817504'] Computer Name: WinDev2311Eval Record Number: 216 Event Level: 4,winevtx,NTFS:\Windows\System32\winevt\Logs\Microsoft-Windows-Bits-Client%4Operational.evtx,-
2023-12-26T23:26:05.139941+00:00,Content Modification Time,EVT,WinEVTX,[16403 / 0x4013] Provider identifier: {ef1cc15b-46c1-414e-bb95-e76b077bd51e} Source Name: Microsoft-Windows-Bits-Client Strings: ['WINDEV2311EVAL\\User'  'Edge Component Updater'  '{2546F9BC-2542-4326-9C7C-294A81205717}'  'WINDEV2311EVAL\\User'  '1'  'http://msedge.b.tlu.dl.delivery.mp.microsoft.com/filestreamingservice/files/2aaa8eb1-4390-495e-873c-71f03ed02d54?P1=1703740447&P2=404&P3=2&P4=OXYT0tNyummQk5kLl09NIcqIbOgLWN2NP099iR7oh2HVkYwD41O0ZYIkC3yMcOqPy90%2bGaLduMnqbT%2bLWrbgxw%3d%3d'  'C:\\Users\\User\\AppData\\Local\\Temp\\edge_BITS_5760_1080671156\\2aaa8eb1-4390-495e-873c-71f03ed02d54'  '5760'  '3096224743817504'] Computer Name: WinDev2311Eval Record Number: 217 Event Level: 4,winevtx,NTFS:\Windows\System32\winevt\Logs\Microsoft-Windows-Bits-Client%4Operational.evtx,-
2023-12-26T23:26:05.139941+00:00,Creation Time,EVT,WinEVTX,[16403 / 0x4013] Provider identifier: {ef1cc15b-46c1-414e-bb95-e76b077bd51e} Source Name: Microsoft-Windows-Bits-Client Strings: ['WINDEV2311EVAL\\User'  'Edge Component Updater'  '{2546F9BC-2542-4326-9C7C-294A81205717}'  'WINDEV2311EVAL\\User'  '1'  'http://msedge.b.tlu.dl.delivery.mp.microsoft.com/filestreamingservice/files/2aaa8eb1-4390-495e-873c-71f03ed02d54?P1=1703740447&P2=404&P3=2&P4=OXYT0tNyummQk5kLl09NIcqIbOgLWN2NP099iR7oh2HVkYwD41O0ZYIkC3yMcOqPy90%2bGaLduMnqbT%2bLWrbgxw%3d%3d'  'C:\\Users\\User\\AppData\\Local\\Temp\\edge_BITS_5760_1080671156\\2aaa8eb1-4390-495e-873c-71f03ed02d54'  '5760'  '3096224743817504'] Computer Name: WinDev2311Eval Record Number: 217 Event Level: 4,winevtx,NTFS:\Windows\System32\winevt\Logs\Microsoft-Windows-Bits-Client%4Operational.evtx,-
2023-12-26T23:26:05.186221+00:00,Content Modification Time,EVT,WinEVTX,[59 / 0x003b] Provider identifier: {ef1cc15b-46c1-414e-bb95-e76b077bd51e} Source Name: Microsoft-Windows-Bits-Client Strings: ['{01E43C62-CF57-4C49-A56E-D4DC8F26B181}'  'Edge Component Updater'  '{2546F9BC-2542-4326-9C7C-294A81205717}'  'http://msedge.b.tlu.dl.delivery.mp.microsoft.com/filestreamingservice/files/2aaa8eb1-4390-495e-873c-71f03ed02d54?P1=1703740447&P2=404&P3=2&P4=OXYT0tNyummQk5kLl09NIcqIbOgLWN2NP099iR7oh2HVkYwD41O0ZYIkC3yMcOqPy90%2bGaLduMnqbT%2bLWrbgxw%3d%3d'  ''  '2023-05-26T10:49:15.000000000Z'  '170428'  '170428'  '0'  '0'] Computer Name: WinDev2311Eval Record Number: 218 Event Level: 4,winevtx,NTFS:\Windows\System32\winevt\Logs\Microsoft-Windows-Bits-Client%4Operational.evtx,-
2023-12-26T23:26:05.186221+00:00,Creation Time,EVT,WinEVTX,[59 / 0x003b] Provider identifier: {ef1cc15b-46c1-414e-bb95-e76b077bd51e} Source Name: Microsoft-Windows-Bits-Client Strings: ['{01E43C62-CF57-4C49-A56E-D4DC8F26B181}'  'Edge Component Updater'  '{2546F9BC-2542-4326-9C7C-294A81205717}'  'http://msedge.b.tlu.dl.delivery.mp.microsoft.com/filestreamingservice/files/2aaa8eb1-4390-495e-873c-71f03ed02d54?P1=1703740447&P2=404&P3=2&P4=OXYT0tNyummQk5kLl09NIcqIbOgLWN2NP099iR7oh2HVkYwD41O0ZYIkC3yMcOqPy90%2bGaLduMnqbT%2bLWrbgxw%3d%3d'  ''  '2023-05-26T10:49:15.000000000Z'  '170428'  '170428'  '0'  '0'] Computer Name: WinDev2311Eval Record Number: 218 Event Level: 4,winevtx,NTFS:\Windows\System32\winevt\Logs\Microsoft-Windows-Bits-Client%4Operational.evtx,-
2023-12-26T23:26:05.201406+00:00,Metadata Modification Time,FILE,NTFS USN change,BITD41C.tmp File reference: 135134-8 Parent file reference: 135088-8 Update source:  Update reason: USN_REASON_DATA_EXTEND  USN_REASON_DATA_TRUNCATION,usnjrnl,NTFS:\$Extend\$UsnJrnl:$J,-
2023-12-26T23:26:05.201406+00:00,Metadata Modification Time,FILE,NTFS USN change,BITD41C.tmp File reference: 135134-8 Parent file reference: 135088-8 Update source:  Update reason: USN_REASON_DATA_TRUNCATION,usnjrnl,NTFS:\$Extend\$UsnJrnl:$J,-
2023-12-26T23:26:10.559516+00:00,Metadata Modification Time,FILE,NTFS USN change,trans[1].gif File reference: 135139-7 Parent file reference: 132628-3 Update source:  Update reason: USN_REASON_DATA_EXTEND  USN_REASON_FILE_CREATE,usnjrnl,NTFS:\$Extend\$UsnJrnl:$J,-
2023-12-26T23:26:10.559516+00:00,Metadata Modification Time,FILE,NTFS USN change,trans[1].gif File reference: 135139-7 Parent file reference: 132628-3 Update source:  Update reason: USN_REASON_DATA_EXTEND  USN_REASON_FILE_CREATE  USN_REASON_CLOSE,usnjrnl,NTFS:\$Extend\$UsnJrnl:$J,-
2023-12-26T23:26:10.559516+00:00,Metadata Modification Time,FILE,NTFS USN change,trans[1].gif File reference: 135139-7 Parent file reference: 132628-3 Update source:  Update reason: USN_REASON_FILE_CREATE,usnjrnl,NTFS:\$Extend\$UsnJrnl:$J,-
2023-12-26T23:26:10.576159+00:00,Content Modification Time,EVT,WinEVTX,[6113 / 0x17e1] Provider identifier: {05f02597-fe85-4e67-8542-69567ab8fd4f} Source Name: Microsoft-Windows-LiveId Strings: ['WLIDCreateContext'  '2147778572'] Computer Name: WinDev2311Eval Record Number: 315 Event Level: 2,winevtx,NTFS:\Windows\System32\winevt\Logs\Microsoft-Windows-LiveId%4Operational.evtx,-
2023-12-26T23:26:10.576159+00:00,Creation Time,EVT,WinEVTX,[6113 / 0x17e1] Provider identifier: {05f02597-fe85-4e67-8542-69567ab8fd4f} Source Name: Microsoft-Windows-LiveId Strings: ['WLIDCreateContext'  '2147778572'] Computer Name: WinDev2311Eval Record Number: 315 Event Level: 2,winevtx,NTFS:\Windows\System32\winevt\Logs\Microsoft-Windows-LiveId%4Operational.evtx,-
2023-12-26T23:26:10.865269+00:00,Previous Last Time Executed,LOG,WinPrefetch,Prefetch [BACKGROUNDTASKHOST.EXE] was executed - run count 11 path hints: \WINDOWS\SYSTEM32\BACKGROUNDTASKHOST.EXE hash: 0xCA639011 volume: 1 [serial number: 0x5CE1DF5A  device path: \VOLUME{01da182ce1985a64-5ce1df5a}],prefetch,NTFS:\Windows\Prefetch\BACKGROUNDTASKHOST.EXE-CA639011.pf,-
2023-12-26T23:26:11.307313+00:00,Previous Last Time Executed,LOG,WinPrefetch,Prefetch [RUNTIMEBROKER.EXE] was executed - run count 11 path hints: \WINDOWS\SYSTEM32\RUNTIMEBROKER.EXE hash: 0xA171222F volume: 1 [serial number: 0x5CE1DF5A  device path: \VOLUME{01da182ce1985a64-5ce1df5a}],prefetch,NTFS:\Windows\Prefetch\RUNTIMEBROKER.EXE-A171222F.pf,-
2023-12-26T23:26:11.544845+00:00,Metadata Modification Time,FILE,NTFS USN change,6e010817153d94fd2ae64bd61cfb862a8f056034.tbres File reference: 133062-2 Parent file reference: 133061-2 Update source:  Update reason: USN_REASON_DATA_OVERWRITE,usnjrnl,NTFS:\$Extend\$UsnJrnl:$J,-
2023-12-26T23:26:11.544845+00:00,Metadata Modification Time,FILE,NTFS USN change,6e010817153d94fd2ae64bd61cfb862a8f056034.tbres File reference: 133062-2 Parent file reference: 133061-2 Update source:  Update reason: USN_REASON_DATA_OVERWRITE  USN_REASON_CLOSE,usnjrnl,NTFS:\$Extend\$UsnJrnl:$J,-
2023-12-26T23:26:11.575998+00:00,Metadata Modification Time,FILE,NTFS USN change,BACKGROUNDTASKHOST.EXE-CA639011.pf File reference: 133063-2 Parent file reference: 76318-2 Update source:  Update reason: USN_REASON_DATA_EXTEND  USN_REASON_DATA_TRUNCATION,usnjrnl,NTFS:\$Extend\$UsnJrnl:$J,-
2023-12-26T23:26:11.575998+00:00,Metadata Modification Time,FILE,NTFS USN change,BACKGROUNDTASKHOST.EXE-CA639011.pf File reference: 133063-2 Parent file reference: 76318-2 Update source:  Update reason: USN_REASON_DATA_EXTEND  USN_REASON_DATA_TRUNCATION  USN_REASON_CLOSE,usnjrnl,NTFS:\$Extend\$UsnJrnl:$J,-
2023-12-26T23:26:11.575998+00:00,Metadata Modification Time,FILE,NTFS USN change,BACKGROUNDTASKHOST.EXE-CA639011.pf File reference: 133063-2 Parent file reference: 76318-2 Update source:  Update reason: USN_REASON_DATA_TRUNCATION,usnjrnl,NTFS:\$Extend\$UsnJrnl:$J,-
2023-12-26T23:26:11.575998+00:00,Metadata Modification Time,FILE,NTFS USN change,settings.dat File reference: 131443-2 Parent file reference: 131367-2 Update source:  Update reason: USN_REASON_BASIC_INFO_CHANGE,usnjrnl,NTFS:\$Extend\$UsnJrnl:$J,-
2023-12-26T23:26:11.624893+00:00,Metadata Modification Time,FILE,NTFS USN change,www.bing[1].xml File reference: 132700-4 Parent file reference: 132699-3 Update source:  Update reason: USN_REASON_DATA_EXTEND  USN_REASON_DATA_TRUNCATION,usnjrnl,NTFS:\$Extend\$UsnJrnl:$J,-
2023-12-26T23:26:11.624893+00:00,Metadata Modification Time,FILE,NTFS USN change,www.bing[1].xml File reference: 132700-4 Parent file reference: 132699-3 Update source:  Update reason: USN_REASON_DATA_OVERWRITE  USN_REASON_DATA_EXTEND  USN_REASON_DATA_TRUNCATION,usnjrnl,NTFS:\$Extend\$UsnJrnl:$J,-
2023-12-26T23:26:11.624893+00:00,Metadata Modification Time,FILE,NTFS USN change,www.bing[1].xml File reference: 132700-4 Parent file reference: 132699-3 Update source:  Update reason: USN_REASON_DATA_TRUNCATION,usnjrnl,NTFS:\$Extend\$UsnJrnl:$J,-
2023-12-26T23:26:11.641486+00:00,Metadata Modification Time,FILE,NTFS USN change,www.bing[1].xml File reference: 132700-4 Parent file reference: 132699-3 Update source:  Update reason: USN_REASON_DATA_OVERWRITE  USN_REASON_DATA_EXTEND  USN_REASON_DATA_TRUNCATION  USN_REASON_CLOSE,usnjrnl,NTFS:\$Extend\$UsnJrnl:$J,-
2023-12-26T23:26:11.896414+00:00,Metadata Modification Time,FILE,NTFS USN change,settings.dat File reference: 131443-2 Parent file reference: 131367-2 Update source:  Update reason: USN_REASON_BASIC_INFO_CHANGE  USN_REASON_CLOSE,usnjrnl,NTFS:\$Extend\$UsnJrnl:$J,-
2023-12-26T23:26:12.239661+00:00,Metadata Modification Time,FILE,NTFS USN change,iconcache_1280.db File reference: 132472-3 Parent file reference: 42738-3 Update source:  Update reason: USN_REASON_DATA_OVERWRITE  USN_REASON_DATA_EXTEND  USN_REASON_FILE_CREATE  USN_REASON_INDEXABLE_CHANGE  USN_REASON_BASIC_INFO_CHANGE  USN_REASON_CLOSE,usnjrnl,NTFS:\$Extend\$UsnJrnl:$J,-
2023-12-26T23:26:12.239661+00:00,Metadata Modification Time,FILE,NTFS USN change,iconcache_1920.db File reference: 132473-3 Parent file reference: 42738-3 Update source:  Update reason: USN_REASON_DATA_OVERWRITE  USN_REASON_DATA_EXTEND  USN_REASON_FILE_CREATE  USN_REASON_INDEXABLE_CHANGE  USN_REASON_BASIC_INFO_CHANGE  USN_REASON_CLOSE,usnjrnl,NTFS:\$Extend\$UsnJrnl:$J,-
2023-12-26T23:26:12.239661+00:00,Metadata Modification Time,FILE,NTFS USN change,iconcache_2560.db File reference: 132474-3 Parent file reference: 42738-3 Update source:  Update reason: USN_REASON_DATA_OVERWRITE  USN_REASON_DATA_EXTEND  USN_REASON_FILE_CREATE  USN_REASON_INDEXABLE_CHANGE  USN_REASON_BASIC_INFO_CHANGE  USN_REASON_CLOSE,usnjrnl,NTFS:\$Extend\$UsnJrnl:$J,-
2023-12-26T23:26:12.239661+00:00,Metadata Modification Time,FILE,NTFS USN change,iconcache_768.db File reference: 132471-3 Parent file reference: 42738-3 Update source:  Update reason: USN_REASON_DATA_OVERWRITE  USN_REASON_DATA_EXTEND  USN_REASON_FILE_CREATE  USN_REASON_INDEXABLE_CHANGE  USN_REASON_BASIC_INFO_CHANGE  USN_REASON_CLOSE,usnjrnl,NTFS:\$Extend\$UsnJrnl:$J,-
2023-12-26T23:26:12.239661+00:00,Metadata Modification Time,FILE,NTFS USN change,iconcache_96.db File reference: 132469-3 Parent file reference: 42738-3 Update source:  Update reason: USN_REASON_DATA_OVERWRITE  USN_REASON_DATA_EXTEND  USN_REASON_FILE_CREATE  USN_REASON_INDEXABLE_CHANGE  USN_REASON_BASIC_INFO_CHANGE  USN_REASON_CLOSE,usnjrnl,NTFS:\$Extend\$UsnJrnl:$J,-
2023-12-26T23:26:12.239661+00:00,Metadata Modification Time,FILE,NTFS USN change,iconcache_sr.db File reference: 132475-3 Parent file reference: 42738-3 Update source:  Update reason: USN_REASON_DATA_OVERWRITE  USN_REASON_DATA_EXTEND  USN_REASON_FILE_CREATE  USN_REASON_INDEXABLE_CHANGE  USN_REASON_BASIC_INFO_CHANGE  USN_REASON_CLOSE,usnjrnl,NTFS:\$Extend\$UsnJrnl:$J,-
2023-12-26T23:26:12.239661+00:00,Metadata Modification Time,FILE,NTFS USN change,iconcache_wide.db File reference: 132476-3 Parent file reference: 42738-3 Update source:  Update reason: USN_REASON_DATA_OVERWRITE  USN_REASON_DATA_EXTEND  USN_REASON_FILE_CREATE  USN_REASON_INDEXABLE_CHANGE  USN_REASON_BASIC_INFO_CHANGE  USN_REASON_CLOSE,usnjrnl,NTFS:\$Extend\$UsnJrnl:$J,-
2023-12-26T23:26:12.257531+00:00,Metadata Modification Time,FILE,NTFS USN change,iconcache_custom_stream.db File reference: 132484-3 Parent file reference: 42738-3 Update source:  Update reason: USN_REASON_DATA_OVERWRITE  USN_REASON_DATA_EXTEND  USN_REASON_FILE_CREATE  USN_REASON_INDEXABLE_CHANGE  USN_REASON_BASIC_INFO_CHANGE  USN_REASON_CLOSE,usnjrnl,NTFS:\$Extend\$UsnJrnl:$J,-
2023-12-26T23:26:12.257531+00:00,Metadata Modification Time,FILE,NTFS USN change,iconcache_exif.db File reference: 132477-3 Parent file reference: 42738-3 Update source:  Update reason: USN_REASON_DATA_OVERWRITE  USN_REASON_DATA_EXTEND  USN_REASON_FILE_CREATE  USN_REASON_INDEXABLE_CHANGE  USN_REASON_BASIC_INFO_CHANGE  USN_REASON_CLOSE,usnjrnl,NTFS:\$Extend\$UsnJrnl:$J,-
2023-12-26T23:26:12.257531+00:00,Metadata Modification Time,FILE,NTFS USN change,iconcache_wide_alternate.db File reference: 132478-3 Parent file reference: 42738-3 Update source:  Update reason: USN_REASON_DATA_OVERWRITE  USN_REASON_DATA_EXTEND  USN_REASON_FILE_CREATE  USN_REASON_INDEXABLE_CHANGE  USN_REASON_BASIC_INFO_CHANGE  USN_REASON_CLOSE,usnjrnl,NTFS:\$Extend\$UsnJrnl:$J,-
2023-12-26T23:26:15.604401+00:00,Metadata Modification Time,FILE,NTFS USN change,V01.chk File reference: 130812-3 Parent file reference: 130594-4 Update source:  Update reason: USN_REASON_DATA_OVERWRITE,usnjrnl,NTFS:\$Extend\$UsnJrnl:$J,-
2023-12-26T23:26:15.604401+00:00,Metadata Modification Time,FILE,NTFS USN change,V01.chk File reference: 130812-3 Parent file reference: 130594-4 Update source:  Update reason: USN_REASON_DATA_OVERWRITE  USN_REASON_CLOSE,usnjrnl,NTFS:\$Extend\$UsnJrnl:$J,-
2023-12-26T23:26:16.637798+00:00,Metadata Modification Time,FILE,NTFS USN change,BITD41C.tmp File reference: 135134-8 Parent file reference: 135088-8 Update source:  Update reason: USN_REASON_DATA_OVERWRITE  USN_REASON_DATA_EXTEND  USN_REASON_DATA_TRUNCATION,usnjrnl,NTFS:\$Extend\$UsnJrnl:$J,-
2023-12-26T23:26:16.702990+00:00,Metadata Modification Time,FILE,NTFS USN change,BITD41C.tmp File reference: 135134-8 Parent file reference: 135088-8 Update source:  Update reason: USN_REASON_DATA_OVERWRITE  USN_REASON_DATA_EXTEND  USN_REASON_DATA_TRUNCATION  USN_REASON_BASIC_INFO_CHANGE,usnjrnl,NTFS:\$Extend\$UsnJrnl:$J,-
2023-12-26T23:26:16.702990+00:00,Metadata Modification Time,FILE,NTFS USN change,BITD41C.tmp File reference: 135134-8 Parent file reference: 135088-8 Update source:  Update reason: USN_REASON_DATA_OVERWRITE  USN_REASON_DATA_EXTEND  USN_REASON_DATA_TRUNCATION  USN_REASON_BASIC_INFO_CHANGE  USN_REASON_CLOSE,usnjrnl,NTFS:\$Extend\$UsnJrnl:$J,-
2023-12-26T23:26:16.709107+00:00,Content Modification Time,EVT,WinEVTX,[60 / 0x003c] Provider identifier: {ef1cc15b-46c1-414e-bb95-e76b077bd51e} Source Name: Microsoft-Windows-Bits-Client Strings: ['{01E43C62-CF57-4C49-A56E-D4DC8F26B181}'  'Edge Component Updater'  '{2546F9BC-2542-4326-9C7C-294A81205717}'  'http://msedge.b.tlu.dl.delivery.mp.microsoft.com/filestreamingservice/files/2aaa8eb1-4390-495e-873c-71f03ed02d54?P1=1703740447&P2=404&P3=2&P4=OXYT0tNyummQk5kLl09NIcqIbOgLWN2NP099iR7oh2HVkYwD41O0ZYIkC3yMcOqPy90%2bGaLduMnqbT%2bLWrbgxw%3d%3d'  ''  '0'  '2023-05-26T10:49:15.000000000Z'  '170428'  '170428'  '170428'  ''  '0'  '0'  '0'  '0'  '18446744073709551615'  'false'] Computer Name: WinDev2311Eval Record Number: 219 Event Level: 4,winevtx,NTFS:\Windows\System32\winevt\Logs\Microsoft-Windows-Bits-Client%4Operational.evtx,-
2023-12-26T23:26:16.709107+00:00,Creation Time,EVT,WinEVTX,[60 / 0x003c] Provider identifier: {ef1cc15b-46c1-414e-bb95-e76b077bd51e} Source Name: Microsoft-Windows-Bits-Client Strings: ['{01E43C62-CF57-4C49-A56E-D4DC8F26B181}'  'Edge Component Updater'  '{2546F9BC-2542-4326-9C7C-294A81205717}'  'http://msedge.b.tlu.dl.delivery.mp.microsoft.com/filestreamingservice/files/2aaa8eb1-4390-495e-873c-71f03ed02d54?P1=1703740447&P2=404&P3=2&P4=OXYT0tNyummQk5kLl09NIcqIbOgLWN2NP099iR7oh2HVkYwD41O0ZYIkC3yMcOqPy90%2bGaLduMnqbT%2bLWrbgxw%3d%3d'  ''  '0'  '2023-05-26T10:49:15.000000000Z'  '170428'  '170428'  '170428'  ''  '0'  '0'  '0'  '0'  '18446744073709551615'  'false'] Computer Name: WinDev2311Eval Record Number: 219 Event Level: 4,winevtx,NTFS:\Windows\System32\winevt\Logs\Microsoft-Windows-Bits-Client%4Operational.evtx,-
2023-12-26T23:26:16.767958+00:00,Metadata Modification Time,FILE,NTFS USN change,www.bing[1].xml File reference: 132700-4 Parent file reference: 132699-3 Update source:  Update reason: USN_REASON_DATA_EXTEND  USN_REASON_DATA_TRUNCATION,usnjrnl,NTFS:\$Extend\$UsnJrnl:$J,-
2023-12-26T23:26:16.767958+00:00,Metadata Modification Time,FILE,NTFS USN change,www.bing[1].xml File reference: 132700-4 Parent file reference: 132699-3 Update source:  Update reason: USN_REASON_DATA_OVERWRITE  USN_REASON_DATA_EXTEND  USN_REASON_DATA_TRUNCATION,usnjrnl,NTFS:\$Extend\$UsnJrnl:$J,-
2023-12-26T23:26:16.767958+00:00,Metadata Modification Time,FILE,NTFS USN change,www.bing[1].xml File reference: 132700-4 Parent file reference: 132699-3 Update source:  Update reason: USN_REASON_DATA_OVERWRITE  USN_REASON_DATA_EXTEND  USN_REASON_DATA_TRUNCATION  USN_REASON_CLOSE,usnjrnl,NTFS:\$Extend\$UsnJrnl:$J,-
2023-12-26T23:26:16.767958+00:00,Metadata Modification Time,FILE,NTFS USN change,www.bing[1].xml File reference: 132700-4 Parent file reference: 132699-3 Update source:  Update reason: USN_REASON_DATA_TRUNCATION,usnjrnl,NTFS:\$Extend\$UsnJrnl:$J,-
2023-12-26T23:26:17.174342+00:00,Metadata Modification Time,FILE,NTFS USN change,2aaa8eb1-4390-495e-873c-71f03ed02d54 File reference: 135134-8 Parent file reference: 135088-8 Update source:  Update reason: USN_REASON_RENAME_NEW_NAME,usnjrnl,NTFS:\$Extend\$UsnJrnl:$J,-
2023-12-26T23:26:17.174342+00:00,Metadata Modification Time,FILE,NTFS USN change,2aaa8eb1-4390-495e-873c-71f03ed02d54 File reference: 135134-8 Parent file reference: 135088-8 Update source:  Update reason: USN_REASON_RENAME_NEW_NAME  USN_REASON_CLOSE,usnjrnl,NTFS:\$Extend\$UsnJrnl:$J,-
2023-12-26T23:26:17.174342+00:00,Metadata Modification Time,FILE,NTFS USN change,BITD41C.tmp File reference: 135134-8 Parent file reference: 135088-8 Update source:  Update reason: USN_REASON_BASIC_INFO_CHANGE,usnjrnl,NTFS:\$Extend\$UsnJrnl:$J,-
2023-12-26T23:26:17.174342+00:00,Metadata Modification Time,FILE,NTFS USN change,BITD41C.tmp File reference: 135134-8 Parent file reference: 135088-8 Update source:  Update reason: USN_REASON_BASIC_INFO_CHANGE  USN_REASON_CLOSE,usnjrnl,NTFS:\$Extend\$UsnJrnl:$J,-
2023-12-26T23:26:17.174342+00:00,Metadata Modification Time,FILE,NTFS USN change,BITD41C.tmp File reference: 135134-8 Parent file reference: 135088-8 Update source:  Update reason: USN_REASON_RENAME_OLD_NAME,usnjrnl,NTFS:\$Extend\$UsnJrnl:$J,-
2023-12-26T23:26:17.174342+00:00,Content Modification Time,FILE,File stat,NTFS:\Users\User\AppData\Local\Temp\edge_BITS_5760_1080671156 Type: directory,filestat,NTFS:\Users\User\AppData\Local\Temp\edge_BITS_5760_1080671156,-
2023-12-26T23:26:17.174342+00:00,Metadata Modification Time,FILE,File stat,NTFS:\Users\User\AppData\Local\Temp\edge_BITS_5760_1080671156 Type: directory,filestat,NTFS:\Users\User\AppData\Local\Temp\edge_BITS_5760_1080671156,-
2023-12-26T23:26:17.174342+00:00,Metadata Modification Time,FILE,File stat,NTFS:\Users\User\AppData\Local\Temp\edge_BITS_5760_1080671156\2aaa8eb1-4390-495e-873c-71f03ed02d54 Type: file,filestat,NTFS:\Users\User\AppData\Local\Temp\edge_BITS_5760_1080671156\2aaa8eb1-4390-495e-873c-71f03ed02d54,-
2023-12-26T23:26:17.180323+00:00,Content Modification Time,EVT,WinEVTX,[4 / 0x0004] Provider identifier: {ef1cc15b-46c1-414e-bb95-e76b077bd51e} Source Name: Microsoft-Windows-Bits-Client Strings: ['WINDEV2311EVAL\\User'  'Edge Component Updater'  '{2546F9BC-2542-4326-9C7C-294A81205717}'  'WINDEV2311EVAL\\User'  '1'  '170428'  '0'] Computer Name: WinDev2311Eval Record Number: 220 Event Level: 4,winevtx,NTFS:\Windows\System32\winevt\Logs\Microsoft-Windows-Bits-Client%4Operational.evtx,-
2023-12-26T23:26:17.180323+00:00,Creation Time,EVT,WinEVTX,[4 / 0x0004] Provider identifier: {ef1cc15b-46c1-414e-bb95-e76b077bd51e} Source Name: Microsoft-Windows-Bits-Client Strings: ['WINDEV2311EVAL\\User'  'Edge Component Updater'  '{2546F9BC-2542-4326-9C7C-294A81205717}'  'WINDEV2311EVAL\\User'  '1'  '170428'  '0'] Computer Name: WinDev2311Eval Record Number: 220 Event Level: 4,winevtx,NTFS:\Windows\System32\winevt\Logs\Microsoft-Windows-Bits-Client%4Operational.evtx,-
2023-12-26T23:26:17.189742+00:00,Metadata Modification Time,FILE,NTFS USN change,chrome_PuffinComponentUnpacker_BeginUnzipping5760_107950379 File reference: 135141-7 Parent file reference: 42582-3 Update source:  Update reason: USN_REASON_FILE_CREATE,usnjrnl,NTFS:\$Extend\$UsnJrnl:$J,-
2023-12-26T23:26:17.189742+00:00,Metadata Modification Time,FILE,NTFS USN change,chrome_PuffinComponentUnpacker_BeginUnzipping5760_107950379 File reference: 135141-7 Parent file reference: 42582-3 Update source:  Update reason: USN_REASON_FILE_CREATE  USN_REASON_CLOSE,usnjrnl,NTFS:\$Extend\$UsnJrnl:$J,-
2023-12-26T23:26:17.189742+00:00,Creation Time,FILE,File stat,NTFS:\Users\User\AppData\Local\Microsoft\Edge\User Data\Edge Tipping\113.0.0.526 Type: directory,filestat,NTFS:\Users\User\AppData\Local\Microsoft\Edge\User Data\Edge Tipping\113.0.0.526,-
2023-12-26T23:26:17.346109+00:00,Metadata Modification Time,FILE,NTFS USN change,EdgeTippingBloomFilter.json File reference: 135144-6 Parent file reference: 135141-7 Update source:  Update reason: USN_REASON_DATA_EXTEND  USN_REASON_FILE_CREATE,usnjrnl,NTFS:\$Extend\$UsnJrnl:$J,-
2023-12-26T23:26:17.346109+00:00,Metadata Modification Time,FILE,NTFS USN change,EdgeTippingBloomFilter.json File reference: 135144-6 Parent file reference: 135141-7 Update source:  Update reason: USN_REASON_DATA_EXTEND  USN_REASON_FILE_CREATE  USN_REASON_BASIC_INFO_CHANGE,usnjrnl,NTFS:\$Extend\$UsnJrnl:$J,-
2023-12-26T23:26:17.346109+00:00,Metadata Modification Time,FILE,NTFS USN change,EdgeTippingBloomFilter.json File reference: 135144-6 Parent file reference: 135141-7 Update source:  Update reason: USN_REASON_DATA_EXTEND  USN_REASON_FILE_CREATE  USN_REASON_BASIC_INFO_CHANGE  USN_REASON_CLOSE,usnjrnl,NTFS:\$Extend\$UsnJrnl:$J,-
2023-12-26T23:26:17.346109+00:00,Metadata Modification Time,FILE,NTFS USN change,EdgeTippingBloomFilter.json File reference: 135144-6 Parent file reference: 135141-7 Update source:  Update reason: USN_REASON_FILE_CREATE,usnjrnl,NTFS:\$Extend\$UsnJrnl:$J,-
2023-12-26T23:26:17.361643+00:00,Metadata Modification Time,FILE,NTFS USN change,manifest.fingerprint File reference: 135214-6 Parent file reference: 135141-7 Update source:  Update reason: USN_REASON_DATA_EXTEND  USN_REASON_FILE_CREATE,usnjrnl,NTFS:\$Extend\$UsnJrnl:$J,-
2023-12-26T23:26:17.361643+00:00,Metadata Modification Time,FILE,NTFS USN change,manifest.fingerprint File reference: 135214-6 Parent file reference: 135141-7 Update source:  Update reason: USN_REASON_DATA_EXTEND  USN_REASON_FILE_CREATE  USN_REASON_CLOSE,usnjrnl,NTFS:\$Extend\$UsnJrnl:$J,-
2023-12-26T23:26:17.361643+00:00,Metadata Modification Time,FILE,NTFS USN change,manifest.fingerprint File reference: 135214-6 Parent file reference: 135141-7 Update source:  Update reason: USN_REASON_FILE_CREATE,usnjrnl,NTFS:\$Extend\$UsnJrnl:$J,-
2023-12-26T23:26:17.361643+00:00,Metadata Modification Time,FILE,NTFS USN change,manifest.json File reference: 135213-6 Parent file reference: 135141-7 Update source:  Update reason: USN_REASON_DATA_EXTEND  USN_REASON_FILE_CREATE,usnjrnl,NTFS:\$Extend\$UsnJrnl:$J,-
2023-12-26T23:26:17.361643+00:00,Metadata Modification Time,FILE,NTFS USN change,manifest.json File reference: 135213-6 Parent file reference: 135141-7 Update source:  Update reason: USN_REASON_DATA_EXTEND  USN_REASON_FILE_CREATE  USN_REASON_BASIC_INFO_CHANGE,usnjrnl,NTFS:\$Extend\$UsnJrnl:$J,-
2023-12-26T23:26:17.361643+00:00,Metadata Modification Time,FILE,NTFS USN change,manifest.json File reference: 135213-6 Parent file reference: 135141-7 Update source:  Update reason: USN_REASON_DATA_EXTEND  USN_REASON_FILE_CREATE  USN_REASON_BASIC_INFO_CHANGE  USN_REASON_CLOSE,usnjrnl,NTFS:\$Extend\$UsnJrnl:$J,-
2023-12-26T23:26:17.361643+00:00,Metadata Modification Time,FILE,NTFS USN change,manifest.json File reference: 135213-6 Parent file reference: 135141-7 Update source:  Update reason: USN_REASON_FILE_CREATE,usnjrnl,NTFS:\$Extend\$UsnJrnl:$J,-
2023-12-26T23:26:17.361643+00:00,Content Modification Time,FILE,File stat,NTFS:\Users\User\AppData\Local\Microsoft\Edge\User Data\Edge Tipping\113.0.0.526 Type: directory,filestat,NTFS:\Users\User\AppData\Local\Microsoft\Edge\User Data\Edge Tipping\113.0.0.526,-
2023-12-26T23:26:17.361643+00:00,Last Access Time,FILE,File stat,NTFS:\Users\User\AppData\Local\Temp\edge_BITS_5760_1080671156 Type: directory,filestat,NTFS:\Users\User\AppData\Local\Temp\edge_BITS_5760_1080671156,-
2023-12-26T23:26:17.361643+00:00,Last Access Time,FILE,File stat,NTFS:\Users\User\AppData\Local\Temp\edge_BITS_5760_1080671156\2aaa8eb1-4390-495e-873c-71f03ed02d54 Type: file,filestat,NTFS:\Users\User\AppData\Local\Temp\edge_BITS_5760_1080671156\2aaa8eb1-4390-495e-873c-71f03ed02d54,-
2023-12-26T23:26:17.377365+00:00,Metadata Modification Time,FILE,NTFS USN change,113.0.0.526 File reference: 135141-7 Parent file reference: 133472-2 Update source:  Update reason: USN_REASON_RENAME_NEW_NAME,usnjrnl,NTFS:\$Extend\$UsnJrnl:$J,-
2023-12-26T23:26:17.377365+00:00,Metadata Modification Time,FILE,NTFS USN change,113.0.0.526 File reference: 135141-7 Parent file reference: 133472-2 Update source:  Update reason: USN_REASON_RENAME_NEW_NAME  USN_REASON_CLOSE,usnjrnl,NTFS:\$Extend\$UsnJrnl:$J,-
2023-12-26T23:26:17.377365+00:00,Metadata Modification Time,FILE,NTFS USN change,chrome_PuffinComponentUnpacker_BeginUnzipping5760_107950379 File reference: 135141-7 Parent file reference: 42582-3 Update source:  Update reason: USN_REASON_RENAME_OLD_NAME,usnjrnl,NTFS:\$Extend\$UsnJrnl:$J,-
2023-12-26T23:26:17.377365+00:00,Content Modification Time,FILE,File stat,NTFS:\Users\User\AppData\Local\Microsoft\Edge\User Data\Edge Tipping Type: directory,filestat,NTFS:\Users\User\AppData\Local\Microsoft\Edge\User Data\Edge Tipping,-
2023-12-26T23:26:17.377365+00:00,Metadata Modification Time,FILE,File stat,NTFS:\Users\User\AppData\Local\Microsoft\Edge\User Data\Edge Tipping Type: directory,filestat,NTFS:\Users\User\AppData\Local\Microsoft\Edge\User Data\Edge Tipping,-
2023-12-26T23:26:17.377365+00:00,Last Access Time,FILE,File stat,NTFS:\Users\User\AppData\Local\Microsoft\Edge\User Data\Edge Tipping\113.0.0.526 Type: directory,filestat,NTFS:\Users\User\AppData\Local\Microsoft\Edge\User Data\Edge Tipping\113.0.0.526,-
2023-12-26T23:26:17.377365+00:00,Metadata Modification Time,FILE,File stat,NTFS:\Users\User\AppData\Local\Microsoft\Edge\User Data\Edge Tipping\113.0.0.526 Type: directory,filestat,NTFS:\Users\User\AppData\Local\Microsoft\Edge\User Data\Edge Tipping\113.0.0.526,-
2023-12-26T23:26:18.814690+00:00,Content Modification Time,EVT,WinEVTX,[102 / 0x0066] Provider identifier: {a2d34bf1-70ab-5b21-c819-5a0dd42748fd} Source Name: Microsoft-Windows-Kernel-Cache Strings: ['18446744020623739176'  '1'  '2207'  '1'  '4'  '56'  '49'  '1451812'  '16'  '0'  '5356190'  '66'  '569011'  '285'  '245187'  '6090'  '37943'  '1'] Computer Name: WinDev2311Eval Record Number: 63 Event Level: 4,winevtx,NTFS:\Windows\System32\winevt\Logs\Microsoft-Windows-Kernel-Cache%4Operational.evtx,-
2023-12-26T23:26:18.814690+00:00,Creation Time,EVT,WinEVTX,[102 / 0x0066] Provider identifier: {a2d34bf1-70ab-5b21-c819-5a0dd42748fd} Source Name: Microsoft-Windows-Kernel-Cache Strings: ['18446744020623739176'  '1'  '2207'  '1'  '4'  '56'  '49'  '1451812'  '16'  '0'  '5356190'  '66'  '569011'  '285'  '245187'  '6090'  '37943'  '1'] Computer Name: WinDev2311Eval Record Number: 63 Event Level: 4,winevtx,NTFS:\Windows\System32\winevt\Logs\Microsoft-Windows-Kernel-Cache%4Operational.evtx,-
2023-12-26T23:26:18.814703+00:00,Content Modification Time,EVT,WinEVTX,[103 / 0x0067] Provider identifier: {a2d34bf1-70ab-5b21-c819-5a0dd42748fd} Source Name: Microsoft-Windows-Kernel-Cache Strings: ['{003304EF-4AEF-4F53-B084-1D0010452165}'  '18446744020623739176'  '2763182109'  '45996'  '33934144220'  '262112'  '262112'  '244291'  '4039'  '52375992'  '403437'  '5910'  '7008698'  '5436'  '26694'  '693194'  '667'  '26701'  '91828492685'  '628916202'  '0'  '99'  '264432'  '0'  '0'  '567922'  '726'  '280'  '12598186'  '0'  '242312'  '1237'  '44'  '3146517'  '0'  '280'  '182739'] Computer Name: WinDev2311Eval Record Number: 64 Event Level: 4,winevtx,NTFS:\Windows\System32\winevt\Logs\Microsoft-Windows-Kernel-Cache%4Operational.evtx,-
2023-12-26T23:26:18.814703+00:00,Creation Time,EVT,WinEVTX,[103 / 0x0067] Provider identifier: {a2d34bf1-70ab-5b21-c819-5a0dd42748fd} Source Name: Microsoft-Windows-Kernel-Cache Strings: ['{003304EF-4AEF-4F53-B084-1D0010452165}'  '18446744020623739176'  '2763182109'  '45996'  '33934144220'  '262112'  '262112'  '244291'  '4039'  '52375992'  '403437'  '5910'  '7008698'  '5436'  '26694'  '693194'  '667'  '26701'  '91828492685'  '628916202'  '0'  '99'  '264432'  '0'  '0'  '567922'  '726'  '280'  '12598186'  '0'  '242312'  '1237'  '44'  '3146517'  '0'  '280'  '182739'] Computer Name: WinDev2311Eval Record Number: 64 Event Level: 4,winevtx,NTFS:\Windows\System32\winevt\Logs\Microsoft-Windows-Kernel-Cache%4Operational.evtx,-
2023-12-26T23:26:18.814704+00:00,Content Modification Time,EVT,WinEVTX,[104 / 0x0068] Provider identifier: {a2d34bf1-70ab-5b21-c819-5a0dd42748fd} Source Name: Microsoft-Windows-Kernel-Cache Strings: ['{003304EF-4AEF-4F53-B084-1D0010452165}'  '18446744020623739176'  '564737'  '363'  '1897'  '789'  '114'  '13'  '6'  '1'  '0'  '1'  '1'  '0'  '5166'  '307154'  '3891795'  '5911624'  '3110702'  '1155014'  '963793'  '621755'  '0'  '6583120'  '12598186'  '0'  '726'  '0'  '0'  '0'  '0'  '0'  '0'  '0'  '0'  '0'  '0'  '0'  '0'  '0'  '0'  '0'  '0'  '0'  '0'  '0'  '0'  '0'  '0'  '0'  '0'  '5'  '109'  '101'  '44'  '19'  '2'  '0'  '0'  '0'  '0'  '0'  '0'  '4040'  '270778'  '741150'  '1496925'  '1882820'  '342527'  '0'  '0'  '0'  '0'  '0'] Computer Name: WinDev2311Eval Record Number: 65 Event Level: 4,winevtx,NTFS:\Windows\System32\winevt\Logs\Microsoft-Windows-Kernel-Cache%4Operational.evtx,-
2023-12-26T23:26:18.814704+00:00,Creation Time,EVT,WinEVTX,[104 / 0x0068] Provider identifier: {a2d34bf1-70ab-5b21-c819-5a0dd42748fd} Source Name: Microsoft-Windows-Kernel-Cache Strings: ['{003304EF-4AEF-4F53-B084-1D0010452165}'  '18446744020623739176'  '564737'  '363'  '1897'  '789'  '114'  '13'  '6'  '1'  '0'  '1'  '1'  '0'  '5166'  '307154'  '3891795'  '5911624'  '3110702'  '1155014'  '963793'  '621755'  '0'  '6583120'  '12598186'  '0'  '726'  '0'  '0'  '0'  '0'  '0'  '0'  '0'  '0'  '0'  '0'  '0'  '0'  '0'  '0'  '0'  '0'  '0'  '0'  '0'  '0'  '0'  '0'  '0'  '0'  '5'  '109'  '101'  '44'  '19'  '2'  '0'  '0'  '0'  '0'  '0'  '0'  '4040'  '270778'  '741150'  '1496925'  '1882820'  '342527'  '0'  '0'  '0'  '0'  '0'] Computer Name: WinDev2311Eval Record Number: 65 Event Level: 4,winevtx,NTFS:\Windows\System32\winevt\Logs\Microsoft-Windows-Kernel-Cache%4Operational.evtx,-
2023-12-26T23:26:18.814705+00:00,Content Modification Time,EVT,WinEVTX,[105 / 0x0069] Provider identifier: {a2d34bf1-70ab-5b21-c819-5a0dd42748fd} Source Name: Microsoft-Windows-Kernel-Cache Strings: ['{003304EF-4AEF-4F53-B084-1D0010452165}'  '18446744020623739176'  '233201'  '1257'  '6216'  '1282'  '318'  '22'  '8'  '7'  '1'  '0'  '0'  '0'  '79592'  '1010371'  '11952045'  '9487348'  '8551635'  '2001150'  '1330023'  '3187736'  '3146517'  '0'  '0'  '0'  '1237'  '0'  '0'  '0'  '0'  '0'  '0'  '0'  '0'  '0'  '0'  '0'  '0'  '0'  '0'  '0'  '0'  '0'  '0'  '0'  '0'  '0'  '0'  '0'] Computer Name: WinDev2311Eval Record Number: 66 Event Level: 4,winevtx,NTFS:\Windows\System32\winevt\Logs\Microsoft-Windows-Kernel-Cache%4Operational.evtx,-
2023-12-26T23:26:18.814705+00:00,Creation Time,EVT,WinEVTX,[105 / 0x0069] Provider identifier: {a2d34bf1-70ab-5b21-c819-5a0dd42748fd} Source Name: Microsoft-Windows-Kernel-Cache Strings: ['{003304EF-4AEF-4F53-B084-1D0010452165}'  '18446744020623739176'  '233201'  '1257'  '6216'  '1282'  '318'  '22'  '8'  '7'  '1'  '0'  '0'  '0'  '79592'  '1010371'  '11952045'  '9487348'  '8551635'  '2001150'  '1330023'  '3187736'  '3146517'  '0'  '0'  '0'  '1237'  '0'  '0'  '0'  '0'  '0'  '0'  '0'  '0'  '0'  '0'  '0'  '0'  '0'  '0'  '0'  '0'  '0'  '0'  '0'  '0'  '0'  '0'  '0'] Computer Name: WinDev2311Eval Record Number: 66 Event Level: 4,winevtx,NTFS:\Windows\System32\winevt\Logs\Microsoft-Windows-Kernel-Cache%4Operational.evtx,-
2023-12-26T23:26:18.814706+00:00,Content Modification Time,EVT,WinEVTX,[103 / 0x0067] Provider identifier: {a2d34bf1-70ab-5b21-c819-5a0dd42748fd} Source Name: Microsoft-Windows-Kernel-Cache Strings: ['{00000000-0000-0000-0000-000000000000}'  '18446744020623739176'  '0'  '0'  '0'  '0'  '0'  '0'  '0'  '0'  '0'  '0'  '0'  '0'  '0'  '0'  '0'  '0'  '9938944'  '3932160'  '0'  '60'  '0'  '0'  '0'  '38'  '0'  '0'  '16786'  '0'  '0'  '0'  '0'  '0'  '0'  '0'  '0'] Computer Name: WinDev2311Eval Record Number: 67 Event Level: 4,winevtx,NTFS:\Windows\System32\winevt\Logs\Microsoft-Windows-Kernel-Cache%4Operational.evtx,-
2023-12-26T23:26:18.814706+00:00,Creation Time,EVT,WinEVTX,[103 / 0x0067] Provider identifier: {a2d34bf1-70ab-5b21-c819-5a0dd42748fd} Source Name: Microsoft-Windows-Kernel-Cache Strings: ['{00000000-0000-0000-0000-000000000000}'  '18446744020623739176'  '0'  '0'  '0'  '0'  '0'  '0'  '0'  '0'  '0'  '0'  '0'  '0'  '0'  '0'  '0'  '0'  '9938944'  '3932160'  '0'  '60'  '0'  '0'  '0'  '38'  '0'  '0'  '16786'  '0'  '0'  '0'  '0'  '0'  '0'  '0'  '0'] Computer Name: WinDev2311Eval Record Number: 67 Event Level: 4,winevtx,NTFS:\Windows\System32\winevt\Logs\Microsoft-Windows-Kernel-Cache%4Operational.evtx,-
2023-12-26T23:26:18.814707+00:00,Content Modification Time,EVT,WinEVTX,[104 / 0x0068] Provider identifier: {a2d34bf1-70ab-5b21-c819-5a0dd42748fd} Source Name: Microsoft-Windows-Kernel-Cache Strings: ['{00000000-0000-0000-0000-000000000000}'  '18446744020623739176'  '23'  '0'  '9'  '5'  '1'  '0'  '0'  '0'  '0'  '0'  '0'  '0'  '0'  '0'  '19804'  '33812'  '16786'  '0'  '0'  '0'  '0'  '0'  '0'  '0'  '0'  '0'  '0'  '0'  '0'  '0'  '0'  '0'  '0'  '0'  '0'  '0'  '0'  '0'  '0'  '0'  '0'  '0'  '0'  '0'  '0'  '0'  '0'  '0'  '0'  '0'  '0'  '0'  '0'  '0'  '0'  '0'  '0'  '0'  '0'  '0'  '0'  '0'  '0'  '0'  '0'  '0'  '0'  '0'  '0'  '0'  '0'  '0'] Computer Name: WinDev2311Eval Record Number: 68 Event Level: 4,winevtx,NTFS:\Windows\System32\winevt\Logs\Microsoft-Windows-Kernel-Cache%4Operational.evtx,-
2023-12-26T23:26:18.814707+00:00,Creation Time,EVT,WinEVTX,[104 / 0x0068] Provider identifier: {a2d34bf1-70ab-5b21-c819-5a0dd42748fd} Source Name: Microsoft-Windows-Kernel-Cache Strings: ['{00000000-0000-0000-0000-000000000000}'  '18446744020623739176'  '23'  '0'  '9'  '5'  '1'  '0'  '0'  '0'  '0'  '0'  '0'  '0'  '0'  '0'  '19804'  '33812'  '16786'  '0'  '0'  '0'  '0'  '0'  '0'  '0'  '0'  '0'  '0'  '0'  '0'  '0'  '0'  '0'  '0'  '0'  '0'  '0'  '0'  '0'  '0'  '0'  '0'  '0'  '0'  '0'  '0'  '0'  '0'  '0'  '0'  '0'  '0'  '0'  '0'  '0'  '0'  '0'  '0'  '0'  '0'  '0'  '0'  '0'  '0'  '0'  '0'  '0'  '0'  '0'  '0'  '0'  '0'  '0'] Computer Name: WinDev2311Eval Record Number: 68 Event Level: 4,winevtx,NTFS:\Windows\System32\winevt\Logs\Microsoft-Windows-Kernel-Cache%4Operational.evtx,-
2023-12-26T23:26:18.814708+00:00,Content Modification Time,EVT,WinEVTX,[105 / 0x0069] Provider identifier: {a2d34bf1-70ab-5b21-c819-5a0dd42748fd} Source Name: Microsoft-Windows-Kernel-Cache Strings: ['{00000000-0000-0000-0000-000000000000}'  '18446744020623739176'  '0'  '0'  '0'  '0'  '0'  '0'  '0'  '0'  '0'  '0'  '0'  '0'  '0'  '0'  '0'  '0'  '0'  '0'  '0'  '0'  '0'  '0'  '0'  '0'  '0'  '0'  '0'  '0'  '0'  '0'  '0'  '0'  '0'  '0'  '0'  '0'  '0'  '0'  '0'  '0'  '0'  '0'  '0'  '0'  '0'  '0'  '0'  '0'] Computer Name: WinDev2311Eval Record Number: 69 Event Level: 4,winevtx,NTFS:\Windows\System32\winevt\Logs\Microsoft-Windows-Kernel-Cache%4Operational.evtx,-
2023-12-26T23:26:18.814708+00:00,Creation Time,EVT,WinEVTX,[105 / 0x0069] Provider identifier: {a2d34bf1-70ab-5b21-c819-5a0dd42748fd} Source Name: Microsoft-Windows-Kernel-Cache Strings: ['{00000000-0000-0000-0000-000000000000}'  '18446744020623739176'  '0'  '0'  '0'  '0'  '0'  '0'  '0'  '0'  '0'  '0'  '0'  '0'  '0'  '0'  '0'  '0'  '0'  '0'  '0'  '0'  '0'  '0'  '0'  '0'  '0'  '0'  '0'  '0'  '0'  '0'  '0'  '0'  '0'  '0'  '0'  '0'  '0'  '0'  '0'  '0'  '0'  '0'  '0'  '0'  '0'  '0'  '0'  '0'] Computer Name: WinDev2311Eval Record Number: 69 Event Level: 4,winevtx,NTFS:\Windows\System32\winevt\Logs\Microsoft-Windows-Kernel-Cache%4Operational.evtx,-
2023-12-26T23:26:18.814708+00:00,Content Modification Time,EVT,WinEVTX,[103 / 0x0067] Provider identifier: {a2d34bf1-70ab-5b21-c819-5a0dd42748fd} Source Name: Microsoft-Windows-Kernel-Cache Strings: ['{2DAFF966-15CA-423B-85D2-83D00D082FB6}'  '18446744020623739176'  '120'  '10'  '13511067'  '262112'  '262112'  '76'  '0'  '0'  '0'  '0'  '0'  '0'  '2'  '0'  '0'  '2'  '1310720'  '262144'  '0'  '80'  '18'  '0'  '0'  '5'  '0'  '0'  '2658'  '0'  '12'  '3'  '0'  '117439'  '0'  '0'  '0'] Computer Name: WinDev2311Eval Record Number: 70 Event Level: 4,winevtx,NTFS:\Windows\System32\winevt\Logs\Microsoft-Windows-Kernel-Cache%4Operational.evtx,-
2023-12-26T23:26:18.814708+00:00,Creation Time,EVT,WinEVTX,[103 / 0x0067] Provider identifier: {a2d34bf1-70ab-5b21-c819-5a0dd42748fd} Source Name: Microsoft-Windows-Kernel-Cache Strings: ['{2DAFF966-15CA-423B-85D2-83D00D082FB6}'  '18446744020623739176'  '120'  '10'  '13511067'  '262112'  '262112'  '76'  '0'  '0'  '0'  '0'  '0'  '0'  '2'  '0'  '0'  '2'  '1310720'  '262144'  '0'  '80'  '18'  '0'  '0'  '5'  '0'  '0'  '2658'  '0'  '12'  '3'  '0'  '117439'  '0'  '0'  '0'] Computer Name: WinDev2311Eval Record Number: 70 Event Level: 4,winevtx,NTFS:\Windows\System32\winevt\Logs\Microsoft-Windows-Kernel-Cache%4Operational.evtx,-
2023-12-26T23:26:18.814709+00:00,Content Modification Time,EVT,WinEVTX,[104 / 0x0068] Provider identifier: {a2d34bf1-70ab-5b21-c819-5a0dd42748fd} Source Name: Microsoft-Windows-Kernel-Cache Strings: ['{2DAFF966-15CA-423B-85D2-83D00D082FB6}'  '18446744020623739176'  '4'  '0'  '1'  '0'  '0'  '0'  '0'  '0'  '0'  '0'  '0'  '0'  '0'  '0'  '2658'  '0'  '0'  '0'  '0'  '0'  '0'  '0'  '0'  '0'  '0'  '0'  '0'  '0'  '0'  '0'  '0'  '0'  '0'  '0'  '0'  '0'  '0'  '0'  '0'  '0'  '0'  '0'  '0'  '0'  '0'  '0'  '0'  '0'  '0'  '0'  '0'  '0'  '0'  '0'  '0'  '0'  '0'  '0'  '0'  '0'  '0'  '0'  '0'  '0'  '0'  '0'  '0'  '0'  '0'  '0'  '0'  '0'] Computer Name: WinDev2311Eval Record Number: 71 Event Level: 4,winevtx,NTFS:\Windows\System32\winevt\Logs\Microsoft-Windows-Kernel-Cache%4Operational.evtx,-
2023-12-26T23:26:18.814709+00:00,Creation Time,EVT,WinEVTX,[104 / 0x0068] Provider identifier: {a2d34bf1-70ab-5b21-c819-5a0dd42748fd} Source Name: Microsoft-Windows-Kernel-Cache Strings: ['{2DAFF966-15CA-423B-85D2-83D00D082FB6}'  '18446744020623739176'  '4'  '0'  '1'  '0'  '0'  '0'  '0'  '0'  '0'  '0'  '0'  '0'  '0'  '0'  '2658'  '0'  '0'  '0'  '0'  '0'  '0'  '0'  '0'  '0'  '0'  '0'  '0'  '0'  '0'  '0'  '0'  '0'  '0'  '0'  '0'  '0'  '0'  '0'  '0'  '0'  '0'  '0'  '0'  '0'  '0'  '0'  '0'  '0'  '0'  '0'  '0'  '0'  '0'  '0'  '0'  '0'  '0'  '0'  '0'  '0'  '0'  '0'  '0'  '0'  '0'  '0'  '0'  '0'  '0'  '0'  '0'  '0'] Computer Name: WinDev2311Eval Record Number: 71 Event Level: 4,winevtx,NTFS:\Windows\System32\winevt\Logs\Microsoft-Windows-Kernel-Cache%4Operational.evtx,-
2023-12-26T23:26:18.814710+00:00,Content Modification Time,EVT,WinEVTX,[105 / 0x0069] Provider identifier: {a2d34bf1-70ab-5b21-c819-5a0dd42748fd} Source Name: Microsoft-Windows-Kernel-Cache Strings: ['{2DAFF966-15CA-423B-85D2-83D00D082FB6}'  '18446744020623739176'  '8'  '0'  '0'  '0'  '2'  '2'  '0'  '0'  '0'  '0'  '0'  '0'  '0'  '0'  '0'  '0'  '84268'  '213923'  '0'  '0'  '0'  '0'  '0'  '0'  '3'  '0'  '0'  '0'  '0'  '0'  '0'  '0'  '0'  '0'  '0'  '0'  '0'  '0'  '0'  '0'  '0'  '0'  '0'  '0'  '0'  '0'  '0'  '0'] Computer Name: WinDev2311Eval Record Number: 72 Event Level: 4,winevtx,NTFS:\Windows\System32\winevt\Logs\Microsoft-Windows-Kernel-Cache%4Operational.evtx,-
2023-12-26T23:26:18.814710+00:00,Creation Time,EVT,WinEVTX,[105 / 0x0069] Provider identifier: {a2d34bf1-70ab-5b21-c819-5a0dd42748fd} Source Name: Microsoft-Windows-Kernel-Cache Strings: ['{2DAFF966-15CA-423B-85D2-83D00D082FB6}'  '18446744020623739176'  '8'  '0'  '0'  '0'  '2'  '2'  '0'  '0'  '0'  '0'  '0'  '0'  '0'  '0'  '0'  '0'  '84268'  '213923'  '0'  '0'  '0'  '0'  '0'  '0'  '3'  '0'  '0'  '0'  '0'  '0'  '0'  '0'  '0'  '0'  '0'  '0'  '0'  '0'  '0'  '0'  '0'  '0'  '0'  '0'  '0'  '0'  '0'  '0'] Computer Name: WinDev2311Eval Record Number: 72 Event Level: 4,winevtx,NTFS:\Windows\System32\winevt\Logs\Microsoft-Windows-Kernel-Cache%4Operational.evtx,-
2023-12-26T23:26:18.814711+00:00,Content Modification Time,EVT,WinEVTX,[103 / 0x0067] Provider identifier: {a2d34bf1-70ab-5b21-c819-5a0dd42748fd} Source Name: Microsoft-Windows-Kernel-Cache Strings: ['{41D3EC20-359C-4609-9CCB-B4B58A34D66C}'  '18446744020623739176'  '10'  '3'  '891162'  '262112'  '262112'  '8'  '0'  '0'  '0'  '0'  '3'  '2'  '6'  '3'  '2'  '6'  '11113984'  '262144'  '0'  '97'  '0'  '0'  '0'  '1'  '38'  '5'  '10440'  '0'  '0'  '0'  '0'  '0'  '0'  '5'  '57083'] Computer Name: WinDev2311Eval Record Number: 73 Event Level: 4,winevtx,NTFS:\Windows\System32\winevt\Logs\Microsoft-Windows-Kernel-Cache%4Operational.evtx,-
2023-12-26T23:26:18.814711+00:00,Creation Time,EVT,WinEVTX,[103 / 0x0067] Provider identifier: {a2d34bf1-70ab-5b21-c819-5a0dd42748fd} Source Name: Microsoft-Windows-Kernel-Cache Strings: ['{41D3EC20-359C-4609-9CCB-B4B58A34D66C}'  '18446744020623739176'  '10'  '3'  '891162'  '262112'  '262112'  '8'  '0'  '0'  '0'  '0'  '3'  '2'  '6'  '3'  '2'  '6'  '11113984'  '262144'  '0'  '97'  '0'  '0'  '0'  '1'  '38'  '5'  '10440'  '0'  '0'  '0'  '0'  '0'  '0'  '5'  '57083'] Computer Name: WinDev2311Eval Record Number: 73 Event Level: 4,winevtx,NTFS:\Windows\System32\winevt\Logs\Microsoft-Windows-Kernel-Cache%4Operational.evtx,-
2023-12-26T23:26:18.814711+00:00,Content Modification Time,EVT,WinEVTX,[104 / 0x0068] Provider identifier: {a2d34bf1-70ab-5b21-c819-5a0dd42748fd} Source Name: Microsoft-Windows-Kernel-Cache Strings: ['{41D3EC20-359C-4609-9CCB-B4B58A34D66C}'  '18446744020623739176'  '0'  '0'  '0'  '1'  '0'  '0'  '0'  '0'  '0'  '0'  '0'  '0'  '0'  '0'  '0'  '10440'  '0'  '0'  '0'  '0'  '0'  '0'  '0'  '0'  '38'  '0'  '0'  '0'  '0'  '0'  '0'  '0'  '0'  '0'  '0'  '0'  '0'  '0'  '0'  '0'  '0'  '0'  '0'  '0'  '0'  '0'  '0'  '0'  '0'  '1'  '2'  '1'  '1'  '0'  '0'  '0'  '0'  '0'  '0'  '0'  '0'  '906'  '3403'  '5129'  '57083'  '0'  '0'  '0'  '0'  '0'  '0'  '0'] Computer Name: WinDev2311Eval Record Number: 74 Event Level: 4,winevtx,NTFS:\Windows\System32\winevt\Logs\Microsoft-Windows-Kernel-Cache%4Operational.evtx,-
2023-12-26T23:26:18.814711+00:00,Creation Time,EVT,WinEVTX,[104 / 0x0068] Provider identifier: {a2d34bf1-70ab-5b21-c819-5a0dd42748fd} Source Name: Microsoft-Windows-Kernel-Cache Strings: ['{41D3EC20-359C-4609-9CCB-B4B58A34D66C}'  '18446744020623739176'  '0'  '0'  '0'  '1'  '0'  '0'  '0'  '0'  '0'  '0'  '0'  '0'  '0'  '0'  '0'  '10440'  '0'  '0'  '0'  '0'  '0'  '0'  '0'  '0'  '38'  '0'  '0'  '0'  '0'  '0'  '0'  '0'  '0'  '0'  '0'  '0'  '0'  '0'  '0'  '0'  '0'  '0'  '0'  '0'  '0'  '0'  '0'  '0'  '0'  '1'  '2'  '1'  '1'  '0'  '0'  '0'  '0'  '0'  '0'  '0'  '0'  '906'  '3403'  '5129'  '57083'  '0'  '0'  '0'  '0'  '0'  '0'  '0'] Computer Name: WinDev2311Eval Record Number: 74 Event Level: 4,winevtx,NTFS:\Windows\System32\winevt\Logs\Microsoft-Windows-Kernel-Cache%4Operational.evtx,-
2023-12-26T23:26:18.814712+00:00,Content Modification Time,EVT,WinEVTX,[105 / 0x0069] Provider identifier: {a2d34bf1-70ab-5b21-c819-5a0dd42748fd} Source Name: Microsoft-Windows-Kernel-Cache Strings: ['{41D3EC20-359C-4609-9CCB-B4B58A34D66C}'  '18446744020623739176'  '0'  '0'  '0'  '0'  '0'  '0'  '0'  '0'  '0'  '0'  '0'  '0'  '0'  '0'  '0'  '0'  '0'  '0'  '0'  '0'  '0'  '0'  '0'  '0'  '0'  '0'  '0'  '0'  '0'  '0'  '0'  '0'  '0'  '0'  '0'  '0'  '0'  '0'  '0'  '0'  '0'  '0'  '0'  '0'  '0'  '0'  '0'  '0'] Computer Name: WinDev2311Eval Record Number: 75 Event Level: 4,winevtx,NTFS:\Windows\System32\winevt\Logs\Microsoft-Windows-Kernel-Cache%4Operational.evtx,-
2023-12-26T23:26:18.814712+00:00,Creation Time,EVT,WinEVTX,[105 / 0x0069] Provider identifier: {a2d34bf1-70ab-5b21-c819-5a0dd42748fd} Source Name: Microsoft-Windows-Kernel-Cache Strings: ['{41D3EC20-359C-4609-9CCB-B4B58A34D66C}'  '18446744020623739176'  '0'  '0'  '0'  '0'  '0'  '0'  '0'  '0'  '0'  '0'  '0'  '0'  '0'  '0'  '0'  '0'  '0'  '0'  '0'  '0'  '0'  '0'  '0'  '0'  '0'  '0'  '0'  '0'  '0'  '0'  '0'  '0'  '0'  '0'  '0'  '0'  '0'  '0'  '0'  '0'  '0'  '0'  '0'  '0'  '0'  '0'  '0'  '0'] Computer Name: WinDev2311Eval Record Number: 75 Event Level: 4,winevtx,NTFS:\Windows\System32\winevt\Logs\Microsoft-Windows-Kernel-Cache%4Operational.evtx,-
2023-12-26T23:26:21.573257+00:00,Metadata Modification Time,FILE,NTFS USN change,RUNTIMEBROKER.EXE-A171222F.pf File reference: 132600-4 Parent file reference: 76318-2 Update source:  Update reason: USN_REASON_DATA_EXTEND  USN_REASON_DATA_TRUNCATION,usnjrnl,NTFS:\$Extend\$UsnJrnl:$J,-
2023-12-26T23:26:21.573257+00:00,Metadata Modification Time,FILE,NTFS USN change,RUNTIMEBROKER.EXE-A171222F.pf File reference: 132600-4 Parent file reference: 76318-2 Update source:  Update reason: USN_REASON_DATA_TRUNCATION,usnjrnl,NTFS:\$Extend\$UsnJrnl:$J,-
2023-12-26T23:26:21.589592+00:00,Metadata Modification Time,FILE,NTFS USN change,RUNTIMEBROKER.EXE-A171222F.pf File reference: 132600-4 Parent file reference: 76318-2 Update source:  Update reason: USN_REASON_DATA_EXTEND  USN_REASON_DATA_TRUNCATION  USN_REASON_CLOSE,usnjrnl,NTFS:\$Extend\$UsnJrnl:$J,-
2023-12-26T23:26:23.140523+00:00,Metadata Modification Time,FILE,NTFS USN change,www.bing[1].xml File reference: 132700-4 Parent file reference: 132699-3 Update source:  Update reason: USN_REASON_DATA_EXTEND  USN_REASON_DATA_TRUNCATION,usnjrnl,NTFS:\$Extend\$UsnJrnl:$J,-
2023-12-26T23:26:23.140523+00:00,Metadata Modification Time,FILE,NTFS USN change,www.bing[1].xml File reference: 132700-4 Parent file reference: 132699-3 Update source:  Update reason: USN_REASON_DATA_OVERWRITE  USN_REASON_DATA_EXTEND  USN_REASON_DATA_TRUNCATION,usnjrnl,NTFS:\$Extend\$UsnJrnl:$J,-
2023-12-26T23:26:23.140523+00:00,Metadata Modification Time,FILE,NTFS USN change,www.bing[1].xml File reference: 132700-4 Parent file reference: 132699-3 Update source:  Update reason: USN_REASON_DATA_TRUNCATION,usnjrnl,NTFS:\$Extend\$UsnJrnl:$J,-
2023-12-26T23:26:23.156655+00:00,Metadata Modification Time,FILE,NTFS USN change,www.bing[1].xml File reference: 132700-4 Parent file reference: 132699-3 Update source:  Update reason: USN_REASON_DATA_OVERWRITE  USN_REASON_DATA_EXTEND  USN_REASON_DATA_TRUNCATION  USN_REASON_CLOSE,usnjrnl,NTFS:\$Extend\$UsnJrnl:$J,-
2023-12-26T23:26:23.801399+00:00,Last Access Time,FILE,File stat,NTFS:\Program Files\WindowsApps\Microsoft.ScreenSketch_11.2201.12.0_x64__8wekyb3d8bbwe\Assets\SnippingToolAppList.targetsize-32.png Type: file,filestat,NTFS:\Program Files\WindowsApps\Microsoft.ScreenSketch_11.2201.12.0_x64__8wekyb3d8bbwe\Assets\SnippingToolAppList.targetsize-32.png,-
2023-12-26T23:26:23.801399+00:00,Last Access Time,FILE,File stat,NTFS:\Program Files\WindowsApps\Microsoft.ScreenSketch_11.2201.12.0_x64__8wekyb3d8bbwe\Assets\SnippingToolAppList.targetsize-32_altform-lightunplated.png Type: file,filestat,NTFS:\Program Files\WindowsApps\Microsoft.ScreenSketch_11.2201.12.0_x64__8wekyb3d8bbwe\Assets\SnippingToolAppList.targetsize-32_altform-lightunplated.png,-
2023-12-26T23:26:23.801399+00:00,Last Access Time,FILE,File stat,NTFS:\Program Files\WindowsApps\Microsoft.ScreenSketch_11.2201.12.0_x64__8wekyb3d8bbwe\Assets\SnippingToolAppList.targetsize-32_altform-unplated.png Type: file,filestat,NTFS:\Program Files\WindowsApps\Microsoft.ScreenSketch_11.2201.12.0_x64__8wekyb3d8bbwe\Assets\SnippingToolAppList.targetsize-32_altform-unplated.png,-
2023-12-26T23:26:24.360549+00:00,Last Access Time,FILE,File stat,NTFS:\Program Files\WindowsApps\Microsoft.WindowsCalculator_11.2307.4.0_x64__8wekyb3d8bbwe\Assets\CalculatorAppList.targetsize-32.png Type: file,filestat,NTFS:\Program Files\WindowsApps\Microsoft.WindowsCalculator_11.2307.4.0_x64__8wekyb3d8bbwe\Assets\CalculatorAppList.targetsize-32.png,-
2023-12-26T23:26:24.360549+00:00,Last Access Time,FILE,File stat,NTFS:\Program Files\WindowsApps\Microsoft.WindowsCalculator_11.2307.4.0_x64__8wekyb3d8bbwe\Assets\CalculatorAppList.targetsize-32_altform-lightunplated.png Type: file,filestat,NTFS:\Program Files\WindowsApps\Microsoft.WindowsCalculator_11.2307.4.0_x64__8wekyb3d8bbwe\Assets\CalculatorAppList.targetsize-32_altform-lightunplated.png,-
2023-12-26T23:26:24.360549+00:00,Last Access Time,FILE,File stat,NTFS:\Program Files\WindowsApps\Microsoft.WindowsCalculator_11.2307.4.0_x64__8wekyb3d8bbwe\Assets\CalculatorAppList.targetsize-32_altform-unplated.png Type: file,filestat,NTFS:\Program Files\WindowsApps\Microsoft.WindowsCalculator_11.2307.4.0_x64__8wekyb3d8bbwe\Assets\CalculatorAppList.targetsize-32_altform-unplated.png,-
2023-12-26T23:26:24.350786+00:00,Last Access Time,FILE,File stat,NTFS:\Program Files\WindowsApps\Microsoft.Paint_11.2309.30.0_x64__8wekyb3d8bbwe\Assets\PaintAppList.targetsize-32.png Type: file,filestat,NTFS:\Program Files\WindowsApps\Microsoft.Paint_11.2309.30.0_x64__8wekyb3d8bbwe\Assets\PaintAppList.targetsize-32.png,-
2023-12-26T23:26:24.350786+00:00,Last Access Time,FILE,File stat,NTFS:\Program Files\WindowsApps\Microsoft.Paint_11.2309.30.0_x64__8wekyb3d8bbwe\Assets\PaintAppList.targetsize-32_altform-lightunplated.png Type: file,filestat,NTFS:\Program Files\WindowsApps\Microsoft.Paint_11.2309.30.0_x64__8wekyb3d8bbwe\Assets\PaintAppList.targetsize-32_altform-lightunplated.png,-
2023-12-26T23:26:24.350786+00:00,Last Access Time,FILE,File stat,NTFS:\Program Files\WindowsApps\Microsoft.Paint_11.2309.30.0_x64__8wekyb3d8bbwe\Assets\PaintAppList.targetsize-32_altform-unplated.png Type: file,filestat,NTFS:\Program Files\WindowsApps\Microsoft.Paint_11.2309.30.0_x64__8wekyb3d8bbwe\Assets\PaintAppList.targetsize-32_altform-unplated.png,-
2023-12-26T23:26:24.429136+00:00,Metadata Modification Time,FILE,NTFS USN change,www.bing[1].xml File reference: 132700-4 Parent file reference: 132699-3 Update source:  Update reason: USN_REASON_DATA_EXTEND  USN_REASON_DATA_TRUNCATION,usnjrnl,NTFS:\$Extend\$UsnJrnl:$J,-
2023-12-26T23:26:24.429136+00:00,Metadata Modification Time,FILE,NTFS USN change,www.bing[1].xml File reference: 132700-4 Parent file reference: 132699-3 Update source:  Update reason: USN_REASON_DATA_OVERWRITE  USN_REASON_DATA_EXTEND  USN_REASON_DATA_TRUNCATION,usnjrnl,NTFS:\$Extend\$UsnJrnl:$J,-
2023-12-26T23:26:24.429136+00:00,Metadata Modification Time,FILE,NTFS USN change,www.bing[1].xml File reference: 132700-4 Parent file reference: 132699-3 Update source:  Update reason: USN_REASON_DATA_OVERWRITE  USN_REASON_DATA_EXTEND  USN_REASON_DATA_TRUNCATION  USN_REASON_CLOSE,usnjrnl,NTFS:\$Extend\$UsnJrnl:$J,-
2023-12-26T23:26:24.429136+00:00,Metadata Modification Time,FILE,NTFS USN change,www.bing[1].xml File reference: 132700-4 Parent file reference: 132699-3 Update source:  Update reason: USN_REASON_DATA_TRUNCATION,usnjrnl,NTFS:\$Extend\$UsnJrnl:$J,-
2023-12-26T23:26:25.198690+00:00,Metadata Modification Time,FILE,NTFS USN change,LegacySystemSettings.dll File reference: 102875-1 Parent file reference: 14982-1 Update source:  Update reason: USN_REASON_EA_CHANGE,usnjrnl,NTFS:\$Extend\$UsnJrnl:$J,-
2023-12-26T23:26:25.198690+00:00,Metadata Modification Time,FILE,NTFS USN change,LegacySystemSettings.dll File reference: 102875-1 Parent file reference: 14982-1 Update source:  Update reason: USN_REASON_EA_CHANGE  USN_REASON_CLOSE,usnjrnl,NTFS:\$Extend\$UsnJrnl:$J,-
2023-12-26T23:26:25.198690+00:00,Last Access Time,FILE,File stat,NTFS:\Windows\System32\CatRoot\{F750E6C3-38EE-11D1-85E5-00C04FC295EE}\Microsoft-Windows-Client-Desktop-Required-Package0512~31bf3856ad364e35~amd64~~10.0.22621.2715.cat Type: file,filestat,NTFS:\Windows\System32\CatRoot\{F750E6C3-38EE-11D1-85E5-00C04FC295EE}\Microsoft-Windows-Client-Desktop-Required-Package0512~31bf3856ad364e35~amd64~~10.0.22621.2715.cat,-
2023-12-26T23:26:25.198690+00:00,Metadata Modification Time,FILE,File stat,NTFS:\Windows\System32\LegacySystemSettings.dll Type: file,filestat,NTFS:\Windows\System32\LegacySystemSettings.dll,-
2023-12-26T23:26:25.198690+00:00,Last Access Time,FILE,File stat,NTFS:\Windows\WinSxS\Catalogs\1af3acdf788fc374cd4dae0caed427efcad2c620f0a2d959acccfe26b8ea1f2d.cat Type: file,filestat,NTFS:\Windows\WinSxS\Catalogs\1af3acdf788fc374cd4dae0caed427efcad2c620f0a2d959acccfe26b8ea1f2d.cat,-
2023-12-26T23:26:25.198690+00:00,Metadata Modification Time,FILE,File stat,NTFS:\Windows\WinSxS\amd64_microsoft-windows-legacysystemsettings_31bf3856ad364e35_10.0.22621.2506_none_065306c41538d820\LegacySystemSettings.dll Type: file,filestat,NTFS:\Windows\WinSxS\amd64_microsoft-windows-legacysystemsettings_31bf3856ad364e35_10.0.22621.2506_none_065306c41538d820\LegacySystemSettings.dll,-
2023-12-26T23:26:25.198690+00:00,Last Access Time,FILE,File stat,NTFS:\Windows\servicing\Packages\Microsoft-Windows-Client-Desktop-Required-Package0512~31bf3856ad364e35~amd64~~10.0.22621.2715.cat Type: file,filestat,NTFS:\Windows\servicing\Packages\Microsoft-Windows-Client-Desktop-Required-Package0512~31bf3856ad364e35~amd64~~10.0.22621.2715.cat,-
2023-12-26T23:26:25.651024+00:00,Metadata Modification Time,FILE,NTFS USN change,ntoskrnl.exe File reference: 103217-1 Parent file reference: 17285-1 Update source:  Update reason: USN_REASON_CLOSE,usnjrnl,NTFS:\$Extend\$UsnJrnl:$J,-
2023-12-26T23:26:25.651024+00:00,Metadata Modification Time,FILE,File stat,NTFS:\Windows\System32\ntoskrnl.exe Type: file,filestat,NTFS:\Windows\System32\ntoskrnl.exe,-
2023-12-26T23:26:25.651024+00:00,Metadata Modification Time,FILE,File stat,NTFS:\Windows\WinSxS\amd64_microsoft-windows-os-kernel_31bf3856ad364e35_10.0.22621.2715_none_4bf63e722fd1d201\ntoskrnl.exe Type: file,filestat,NTFS:\Windows\WinSxS\amd64_microsoft-windows-os-kernel_31bf3856ad364e35_10.0.22621.2715_none_4bf63e722fd1d201\ntoskrnl.exe,-
2023-12-26T23:26:26.851382+00:00,Metadata Modification Time,FILE,NTFS USN change,www.bing[1].xml File reference: 132700-4 Parent file reference: 132699-3 Update source:  Update reason: USN_REASON_DATA_EXTEND  USN_REASON_DATA_TRUNCATION,usnjrnl,NTFS:\$Extend\$UsnJrnl:$J,-
2023-12-26T23:26:26.851382+00:00,Metadata Modification Time,FILE,NTFS USN change,www.bing[1].xml File reference: 132700-4 Parent file reference: 132699-3 Update source:  Update reason: USN_REASON_DATA_OVERWRITE  USN_REASON_DATA_EXTEND  USN_REASON_DATA_TRUNCATION,usnjrnl,NTFS:\$Extend\$UsnJrnl:$J,-
2023-12-26T23:26:26.851382+00:00,Metadata Modification Time,FILE,NTFS USN change,www.bing[1].xml File reference: 132700-4 Parent file reference: 132699-3 Update source:  Update reason: USN_REASON_DATA_TRUNCATION,usnjrnl,NTFS:\$Extend\$UsnJrnl:$J,-
2023-12-26T23:26:26.866811+00:00,Metadata Modification Time,FILE,NTFS USN change,www.bing[1].xml File reference: 132700-4 Parent file reference: 132699-3 Update source:  Update reason: USN_REASON_DATA_OVERWRITE  USN_REASON_DATA_EXTEND  USN_REASON_DATA_TRUNCATION  USN_REASON_CLOSE,usnjrnl,NTFS:\$Extend\$UsnJrnl:$J,-
2023-12-26T23:26:27.411546+00:00,Metadata Modification Time,FILE,NTFS USN change,f4e26bbc-79b2-491a-a8e0-08918e48944f.tmp File reference: 135215-6 Parent file reference: 131949-6 Update source:  Update reason: USN_REASON_DATA_EXTEND  USN_REASON_FILE_CREATE,usnjrnl,NTFS:\$Extend\$UsnJrnl:$J,-
2023-12-26T23:26:27.411546+00:00,Metadata Modification Time,FILE,NTFS USN change,f4e26bbc-79b2-491a-a8e0-08918e48944f.tmp File reference: 135215-6 Parent file reference: 131949-6 Update source:  Update reason: USN_REASON_FILE_CREATE,usnjrnl,NTFS:\$Extend\$UsnJrnl:$J,-
2023-12-26T23:26:27.428246+00:00,Metadata Modification Time,FILE,NTFS USN change,Local State File reference: 135132-6 Parent file reference: 131949-6 Update source:  Update reason: USN_REASON_RENAME_OLD_NAME,usnjrnl,NTFS:\$Extend\$UsnJrnl:$J,-
2023-12-26T23:26:27.428246+00:00,Metadata Modification Time,FILE,NTFS USN change,Local State File reference: 135215-6 Parent file reference: 131949-6 Update source:  Update reason: USN_REASON_SECURITY_CHANGE  USN_REASON_RENAME_NEW_NAME  USN_REASON_BASIC_INFO_CHANGE,usnjrnl,NTFS:\$Extend\$UsnJrnl:$J,-
2023-12-26T23:26:27.428246+00:00,Metadata Modification Time,FILE,NTFS USN change,Local State File reference: 135215-6 Parent file reference: 131949-6 Update source:  Update reason: USN_REASON_SECURITY_CHANGE  USN_REASON_RENAME_NEW_NAME  USN_REASON_BASIC_INFO_CHANGE  USN_REASON_CLOSE,usnjrnl,NTFS:\$Extend\$UsnJrnl:$J,-
2023-12-26T23:26:27.428246+00:00,Metadata Modification Time,FILE,NTFS USN change,Local State~RFe2b32.TMP File reference: 135132-6 Parent file reference: 131949-6 Update source:  Update reason: USN_REASON_FILE_DELETE  USN_REASON_CLOSE,usnjrnl,NTFS:\$Extend\$UsnJrnl:$J,-
2023-12-26T23:26:27.428246+00:00,Metadata Modification Time,FILE,NTFS USN change,Local State~RFe2b32.TMP File reference: 135132-6 Parent file reference: 131949-6 Update source:  Update reason: USN_REASON_RENAME_NEW_NAME,usnjrnl,NTFS:\$Extend\$UsnJrnl:$J,-
2023-12-26T23:26:27.428246+00:00,Metadata Modification Time,FILE,NTFS USN change,Local State~RFe2b32.TMP File reference: 135132-6 Parent file reference: 131949-6 Update source:  Update reason: USN_REASON_RENAME_NEW_NAME  USN_REASON_CLOSE,usnjrnl,NTFS:\$Extend\$UsnJrnl:$J,-
2023-12-26T23:26:27.428246+00:00,Metadata Modification Time,FILE,NTFS USN change,Local State~RFe2b32.TMP File reference: 135216-6 Parent file reference: 131949-6 Update source:  Update reason: USN_REASON_FILE_CREATE,usnjrnl,NTFS:\$Extend\$UsnJrnl:$J,-
2023-12-26T23:26:27.428246+00:00,Metadata Modification Time,FILE,NTFS USN change,Local State~RFe2b32.TMP File reference: 135216-6 Parent file reference: 131949-6 Update source:  Update reason: USN_REASON_FILE_CREATE  USN_REASON_CLOSE,usnjrnl,NTFS:\$Extend\$UsnJrnl:$J,-
2023-12-26T23:26:27.428246+00:00,Metadata Modification Time,FILE,NTFS USN change,Local State~RFe2b32.TMP File reference: 135216-6 Parent file reference: 131949-6 Update source:  Update reason: USN_REASON_FILE_DELETE  USN_REASON_CLOSE,usnjrnl,NTFS:\$Extend\$UsnJrnl:$J,-
2023-12-26T23:26:27.428246+00:00,Metadata Modification Time,FILE,NTFS USN change,f4e26bbc-79b2-491a-a8e0-08918e48944f.tmp File reference: 135215-6 Parent file reference: 131949-6 Update source:  Update reason: USN_REASON_BASIC_INFO_CHANGE,usnjrnl,NTFS:\$Extend\$UsnJrnl:$J,-
2023-12-26T23:26:27.428246+00:00,Metadata Modification Time,FILE,NTFS USN change,f4e26bbc-79b2-491a-a8e0-08918e48944f.tmp File reference: 135215-6 Parent file reference: 131949-6 Update source:  Update reason: USN_REASON_DATA_EXTEND  USN_REASON_FILE_CREATE  USN_REASON_CLOSE,usnjrnl,NTFS:\$Extend\$UsnJrnl:$J,-
2023-12-26T23:26:27.428246+00:00,Metadata Modification Time,FILE,NTFS USN change,f4e26bbc-79b2-491a-a8e0-08918e48944f.tmp File reference: 135215-6 Parent file reference: 131949-6 Update source:  Update reason: USN_REASON_SECURITY_CHANGE  USN_REASON_BASIC_INFO_CHANGE,usnjrnl,NTFS:\$Extend\$UsnJrnl:$J,-
2023-12-26T23:26:27.428246+00:00,Metadata Modification Time,FILE,NTFS USN change,f4e26bbc-79b2-491a-a8e0-08918e48944f.tmp File reference: 135215-6 Parent file reference: 131949-6 Update source:  Update reason: USN_REASON_SECURITY_CHANGE  USN_REASON_RENAME_OLD_NAME  USN_REASON_BASIC_INFO_CHANGE,usnjrnl,NTFS:\$Extend\$UsnJrnl:$J,-
2023-12-26T23:26:28.282177+00:00,Metadata Modification Time,FILE,NTFS USN change,www.bing[1].xml File reference: 132700-4 Parent file reference: 132699-3 Update source:  Update reason: USN_REASON_DATA_EXTEND  USN_REASON_DATA_TRUNCATION,usnjrnl,NTFS:\$Extend\$UsnJrnl:$J,-
2023-12-26T23:26:28.282177+00:00,Metadata Modification Time,FILE,NTFS USN change,www.bing[1].xml File reference: 132700-4 Parent file reference: 132699-3 Update source:  Update reason: USN_REASON_DATA_OVERWRITE  USN_REASON_DATA_EXTEND  USN_REASON_DATA_TRUNCATION,usnjrnl,NTFS:\$Extend\$UsnJrnl:$J,-
2023-12-26T23:26:28.282177+00:00,Metadata Modification Time,FILE,NTFS USN change,www.bing[1].xml File reference: 132700-4 Parent file reference: 132699-3 Update source:  Update reason: USN_REASON_DATA_TRUNCATION,usnjrnl,NTFS:\$Extend\$UsnJrnl:$J,-
2023-12-26T23:26:28.317916+00:00,Metadata Modification Time,FILE,NTFS USN change,www.bing[1].xml File reference: 132700-4 Parent file reference: 132699-3 Update source:  Update reason: USN_REASON_DATA_OVERWRITE  USN_REASON_DATA_EXTEND  USN_REASON_DATA_TRUNCATION  USN_REASON_CLOSE,usnjrnl,NTFS:\$Extend\$UsnJrnl:$J,-
2023-12-26T23:26:30.413892+00:00,Metadata Modification Time,FILE,NTFS USN change,www.bing[1].xml File reference: 132700-4 Parent file reference: 132699-3 Update source:  Update reason: USN_REASON_DATA_EXTEND  USN_REASON_DATA_TRUNCATION,usnjrnl,NTFS:\$Extend\$UsnJrnl:$J,-
2023-12-26T23:26:30.413892+00:00,Metadata Modification Time,FILE,NTFS USN change,www.bing[1].xml File reference: 132700-4 Parent file reference: 132699-3 Update source:  Update reason: USN_REASON_DATA_OVERWRITE  USN_REASON_DATA_EXTEND  USN_REASON_DATA_TRUNCATION,usnjrnl,NTFS:\$Extend\$UsnJrnl:$J,-
2023-12-26T23:26:30.413892+00:00,Metadata Modification Time,FILE,NTFS USN change,www.bing[1].xml File reference: 132700-4 Parent file reference: 132699-3 Update source:  Update reason: USN_REASON_DATA_TRUNCATION,usnjrnl,NTFS:\$Extend\$UsnJrnl:$J,-
2023-12-26T23:26:30.430127+00:00,Metadata Modification Time,FILE,NTFS USN change,www.bing[1].xml File reference: 132700-4 Parent file reference: 132699-3 Update source:  Update reason: USN_REASON_DATA_OVERWRITE  USN_REASON_DATA_EXTEND  USN_REASON_DATA_TRUNCATION  USN_REASON_CLOSE,usnjrnl,NTFS:\$Extend\$UsnJrnl:$J,-
2023-12-26T23:26:31.391460+00:00,Metadata Modification Time,FILE,NTFS USN change,www.bing[1].xml File reference: 132700-4 Parent file reference: 132699-3 Update source:  Update reason: USN_REASON_DATA_EXTEND  USN_REASON_DATA_TRUNCATION,usnjrnl,NTFS:\$Extend\$UsnJrnl:$J,-
2023-12-26T23:26:31.391460+00:00,Metadata Modification Time,FILE,NTFS USN change,www.bing[1].xml File reference: 132700-4 Parent file reference: 132699-3 Update source:  Update reason: USN_REASON_DATA_OVERWRITE  USN_REASON_DATA_EXTEND  USN_REASON_DATA_TRUNCATION,usnjrnl,NTFS:\$Extend\$UsnJrnl:$J,-
2023-12-26T23:26:31.391460+00:00,Metadata Modification Time,FILE,NTFS USN change,www.bing[1].xml File reference: 132700-4 Parent file reference: 132699-3 Update source:  Update reason: USN_REASON_DATA_TRUNCATION,usnjrnl,NTFS:\$Extend\$UsnJrnl:$J,-
2023-12-26T23:26:31.407727+00:00,Metadata Modification Time,FILE,NTFS USN change,www.bing[1].xml File reference: 132700-4 Parent file reference: 132699-3 Update source:  Update reason: USN_REASON_DATA_OVERWRITE  USN_REASON_DATA_EXTEND  USN_REASON_DATA_TRUNCATION  USN_REASON_CLOSE,usnjrnl,NTFS:\$Extend\$UsnJrnl:$J,-
2023-12-26T23:26:32.439612+00:00,Metadata Modification Time,FILE,NTFS USN change,dllhost.exe File reference: 68636-1 Parent file reference: 27003-1 Update source:  Update reason: USN_REASON_CLOSE,usnjrnl,NTFS:\$Extend\$UsnJrnl:$J,-
2023-12-26T23:26:32.439612+00:00,Metadata Modification Time,FILE,File stat,NTFS:\Windows\SysWOW64\dllhost.exe Type: file,filestat,NTFS:\Windows\SysWOW64\dllhost.exe,-
2023-12-26T23:26:32.439612+00:00,Metadata Modification Time,FILE,File stat,NTFS:\Windows\WinSxS\wow64_microsoft-windows-com-surrogate-core_31bf3856ad364e35_10.0.22621.1_none_a0d5060afeb70422\dllhost.exe Type: file,filestat,NTFS:\Windows\WinSxS\wow64_microsoft-windows-com-surrogate-core_31bf3856ad364e35_10.0.22621.1_none_a0d5060afeb70422\dllhost.exe,-
2023-12-26T23:26:32.488096+00:00,Previous Last Time Executed,LOG,WinPrefetch,Prefetch [DLLHOST.EXE] was executed - run count 2 path hints: \WINDOWS\SYSWOW64\DLLHOST.EXE hash: 0xC7028A70 volume: 1 [serial number: 0x5CE1DF5A  device path: \VOLUME{01da182ce1985a64-5ce1df5a}],prefetch,NTFS:\Windows\Prefetch\DLLHOST.EXE-C7028A70.pf,-
2023-12-26T23:26:32.506546+00:00,Metadata Modification Time,FILE,NTFS USN change,VirtualStore File reference: 135132-7 Parent file reference: 42581-3 Update source:  Update reason: USN_REASON_FILE_CREATE,usnjrnl,NTFS:\$Extend\$UsnJrnl:$J,-
2023-12-26T23:26:32.506546+00:00,Metadata Modification Time,FILE,NTFS USN change,VirtualStore File reference: 135132-7 Parent file reference: 42581-3 Update source:  Update reason: USN_REASON_FILE_CREATE  USN_REASON_CLOSE,usnjrnl,NTFS:\$Extend\$UsnJrnl:$J,-
2023-12-26T23:26:32.506546+00:00,Content Modification Time,FILE,File stat,NTFS:\Users\User\AppData\Local\VirtualStore Type: directory,filestat,NTFS:\Users\User\AppData\Local\VirtualStore,-
2023-12-26T23:26:32.506546+00:00,Creation Time,FILE,File stat,NTFS:\Users\User\AppData\Local\VirtualStore Type: directory,filestat,NTFS:\Users\User\AppData\Local\VirtualStore,-
2023-12-26T23:26:32.506546+00:00,Last Access Time,FILE,File stat,NTFS:\Users\User\AppData\Local\VirtualStore Type: directory,filestat,NTFS:\Users\User\AppData\Local\VirtualStore,-
2023-12-26T23:26:32.506546+00:00,Metadata Modification Time,FILE,File stat,NTFS:\Users\User\AppData\Local\VirtualStore Type: directory,filestat,NTFS:\Users\User\AppData\Local\VirtualStore,-
2023-12-26T23:26:32.754171+00:00,Metadata Modification Time,FILE,NTFS USN change,www.bing[1].xml File reference: 132700-4 Parent file reference: 132699-3 Update source:  Update reason: USN_REASON_DATA_EXTEND  USN_REASON_DATA_TRUNCATION,usnjrnl,NTFS:\$Extend\$UsnJrnl:$J,-
2023-12-26T23:26:32.754171+00:00,Metadata Modification Time,FILE,NTFS USN change,www.bing[1].xml File reference: 132700-4 Parent file reference: 132699-3 Update source:  Update reason: USN_REASON_DATA_OVERWRITE  USN_REASON_DATA_EXTEND  USN_REASON_DATA_TRUNCATION,usnjrnl,NTFS:\$Extend\$UsnJrnl:$J,-
2023-12-26T23:26:32.754171+00:00,Metadata Modification Time,FILE,NTFS USN change,www.bing[1].xml File reference: 132700-4 Parent file reference: 132699-3 Update source:  Update reason: USN_REASON_DATA_TRUNCATION,usnjrnl,NTFS:\$Extend\$UsnJrnl:$J,-
2023-12-26T23:26:32.770505+00:00,Metadata Modification Time,FILE,NTFS USN change,www.bing[1].xml File reference: 132700-4 Parent file reference: 132699-3 Update source:  Update reason: USN_REASON_DATA_OVERWRITE  USN_REASON_DATA_EXTEND  USN_REASON_DATA_TRUNCATION  USN_REASON_CLOSE,usnjrnl,NTFS:\$Extend\$UsnJrnl:$J,-
2023-12-26T23:26:32.974756+00:00,Metadata Modification Time,FILE,NTFS USN change,actxprxy.dll File reference: 107588-1 Parent file reference: 26492-1 Update source:  Update reason: USN_REASON_EA_CHANGE,usnjrnl,NTFS:\$Extend\$UsnJrnl:$J,-
2023-12-26T23:26:32.974756+00:00,Metadata Modification Time,FILE,NTFS USN change,actxprxy.dll File reference: 107588-1 Parent file reference: 26492-1 Update source:  Update reason: USN_REASON_EA_CHANGE  USN_REASON_CLOSE,usnjrnl,NTFS:\$Extend\$UsnJrnl:$J,-
2023-12-26T23:26:32.974756+00:00,Metadata Modification Time,FILE,File stat,NTFS:\Windows\SysWOW64\actxprxy.dll Type: file,filestat,NTFS:\Windows\SysWOW64\actxprxy.dll,-
2023-12-26T23:26:32.974756+00:00,Last Access Time,FILE,File stat,NTFS:\Windows\System32\CatRoot\{F750E6C3-38EE-11D1-85E5-00C04FC295EE}\Microsoft-Windows-Client-Desktop-Required-WOW64-Package0014~31bf3856ad364e35~amd64~~10.0.22621.2506.cat Type: file,filestat,NTFS:\Windows\System32\CatRoot\{F750E6C3-38EE-11D1-85E5-00C04FC295EE}\Microsoft-Windows-Client-Desktop-Required-WOW64-Package0014~31bf3856ad364e35~amd64~~10.0.22621.2506.cat,-
2023-12-26T23:26:32.974756+00:00,Last Access Time,FILE,File stat,NTFS:\Windows\WinSxS\Catalogs\f7c2ea3ea8bf58ccefde9a221564fdded56b4d629f7993f62906c03125f1116a.cat Type: file,filestat,NTFS:\Windows\WinSxS\Catalogs\f7c2ea3ea8bf58ccefde9a221564fdded56b4d629f7993f62906c03125f1116a.cat,-
2023-12-26T23:26:32.974756+00:00,Metadata Modification Time,FILE,File stat,NTFS:\Windows\WinSxS\wow64_microsoft-windows-activexproxy_31bf3856ad364e35_10.0.22621.2506_none_fc3d43599a4aa092\actxprxy.dll Type: file,filestat,NTFS:\Windows\WinSxS\wow64_microsoft-windows-activexproxy_31bf3856ad364e35_10.0.22621.2506_none_fc3d43599a4aa092\actxprxy.dll,-
2023-12-26T23:26:32.974756+00:00,Last Access Time,FILE,File stat,NTFS:\Windows\servicing\Packages\Microsoft-Windows-Client-Desktop-Required-WOW64-Package0014~31bf3856ad364e35~amd64~~10.0.22621.2506.cat Type: file,filestat,NTFS:\Windows\servicing\Packages\Microsoft-Windows-Client-Desktop-Required-WOW64-Package0014~31bf3856ad364e35~amd64~~10.0.22621.2506.cat,-
2023-12-26T23:26:34.622953+00:00,Content Modification Time,REG,Registry Key,[HKEY_CURRENT_USER\Software\Microsoft\Windows\CurrentVersion\Explorer\CabinetState] FullPath: [REG_DWORD_LE] 0 Settings: [REG_BINARY] (12 bytes),winreg/winreg_default,NTFS:\Users\User\NTUSER.DAT,-
2023-12-26T23:26:34.673713+00:00,Content Modification Time,REG,Registry Key,[HKEY_CURRENT_USER\Software\Classes\Local Settings\Software\Microsoft\Windows\Shell\MuiCache] C:\Windows\Explorer.exe.ApplicationCompany: [REG_SZ] Microsoft Corporation C:\Windows\Explorer.exe.FriendlyAppName: [REG_SZ] Windows Explorer LangID: [REG_BINARY] (2 bytes),winreg/winreg_default,NTFS:\Users\User\AppData\Local\Microsoft\Windows\UsrClass.dat,-
2023-12-26T23:26:34.810777+00:00,Previous Last Time Executed,LOG,WinPrefetch,Prefetch [EXPLORER.EXE] was executed - run count 2 path hints: \WINDOWS\EXPLORER.EXE hash: 0x03C49D11 volume: 1 [serial number: 0x5CE1DF5A  device path: \VOLUME{01da182ce1985a64-5ce1df5a}],prefetch,NTFS:\Windows\Prefetch\EXPLORER.EXE-03C49D11.pf,-
2023-12-26T23:26:35.321025+00:00,Metadata Modification Time,FILE,NTFS USN change,www.bing[1].xml File reference: 132700-4 Parent file reference: 132699-3 Update source:  Update reason: USN_REASON_DATA_EXTEND  USN_REASON_DATA_TRUNCATION,usnjrnl,NTFS:\$Extend\$UsnJrnl:$J,-
2023-12-26T23:26:35.321025+00:00,Metadata Modification Time,FILE,NTFS USN change,www.bing[1].xml File reference: 132700-4 Parent file reference: 132699-3 Update source:  Update reason: USN_REASON_DATA_OVERWRITE  USN_REASON_DATA_EXTEND  USN_REASON_DATA_TRUNCATION,usnjrnl,NTFS:\$Extend\$UsnJrnl:$J,-
2023-12-26T23:26:35.321025+00:00,Metadata Modification Time,FILE,NTFS USN change,www.bing[1].xml File reference: 132700-4 Parent file reference: 132699-3 Update source:  Update reason: USN_REASON_DATA_OVERWRITE  USN_REASON_DATA_EXTEND  USN_REASON_DATA_TRUNCATION  USN_REASON_CLOSE,usnjrnl,NTFS:\$Extend\$UsnJrnl:$J,-
2023-12-26T23:26:35.321025+00:00,Metadata Modification Time,FILE,NTFS USN change,www.bing[1].xml File reference: 132700-4 Parent file reference: 132699-3 Update source:  Update reason: USN_REASON_DATA_TRUNCATION,usnjrnl,NTFS:\$Extend\$UsnJrnl:$J,-
2023-12-26T23:26:35.906351+00:00,Last Access Time,FILE,File stat,NTFS:\Windows\System32\ntdll.dll Type: file,filestat,NTFS:\Windows\System32\ntdll.dll,-
2023-12-26T23:26:35.906351+00:00,Last Access Time,FILE,File stat,NTFS:\Windows\WinSxS\amd64_microsoft-windows-ntdll_31bf3856ad364e35_10.0.22621.2506_none_38b143d977cd3417\ntdll.dll Type: file,filestat,NTFS:\Windows\WinSxS\amd64_microsoft-windows-ntdll_31bf3856ad364e35_10.0.22621.2506_none_38b143d977cd3417\ntdll.dll,-
2023-12-26T23:26:36.111290+00:00,Metadata Modification Time,FILE,NTFS USN change,www.bing[1].xml File reference: 132700-4 Parent file reference: 132699-3 Update source:  Update reason: USN_REASON_DATA_EXTEND  USN_REASON_DATA_TRUNCATION,usnjrnl,NTFS:\$Extend\$UsnJrnl:$J,-
2023-12-26T23:26:36.111290+00:00,Metadata Modification Time,FILE,NTFS USN change,www.bing[1].xml File reference: 132700-4 Parent file reference: 132699-3 Update source:  Update reason: USN_REASON_DATA_OVERWRITE  USN_REASON_DATA_EXTEND  USN_REASON_DATA_TRUNCATION,usnjrnl,NTFS:\$Extend\$UsnJrnl:$J,-
2023-12-26T23:26:36.111290+00:00,Metadata Modification Time,FILE,NTFS USN change,www.bing[1].xml File reference: 132700-4 Parent file reference: 132699-3 Update source:  Update reason: USN_REASON_DATA_OVERWRITE  USN_REASON_DATA_EXTEND  USN_REASON_DATA_TRUNCATION  USN_REASON_CLOSE,usnjrnl,NTFS:\$Extend\$UsnJrnl:$J,-
2023-12-26T23:26:36.111290+00:00,Metadata Modification Time,FILE,NTFS USN change,www.bing[1].xml File reference: 132700-4 Parent file reference: 132699-3 Update source:  Update reason: USN_REASON_DATA_TRUNCATION,usnjrnl,NTFS:\$Extend\$UsnJrnl:$J,-
2023-12-26T23:26:36.393912+00:00,Content Modification Time,EVT,WinEVTX,[603 / 0x025b] Provider identifier: {3f471139-acb7-4a01-b7a7-ff5da4ba2d43} Source Name: Microsoft-Windows-AppXDeployment-Server Strings: ['20'  'Microsoft.WindowsAppRuntime.CBS_8wekyb3d8bbwe'  '1'  '0'  'explorer.exe'  ''] Computer Name: WinDev2311Eval Record Number: 7911 Event Level: 4,winevtx,NTFS:\Windows\System32\winevt\Logs\Microsoft-Windows-AppXDeploymentServer%4Operational.evtx,-
2023-12-26T23:26:36.393912+00:00,Creation Time,EVT,WinEVTX,[603 / 0x025b] Provider identifier: {3f471139-acb7-4a01-b7a7-ff5da4ba2d43} Source Name: Microsoft-Windows-AppXDeployment-Server Strings: ['20'  'Microsoft.WindowsAppRuntime.CBS_8wekyb3d8bbwe'  '1'  '0'  'explorer.exe'  ''] Computer Name: WinDev2311Eval Record Number: 7911 Event Level: 4,winevtx,NTFS:\Windows\System32\winevt\Logs\Microsoft-Windows-AppXDeploymentServer%4Operational.evtx,-
2023-12-26T23:26:36.655244+00:00,Metadata Modification Time,FILE,NTFS USN change,S-1-5-21-4087375726-1105420669-2909453743-1000 File reference: 133808-5 Parent file reference: 1954-1 Update source:  Update reason: USN_REASON_FILE_DELETE  USN_REASON_CLOSE,usnjrnl,NTFS:\$Extend\$UsnJrnl:$J,-
2023-12-26T23:26:36.655244+00:00,Metadata Modification Time,FILE,NTFS USN change,e43f305b-2187-4195-97d3-f115e81e31ad_S-1-5-21-4087375726-1105420669-2909453743-1000_26.rslc File reference: 133807-3 Parent file reference: 1789-1 Update source:  Update reason: USN_REASON_FILE_DELETE  USN_REASON_CLOSE,usnjrnl,NTFS:\$Extend\$UsnJrnl:$J,-
2023-12-26T23:26:36.655244+00:00,Metadata Modification Time,FILE,NTFS USN change,e43f305b-2187-4195-97d3-f115e81e31ad_S-1-5-21-4087375726-1105420669-2909453743-1000_26.rslc File reference: 133807-3 Parent file reference: 1789-1 Update source:  Update reason: USN_REASON_INDEXABLE_CHANGE  USN_REASON_BASIC_INFO_CHANGE,usnjrnl,NTFS:\$Extend\$UsnJrnl:$J,-
2023-12-26T23:26:36.655244+00:00,Metadata Modification Time,FILE,NTFS USN change,e43f305b-2187-4195-97d3-f115e81e31ad_S-1-5-21-4087375726-1105420669-2909453743-1000_26.rslc File reference: 133807-3 Parent file reference: 1789-1 Update source:  Update reason: USN_REASON_INDEXABLE_CHANGE  USN_REASON_BASIC_INFO_CHANGE  USN_REASON_CLOSE,usnjrnl,NTFS:\$Extend\$UsnJrnl:$J,-
2023-12-26T23:26:36.655244+00:00,Metadata Modification Time,FILE,NTFS USN change,e43f305b-2187-4195-97d3-f115e81e31ad_S-1-5-21-4087375726-1105420669-2909453743-1000_27.rslc File reference: 133782-6 Parent file reference: 1789-1 Update source:  Update reason: USN_REASON_FILE_DELETE  USN_REASON_CLOSE,usnjrnl,NTFS:\$Extend\$UsnJrnl:$J,-
2023-12-26T23:26:36.655244+00:00,Metadata Modification Time,FILE,NTFS USN change,e43f305b-2187-4195-97d3-f115e81e31ad_S-1-5-21-4087375726-1105420669-2909453743-1000_27.rslc File reference: 133782-6 Parent file reference: 1789-1 Update source:  Update reason: USN_REASON_INDEXABLE_CHANGE  USN_REASON_BASIC_INFO_CHANGE,usnjrnl,NTFS:\$Extend\$UsnJrnl:$J,-
2023-12-26T23:26:36.655244+00:00,Metadata Modification Time,FILE,NTFS USN change,e43f305b-2187-4195-97d3-f115e81e31ad_S-1-5-21-4087375726-1105420669-2909453743-1000_27.rslc File reference: 133782-6 Parent file reference: 1789-1 Update source:  Update reason: USN_REASON_INDEXABLE_CHANGE  USN_REASON_BASIC_INFO_CHANGE  USN_REASON_CLOSE,usnjrnl,NTFS:\$Extend\$UsnJrnl:$J,-
2023-12-26T23:26:36.655244+00:00,Metadata Modification Time,FILE,NTFS USN change,e43f305b-2187-4195-97d3-f115e81e31ad_S-1-5-21-4087375726-1105420669-2909453743-1000_28.rslc File reference: 172098-10 Parent file reference: 1789-1 Update source:  Update reason: USN_REASON_FILE_DELETE  USN_REASON_CLOSE,usnjrnl,NTFS:\$Extend\$UsnJrnl:$J,-
2023-12-26T23:26:36.655244+00:00,Metadata Modification Time,FILE,NTFS USN change,e43f305b-2187-4195-97d3-f115e81e31ad_S-1-5-21-4087375726-1105420669-2909453743-1000_28.rslc File reference: 172098-10 Parent file reference: 1789-1 Update source:  Update reason: USN_REASON_INDEXABLE_CHANGE  USN_REASON_BASIC_INFO_CHANGE,usnjrnl,NTFS:\$Extend\$UsnJrnl:$J,-
2023-12-26T23:26:36.655244+00:00,Metadata Modification Time,FILE,NTFS USN change,e43f305b-2187-4195-97d3-f115e81e31ad_S-1-5-21-4087375726-1105420669-2909453743-1000_28.rslc File reference: 172098-10 Parent file reference: 1789-1 Update source:  Update reason: USN_REASON_INDEXABLE_CHANGE  USN_REASON_BASIC_INFO_CHANGE  USN_REASON_CLOSE,usnjrnl,NTFS:\$Extend\$UsnJrnl:$J,-
2023-12-26T23:26:36.655244+00:00,Metadata Modification Time,FILE,NTFS USN change,e43f305b-2187-4195-97d3-f115e81e31ad_S-1-5-21-4087375726-1105420669-2909453743-1000_29.rslc File reference: 133782-7 Parent file reference: 1789-1 Update source:  Update reason: USN_REASON_DATA_EXTEND  USN_REASON_FILE_CREATE,usnjrnl,NTFS:\$Extend\$UsnJrnl:$J,-
2023-12-26T23:26:36.655244+00:00,Metadata Modification Time,FILE,NTFS USN change,e43f305b-2187-4195-97d3-f115e81e31ad_S-1-5-21-4087375726-1105420669-2909453743-1000_29.rslc File reference: 133782-7 Parent file reference: 1789-1 Update source:  Update reason: USN_REASON_FILE_CREATE,usnjrnl,NTFS:\$Extend\$UsnJrnl:$J,-
2023-12-26T23:26:36.670808+00:00,Metadata Modification Time,FILE,NTFS USN change,S-1-5-21-4087375726-1105420669-2909453743-1000 File reference: 133807-4 Parent file reference: 1954-1 Update source:  Update reason: USN_REASON_FILE_CREATE,usnjrnl,NTFS:\$Extend\$UsnJrnl:$J,-
2023-12-26T23:26:36.670808+00:00,Metadata Modification Time,FILE,NTFS USN change,S-1-5-21-4087375726-1105420669-2909453743-1000 File reference: 133807-4 Parent file reference: 1954-1 Update source:  Update reason: USN_REASON_FILE_CREATE  USN_REASON_CLOSE,usnjrnl,NTFS:\$Extend\$UsnJrnl:$J,-
2023-12-26T23:26:36.670808+00:00,Metadata Modification Time,FILE,NTFS USN change,e43f305b-2187-4195-97d3-f115e81e31ad_S-1-5-21-4087375726-1105420669-2909453743-1000_29.rslc File reference: 133782-7 Parent file reference: 1789-1 Update source:  Update reason: USN_REASON_DATA_EXTEND  USN_REASON_FILE_CREATE  USN_REASON_CLOSE,usnjrnl,NTFS:\$Extend\$UsnJrnl:$J,-
2023-12-26T23:26:36.672340+00:00,Content Modification Time,EVT,WinEVTX,[10002 / 0x2712] Provider identifier: {3f471139-acb7-4a01-b7a7-ff5da4ba2d43} Source Name: Microsoft-Windows-AppXDeployment-Server Strings: ['6'  'Microsoft.WindowsAppRuntime.CBS_4000.1027.2341.0_x64__8wekyb3d8bbwe'  'C:\\ProgramData\\Microsoft\\Windows\\AppRepository\\e43f305b-2187-4195-97d3-f115e81e31ad_S-1-5-21-4087375726-1105420669-2909453743-1000_29.rslc'] Computer Name: WinDev2311Eval Record Number: 7912 Event Level: 5,winevtx,NTFS:\Windows\System32\winevt\Logs\Microsoft-Windows-AppXDeploymentServer%4Operational.evtx,-
2023-12-26T23:26:36.672340+00:00,Creation Time,EVT,WinEVTX,[10002 / 0x2712] Provider identifier: {3f471139-acb7-4a01-b7a7-ff5da4ba2d43} Source Name: Microsoft-Windows-AppXDeployment-Server Strings: ['6'  'Microsoft.WindowsAppRuntime.CBS_4000.1027.2341.0_x64__8wekyb3d8bbwe'  'C:\\ProgramData\\Microsoft\\Windows\\AppRepository\\e43f305b-2187-4195-97d3-f115e81e31ad_S-1-5-21-4087375726-1105420669-2909453743-1000_29.rslc'] Computer Name: WinDev2311Eval Record Number: 7912 Event Level: 5,winevtx,NTFS:\Windows\System32\winevt\Logs\Microsoft-Windows-AppXDeploymentServer%4Operational.evtx,-
2023-12-26T23:26:36.680826+00:00,Content Modification Time,EVT,WinEVTX,[607 / 0x025f] Provider identifier: {3f471139-acb7-4a01-b7a7-ff5da4ba2d43} Source Name: Microsoft-Windows-AppXDeployment-Server Strings: ['6'  'Microsoft.WindowsAppRuntime.CBS_4000.1027.2341.0_x64__8wekyb3d8bbwe'  'S-1-5-21-4087375726-1105420669-2909453743-1000'  'explorer.exe'] Computer Name: WinDev2311Eval Record Number: 7913 Event Level: 4,winevtx,NTFS:\Windows\System32\winevt\Logs\Microsoft-Windows-AppXDeploymentServer%4Operational.evtx,-
2023-12-26T23:26:36.680826+00:00,Creation Time,EVT,WinEVTX,[607 / 0x025f] Provider identifier: {3f471139-acb7-4a01-b7a7-ff5da4ba2d43} Source Name: Microsoft-Windows-AppXDeployment-Server Strings: ['6'  'Microsoft.WindowsAppRuntime.CBS_4000.1027.2341.0_x64__8wekyb3d8bbwe'  'S-1-5-21-4087375726-1105420669-2909453743-1000'  'explorer.exe'] Computer Name: WinDev2311Eval Record Number: 7913 Event Level: 4,winevtx,NTFS:\Windows\System32\winevt\Logs\Microsoft-Windows-AppXDeploymentServer%4Operational.evtx,-
2023-12-26T23:26:36.684068+00:00,Content Modification Time,EVT,WinEVTX,[854 / 0x0356] Provider identifier: {3f471139-acb7-4a01-b7a7-ff5da4ba2d43} Source Name: Microsoft-Windows-AppXDeployment-Server Strings: [' C:\\Windows\\SystemApps\\Microsoft.WindowsAppRuntime.CBS_8wekyb3d8bbwe\\AppxManifest.xml'] Computer Name: WinDev2311Eval Record Number: 7914 Event Level: 4,winevtx,NTFS:\Windows\System32\winevt\Logs\Microsoft-Windows-AppXDeploymentServer%4Operational.evtx,-
2023-12-26T23:26:36.684068+00:00,Creation Time,EVT,WinEVTX,[854 / 0x0356] Provider identifier: {3f471139-acb7-4a01-b7a7-ff5da4ba2d43} Source Name: Microsoft-Windows-AppXDeployment-Server Strings: [' C:\\Windows\\SystemApps\\Microsoft.WindowsAppRuntime.CBS_8wekyb3d8bbwe\\AppxManifest.xml'] Computer Name: WinDev2311Eval Record Number: 7914 Event Level: 4,winevtx,NTFS:\Windows\System32\winevt\Logs\Microsoft-Windows-AppXDeploymentServer%4Operational.evtx,-
2023-12-26T23:26:36.686835+00:00,Metadata Modification Time,FILE,NTFS USN change,f332fccd-9070-445f-9718-75f5c6c2587f File reference: 133808-6 Parent file reference: 5177-1 Update source:  Update reason: USN_REASON_FILE_CREATE,usnjrnl,NTFS:\$Extend\$UsnJrnl:$J,-
2023-12-26T23:26:36.686835+00:00,Metadata Modification Time,FILE,NTFS USN change,f332fccd-9070-445f-9718-75f5c6c2587f File reference: 133808-6 Parent file reference: 5177-1 Update source:  Update reason: USN_REASON_FILE_CREATE  USN_REASON_FILE_DELETE  USN_REASON_CLOSE,usnjrnl,NTFS:\$Extend\$UsnJrnl:$J,-
2023-12-26T23:26:36.736922+00:00,Content Modification Time,EVT,WinEVTX,[855 / 0x0357] Provider identifier: {3f471139-acb7-4a01-b7a7-ff5da4ba2d43} Source Name: Microsoft-Windows-AppXDeployment-Server Strings: [' addPackageList: Microsoft.WindowsAppRuntime.CBS_4000.1027.2341.0_x64__8wekyb3d8bbwe'] Computer Name: WinDev2311Eval Record Number: 7915 Event Level: 4,winevtx,NTFS:\Windows\System32\winevt\Logs\Microsoft-Windows-AppXDeploymentServer%4Operational.evtx,-
2023-12-26T23:26:36.736922+00:00,Creation Time,EVT,WinEVTX,[855 / 0x0357] Provider identifier: {3f471139-acb7-4a01-b7a7-ff5da4ba2d43} Source Name: Microsoft-Windows-AppXDeployment-Server Strings: [' addPackageList: Microsoft.WindowsAppRuntime.CBS_4000.1027.2341.0_x64__8wekyb3d8bbwe'] Computer Name: WinDev2311Eval Record Number: 7915 Event Level: 4,winevtx,NTFS:\Windows\System32\winevt\Logs\Microsoft-Windows-AppXDeploymentServer%4Operational.evtx,-
2023-12-26T23:26:36.806248+00:00,Content Modification Time,EVT,WinEVTX,[9643 / 0x25ab] Provider identifier: {3f471139-acb7-4a01-b7a7-ff5da4ba2d43} Source Name: Microsoft-Windows-AppXDeployment-Server Strings: ['0x00000000'] Computer Name: WinDev2311Eval Record Number: 7916 Event Level: 5,winevtx,NTFS:\Windows\System32\winevt\Logs\Microsoft-Windows-AppXDeploymentServer%4Operational.evtx,-
2023-12-26T23:26:36.806248+00:00,Creation Time,EVT,WinEVTX,[9643 / 0x25ab] Provider identifier: {3f471139-acb7-4a01-b7a7-ff5da4ba2d43} Source Name: Microsoft-Windows-AppXDeployment-Server Strings: ['0x00000000'] Computer Name: WinDev2311Eval Record Number: 7916 Event Level: 5,winevtx,NTFS:\Windows\System32\winevt\Logs\Microsoft-Windows-AppXDeploymentServer%4Operational.evtx,-
2023-12-26T23:26:36.806313+00:00,Content Modification Time,EVT,WinEVTX,[9643 / 0x25ab] Provider identifier: {3f471139-acb7-4a01-b7a7-ff5da4ba2d43} Source Name: Microsoft-Windows-AppXDeployment-Server Strings: ['0x00000000'] Computer Name: WinDev2311Eval Record Number: 7917 Event Level: 5,winevtx,NTFS:\Windows\System32\winevt\Logs\Microsoft-Windows-AppXDeploymentServer%4Operational.evtx,-
2023-12-26T23:26:36.806313+00:00,Creation Time,EVT,WinEVTX,[9643 / 0x25ab] Provider identifier: {3f471139-acb7-4a01-b7a7-ff5da4ba2d43} Source Name: Microsoft-Windows-AppXDeployment-Server Strings: ['0x00000000'] Computer Name: WinDev2311Eval Record Number: 7917 Event Level: 5,winevtx,NTFS:\Windows\System32\winevt\Logs\Microsoft-Windows-AppXDeploymentServer%4Operational.evtx,-
2023-12-26T23:26:36.817666+00:00,Content Modification Time,EVT,WinEVTX,[271 / 0x010f] Provider identifier: {89592015-d996-4636-8f61-066b5d4dd739} Source Name: Microsoft-Windows-StateRepository Strings: ['0x00000000'] Computer Name: WinDev2311Eval Record Number: 1603 Event Level: 5,winevtx,NTFS:\Windows\System32\winevt\Logs\Microsoft-Windows-StateRepository%4Operational.evtx,-
2023-12-26T23:26:36.817666+00:00,Creation Time,EVT,WinEVTX,[271 / 0x010f] Provider identifier: {89592015-d996-4636-8f61-066b5d4dd739} Source Name: Microsoft-Windows-StateRepository Strings: ['0x00000000'] Computer Name: WinDev2311Eval Record Number: 1603 Event Level: 5,winevtx,NTFS:\Windows\System32\winevt\Logs\Microsoft-Windows-StateRepository%4Operational.evtx,-
2023-12-26T23:26:36.817985+00:00,Content Modification Time,EVT,WinEVTX,[10000 / 0x2710] Provider identifier: {3f471139-acb7-4a01-b7a7-ff5da4ba2d43} Source Name: Microsoft-Windows-AppXDeployment-Server Strings: ['Microsoft.WindowsAppRuntime.CBS_4000.1027.2341.0_x64__8wekyb3d8bbwe'  '0x00000000'] Computer Name: WinDev2311Eval Record Number: 7918 Event Level: 5,winevtx,NTFS:\Windows\System32\winevt\Logs\Microsoft-Windows-AppXDeploymentServer%4Operational.evtx,-
2023-12-26T23:26:36.817985+00:00,Creation Time,EVT,WinEVTX,[10000 / 0x2710] Provider identifier: {3f471139-acb7-4a01-b7a7-ff5da4ba2d43} Source Name: Microsoft-Windows-AppXDeployment-Server Strings: ['Microsoft.WindowsAppRuntime.CBS_4000.1027.2341.0_x64__8wekyb3d8bbwe'  '0x00000000'] Computer Name: WinDev2311Eval Record Number: 7918 Event Level: 5,winevtx,NTFS:\Windows\System32\winevt\Logs\Microsoft-Windows-AppXDeploymentServer%4Operational.evtx,-
2023-12-26T23:26:36.849711+00:00,Content Modification Time,EVT,WinEVTX,[9643 / 0x25ab] Provider identifier: {3f471139-acb7-4a01-b7a7-ff5da4ba2d43} Source Name: Microsoft-Windows-AppXDeployment-Server Strings: ['0x00000000'] Computer Name: WinDev2311Eval Record Number: 7919 Event Level: 5,winevtx,NTFS:\Windows\System32\winevt\Logs\Microsoft-Windows-AppXDeploymentServer%4Operational.evtx,-
2023-12-26T23:26:36.849711+00:00,Creation Time,EVT,WinEVTX,[9643 / 0x25ab] Provider identifier: {3f471139-acb7-4a01-b7a7-ff5da4ba2d43} Source Name: Microsoft-Windows-AppXDeployment-Server Strings: ['0x00000000'] Computer Name: WinDev2311Eval Record Number: 7919 Event Level: 5,winevtx,NTFS:\Windows\System32\winevt\Logs\Microsoft-Windows-AppXDeploymentServer%4Operational.evtx,-
2023-12-26T23:26:36.849759+00:00,Content Modification Time,EVT,WinEVTX,[9643 / 0x25ab] Provider identifier: {3f471139-acb7-4a01-b7a7-ff5da4ba2d43} Source Name: Microsoft-Windows-AppXDeployment-Server Strings: ['0x00000000'] Computer Name: WinDev2311Eval Record Number: 7920 Event Level: 5,winevtx,NTFS:\Windows\System32\winevt\Logs\Microsoft-Windows-AppXDeploymentServer%4Operational.evtx,-
2023-12-26T23:26:36.849759+00:00,Creation Time,EVT,WinEVTX,[9643 / 0x25ab] Provider identifier: {3f471139-acb7-4a01-b7a7-ff5da4ba2d43} Source Name: Microsoft-Windows-AppXDeployment-Server Strings: ['0x00000000'] Computer Name: WinDev2311Eval Record Number: 7920 Event Level: 5,winevtx,NTFS:\Windows\System32\winevt\Logs\Microsoft-Windows-AppXDeploymentServer%4Operational.evtx,-
2023-12-26T23:26:36.939052+00:00,Metadata Modification Time,FILE,NTFS USN change,AC File reference: 135216-7 Parent file reference: 133808-7 Update source:  Update reason: USN_REASON_FILE_CREATE,usnjrnl,NTFS:\$Extend\$UsnJrnl:$J,-
2023-12-26T23:26:36.939052+00:00,Metadata Modification Time,FILE,NTFS USN change,AC File reference: 135216-7 Parent file reference: 133808-7 Update source:  Update reason: USN_REASON_FILE_CREATE  USN_REASON_CLOSE,usnjrnl,NTFS:\$Extend\$UsnJrnl:$J,-
2023-12-26T23:26:36.939052+00:00,Metadata Modification Time,FILE,NTFS USN change,AC File reference: 135216-7 Parent file reference: 133808-7 Update source:  Update reason: USN_REASON_INDEXABLE_CHANGE  USN_REASON_BASIC_INFO_CHANGE,usnjrnl,NTFS:\$Extend\$UsnJrnl:$J,-
2023-12-26T23:26:36.939052+00:00,Metadata Modification Time,FILE,NTFS USN change,AC File reference: 135216-7 Parent file reference: 133808-7 Update source:  Update reason: USN_REASON_INDEXABLE_CHANGE  USN_REASON_BASIC_INFO_CHANGE  USN_REASON_CLOSE,usnjrnl,NTFS:\$Extend\$UsnJrnl:$J,-
2023-12-26T23:26:36.939052+00:00,Metadata Modification Time,FILE,NTFS USN change,AC File reference: 135216-7 Parent file reference: 133808-7 Update source:  Update reason: USN_REASON_SECURITY_CHANGE,usnjrnl,NTFS:\$Extend\$UsnJrnl:$J,-
2023-12-26T23:26:36.939052+00:00,Metadata Modification Time,FILE,NTFS USN change,AC File reference: 135216-7 Parent file reference: 133808-7 Update source:  Update reason: USN_REASON_SECURITY_CHANGE  USN_REASON_CLOSE,usnjrnl,NTFS:\$Extend\$UsnJrnl:$J,-
2023-12-26T23:26:36.939052+00:00,Metadata Modification Time,FILE,NTFS USN change,INetCache File reference: 135222-7 Parent file reference: 135216-7 Update source:  Update reason: USN_REASON_BASIC_INFO_CHANGE,usnjrnl,NTFS:\$Extend\$UsnJrnl:$J,-
2023-12-26T23:26:36.939052+00:00,Metadata Modification Time,FILE,NTFS USN change,INetCache File reference: 135222-7 Parent file reference: 135216-7 Update source:  Update reason: USN_REASON_BASIC_INFO_CHANGE  USN_REASON_CLOSE,usnjrnl,NTFS:\$Extend\$UsnJrnl:$J,-
2023-12-26T23:26:36.939052+00:00,Metadata Modification Time,FILE,NTFS USN change,INetCache File reference: 135222-7 Parent file reference: 135216-7 Update source:  Update reason: USN_REASON_FILE_CREATE,usnjrnl,NTFS:\$Extend\$UsnJrnl:$J,-
2023-12-26T23:26:36.939052+00:00,Metadata Modification Time,FILE,NTFS USN change,INetCache File reference: 135222-7 Parent file reference: 135216-7 Update source:  Update reason: USN_REASON_FILE_CREATE  USN_REASON_CLOSE,usnjrnl,NTFS:\$Extend\$UsnJrnl:$J,-
2023-12-26T23:26:36.939052+00:00,Metadata Modification Time,FILE,NTFS USN change,INetHistory File reference: 135224-8 Parent file reference: 135216-7 Update source:  Update reason: USN_REASON_FILE_CREATE,usnjrnl,NTFS:\$Extend\$UsnJrnl:$J,-
2023-12-26T23:26:36.939052+00:00,Metadata Modification Time,FILE,NTFS USN change,INetHistory File reference: 135224-8 Parent file reference: 135216-7 Update source:  Update reason: USN_REASON_FILE_CREATE  USN_REASON_CLOSE,usnjrnl,NTFS:\$Extend\$UsnJrnl:$J,-
2023-12-26T23:26:36.939052+00:00,Metadata Modification Time,FILE,NTFS USN change,Microsoft.WindowsAppRuntime.CBS_8wekyb3d8bbwe File reference: 133808-7 Parent file reference: 131021-2 Update source:  Update reason: USN_REASON_FILE_CREATE,usnjrnl,NTFS:\$Extend\$UsnJrnl:$J,-
2023-12-26T23:26:36.939052+00:00,Metadata Modification Time,FILE,NTFS USN change,Microsoft.WindowsAppRuntime.CBS_8wekyb3d8bbwe File reference: 133808-7 Parent file reference: 131021-2 Update source:  Update reason: USN_REASON_FILE_CREATE  USN_REASON_CLOSE,usnjrnl,NTFS:\$Extend\$UsnJrnl:$J,-
2023-12-26T23:26:36.939052+00:00,Metadata Modification Time,FILE,NTFS USN change,Temp File reference: 135217-6 Parent file reference: 135216-7 Update source:  Update reason: USN_REASON_FILE_CREATE,usnjrnl,NTFS:\$Extend\$UsnJrnl:$J,-
2023-12-26T23:26:36.939052+00:00,Metadata Modification Time,FILE,NTFS USN change,Temp File reference: 135217-6 Parent file reference: 135216-7 Update source:  Update reason: USN_REASON_FILE_CREATE  USN_REASON_CLOSE,usnjrnl,NTFS:\$Extend\$UsnJrnl:$J,-
2023-12-26T23:26:36.939052+00:00,Metadata Modification Time,FILE,NTFS USN change,Temp File reference: 135217-6 Parent file reference: 135216-7 Update source:  Update reason: USN_REASON_INDEXABLE_CHANGE  USN_REASON_BASIC_INFO_CHANGE,usnjrnl,NTFS:\$Extend\$UsnJrnl:$J,-
2023-12-26T23:26:36.939052+00:00,Metadata Modification Time,FILE,NTFS USN change,Temp File reference: 135217-6 Parent file reference: 135216-7 Update source:  Update reason: USN_REASON_INDEXABLE_CHANGE  USN_REASON_BASIC_INFO_CHANGE  USN_REASON_CLOSE,usnjrnl,NTFS:\$Extend\$UsnJrnl:$J,-
2023-12-26T23:26:36.939052+00:00,Content Modification Time,REG,Registry Key,[HKEY_CURRENT_USER\Software\Classes\Local Settings\Software\Microsoft\Windows\CurrentVersion\AppContainer\Mappings\S-1-15-2-4155576092-3994274923-1223505128-902278845-365314890-3441725492-2037858697\Children] (empty),winreg/winreg_default,NTFS:\Users\User\AppData\Local\Microsoft\Windows\UsrClass.dat,-
2023-12-26T23:26:36.939052+00:00,Content Modification Time,REG,Registry Key,[HKEY_CURRENT_USER\Software\Classes\Local Settings\Software\Microsoft\Windows\CurrentVersion\AppContainer\Mappings\S-1-15-2-4155576092-3994274923-1223505128-902278845-365314890-3441725492-2037858697] DisplayName: [REG_SZ] Microsoft.WindowsAppRuntime.CBS Moniker: [REG_SZ] microsoft.windowsappruntime.cbs_8wekyb3d8bbwe,winreg/winreg_default,NTFS:\Users\User\AppData\Local\Microsoft\Windows\UsrClass.dat,-
2023-12-26T23:26:36.939052+00:00,Content Modification Time,REG,Registry Key,[HKEY_CURRENT_USER\Software\Classes\Local Settings\Software\Microsoft\Windows\CurrentVersion\AppContainer\Storage\microsoft.windowsappruntime.cbs_8wekyb3d8bbwe\Children] (empty),winreg/winreg_default,NTFS:\Users\User\AppData\Local\Microsoft\Windows\UsrClass.dat,-
2023-12-26T23:26:36.939052+00:00,Content Modification Time,REG,Registry Key,[HKEY_CURRENT_USER\Software\Classes\Local Settings\Software\Microsoft\Windows\CurrentVersion\AppContainer\Storage\microsoft.windowsappruntime.cbs_8wekyb3d8bbwe] (empty),winreg/winreg_default,NTFS:\Users\User\AppData\Local\Microsoft\Windows\UsrClass.dat,-
2023-12-26T23:26:36.939052+00:00,Content Modification Time,REG,Registry Key,[HKEY_CURRENT_USER\Software\Classes\Local Settings\Software\Microsoft\Windows\CurrentVersion\AppModel\SystemAppData\Microsoft.WindowsAppRuntime.CBS_8wekyb3d8bbwe\Schemas] StateSchema: [REG_DWORD_LE] 1,winreg/winreg_default,NTFS:\Users\User\AppData\Local\Microsoft\Windows\UsrClass.dat,-
2023-12-26T23:26:36.939052+00:00,Content Modification Time,REG,Registry Key,[HKEY_CURRENT_USER\Software\Classes\Local Settings\Software\Microsoft\Windows\CurrentVersion\AppModel\SystemAppData\Microsoft.WindowsAppRuntime.CBS_8wekyb3d8bbwe] (empty),winreg/winreg_default,NTFS:\Users\User\AppData\Local\Microsoft\Windows\UsrClass.dat,-
2023-12-26T23:26:36.939052+00:00,Content Modification Time,FILE,File stat,NTFS:\Users\User\AppData\Local\Packages\Microsoft.WindowsAppRuntime.CBS_8wekyb3d8bbwe Type: directory,filestat,NTFS:\Users\User\AppData\Local\Packages\Microsoft.WindowsAppRuntime.CBS_8wekyb3d8bbwe,-
2023-12-26T23:26:36.939052+00:00,Creation Time,FILE,File stat,NTFS:\Users\User\AppData\Local\Packages\Microsoft.WindowsAppRuntime.CBS_8wekyb3d8bbwe Type: directory,filestat,NTFS:\Users\User\AppData\Local\Packages\Microsoft.WindowsAppRuntime.CBS_8wekyb3d8bbwe,-
2023-12-26T23:26:36.939052+00:00,Metadata Modification Time,FILE,File stat,NTFS:\Users\User\AppData\Local\Packages\Microsoft.WindowsAppRuntime.CBS_8wekyb3d8bbwe Type: directory,filestat,NTFS:\Users\User\AppData\Local\Packages\Microsoft.WindowsAppRuntime.CBS_8wekyb3d8bbwe,-
2023-12-26T23:26:36.939052+00:00,Creation Time,FILE,File stat,NTFS:\Users\User\AppData\Local\Packages\Microsoft.WindowsAppRuntime.CBS_8wekyb3d8bbwe\AC Type: directory,filestat,NTFS:\Users\User\AppData\Local\Packages\Microsoft.WindowsAppRuntime.CBS_8wekyb3d8bbwe\AC,-
2023-12-26T23:26:36.939052+00:00,Content Modification Time,FILE,File stat,NTFS:\Users\User\AppData\Local\Packages\Microsoft.WindowsAppRuntime.CBS_8wekyb3d8bbwe\AC\INetCache Type: directory,filestat,NTFS:\Users\User\AppData\Local\Packages\Microsoft.WindowsAppRuntime.CBS_8wekyb3d8bbwe\AC\INetCache,-
2023-12-26T23:26:36.939052+00:00,Creation Time,FILE,File stat,NTFS:\Users\User\AppData\Local\Packages\Microsoft.WindowsAppRuntime.CBS_8wekyb3d8bbwe\AC\INetCache Type: directory,filestat,NTFS:\Users\User\AppData\Local\Packages\Microsoft.WindowsAppRuntime.CBS_8wekyb3d8bbwe\AC\INetCache,-
2023-12-26T23:26:36.939052+00:00,Last Access Time,FILE,File stat,NTFS:\Users\User\AppData\Local\Packages\Microsoft.WindowsAppRuntime.CBS_8wekyb3d8bbwe\AC\INetCache Type: directory,filestat,NTFS:\Users\User\AppData\Local\Packages\Microsoft.WindowsAppRuntime.CBS_8wekyb3d8bbwe\AC\INetCache,-
2023-12-26T23:26:36.939052+00:00,Metadata Modification Time,FILE,File stat,NTFS:\Users\User\AppData\Local\Packages\Microsoft.WindowsAppRuntime.CBS_8wekyb3d8bbwe\AC\INetCache Type: directory,filestat,NTFS:\Users\User\AppData\Local\Packages\Microsoft.WindowsAppRuntime.CBS_8wekyb3d8bbwe\AC\INetCache,-
2023-12-26T23:26:36.939052+00:00,Content Modification Time,FILE,File stat,NTFS:\Users\User\AppData\Local\Packages\Microsoft.WindowsAppRuntime.CBS_8wekyb3d8bbwe\AC\INetHistory Type: directory,filestat,NTFS:\Users\User\AppData\Local\Packages\Microsoft.WindowsAppRuntime.CBS_8wekyb3d8bbwe\AC\INetHistory,-
2023-12-26T23:26:36.939052+00:00,Creation Time,FILE,File stat,NTFS:\Users\User\AppData\Local\Packages\Microsoft.WindowsAppRuntime.CBS_8wekyb3d8bbwe\AC\INetHistory Type: directory,filestat,NTFS:\Users\User\AppData\Local\Packages\Microsoft.WindowsAppRuntime.CBS_8wekyb3d8bbwe\AC\INetHistory,-
2023-12-26T23:26:36.939052+00:00,Last Access Time,FILE,File stat,NTFS:\Users\User\AppData\Local\Packages\Microsoft.WindowsAppRuntime.CBS_8wekyb3d8bbwe\AC\INetHistory Type: directory,filestat,NTFS:\Users\User\AppData\Local\Packages\Microsoft.WindowsAppRuntime.CBS_8wekyb3d8bbwe\AC\INetHistory,-
2023-12-26T23:26:36.939052+00:00,Content Modification Time,FILE,File stat,NTFS:\Users\User\AppData\Local\Packages\Microsoft.WindowsAppRuntime.CBS_8wekyb3d8bbwe\AC\Temp Type: directory,filestat,NTFS:\Users\User\AppData\Local\Packages\Microsoft.WindowsAppRuntime.CBS_8wekyb3d8bbwe\AC\Temp,-
2023-12-26T23:26:36.939052+00:00,Creation Time,FILE,File stat,NTFS:\Users\User\AppData\Local\Packages\Microsoft.WindowsAppRuntime.CBS_8wekyb3d8bbwe\AC\Temp Type: directory,filestat,NTFS:\Users\User\AppData\Local\Packages\Microsoft.WindowsAppRuntime.CBS_8wekyb3d8bbwe\AC\Temp,-
2023-12-26T23:26:36.939052+00:00,Last Access Time,FILE,File stat,NTFS:\Users\User\AppData\Local\Packages\Microsoft.WindowsAppRuntime.CBS_8wekyb3d8bbwe\AC\Temp Type: directory,filestat,NTFS:\Users\User\AppData\Local\Packages\Microsoft.WindowsAppRuntime.CBS_8wekyb3d8bbwe\AC\Temp,-
2023-12-26T23:26:36.939052+00:00,Metadata Modification Time,FILE,File stat,NTFS:\Users\User\AppData\Local\Packages\Microsoft.WindowsAppRuntime.CBS_8wekyb3d8bbwe\AC\Temp Type: directory,filestat,NTFS:\Users\User\AppData\Local\Packages\Microsoft.WindowsAppRuntime.CBS_8wekyb3d8bbwe\AC\Temp,-
2023-12-26T23:26:36.955210+00:00,Metadata Modification Time,FILE,NTFS USN change,INetCookies File reference: 135225-6 Parent file reference: 135216-7 Update source:  Update reason: USN_REASON_BASIC_INFO_CHANGE,usnjrnl,NTFS:\$Extend\$UsnJrnl:$J,-
2023-12-26T23:26:36.955210+00:00,Metadata Modification Time,FILE,NTFS USN change,INetCookies File reference: 135225-6 Parent file reference: 135216-7 Update source:  Update reason: USN_REASON_BASIC_INFO_CHANGE  USN_REASON_CLOSE,usnjrnl,NTFS:\$Extend\$UsnJrnl:$J,-
2023-12-26T23:26:36.955210+00:00,Metadata Modification Time,FILE,NTFS USN change,INetCookies File reference: 135225-6 Parent file reference: 135216-7 Update source:  Update reason: USN_REASON_FILE_CREATE,usnjrnl,NTFS:\$Extend\$UsnJrnl:$J,-
2023-12-26T23:26:36.955210+00:00,Metadata Modification Time,FILE,NTFS USN change,INetCookies File reference: 135225-6 Parent file reference: 135216-7 Update source:  Update reason: USN_REASON_FILE_CREATE  USN_REASON_CLOSE,usnjrnl,NTFS:\$Extend\$UsnJrnl:$J,-
2023-12-26T23:26:36.955210+00:00,Metadata Modification Time,FILE,NTFS USN change,INetHistory File reference: 135224-8 Parent file reference: 135216-7 Update source:  Update reason: USN_REASON_BASIC_INFO_CHANGE,usnjrnl,NTFS:\$Extend\$UsnJrnl:$J,-
2023-12-26T23:26:36.955210+00:00,Metadata Modification Time,FILE,NTFS USN change,INetHistory File reference: 135224-8 Parent file reference: 135216-7 Update source:  Update reason: USN_REASON_BASIC_INFO_CHANGE  USN_REASON_CLOSE,usnjrnl,NTFS:\$Extend\$UsnJrnl:$J,-
2023-12-26T23:26:36.955210+00:00,Content Modification Time,REG,Registry Key,[HKEY_CURRENT_USER\Software\Classes\Local Settings\Software\Microsoft\Windows\CurrentVersion\AppModel\Repository\Packages\Microsoft.WindowsAppRuntime.CBS_4000.1027.2341.0_x64__8wekyb3d8bbwe] CapabilityCount: [REG_DWORD_LE] 0 DisplayName: [REG_SZ] Microsoft.WindowsAppRuntime.CBS Framework: [REG_DWORD_LE] 1 OSMaxVersionTested: [REG_QWORD] 3377699720527872 OSMinVersion: [REG_QWORD] 2814750931222528 PackageID: [REG_SZ] Microsoft.WindowsAppRuntime.CBS_4000.1027.2341.0_x64__8wekyb3d8bbwe PackageRootFolder: [REG_SZ] C:\Windows\SystemApps\Microsoft.WindowsAppRuntime.CBS_8wekyb3d8bbwe PackageSid: [REG_BINARY] (40 bytes) SupportedUsers: [REG_DWORD_LE] 0,winreg/winreg_default,NTFS:\Users\User\AppData\Local\Microsoft\Windows\UsrClass.dat,-
2023-12-26T23:26:36.955210+00:00,Content Modification Time,FILE,File stat,NTFS:\Users\User\AppData\Local\Packages\Microsoft.WindowsAppRuntime.CBS_8wekyb3d8bbwe\AC Type: directory,filestat,NTFS:\Users\User\AppData\Local\Packages\Microsoft.WindowsAppRuntime.CBS_8wekyb3d8bbwe\AC,-
2023-12-26T23:26:36.955210+00:00,Last Access Time,FILE,File stat,NTFS:\Users\User\AppData\Local\Packages\Microsoft.WindowsAppRuntime.CBS_8wekyb3d8bbwe\AC Type: directory,filestat,NTFS:\Users\User\AppData\Local\Packages\Microsoft.WindowsAppRuntime.CBS_8wekyb3d8bbwe\AC,-
2023-12-26T23:26:36.955210+00:00,Metadata Modification Time,FILE,File stat,NTFS:\Users\User\AppData\Local\Packages\Microsoft.WindowsAppRuntime.CBS_8wekyb3d8bbwe\AC Type: directory,filestat,NTFS:\Users\User\AppData\Local\Packages\Microsoft.WindowsAppRuntime.CBS_8wekyb3d8bbwe\AC,-
2023-12-26T23:26:36.955210+00:00,Content Modification Time,FILE,File stat,NTFS:\Users\User\AppData\Local\Packages\Microsoft.WindowsAppRuntime.CBS_8wekyb3d8bbwe\AC\INetCookies Type: directory,filestat,NTFS:\Users\User\AppData\Local\Packages\Microsoft.WindowsAppRuntime.CBS_8wekyb3d8bbwe\AC\INetCookies,-
2023-12-26T23:26:36.955210+00:00,Creation Time,FILE,File stat,NTFS:\Users\User\AppData\Local\Packages\Microsoft.WindowsAppRuntime.CBS_8wekyb3d8bbwe\AC\INetCookies Type: directory,filestat,NTFS:\Users\User\AppData\Local\Packages\Microsoft.WindowsAppRuntime.CBS_8wekyb3d8bbwe\AC\INetCookies,-
2023-12-26T23:26:36.955210+00:00,Last Access Time,FILE,File stat,NTFS:\Users\User\AppData\Local\Packages\Microsoft.WindowsAppRuntime.CBS_8wekyb3d8bbwe\AC\INetCookies Type: directory,filestat,NTFS:\Users\User\AppData\Local\Packages\Microsoft.WindowsAppRuntime.CBS_8wekyb3d8bbwe\AC\INetCookies,-
2023-12-26T23:26:36.955210+00:00,Metadata Modification Time,FILE,File stat,NTFS:\Users\User\AppData\Local\Packages\Microsoft.WindowsAppRuntime.CBS_8wekyb3d8bbwe\AC\INetCookies Type: directory,filestat,NTFS:\Users\User\AppData\Local\Packages\Microsoft.WindowsAppRuntime.CBS_8wekyb3d8bbwe\AC\INetCookies,-
2023-12-26T23:26:36.955210+00:00,Metadata Modification Time,FILE,File stat,NTFS:\Users\User\AppData\Local\Packages\Microsoft.WindowsAppRuntime.CBS_8wekyb3d8bbwe\AC\INetHistory Type: directory,filestat,NTFS:\Users\User\AppData\Local\Packages\Microsoft.WindowsAppRuntime.CBS_8wekyb3d8bbwe\AC\INetHistory,-
2023-12-26T23:26:36.957779+00:00,Content Modification Time,EVT,WinEVTX,[39 / 0x0027] Provider identifier: {f1ef270a-0d32-4352-ba52-dbab41e1d859} Source Name: Microsoft-Windows-AppModel-Runtime Strings: ['Microsoft.WindowsAppRuntime.CBS_8wekyb3d8bbwe'] Computer Name: WinDev2311Eval Record Number: 245 Event Level: 4,winevtx,NTFS:\Windows\System32\winevt\Logs\Microsoft-Windows-AppModel-Runtime%4Admin.evtx,-
2023-12-26T23:26:36.957779+00:00,Creation Time,EVT,WinEVTX,[39 / 0x0027] Provider identifier: {f1ef270a-0d32-4352-ba52-dbab41e1d859} Source Name: Microsoft-Windows-AppModel-Runtime Strings: ['Microsoft.WindowsAppRuntime.CBS_8wekyb3d8bbwe'] Computer Name: WinDev2311Eval Record Number: 245 Event Level: 4,winevtx,NTFS:\Windows\System32\winevt\Logs\Microsoft-Windows-AppModel-Runtime%4Admin.evtx,-
2023-12-26T23:26:36.965699+00:00,Content Modification Time,EVT,WinEVTX,[2097 / 0x0831] Provider identifier: {d1bc9aff-2abf-4d71-9146-ecb2a986eb85} Source Name: Microsoft-Windows-Windows Firewall With Advanced Security Strings: ['{841DEC04-D97B-4C3D-8DD0-6BDE37B1D2AE}'  'Microsoft.WindowsAppRuntime.CBS'  '1'  ''  ''  '1'  '256'  ''  ''  '2'  '2147483647'  '*'  '*'  ''  ''  'Microsoft.WindowsAppRuntime.CBS'  '1'  '1'  '0'  '0'  '0'  'S-1-5-80-3088073201-1464728630-1879813800-1107566885-823218052'  'C:\\Windows\\System32\\svchost.exe'  '544'  '65536'  '0'  ''  '0'] Computer Name: WinDev2311Eval Record Number: 892 Event Level: 4,winevtx,NTFS:\Windows\System32\winevt\Logs\Microsoft-Windows-Windows Firewall With Advanced Security%4Firewall.evtx,-
2023-12-26T23:26:36.965699+00:00,Creation Time,EVT,WinEVTX,[2097 / 0x0831] Provider identifier: {d1bc9aff-2abf-4d71-9146-ecb2a986eb85} Source Name: Microsoft-Windows-Windows Firewall With Advanced Security Strings: ['{841DEC04-D97B-4C3D-8DD0-6BDE37B1D2AE}'  'Microsoft.WindowsAppRuntime.CBS'  '1'  ''  ''  '1'  '256'  ''  ''  '2'  '2147483647'  '*'  '*'  ''  ''  'Microsoft.WindowsAppRuntime.CBS'  '1'  '1'  '0'  '0'  '0'  'S-1-5-80-3088073201-1464728630-1879813800-1107566885-823218052'  'C:\\Windows\\System32\\svchost.exe'  '544'  '65536'  '0'  ''  '0'] Computer Name: WinDev2311Eval Record Number: 892 Event Level: 4,winevtx,NTFS:\Windows\System32\winevt\Logs\Microsoft-Windows-Windows Firewall With Advanced Security%4Firewall.evtx,-
2023-12-26T23:26:36.967070+00:00,Content Modification Time,EVT,WinEVTX,[2097 / 0x0831] Provider identifier: {d1bc9aff-2abf-4d71-9146-ecb2a986eb85} Source Name: Microsoft-Windows-Windows Firewall With Advanced Security Strings: ['{8C26F93F-4C27-4509-B234-771BD0D7A8E2}'  'Microsoft.WindowsAppRuntime.CBS'  '1'  ''  ''  '2'  '256'  ''  ''  '2'  '2147483647'  '*'  '*'  ''  ''  'Microsoft.WindowsAppRuntime.CBS'  '1'  '1'  '0'  '0'  '0'  'S-1-5-80-3088073201-1464728630-1879813800-1107566885-823218052'  'C:\\Windows\\System32\\svchost.exe'  '544'  '65536'  '0'  ''  '0'] Computer Name: WinDev2311Eval Record Number: 893 Event Level: 4,winevtx,NTFS:\Windows\System32\winevt\Logs\Microsoft-Windows-Windows Firewall With Advanced Security%4Firewall.evtx,-
2023-12-26T23:26:36.967070+00:00,Creation Time,EVT,WinEVTX,[2097 / 0x0831] Provider identifier: {d1bc9aff-2abf-4d71-9146-ecb2a986eb85} Source Name: Microsoft-Windows-Windows Firewall With Advanced Security Strings: ['{8C26F93F-4C27-4509-B234-771BD0D7A8E2}'  'Microsoft.WindowsAppRuntime.CBS'  '1'  ''  ''  '2'  '256'  ''  ''  '2'  '2147483647'  '*'  '*'  ''  ''  'Microsoft.WindowsAppRuntime.CBS'  '1'  '1'  '0'  '0'  '0'  'S-1-5-80-3088073201-1464728630-1879813800-1107566885-823218052'  'C:\\Windows\\System32\\svchost.exe'  '544'  '65536'  '0'  ''  '0'] Computer Name: WinDev2311Eval Record Number: 893 Event Level: 4,winevtx,NTFS:\Windows\System32\winevt\Logs\Microsoft-Windows-Windows Firewall With Advanced Security%4Firewall.evtx,-
2023-12-26T23:26:36.971017+00:00,Metadata Modification Time,FILE,NTFS USN change,machine.pckgdep File reference: 135227-8 Parent file reference: 34387-5 Update source:  Update reason: USN_REASON_DATA_EXTEND  USN_REASON_FILE_CREATE,usnjrnl,NTFS:\$Extend\$UsnJrnl:$J,-
2023-12-26T23:26:36.971017+00:00,Metadata Modification Time,FILE,NTFS USN change,machine.pckgdep File reference: 135227-8 Parent file reference: 34387-5 Update source:  Update reason: USN_REASON_DATA_EXTEND  USN_REASON_FILE_CREATE  USN_REASON_CLOSE,usnjrnl,NTFS:\$Extend\$UsnJrnl:$J,-
2023-12-26T23:26:36.971017+00:00,Metadata Modification Time,FILE,NTFS USN change,machine.pckgdep File reference: 135227-8 Parent file reference: 34387-5 Update source:  Update reason: USN_REASON_FILE_CREATE,usnjrnl,NTFS:\$Extend\$UsnJrnl:$J,-
2023-12-26T23:26:36.971017+00:00,Creation Time,FILE,File stat,NTFS:\ProgramData\Microsoft\Windows\AppRepository\Packages\Microsoft.WindowsAppRuntime.CBS_4000.1027.2341.0_x64__8wekyb3d8bbwe\machine.pckgdep Type: file,filestat,NTFS:\ProgramData\Microsoft\Windows\AppRepository\Packages\Microsoft.WindowsAppRuntime.CBS_4000.1027.2341.0_x64__8wekyb3d8bbwe\machine.pckgdep,-
2023-12-26T23:26:37.206734+00:00,Content Modification Time,EVT,WinEVTX,[271 / 0x010f] Provider identifier: {89592015-d996-4636-8f61-066b5d4dd739} Source Name: Microsoft-Windows-StateRepository Strings: ['0x00000000'] Computer Name: WinDev2311Eval Record Number: 1604 Event Level: 5,winevtx,NTFS:\Windows\System32\winevt\Logs\Microsoft-Windows-StateRepository%4Operational.evtx,-
2023-12-26T23:26:37.206734+00:00,Creation Time,EVT,WinEVTX,[271 / 0x010f] Provider identifier: {89592015-d996-4636-8f61-066b5d4dd739} Source Name: Microsoft-Windows-StateRepository Strings: ['0x00000000'] Computer Name: WinDev2311Eval Record Number: 1604 Event Level: 5,winevtx,NTFS:\Windows\System32\winevt\Logs\Microsoft-Windows-StateRepository%4Operational.evtx,-
2023-12-26T23:26:37.214156+00:00,Content Modification Time,EVT,WinEVTX,[10001 / 0x2711] Provider identifier: {3f471139-acb7-4a01-b7a7-ff5da4ba2d43} Source Name: Microsoft-Windows-AppXDeployment-Server Strings: ['Microsoft.WindowsAppRuntime.CBS_4000.1027.2341.0_x64__8wekyb3d8bbwe'  '0x00000000'] Computer Name: WinDev2311Eval Record Number: 7921 Event Level: 5,winevtx,NTFS:\Windows\System32\winevt\Logs\Microsoft-Windows-AppXDeploymentServer%4Operational.evtx,-
2023-12-26T23:26:37.214156+00:00,Creation Time,EVT,WinEVTX,[10001 / 0x2711] Provider identifier: {3f471139-acb7-4a01-b7a7-ff5da4ba2d43} Source Name: Microsoft-Windows-AppXDeployment-Server Strings: ['Microsoft.WindowsAppRuntime.CBS_4000.1027.2341.0_x64__8wekyb3d8bbwe'  '0x00000000'] Computer Name: WinDev2311Eval Record Number: 7921 Event Level: 5,winevtx,NTFS:\Windows\System32\winevt\Logs\Microsoft-Windows-AppXDeploymentServer%4Operational.evtx,-
2023-12-26T23:26:37.214267+00:00,Content Modification Time,EVT,WinEVTX,[10001 / 0x2711] Provider identifier: {3f471139-acb7-4a01-b7a7-ff5da4ba2d43} Source Name: Microsoft-Windows-AppXDeployment-Server Strings: ['Microsoft.WindowsAppRuntime.CBS_4000.1027.2341.0_x64__8wekyb3d8bbwe'  '0x00000000'] Computer Name: WinDev2311Eval Record Number: 7922 Event Level: 5,winevtx,NTFS:\Windows\System32\winevt\Logs\Microsoft-Windows-AppXDeploymentServer%4Operational.evtx,-
2023-12-26T23:26:37.214267+00:00,Creation Time,EVT,WinEVTX,[10001 / 0x2711] Provider identifier: {3f471139-acb7-4a01-b7a7-ff5da4ba2d43} Source Name: Microsoft-Windows-AppXDeployment-Server Strings: ['Microsoft.WindowsAppRuntime.CBS_4000.1027.2341.0_x64__8wekyb3d8bbwe'  '0x00000000'] Computer Name: WinDev2311Eval Record Number: 7922 Event Level: 5,winevtx,NTFS:\Windows\System32\winevt\Logs\Microsoft-Windows-AppXDeploymentServer%4Operational.evtx,-
2023-12-26T23:26:37.220034+00:00,Content Modification Time,EVT,WinEVTX,[271 / 0x010f] Provider identifier: {89592015-d996-4636-8f61-066b5d4dd739} Source Name: Microsoft-Windows-StateRepository Strings: ['0x00000000'] Computer Name: WinDev2311Eval Record Number: 1605 Event Level: 5,winevtx,NTFS:\Windows\System32\winevt\Logs\Microsoft-Windows-StateRepository%4Operational.evtx,-
2023-12-26T23:26:37.220034+00:00,Creation Time,EVT,WinEVTX,[271 / 0x010f] Provider identifier: {89592015-d996-4636-8f61-066b5d4dd739} Source Name: Microsoft-Windows-StateRepository Strings: ['0x00000000'] Computer Name: WinDev2311Eval Record Number: 1605 Event Level: 5,winevtx,NTFS:\Windows\System32\winevt\Logs\Microsoft-Windows-StateRepository%4Operational.evtx,-
2023-12-26T23:26:37.248667+00:00,Content Modification Time,EVT,WinEVTX,[400 / 0x0190] Provider identifier: {3f471139-acb7-4a01-b7a7-ff5da4ba2d43} Source Name: Microsoft-Windows-AppXDeployment-Server Strings: ['6'  'Microsoft.WindowsAppRuntime.CBS_4000.1027.2341.0_x64__8wekyb3d8bbwe'  ' (AppxManifest.xml) '  'C:'  '0x00000000'  'true'  '\\\\?\\Volume{003304ef-4aef-4f53-b084-1d0010452165}'  'false'  '0x00000002'  'false'  '0x0000000000000001'  'false'  'false'  'false'  'NULL'  'explorer.exe'  'false'  '0x00000008'  '0x00001800'  'false'  'false'  ''  ''  'Microsoft.WindowsAppRuntime.CBS'] Computer Name: WinDev2311Eval Record Number: 7923 Event Level: 4,winevtx,NTFS:\Windows\System32\winevt\Logs\Microsoft-Windows-AppXDeploymentServer%4Operational.evtx,-
2023-12-26T23:26:37.248667+00:00,Creation Time,EVT,WinEVTX,[400 / 0x0190] Provider identifier: {3f471139-acb7-4a01-b7a7-ff5da4ba2d43} Source Name: Microsoft-Windows-AppXDeployment-Server Strings: ['6'  'Microsoft.WindowsAppRuntime.CBS_4000.1027.2341.0_x64__8wekyb3d8bbwe'  ' (AppxManifest.xml) '  'C:'  '0x00000000'  'true'  '\\\\?\\Volume{003304ef-4aef-4f53-b084-1d0010452165}'  'false'  '0x00000002'  'false'  '0x0000000000000001'  'false'  'false'  'false'  'NULL'  'explorer.exe'  'false'  '0x00000008'  '0x00001800'  'false'  'false'  ''  ''  'Microsoft.WindowsAppRuntime.CBS'] Computer Name: WinDev2311Eval Record Number: 7923 Event Level: 4,winevtx,NTFS:\Windows\System32\winevt\Logs\Microsoft-Windows-AppXDeploymentServer%4Operational.evtx,-
2023-12-26T23:26:37.293597+00:00,Content Modification Time,EVT,WinEVTX,[271 / 0x010f] Provider identifier: {89592015-d996-4636-8f61-066b5d4dd739} Source Name: Microsoft-Windows-StateRepository Strings: ['0x00000000'] Computer Name: WinDev2311Eval Record Number: 1606 Event Level: 5,winevtx,NTFS:\Windows\System32\winevt\Logs\Microsoft-Windows-StateRepository%4Operational.evtx,-
2023-12-26T23:26:37.293597+00:00,Creation Time,EVT,WinEVTX,[271 / 0x010f] Provider identifier: {89592015-d996-4636-8f61-066b5d4dd739} Source Name: Microsoft-Windows-StateRepository Strings: ['0x00000000'] Computer Name: WinDev2311Eval Record Number: 1606 Event Level: 5,winevtx,NTFS:\Windows\System32\winevt\Logs\Microsoft-Windows-StateRepository%4Operational.evtx,-
2023-12-26T23:26:37.324041+00:00,Content Modification Time,EVT,WinEVTX,[613 / 0x0265] Provider identifier: {3f471139-acb7-4a01-b7a7-ff5da4ba2d43} Source Name: Microsoft-Windows-AppXDeployment-Server Strings: ['6'  'Microsoft.WindowsAppRuntime.CBS_4000.1027.2341.0_x64__8wekyb3d8bbwe'  '\r\nOverall time: 844 ms\r\nGap: 62 ms\r\nEnqueue cost: 110 ms\r\nDequeue delay: 15 ms\r\nBundle processing cost: 0 ms\r\nIndexing cost: 63 ms\r\nResolve dependency cost: 16 ms\r\nCheck approval cost: 15 ms\r\nEvaluation cost: 16 ms\r\nHardlinking evaluation cost: 0 ms\r\nStage required cost: 15 ms\r\nFlushing and closing files cost: 0 ms\r\nMachine register cost: 0 ms\r\nStage user data cost: 0 ms\r\nGap: 63 ms\r\nRegistration cost: 141 ms\r\nGap: 15 ms\r\nRepository commit transaction cost: 203 ms\r\nGap: 32 ms\r\nData flush cost: 0 ms\r\nPost DeStage repository commit transaction cost: 46 ms\r\nRemaining cost: 32 ms\r\n'] Computer Name: WinDev2311Eval Record Number: 7924 Event Level: 4,winevtx,NTFS:\Windows\System32\winevt\Logs\Microsoft-Windows-AppXDeploymentServer%4Operational.evtx,-
2023-12-26T23:26:37.324041+00:00,Creation Time,EVT,WinEVTX,[613 / 0x0265] Provider identifier: {3f471139-acb7-4a01-b7a7-ff5da4ba2d43} Source Name: Microsoft-Windows-AppXDeployment-Server Strings: ['6'  'Microsoft.WindowsAppRuntime.CBS_4000.1027.2341.0_x64__8wekyb3d8bbwe'  '\r\nOverall time: 844 ms\r\nGap: 62 ms\r\nEnqueue cost: 110 ms\r\nDequeue delay: 15 ms\r\nBundle processing cost: 0 ms\r\nIndexing cost: 63 ms\r\nResolve dependency cost: 16 ms\r\nCheck approval cost: 15 ms\r\nEvaluation cost: 16 ms\r\nHardlinking evaluation cost: 0 ms\r\nStage required cost: 15 ms\r\nFlushing and closing files cost: 0 ms\r\nMachine register cost: 0 ms\r\nStage user data cost: 0 ms\r\nGap: 63 ms\r\nRegistration cost: 141 ms\r\nGap: 15 ms\r\nRepository commit transaction cost: 203 ms\r\nGap: 32 ms\r\nData flush cost: 0 ms\r\nPost DeStage repository commit transaction cost: 46 ms\r\nRemaining cost: 32 ms\r\n'] Computer Name: WinDev2311Eval Record Number: 7924 Event Level: 4,winevtx,NTFS:\Windows\System32\winevt\Logs\Microsoft-Windows-AppXDeploymentServer%4Operational.evtx,-
2023-12-26T23:26:37.347672+00:00,Previous Last Time Executed,LOG,WinPrefetch,Prefetch [SEARCHPROTOCOLHOST.EXE] was executed - run count 5 path hints: \WINDOWS\SYSTEM32\SEARCHPROTOCOLHOST.EXE hash: 0xC6CFE2A8 volume: 1 [serial number: 0x5CE1DF5A  device path: \VOLUME{01da182ce1985a64-5ce1df5a}],prefetch,NTFS:\Windows\Prefetch\SEARCHPROTOCOLHOST.EXE-C6CFE2A8.pf,-
2023-12-26T23:26:37.492337+00:00,Last Access Time,FILE,File stat,NTFS:\Users\User\AppData\Local\Packages\Microsoft.WindowsAppRuntime.CBS_8wekyb3d8bbwe Type: directory,filestat,NTFS:\Users\User\AppData\Local\Packages\Microsoft.WindowsAppRuntime.CBS_8wekyb3d8bbwe,-
2023-12-26T23:26:37.508007+00:00,Metadata Modification Time,FILE,NTFS USN change,CoreMessagingXP.dll File reference: 105648-1 Parent file reference: 25393-1 Update source:  Update reason: USN_REASON_EA_CHANGE,usnjrnl,NTFS:\$Extend\$UsnJrnl:$J,-
2023-12-26T23:26:37.508007+00:00,Metadata Modification Time,FILE,NTFS USN change,CoreMessagingXP.dll File reference: 105648-1 Parent file reference: 25393-1 Update source:  Update reason: USN_REASON_EA_CHANGE  USN_REASON_CLOSE,usnjrnl,NTFS:\$Extend\$UsnJrnl:$J,-
2023-12-26T23:26:37.508007+00:00,Last Access Time,FILE,File stat,NTFS:\Windows\SystemApps\Microsoft.WindowsAppRuntime.CBS_8wekyb3d8bbwe\CoreMessagingXP.dll Type: file,filestat,NTFS:\Windows\SystemApps\Microsoft.WindowsAppRuntime.CBS_8wekyb3d8bbwe\CoreMessagingXP.dll,-
2023-12-26T23:26:37.508007+00:00,Metadata Modification Time,FILE,File stat,NTFS:\Windows\SystemApps\Microsoft.WindowsAppRuntime.CBS_8wekyb3d8bbwe\CoreMessagingXP.dll Type: file,filestat,NTFS:\Windows\SystemApps\Microsoft.WindowsAppRuntime.CBS_8wekyb3d8bbwe\CoreMessagingXP.dll,-
2023-12-26T23:26:37.508007+00:00,Last Access Time,FILE,File stat,NTFS:\Windows\WinSxS\amd64_winappsdk-cbs_31bf3856ad364e35_10.0.22621.2715_none_a4b0b1dd6faf2512\CoreMessagingXP.dll Type: file,filestat,NTFS:\Windows\WinSxS\amd64_winappsdk-cbs_31bf3856ad364e35_10.0.22621.2715_none_a4b0b1dd6faf2512\CoreMessagingXP.dll,-
2023-12-26T23:26:37.508007+00:00,Metadata Modification Time,FILE,File stat,NTFS:\Windows\WinSxS\amd64_winappsdk-cbs_31bf3856ad364e35_10.0.22621.2715_none_a4b0b1dd6faf2512\CoreMessagingXP.dll Type: file,filestat,NTFS:\Windows\WinSxS\amd64_winappsdk-cbs_31bf3856ad364e35_10.0.22621.2715_none_a4b0b1dd6faf2512\CoreMessagingXP.dll,-
2023-12-26T23:26:37.854127+00:00,Last Access Time,FILE,File stat,NTFS:\Windows\System32\C_1255.NLS Type: file,filestat,NTFS:\Windows\System32\C_1255.NLS,-
2023-12-26T23:26:37.854127+00:00,Last Access Time,FILE,File stat,NTFS:\Windows\WinSxS\amd64_microsoft-windows-i..ional-codepage-core_31bf3856ad364e35_10.0.22621.1_none_986a90b7f0e4b474\C_1255.NLS Type: file,filestat,NTFS:\Windows\WinSxS\amd64_microsoft-windows-i..ional-codepage-core_31bf3856ad364e35_10.0.22621.1_none_986a90b7f0e4b474\C_1255.NLS,-
2023-12-26T23:26:37.947811+00:00,Metadata Modification Time,FILE,NTFS USN change,www.bing[1].xml File reference: 132700-4 Parent file reference: 132699-3 Update source:  Update reason: USN_REASON_DATA_EXTEND  USN_REASON_DATA_TRUNCATION,usnjrnl,NTFS:\$Extend\$UsnJrnl:$J,-
2023-12-26T23:26:37.947811+00:00,Metadata Modification Time,FILE,NTFS USN change,www.bing[1].xml File reference: 132700-4 Parent file reference: 132699-3 Update source:  Update reason: USN_REASON_DATA_OVERWRITE  USN_REASON_DATA_EXTEND  USN_REASON_DATA_TRUNCATION,usnjrnl,NTFS:\$Extend\$UsnJrnl:$J,-
2023-12-26T23:26:37.947811+00:00,Metadata Modification Time,FILE,NTFS USN change,www.bing[1].xml File reference: 132700-4 Parent file reference: 132699-3 Update source:  Update reason: USN_REASON_DATA_OVERWRITE  USN_REASON_DATA_EXTEND  USN_REASON_DATA_TRUNCATION  USN_REASON_CLOSE,usnjrnl,NTFS:\$Extend\$UsnJrnl:$J,-
2023-12-26T23:26:37.947811+00:00,Metadata Modification Time,FILE,NTFS USN change,www.bing[1].xml File reference: 132700-4 Parent file reference: 132699-3 Update source:  Update reason: USN_REASON_DATA_TRUNCATION,usnjrnl,NTFS:\$Extend\$UsnJrnl:$J,-
2023-12-26T23:26:38.158572+00:00,Content Modification Time,REG,Registry Key,[HKEY_CURRENT_USER\Software\Microsoft\Internet Explorer\Toolbar] Locked: [REG_DWORD_LE] 1,winreg/winreg_default,NTFS:\Users\User\NTUSER.DAT,-
2023-12-26T23:26:38.252491+00:00,Metadata Modification Time,FILE,NTFS USN change,FirewallControlPanel.dll File reference: 53540-1 Parent file reference: 24217-1 Update source:  Update reason: USN_REASON_EA_CHANGE,usnjrnl,NTFS:\$Extend\$UsnJrnl:$J,-
2023-12-26T23:26:38.252491+00:00,Metadata Modification Time,FILE,NTFS USN change,FirewallControlPanel.dll File reference: 53540-1 Parent file reference: 24217-1 Update source:  Update reason: USN_REASON_EA_CHANGE  USN_REASON_CLOSE,usnjrnl,NTFS:\$Extend\$UsnJrnl:$J,-
2023-12-26T23:26:38.252491+00:00,Last Access Time,FILE,File stat,NTFS:\Windows\System32\CatRoot\{F750E6C3-38EE-11D1-85E5-00C04FC295EE}\Microsoft-Windows-Client-Features-Package0210~31bf3856ad364e35~amd64~~10.0.22621.521.cat Type: file,filestat,NTFS:\Windows\System32\CatRoot\{F750E6C3-38EE-11D1-85E5-00C04FC295EE}\Microsoft-Windows-Client-Features-Package0210~31bf3856ad364e35~amd64~~10.0.22621.521.cat,-
2023-12-26T23:26:38.252491+00:00,Metadata Modification Time,FILE,File stat,NTFS:\Windows\System32\FirewallControlPanel.dll Type: file,filestat,NTFS:\Windows\System32\FirewallControlPanel.dll,-
2023-12-26T23:26:38.252491+00:00,Last Access Time,FILE,File stat,NTFS:\Windows\WinSxS\Catalogs\dd98d52db631ba33b1d24ba6b4d815d922b2a2802ea1d994834a6c2012735dea.cat Type: file,filestat,NTFS:\Windows\WinSxS\Catalogs\dd98d52db631ba33b1d24ba6b4d815d922b2a2802ea1d994834a6c2012735dea.cat,-
2023-12-26T23:26:38.252491+00:00,Metadata Modification Time,FILE,File stat,NTFS:\Windows\WinSxS\amd64_networking-mpssvc-ui_31bf3856ad364e35_10.0.22621.1_none_d9fdee93f5bf8fe4\FirewallControlPanel.dll Type: file,filestat,NTFS:\Windows\WinSxS\amd64_networking-mpssvc-ui_31bf3856ad364e35_10.0.22621.1_none_d9fdee93f5bf8fe4\FirewallControlPanel.dll,-
2023-12-26T23:26:38.252491+00:00,Last Access Time,FILE,File stat,NTFS:\Windows\servicing\Packages\Microsoft-Windows-Client-Features-Package0210~31bf3856ad364e35~amd64~~10.0.22621.521.cat Type: file,filestat,NTFS:\Windows\servicing\Packages\Microsoft-Windows-Client-Features-Package0210~31bf3856ad364e35~amd64~~10.0.22621.521.cat,-
2023-12-26T23:26:38.395076+00:00,Metadata Modification Time,FILE,NTFS USN change,DLLHOST.EXE-C7028A70.pf File reference: 135228-7 Parent file reference: 76318-2 Update source:  Update reason: USN_REASON_DATA_EXTEND  USN_REASON_FILE_CREATE,usnjrnl,NTFS:\$Extend\$UsnJrnl:$J,-
2023-12-26T23:26:38.395076+00:00,Metadata Modification Time,FILE,NTFS USN change,DLLHOST.EXE-C7028A70.pf File reference: 135228-7 Parent file reference: 76318-2 Update source:  Update reason: USN_REASON_DATA_EXTEND  USN_REASON_FILE_CREATE  USN_REASON_CLOSE,usnjrnl,NTFS:\$Extend\$UsnJrnl:$J,-
2023-12-26T23:26:38.395076+00:00,Metadata Modification Time,FILE,NTFS USN change,DLLHOST.EXE-C7028A70.pf File reference: 135228-7 Parent file reference: 76318-2 Update source:  Update reason: USN_REASON_FILE_CREATE,usnjrnl,NTFS:\$Extend\$UsnJrnl:$J,-
2023-12-26T23:26:38.395076+00:00,Creation Time,FILE,File stat,NTFS:\Windows\Prefetch\DLLHOST.EXE-C7028A70.pf Type: file,filestat,NTFS:\Windows\Prefetch\DLLHOST.EXE-C7028A70.pf,-
2023-12-26T23:26:38.442756+00:00,Last Time Executed,LOG,WinPrefetch,Prefetch [SVCHOST.EXE] was executed - run count 1 path hints: \WINDOWS\SYSTEM32\SVCHOST.EXE hash: 0x8CA840F9 volume: 1 [serial number: 0x5CE1DF5A  device path: \VOLUME{01da182ce1985a64-5ce1df5a}],prefetch,NTFS:\Windows\Prefetch\SVCHOST.EXE-8CA840F9.pf,-
2023-12-26T23:26:38.521113+00:00,Content Modification Time,EVT,WinEVTX,[4116 / 0x1014] Provider identifier: {aea1b4fa-97d1-45f2-a64c-4d69fffd92c9} Source Name: Microsoft-Windows-GroupPolicy Strings: [] Computer Name: WinDev2311Eval Record Number: 456 Event Level: 4,winevtx,NTFS:\Windows\System32\winevt\Logs\Microsoft-Windows-GroupPolicy%4Operational.evtx,-
2023-12-26T23:26:38.521113+00:00,Creation Time,EVT,WinEVTX,[4116 / 0x1014] Provider identifier: {aea1b4fa-97d1-45f2-a64c-4d69fffd92c9} Source Name: Microsoft-Windows-GroupPolicy Strings: [] Computer Name: WinDev2311Eval Record Number: 456 Event Level: 4,winevtx,NTFS:\Windows\System32\winevt\Logs\Microsoft-Windows-GroupPolicy%4Operational.evtx,-
2023-12-26T23:26:38.541518+00:00,Last Access Time,FILE,File stat,NTFS:\Windows\System32\sysntfy.dll Type: file,filestat,NTFS:\Windows\System32\sysntfy.dll,-
2023-12-26T23:26:38.541518+00:00,Last Access Time,FILE,File stat,NTFS:\Windows\WinSxS\amd64_microsoft-windows-winlogon-sysntfy_31bf3856ad364e35_10.0.22621.1_none_b708bed60371758d\sysntfy.dll Type: file,filestat,NTFS:\Windows\WinSxS\amd64_microsoft-windows-winlogon-sysntfy_31bf3856ad364e35_10.0.22621.1_none_b708bed60371758d\sysntfy.dll,-
2023-12-26T23:26:38.560167+00:00,Content Modification Time,EVT,WinEVTX,[4115 / 0x1013] Provider identifier: {aea1b4fa-97d1-45f2-a64c-4d69fffd92c9} Source Name: Microsoft-Windows-GroupPolicy Strings: ['true'  'false'] Computer Name: WinDev2311Eval Record Number: 457 Event Level: 4,winevtx,NTFS:\Windows\System32\winevt\Logs\Microsoft-Windows-GroupPolicy%4Operational.evtx,-
2023-12-26T23:26:38.560167+00:00,Creation Time,EVT,WinEVTX,[4115 / 0x1013] Provider identifier: {aea1b4fa-97d1-45f2-a64c-4d69fffd92c9} Source Name: Microsoft-Windows-GroupPolicy Strings: ['true'  'false'] Computer Name: WinDev2311Eval Record Number: 457 Event Level: 4,winevtx,NTFS:\Windows\System32\winevt\Logs\Microsoft-Windows-GroupPolicy%4Operational.evtx,-
2023-12-26T23:26:38.565805+00:00,Content Modification Time,EVT,WinEVTX,[5324 / 0x14cc] Provider identifier: {aea1b4fa-97d1-45f2-a64c-4d69fffd92c9} Source Name: Microsoft-Windows-GroupPolicy Strings: ['0'  '0'] Computer Name: WinDev2311Eval Record Number: 458 Event Level: 4,winevtx,NTFS:\Windows\System32\winevt\Logs\Microsoft-Windows-GroupPolicy%4Operational.evtx,-
2023-12-26T23:26:38.565805+00:00,Creation Time,EVT,WinEVTX,[5324 / 0x14cc] Provider identifier: {aea1b4fa-97d1-45f2-a64c-4d69fffd92c9} Source Name: Microsoft-Windows-GroupPolicy Strings: ['0'  '0'] Computer Name: WinDev2311Eval Record Number: 458 Event Level: 4,winevtx,NTFS:\Windows\System32\winevt\Logs\Microsoft-Windows-GroupPolicy%4Operational.evtx,-
2023-12-26T23:26:38.566056+00:00,Content Modification Time,EVT,WinEVTX,[5351 / 0x14e7] Provider identifier: {aea1b4fa-97d1-45f2-a64c-4d69fffd92c9} Source Name: Microsoft-Windows-GroupPolicy Strings: ['false'  '0'] Computer Name: WinDev2311Eval Record Number: 459 Event Level: 4,winevtx,NTFS:\Windows\System32\winevt\Logs\Microsoft-Windows-GroupPolicy%4Operational.evtx,-
2023-12-26T23:26:38.566056+00:00,Creation Time,EVT,WinEVTX,[5351 / 0x14e7] Provider identifier: {aea1b4fa-97d1-45f2-a64c-4d69fffd92c9} Source Name: Microsoft-Windows-GroupPolicy Strings: ['false'  '0'] Computer Name: WinDev2311Eval Record Number: 459 Event Level: 4,winevtx,NTFS:\Windows\System32\winevt\Logs\Microsoft-Windows-GroupPolicy%4Operational.evtx,-
2023-12-26T23:26:38.577507+00:00,Content Modification Time,EVT,WinEVTX,[5351 / 0x14e7] Provider identifier: {aea1b4fa-97d1-45f2-a64c-4d69fffd92c9} Source Name: Microsoft-Windows-GroupPolicy Strings: ['true'  '0'] Computer Name: WinDev2311Eval Record Number: 460 Event Level: 4,winevtx,NTFS:\Windows\System32\winevt\Logs\Microsoft-Windows-GroupPolicy%4Operational.evtx,-
2023-12-26T23:26:38.577507+00:00,Creation Time,EVT,WinEVTX,[5351 / 0x14e7] Provider identifier: {aea1b4fa-97d1-45f2-a64c-4d69fffd92c9} Source Name: Microsoft-Windows-GroupPolicy Strings: ['true'  '0'] Computer Name: WinDev2311Eval Record Number: 460 Event Level: 4,winevtx,NTFS:\Windows\System32\winevt\Logs\Microsoft-Windows-GroupPolicy%4Operational.evtx,-
2023-12-26T23:26:38.592808+00:00,Content Modification Time,REG,Registry Key,[HKEY_LOCAL_MACHINE\Software\Microsoft\Windows\CurrentVersion\Group Policy\DataStore\Machine] (empty),winreg/winreg_default,NTFS:\Windows\System32\config\SOFTWARE,-
2023-12-26T23:26:38.597535+00:00,Content Modification Time,EVT,WinEVTX,[4117 / 0x1015] Provider identifier: {aea1b4fa-97d1-45f2-a64c-4d69fffd92c9} Source Name: Microsoft-Windows-GroupPolicy Strings: ['true'  'true'  'false'] Computer Name: WinDev2311Eval Record Number: 461 Event Level: 4,winevtx,NTFS:\Windows\System32\winevt\Logs\Microsoft-Windows-GroupPolicy%4Operational.evtx,-
2023-12-26T23:26:38.597535+00:00,Creation Time,EVT,WinEVTX,[4117 / 0x1015] Provider identifier: {aea1b4fa-97d1-45f2-a64c-4d69fffd92c9} Source Name: Microsoft-Windows-GroupPolicy Strings: ['true'  'true'  'false'] Computer Name: WinDev2311Eval Record Number: 461 Event Level: 4,winevtx,NTFS:\Windows\System32\winevt\Logs\Microsoft-Windows-GroupPolicy%4Operational.evtx,-
2023-12-26T23:26:38.607835+00:00,Content Modification Time,EVT,WinEVTX,[4117 / 0x1015] Provider identifier: {aea1b4fa-97d1-45f2-a64c-4d69fffd92c9} Source Name: Microsoft-Windows-GroupPolicy Strings: ['false'  'true'  'false'] Computer Name: WinDev2311Eval Record Number: 462 Event Level: 4,winevtx,NTFS:\Windows\System32\winevt\Logs\Microsoft-Windows-GroupPolicy%4Operational.evtx,-
2023-12-26T23:26:38.607835+00:00,Creation Time,EVT,WinEVTX,[4117 / 0x1015] Provider identifier: {aea1b4fa-97d1-45f2-a64c-4d69fffd92c9} Source Name: Microsoft-Windows-GroupPolicy Strings: ['false'  'true'  'false'] Computer Name: WinDev2311Eval Record Number: 462 Event Level: 4,winevtx,NTFS:\Windows\System32\winevt\Logs\Microsoft-Windows-GroupPolicy%4Operational.evtx,-
2023-12-26T23:26:38.613555+00:00,Content Modification Time,EVT,WinEVTX,[5116 / 0x13fc] Provider identifier: {aea1b4fa-97d1-45f2-a64c-4d69fffd92c9} Source Name: Microsoft-Windows-GroupPolicy Strings: ['110'] Computer Name: WinDev2311Eval Record Number: 463 Event Level: 4,winevtx,NTFS:\Windows\System32\winevt\Logs\Microsoft-Windows-GroupPolicy%4Operational.evtx,-
2023-12-26T23:26:38.613555+00:00,Creation Time,EVT,WinEVTX,[5116 / 0x13fc] Provider identifier: {aea1b4fa-97d1-45f2-a64c-4d69fffd92c9} Source Name: Microsoft-Windows-GroupPolicy Strings: ['110'] Computer Name: WinDev2311Eval Record Number: 463 Event Level: 4,winevtx,NTFS:\Windows\System32\winevt\Logs\Microsoft-Windows-GroupPolicy%4Operational.evtx,-
2023-12-26T23:26:38.615499+00:00,Content Modification Time,EVT,WinEVTX,[5320 / 0x14c8] Provider identifier: {aea1b4fa-97d1-45f2-a64c-4d69fffd92c9} Source Name: Microsoft-Windows-GroupPolicy Strings: ['%%4168'] Computer Name: WinDev2311Eval Record Number: 464 Event Level: 4,winevtx,NTFS:\Windows\System32\winevt\Logs\Microsoft-Windows-GroupPolicy%4Operational.evtx,-
2023-12-26T23:26:38.615499+00:00,Creation Time,EVT,WinEVTX,[5320 / 0x14c8] Provider identifier: {aea1b4fa-97d1-45f2-a64c-4d69fffd92c9} Source Name: Microsoft-Windows-GroupPolicy Strings: ['%%4168'] Computer Name: WinDev2311Eval Record Number: 464 Event Level: 4,winevtx,NTFS:\Windows\System32\winevt\Logs\Microsoft-Windows-GroupPolicy%4Operational.evtx,-
2023-12-26T23:26:38.615548+00:00,Content Modification Time,EVT,WinEVTX,[5320 / 0x14c8] Provider identifier: {aea1b4fa-97d1-45f2-a64c-4d69fffd92c9} Source Name: Microsoft-Windows-GroupPolicy Strings: ['%%4160'] Computer Name: WinDev2311Eval Record Number: 465 Event Level: 4,winevtx,NTFS:\Windows\System32\winevt\Logs\Microsoft-Windows-GroupPolicy%4Operational.evtx,-
2023-12-26T23:26:38.615548+00:00,Creation Time,EVT,WinEVTX,[5320 / 0x14c8] Provider identifier: {aea1b4fa-97d1-45f2-a64c-4d69fffd92c9} Source Name: Microsoft-Windows-GroupPolicy Strings: ['%%4160'] Computer Name: WinDev2311Eval Record Number: 465 Event Level: 4,winevtx,NTFS:\Windows\System32\winevt\Logs\Microsoft-Windows-GroupPolicy%4Operational.evtx,-
2023-12-26T23:26:38.615549+00:00,Content Modification Time,EVT,WinEVTX,[5320 / 0x14c8] Provider identifier: {aea1b4fa-97d1-45f2-a64c-4d69fffd92c9} Source Name: Microsoft-Windows-GroupPolicy Strings: ['%%4166'] Computer Name: WinDev2311Eval Record Number: 466 Event Level: 4,winevtx,NTFS:\Windows\System32\winevt\Logs\Microsoft-Windows-GroupPolicy%4Operational.evtx,-
2023-12-26T23:26:38.615549+00:00,Creation Time,EVT,WinEVTX,[5320 / 0x14c8] Provider identifier: {aea1b4fa-97d1-45f2-a64c-4d69fffd92c9} Source Name: Microsoft-Windows-GroupPolicy Strings: ['%%4166'] Computer Name: WinDev2311Eval Record Number: 466 Event Level: 4,winevtx,NTFS:\Windows\System32\winevt\Logs\Microsoft-Windows-GroupPolicy%4Operational.evtx,-
2023-12-26T23:26:38.615677+00:00,Content Modification Time,EVT,WinEVTX,[5117 / 0x13fd] Provider identifier: {aea1b4fa-97d1-45f2-a64c-4d69fffd92c9} Source Name: Microsoft-Windows-GroupPolicy Strings: ['false'  '32'] Computer Name: WinDev2311Eval Record Number: 467 Event Level: 4,winevtx,NTFS:\Windows\System32\winevt\Logs\Microsoft-Windows-GroupPolicy%4Operational.evtx,-
2023-12-26T23:26:38.615677+00:00,Creation Time,EVT,WinEVTX,[5117 / 0x13fd] Provider identifier: {aea1b4fa-97d1-45f2-a64c-4d69fffd92c9} Source Name: Microsoft-Windows-GroupPolicy Strings: ['false'  '32'] Computer Name: WinDev2311Eval Record Number: 467 Event Level: 4,winevtx,NTFS:\Windows\System32\winevt\Logs\Microsoft-Windows-GroupPolicy%4Operational.evtx,-
2023-12-26T23:26:38.619618+00:00,Content Modification Time,EVT,WinEVTX,[5321 / 0x14c9] Provider identifier: {aea1b4fa-97d1-45f2-a64c-4d69fffd92c9} Source Name: Microsoft-Windows-GroupPolicy Strings: ['%%4167'  '7f78d5a0-beca-4ddc-be98-ab9c3726c146'] Computer Name: WinDev2311Eval Record Number: 468 Event Level: 4,winevtx,NTFS:\Windows\System32\winevt\Logs\Microsoft-Windows-GroupPolicy%4Operational.evtx,-
2023-12-26T23:26:38.619618+00:00,Creation Time,EVT,WinEVTX,[5321 / 0x14c9] Provider identifier: {aea1b4fa-97d1-45f2-a64c-4d69fffd92c9} Source Name: Microsoft-Windows-GroupPolicy Strings: ['%%4167'  '7f78d5a0-beca-4ddc-be98-ab9c3726c146'] Computer Name: WinDev2311Eval Record Number: 468 Event Level: 4,winevtx,NTFS:\Windows\System32\winevt\Logs\Microsoft-Windows-GroupPolicy%4Operational.evtx,-
2023-12-26T23:26:38.622168+00:00,Content Modification Time,EVT,WinEVTX,[5117 / 0x13fd] Provider identifier: {aea1b4fa-97d1-45f2-a64c-4d69fffd92c9} Source Name: Microsoft-Windows-GroupPolicy Strings: ['true'  '47'] Computer Name: WinDev2311Eval Record Number: 469 Event Level: 4,winevtx,NTFS:\Windows\System32\winevt\Logs\Microsoft-Windows-GroupPolicy%4Operational.evtx,-
2023-12-26T23:26:38.622168+00:00,Creation Time,EVT,WinEVTX,[5117 / 0x13fd] Provider identifier: {aea1b4fa-97d1-45f2-a64c-4d69fffd92c9} Source Name: Microsoft-Windows-GroupPolicy Strings: ['true'  '47'] Computer Name: WinDev2311Eval Record Number: 469 Event Level: 4,winevtx,NTFS:\Windows\System32\winevt\Logs\Microsoft-Windows-GroupPolicy%4Operational.evtx,-
2023-12-26T23:26:39.826696+00:00,Content Modification Time,REG,Registry Key,[HKEY_CURRENT_USER\Software\Classes\Local Settings\ImmutableMuiCache\Strings\52C64B7E] @%SystemRoot%\System32\ActionCenterCPL.dll -1#immutable1: [REG_SZ] Security and Maintenance @%SystemRoot%\System32\Speech\SpeechUX\speechuxcpl.dll -1#immutable1: [REG_SZ] Speech Recognition @%SystemRoot%\System32\SyncCenter.dll -3000#immutable1: [REG_SZ] Sync Center @%SystemRoot%\System32\fhcpl.dll -52#immutable1: [REG_SZ] File History @%SystemRoot%\System32\fvecpl.dll -47#immutable1: [REG_SZ] Device Encryption @%SystemRoot%\System32\intl.cpl -3#immutable1: [REG_SZ] Region @%SystemRoot%\System32\main.cpl -102#immutable1: [REG_SZ] Keyboard @%SystemRoot%\System32\recovery.dll -101#immutable1: [REG_SZ] Recovery @%SystemRoot%\System32\srchadmin.dll -601#immutable1: [REG_SZ] Indexing Options @%SystemRoot%\System32\sud.dll -1#immutable1: [REG_SZ] Default Programs @%SystemRoot%\System32\systemcpl.dll -1#immutable1: [REG_SZ] System @%SystemRoot%\System32\telephon.cpl -1#immutable1: [REG_SZ] Phone and Modem @%SystemRoot%\system32\FirewallControlPanel.dll -12122#immutable1: [REG_SZ] Windows Defender Firewall @%SystemRoot%\system32\RADCUI.dll -15300#immutable1: [REG_SZ] RemoteApp and Desktop Connections @%SystemRoot%\system32\Vault.dll -1#immutable1: [REG_SZ] Credential Manager @%SystemRoot%\system32\colorcpl.exe -6#immutable1: [REG_SZ] Color Management @%SystemRoot%\system32\inetcpl.cpl -4312#immutable1: [REG_SZ] Internet Options @C:\Windows\System32\FirewallControlPanel.dll -12122#immutable1: [REG_SZ] Windows Defender Firewall,winreg/winreg_default,NTFS:\Users\User\AppData\Local\Microsoft\Windows\UsrClass.dat,-
2023-12-26T23:26:41.788952+00:00,Last Access Time,FILE,File stat,NTFS:\Windows\System32\appwiz.cpl Type: file,filestat,NTFS:\Windows\System32\appwiz.cpl,-
2023-12-26T23:26:41.788952+00:00,Last Access Time,FILE,File stat,NTFS:\Windows\WinSxS\amd64_microsoft-windows-appwiz_31bf3856ad364e35_10.0.22621.2506_none_eba09e14a285ae46\appwiz.cpl Type: file,filestat,NTFS:\Windows\WinSxS\amd64_microsoft-windows-appwiz_31bf3856ad364e35_10.0.22621.2506_none_eba09e14a285ae46\appwiz.cpl,-
2023-12-26T23:26:41.223869+00:00,Last Access Time,FILE,File stat,NTFS:\Windows\System32\en-US\appwiz.cpl.mui Type: file,filestat,NTFS:\Windows\System32\en-US\appwiz.cpl.mui,-
2023-12-26T23:26:41.223869+00:00,Last Access Time,FILE,File stat,NTFS:\Windows\WinSxS\amd64_microsoft-windows-appwiz.resources_31bf3856ad364e35_10.0.22621.1_en-us_9222817702658cc5\appwiz.cpl.mui Type: file,filestat,NTFS:\Windows\WinSxS\amd64_microsoft-windows-appwiz.resources_31bf3856ad364e35_10.0.22621.1_en-us_9222817702658cc5\appwiz.cpl.mui,-
2023-12-26T23:26:41.617864+00:00,Last Access Time,FILE,File stat,NTFS:\Windows\System32\autoplay.dll Type: file,filestat,NTFS:\Windows\System32\autoplay.dll,-
2023-12-26T23:26:41.617864+00:00,Last Access Time,FILE,File stat,NTFS:\Windows\WinSxS\amd64_microsoft-windows-autoplay_31bf3856ad364e35_10.0.22621.1_none_08384767e17b085a\autoplay.dll Type: file,filestat,NTFS:\Windows\WinSxS\amd64_microsoft-windows-autoplay_31bf3856ad364e35_10.0.22621.1_none_08384767e17b085a\autoplay.dll,-
2023-12-26T23:26:41.663158+00:00,Last Access Time,FILE,File stat,NTFS:\Windows\SysWOW64\en-US\autoplay.dll.mui Type: file,filestat,NTFS:\Windows\SysWOW64\en-US\autoplay.dll.mui,-
2023-12-26T23:26:41.663158+00:00,Last Access Time,FILE,File stat,NTFS:\Windows\System32\en-US\autoplay.dll.mui Type: file,filestat,NTFS:\Windows\System32\en-US\autoplay.dll.mui,-
2023-12-26T23:26:41.663158+00:00,Last Access Time,FILE,File stat,NTFS:\Windows\WinSxS\amd64_microsoft-windows-autoplay.resources_31bf3856ad364e35_10.0.22621.1_en-us_f82f531f2038d617\autoplay.dll.mui Type: file,filestat,NTFS:\Windows\WinSxS\amd64_microsoft-windows-autoplay.resources_31bf3856ad364e35_10.0.22621.1_en-us_f82f531f2038d617\autoplay.dll.mui,-
2023-12-26T23:26:41.663158+00:00,Last Access Time,FILE,File stat,NTFS:\Windows\WinSxS\wow64_microsoft-windows-autoplay.resources_31bf3856ad364e35_10.0.22621.1_en-us_0283fd7154999812\autoplay.dll.mui Type: file,filestat,NTFS:\Windows\WinSxS\wow64_microsoft-windows-autoplay.resources_31bf3856ad364e35_10.0.22621.1_en-us_0283fd7154999812\autoplay.dll.mui,-
2023-12-26T23:26:41.889731+00:00,Last Access Time,FILE,File stat,NTFS:\Windows\System32\hgcpl.dll Type: file,filestat,NTFS:\Windows\System32\hgcpl.dll,-
2023-12-26T23:26:41.889731+00:00,Last Access Time,FILE,File stat,NTFS:\Windows\WinSxS\amd64_microsoft-windows-homegroup-controlpanel_31bf3856ad364e35_10.0.22621.1_none_17ca8abcb5100b39\hgcpl.dll Type: file,filestat,NTFS:\Windows\WinSxS\amd64_microsoft-windows-homegroup-controlpanel_31bf3856ad364e35_10.0.22621.1_none_17ca8abcb5100b39\hgcpl.dll,-
2023-12-26T23:26:41.921335+00:00,Last Access Time,FILE,File stat,NTFS:\Windows\SysWOW64\en-US\hgcpl.dll.mui Type: file,filestat,NTFS:\Windows\SysWOW64\en-US\hgcpl.dll.mui,-
2023-12-26T23:26:41.921335+00:00,Last Access Time,FILE,File stat,NTFS:\Windows\System32\en-US\hgcpl.dll.mui Type: file,filestat,NTFS:\Windows\System32\en-US\hgcpl.dll.mui,-
2023-12-26T23:26:41.921335+00:00,Last Access Time,FILE,File stat,NTFS:\Windows\WinSxS\amd64_microsoft-windows-h..trolpanel.resources_31bf3856ad364e35_10.0.22621.1_en-us_0f9a958b5f5b1646\hgcpl.dll.mui Type: file,filestat,NTFS:\Windows\WinSxS\amd64_microsoft-windows-h..trolpanel.resources_31bf3856ad364e35_10.0.22621.1_en-us_0f9a958b5f5b1646\hgcpl.dll.mui,-
2023-12-26T23:26:41.921335+00:00,Last Access Time,FILE,File stat,NTFS:\Windows\WinSxS\wow64_microsoft-windows-h..trolpanel.resources_31bf3856ad364e35_10.0.22621.1_en-us_19ef3fdd93bbd841\hgcpl.dll.mui Type: file,filestat,NTFS:\Windows\WinSxS\wow64_microsoft-windows-h..trolpanel.resources_31bf3856ad364e35_10.0.22621.1_en-us_19ef3fdd93bbd841\hgcpl.dll.mui,-
2023-12-26T23:26:42.130623+00:00,Last Access Time,FILE,File stat,NTFS:\Windows\System32\powercpl.dll Type: file,filestat,NTFS:\Windows\System32\powercpl.dll,-
2023-12-26T23:26:42.130623+00:00,Last Access Time,FILE,File stat,NTFS:\Windows\WinSxS\amd64_microsoft-windows-powercpl_31bf3856ad364e35_10.0.22621.1_none_c376beaf67f6740d\powercpl.dll Type: file,filestat,NTFS:\Windows\WinSxS\amd64_microsoft-windows-powercpl_31bf3856ad364e35_10.0.22621.1_none_c376beaf67f6740d\powercpl.dll,-
2023-12-26T23:26:42.199678+00:00,Last Access Time,FILE,File stat,NTFS:\Windows\System32\en-US\powercpl.dll.mui Type: file,filestat,NTFS:\Windows\System32\en-US\powercpl.dll.mui,-
2023-12-26T23:26:42.199678+00:00,Last Access Time,FILE,File stat,NTFS:\Windows\WinSxS\amd64_microsoft-windows-powercpl.resources_31bf3856ad364e35_10.0.22621.1_en-us_ebf2ce91a8a5e3d0\powercpl.dll.mui Type: file,filestat,NTFS:\Windows\WinSxS\amd64_microsoft-windows-powercpl.resources_31bf3856ad364e35_10.0.22621.1_en-us_ebf2ce91a8a5e3d0\powercpl.dll.mui,-
2023-12-26T23:26:42.297075+00:00,Last Access Time,FILE,File stat,NTFS:\Windows\System32\themecpl.dll Type: file,filestat,NTFS:\Windows\System32\themecpl.dll,-
2023-12-26T23:26:42.297075+00:00,Last Access Time,FILE,File stat,NTFS:\Windows\WinSxS\amd64_microsoft-windows-themecpl_31bf3856ad364e35_10.0.22621.2506_none_d6a7bb2c82144225\themecpl.dll Type: file,filestat,NTFS:\Windows\WinSxS\amd64_microsoft-windows-themecpl_31bf3856ad364e35_10.0.22621.2506_none_d6a7bb2c82144225\themecpl.dll,-
2023-12-26T23:26:42.328733+00:00,Last Access Time,FILE,File stat,NTFS:\Windows\SysWOW64\en-US\themecpl.dll.mui Type: file,filestat,NTFS:\Windows\SysWOW64\en-US\themecpl.dll.mui,-
2023-12-26T23:26:42.328733+00:00,Last Access Time,FILE,File stat,NTFS:\Windows\System32\en-US\themecpl.dll.mui Type: file,filestat,NTFS:\Windows\System32\en-US\themecpl.dll.mui,-
2023-12-26T23:26:42.328733+00:00,Last Access Time,FILE,File stat,NTFS:\Windows\WinSxS\amd64_microsoft-windows-themecpl.resources_31bf3856ad364e35_10.0.22621.1_en-us_f05b99e34173e78a\themecpl.dll.mui Type: file,filestat,NTFS:\Windows\WinSxS\amd64_microsoft-windows-themecpl.resources_31bf3856ad364e35_10.0.22621.1_en-us_f05b99e34173e78a\themecpl.dll.mui,-
2023-12-26T23:26:42.328733+00:00,Last Access Time,FILE,File stat,NTFS:\Windows\WinSxS\wow64_microsoft-windows-themecpl.resources_31bf3856ad364e35_10.0.22621.1_en-us_fab0443575d4a985\themecpl.dll.mui Type: file,filestat,NTFS:\Windows\WinSxS\wow64_microsoft-windows-themecpl.resources_31bf3856ad364e35_10.0.22621.1_en-us_fab0443575d4a985\themecpl.dll.mui,-
2023-12-26T23:26:42.424727+00:00,Last Access Time,FILE,File stat,NTFS:\Windows\System32\usercpl.dll Type: file,filestat,NTFS:\Windows\System32\usercpl.dll,-
2023-12-26T23:26:42.424727+00:00,Last Access Time,FILE,File stat,NTFS:\Windows\WinSxS\amd64_microsoft-windows-usercpl_31bf3856ad364e35_10.0.22621.2506_none_6ba95a1ac9be34f1\usercpl.dll Type: file,filestat,NTFS:\Windows\WinSxS\amd64_microsoft-windows-usercpl_31bf3856ad364e35_10.0.22621.2506_none_6ba95a1ac9be34f1\usercpl.dll,-
2023-12-26T23:26:42.456454+00:00,Last Access Time,FILE,File stat,NTFS:\Windows\System32\en-US\usercpl.dll.mui Type: file,filestat,NTFS:\Windows\System32\en-US\usercpl.dll.mui,-
2023-12-26T23:26:42.456454+00:00,Last Access Time,FILE,File stat,NTFS:\Windows\WinSxS\amd64_microsoft-windows-usercpl.resources_31bf3856ad364e35_10.0.22621.1_en-us_54f6a9f8972dca1c\usercpl.dll.mui Type: file,filestat,NTFS:\Windows\WinSxS\amd64_microsoft-windows-usercpl.resources_31bf3856ad364e35_10.0.22621.1_en-us_54f6a9f8972dca1c\usercpl.dll.mui,-
2023-12-26T23:26:44.913797+00:00,Metadata Modification Time,FILE,NTFS USN change,EXPLORER.EXE-03C49D11.pf File reference: 135231-7 Parent file reference: 76318-2 Update source:  Update reason: USN_REASON_DATA_EXTEND  USN_REASON_FILE_CREATE,usnjrnl,NTFS:\$Extend\$UsnJrnl:$J,-
2023-12-26T23:26:44.913797+00:00,Metadata Modification Time,FILE,NTFS USN change,EXPLORER.EXE-03C49D11.pf File reference: 135231-7 Parent file reference: 76318-2 Update source:  Update reason: USN_REASON_DATA_EXTEND  USN_REASON_FILE_CREATE  USN_REASON_CLOSE,usnjrnl,NTFS:\$Extend\$UsnJrnl:$J,-
2023-12-26T23:26:44.913797+00:00,Metadata Modification Time,FILE,NTFS USN change,EXPLORER.EXE-03C49D11.pf File reference: 135231-7 Parent file reference: 76318-2 Update source:  Update reason: USN_REASON_FILE_CREATE,usnjrnl,NTFS:\$Extend\$UsnJrnl:$J,-
2023-12-26T23:26:44.913797+00:00,Creation Time,FILE,File stat,NTFS:\Windows\Prefetch\EXPLORER.EXE-03C49D11.pf Type: file,filestat,NTFS:\Windows\Prefetch\EXPLORER.EXE-03C49D11.pf,-
2023-12-26T23:26:47.454773+00:00,Metadata Modification Time,FILE,NTFS USN change,SEARCHPROTOCOLHOST.EXE-C6CFE2A8.pf File reference: 173540-2 Parent file reference: 76318-2 Update source:  Update reason: USN_REASON_DATA_EXTEND  USN_REASON_DATA_TRUNCATION,usnjrnl,NTFS:\$Extend\$UsnJrnl:$J,-
2023-12-26T23:26:47.454773+00:00,Metadata Modification Time,FILE,NTFS USN change,SEARCHPROTOCOLHOST.EXE-C6CFE2A8.pf File reference: 173540-2 Parent file reference: 76318-2 Update source:  Update reason: USN_REASON_DATA_EXTEND  USN_REASON_DATA_TRUNCATION  USN_REASON_CLOSE,usnjrnl,NTFS:\$Extend\$UsnJrnl:$J,-
2023-12-26T23:26:47.454773+00:00,Metadata Modification Time,FILE,NTFS USN change,SEARCHPROTOCOLHOST.EXE-C6CFE2A8.pf File reference: 173540-2 Parent file reference: 76318-2 Update source:  Update reason: USN_REASON_DATA_TRUNCATION,usnjrnl,NTFS:\$Extend\$UsnJrnl:$J,-
2023-12-26T23:26:47.787810+00:00,Content Modification Time,REG,Registry Key,[HKEY_LOCAL_MACHINE\Software\Microsoft\Windows Defender\Spynet] LastMAPSFailureTime: [REG_BINARY] (8 bytes) LastMAPSSuccessTime: [REG_BINARY] (8 bytes) MAPSconcurrency: [REG_DWORD_LE] 1 MAPSconcurrencyDss: [REG_DWORD_LE] 10 SSLOptions: [REG_DWORD_LE] 3 SpyNetReporting: [REG_DWORD_LE] 2 SpyNetReportingLocation: [REG_MULTI_SZ] [SOAP:https://wdcp.microsoft.com/WdCpSrvc.asmx  SOAP:https://wdcpalt.microsoft.com/WdCpSrvc.asmx  REST:https://wdcp.microsoft.com/wdcp.svc/submitReport  REST:https://wdcpalt.microsoft.com/wdcp.svc/submitReport  BOND:https://wdcp.microsoft.com/wdcp.svc/bond/submitreport  BOND:https://wdcpalt.microsoft.com/wdcp.svc/bond/submitreport] SubmitSamplesConsent: [REG_DWORD_LE] 1,winreg/winreg_default,NTFS:\Windows\System32\config\SOFTWARE,-
2023-12-26T23:26:48.540277+00:00,Metadata Modification Time,FILE,NTFS USN change,SVCHOST.EXE-8CA840F9.pf File reference: 135240-6 Parent file reference: 76318-2 Update source:  Update reason: USN_REASON_DATA_EXTEND  USN_REASON_FILE_CREATE,usnjrnl,NTFS:\$Extend\$UsnJrnl:$J,-
2023-12-26T23:26:48.540277+00:00,Metadata Modification Time,FILE,NTFS USN change,SVCHOST.EXE-8CA840F9.pf File reference: 135240-6 Parent file reference: 76318-2 Update source:  Update reason: USN_REASON_DATA_EXTEND  USN_REASON_FILE_CREATE  USN_REASON_CLOSE,usnjrnl,NTFS:\$Extend\$UsnJrnl:$J,-
2023-12-26T23:26:48.540277+00:00,Metadata Modification Time,FILE,NTFS USN change,SVCHOST.EXE-8CA840F9.pf File reference: 135240-6 Parent file reference: 76318-2 Update source:  Update reason: USN_REASON_FILE_CREATE,usnjrnl,NTFS:\$Extend\$UsnJrnl:$J,-
2023-12-26T23:26:48.540277+00:00,Content Modification Time,FILE,File stat,NTFS:\Windows\Prefetch\SVCHOST.EXE-8CA840F9.pf Type: file,filestat,NTFS:\Windows\Prefetch\SVCHOST.EXE-8CA840F9.pf,-
2023-12-26T23:26:48.540277+00:00,Creation Time,FILE,File stat,NTFS:\Windows\Prefetch\SVCHOST.EXE-8CA840F9.pf Type: file,filestat,NTFS:\Windows\Prefetch\SVCHOST.EXE-8CA840F9.pf,-
2023-12-26T23:26:48.540277+00:00,Last Access Time,FILE,File stat,NTFS:\Windows\Prefetch\SVCHOST.EXE-8CA840F9.pf Type: file,filestat,NTFS:\Windows\Prefetch\SVCHOST.EXE-8CA840F9.pf,-
2023-12-26T23:26:48.540277+00:00,Metadata Modification Time,FILE,File stat,NTFS:\Windows\Prefetch\SVCHOST.EXE-8CA840F9.pf Type: file,filestat,NTFS:\Windows\Prefetch\SVCHOST.EXE-8CA840F9.pf,-
2023-12-26T23:26:49.904585+00:00,Last Time Executed,LOG,WinPrefetch,Prefetch [DLLHOST.EXE] was executed - run count 2 path hints: \WINDOWS\SYSWOW64\DLLHOST.EXE hash: 0xC7028A70 volume: 1 [serial number: 0x5CE1DF5A  device path: \VOLUME{01da182ce1985a64-5ce1df5a}],prefetch,NTFS:\Windows\Prefetch\DLLHOST.EXE-C7028A70.pf,-
2023-12-26T23:26:49.904585+00:00,Last Access Time,FILE,File stat,NTFS:\Windows\SysWOW64\dllhost.exe Type: file,filestat,NTFS:\Windows\SysWOW64\dllhost.exe,-
2023-12-26T23:26:49.904585+00:00,Last Access Time,FILE,File stat,NTFS:\Windows\WinSxS\wow64_microsoft-windows-com-surrogate-core_31bf3856ad364e35_10.0.22621.1_none_a0d5060afeb70422\dllhost.exe Type: file,filestat,NTFS:\Windows\WinSxS\wow64_microsoft-windows-com-surrogate-core_31bf3856ad364e35_10.0.22621.1_none_a0d5060afeb70422\dllhost.exe,-
2023-12-26T23:26:49.179639+00:00,Last Access Time,FILE,File stat,NTFS:\Windows\SysWOW64\imm32.dll Type: file,filestat,NTFS:\Windows\SysWOW64\imm32.dll,-
2023-12-26T23:26:49.179639+00:00,Last Access Time,FILE,File stat,NTFS:\Windows\WinSxS\wow64_microsoft-windows-imm32_31bf3856ad364e35_10.0.22621.2506_none_46852e002a6b46fe\imm32.dll Type: file,filestat,NTFS:\Windows\WinSxS\wow64_microsoft-windows-imm32_31bf3856ad364e35_10.0.22621.2506_none_46852e002a6b46fe\imm32.dll,-
2023-12-26T23:26:49.195497+00:00,Last Access Time,FILE,File stat,NTFS:\Windows\SysWOW64\uxtheme.dll Type: file,filestat,NTFS:\Windows\SysWOW64\uxtheme.dll,-
2023-12-26T23:26:49.195497+00:00,Last Access Time,FILE,File stat,NTFS:\Windows\WinSxS\wow64_microsoft-windows-uxtheme_31bf3856ad364e35_10.0.22621.2506_none_9013aabdb68fe50e\uxtheme.dll Type: file,filestat,NTFS:\Windows\WinSxS\wow64_microsoft-windows-uxtheme_31bf3856ad364e35_10.0.22621.2506_none_9013aabdb68fe50e\uxtheme.dll,-
2023-12-26T23:26:49.211019+00:00,Last Access Time,FILE,File stat,NTFS:\Windows\SysWOW64\actxprxy.dll Type: file,filestat,NTFS:\Windows\SysWOW64\actxprxy.dll,-
2023-12-26T23:26:49.211019+00:00,Last Access Time,FILE,File stat,NTFS:\Windows\WinSxS\wow64_microsoft-windows-activexproxy_31bf3856ad364e35_10.0.22621.2506_none_fc3d43599a4aa092\actxprxy.dll Type: file,filestat,NTFS:\Windows\WinSxS\wow64_microsoft-windows-activexproxy_31bf3856ad364e35_10.0.22621.2506_none_fc3d43599a4aa092\actxprxy.dll,-
2023-12-26T23:26:49.335000+00:00,Last Time Executed,REG,UserAssist Registry Key,[HKEY_CURRENT_USER\Software\Microsoft\Windows\CurrentVersion\Explorer\UserAssist\{CEBFF5CD-ACE2-4F4F-9178-9926F41749EA}\Count] UserAssist entry: 11 Value name: Microsoft.Windows.Explorer Count: 2 Application focus count: 0 Application focus duration: 1219,winreg/userassist,NTFS:\Users\User\NTUSER.DAT,-
2023-12-26T23:26:49.382887+00:00,Content Modification Time,REG,Registry Key,[HKEY_CURRENT_USER\Software\Classes\Local Settings\Software\Microsoft\Windows\Shell\BagMRU\0\0] 0: [REG_BINARY] (32 bytes) MRUListEx: [REG_BINARY] (8 bytes),winreg/winreg_default,NTFS:\Users\User\AppData\Local\Microsoft\Windows\UsrClass.dat,-
2023-12-26T23:26:49.382887+00:00,Content Modification Time,REG,BagMRU Registry Key,[HKEY_CURRENT_USER\Software\Classes\Local Settings\Software\Microsoft\Windows\Shell\BagMRU\0\0] Index: 1 [MRU Value 0]: Shell item path: <Control Panel> <UNKNOWN: 0x00> <UNKNOWN: 0x71>,winreg/bagmru,NTFS:\Users\User\AppData\Local\Microsoft\Windows\UsrClass.dat,-
2023-12-26T23:26:49.382887+00:00,Content Modification Time,REG,Registry Key,[HKEY_CURRENT_USER\Software\Classes\Local Settings\Software\Microsoft\Windows\Shell\BagMRU\0] 0: [REG_BINARY] (14 bytes) MRUListEx: [REG_BINARY] (8 bytes),winreg/winreg_default,NTFS:\Users\User\AppData\Local\Microsoft\Windows\UsrClass.dat,-
2023-12-26T23:26:49.382887+00:00,Content Modification Time,REG,BagMRU Registry Key,[HKEY_CURRENT_USER\Software\Classes\Local Settings\Software\Microsoft\Windows\Shell\BagMRU\0] Index: 1 [MRU Value 0]: Shell item path: <Control Panel> <UNKNOWN: 0x00>,winreg/bagmru,NTFS:\Users\User\AppData\Local\Microsoft\Windows\UsrClass.dat,-
2023-12-26T23:26:49.382887+00:00,Content Modification Time,REG,Registry Key,[HKEY_CURRENT_USER\Software\Classes\Local Settings\Software\Microsoft\Windows\Shell\Bags\1\Shell] (empty),winreg/winreg_default,NTFS:\Users\User\AppData\Local\Microsoft\Windows\UsrClass.dat,-
2023-12-26T23:26:49.382887+00:00,Content Modification Time,REG,Registry Key,[HKEY_CURRENT_USER\Software\Classes\Local Settings\Software\Microsoft\Windows\Shell\Bags\1] (empty),winreg/winreg_default,NTFS:\Users\User\AppData\Local\Microsoft\Windows\UsrClass.dat,-
2023-12-26T23:26:49.382887+00:00,Content Modification Time,REG,Registry Key,[HKEY_CURRENT_USER\Software\Classes\Local Settings\Software\Microsoft\Windows\Shell] (empty),winreg/winreg_default,NTFS:\Users\User\AppData\Local\Microsoft\Windows\UsrClass.dat,-
2023-12-26T23:26:49.461062+00:00,Metadata Modification Time,FILE,NTFS USN change,shpafact.dll File reference: 55450-1 Parent file reference: 20485-1 Update source:  Update reason: USN_REASON_EA_CHANGE,usnjrnl,NTFS:\$Extend\$UsnJrnl:$J,-
2023-12-26T23:26:49.461062+00:00,Metadata Modification Time,FILE,NTFS USN change,shpafact.dll File reference: 55450-1 Parent file reference: 20485-1 Update source:  Update reason: USN_REASON_EA_CHANGE  USN_REASON_CLOSE,usnjrnl,NTFS:\$Extend\$UsnJrnl:$J,-
2023-12-26T23:26:49.461062+00:00,Metadata Modification Time,FILE,File stat,NTFS:\Windows\System32\shpafact.dll Type: file,filestat,NTFS:\Windows\System32\shpafact.dll,-
2023-12-26T23:26:49.461062+00:00,Metadata Modification Time,FILE,File stat,NTFS:\Windows\WinSxS\amd64_microsoft-windows-shpafact_31bf3856ad364e35_10.0.22621.1_none_330bd128ea06f67b\shpafact.dll Type: file,filestat,NTFS:\Windows\WinSxS\amd64_microsoft-windows-shpafact_31bf3856ad364e35_10.0.22621.1_none_330bd128ea06f67b\shpafact.dll,-
2023-12-26T23:26:49.539244+00:00,Previous Last Time Executed,LOG,WinPrefetch,Prefetch [CONSENT.EXE] was executed - run count 2 path hints: \WINDOWS\SYSTEM32\CONSENT.EXE hash: 0x2D674CE4 volume: 1 [serial number: 0x5CE1DF5A  device path: \VOLUME{01da182ce1985a64-5ce1df5a}],prefetch,NTFS:\Windows\Prefetch\CONSENT.EXE-2D674CE4.pf,-
2023-12-26T23:26:49.867749+00:00,Last Access Time,FILE,File stat,NTFS:\Windows\System32\CatRoot\{F750E6C3-38EE-11D1-85E5-00C04FC295EE}\Microsoft-Windows-Client-Desktop-Required-Package0519~31bf3856ad364e35~amd64~~10.0.22621.525.cat Type: file,filestat,NTFS:\Windows\System32\CatRoot\{F750E6C3-38EE-11D1-85E5-00C04FC295EE}\Microsoft-Windows-Client-Desktop-Required-Package0519~31bf3856ad364e35~amd64~~10.0.22621.525.cat,-
2023-12-26T23:26:49.867749+00:00,Last Access Time,FILE,File stat,NTFS:\Windows\WinSxS\Catalogs\7f909d4faf760511f5bbaa913fba1d070de280b2f49f7b45660dafa8fde49ae4.cat Type: file,filestat,NTFS:\Windows\WinSxS\Catalogs\7f909d4faf760511f5bbaa913fba1d070de280b2f49f7b45660dafa8fde49ae4.cat,-
2023-12-26T23:26:49.867749+00:00,Last Access Time,FILE,File stat,NTFS:\Windows\servicing\Packages\Microsoft-Windows-Client-Desktop-Required-Package0519~31bf3856ad364e35~amd64~~10.0.22621.525.cat Type: file,filestat,NTFS:\Windows\servicing\Packages\Microsoft-Windows-Client-Desktop-Required-Package0519~31bf3856ad364e35~amd64~~10.0.22621.525.cat,-
2023-12-26T23:26:49.898539+00:00,Last Access Time,FILE,File stat,NTFS:\Windows\System32\CatRoot\{F750E6C3-38EE-11D1-85E5-00C04FC295EE}\Microsoft-Windows-Client-Desktop-Required-Package04~31bf3856ad364e35~amd64~~10.0.22621.2715.cat Type: file,filestat,NTFS:\Windows\System32\CatRoot\{F750E6C3-38EE-11D1-85E5-00C04FC295EE}\Microsoft-Windows-Client-Desktop-Required-Package04~31bf3856ad364e35~amd64~~10.0.22621.2715.cat,-
2023-12-26T23:26:49.898539+00:00,Last Access Time,FILE,File stat,NTFS:\Windows\WinSxS\Catalogs\f51309f7db90d02aeccd6241cd35680b7bb01fcc0cd0b274c5b75ef585e32e00.cat Type: file,filestat,NTFS:\Windows\WinSxS\Catalogs\f51309f7db90d02aeccd6241cd35680b7bb01fcc0cd0b274c5b75ef585e32e00.cat,-
2023-12-26T23:26:49.898539+00:00,Last Access Time,FILE,File stat,NTFS:\Windows\servicing\Packages\Microsoft-Windows-Client-Desktop-Required-Package04~31bf3856ad364e35~amd64~~10.0.22621.2715.cat Type: file,filestat,NTFS:\Windows\servicing\Packages\Microsoft-Windows-Client-Desktop-Required-Package04~31bf3856ad364e35~amd64~~10.0.22621.2715.cat,-
2023-12-26T23:26:49.914147+00:00,Metadata Modification Time,FILE,NTFS USN change,CONSENT.EXE-2D674CE4.pf File reference: 135244-6 Parent file reference: 76318-2 Update source:  Update reason: USN_REASON_DATA_EXTEND  USN_REASON_FILE_CREATE,usnjrnl,NTFS:\$Extend\$UsnJrnl:$J,-
2023-12-26T23:26:49.914147+00:00,Metadata Modification Time,FILE,NTFS USN change,CONSENT.EXE-2D674CE4.pf File reference: 135244-6 Parent file reference: 76318-2 Update source:  Update reason: USN_REASON_DATA_EXTEND  USN_REASON_FILE_CREATE  USN_REASON_CLOSE,usnjrnl,NTFS:\$Extend\$UsnJrnl:$J,-
2023-12-26T23:26:49.914147+00:00,Metadata Modification Time,FILE,NTFS USN change,CONSENT.EXE-2D674CE4.pf File reference: 135244-6 Parent file reference: 76318-2 Update source:  Update reason: USN_REASON_FILE_CREATE,usnjrnl,NTFS:\$Extend\$UsnJrnl:$J,-
2023-12-26T23:26:49.914147+00:00,Creation Time,FILE,File stat,NTFS:\Windows\Prefetch\CONSENT.EXE-2D674CE4.pf Type: file,filestat,NTFS:\Windows\Prefetch\CONSENT.EXE-2D674CE4.pf,-
2023-12-26T23:26:49.945455+00:00,Metadata Modification Time,FILE,NTFS USN change,CloudStore File reference: 42577-3 Parent file reference: 42563-4 Update source:  Update reason: USN_REASON_SECURITY_CHANGE,usnjrnl,NTFS:\$Extend\$UsnJrnl:$J,-
2023-12-26T23:26:49.945455+00:00,Metadata Modification Time,FILE,NTFS USN change,CloudStore File reference: 42577-3 Parent file reference: 42563-4 Update source:  Update reason: USN_REASON_SECURITY_CHANGE  USN_REASON_CLOSE,usnjrnl,NTFS:\$Extend\$UsnJrnl:$J,-
2023-12-26T23:26:49.961416+00:00,Last Time Executed,LOG,WinPrefetch,Prefetch [DLLHOST.EXE] was executed - run count 1 path hints: \WINDOWS\SYSTEM32\DLLHOST.EXE hash: 0xCD286207 volume: 1 [serial number: 0x5CE1DF5A  device path: \VOLUME{01da182ce1985a64-5ce1df5a}],prefetch,NTFS:\Windows\Prefetch\DLLHOST.EXE-CD286207.pf,-
2023-12-26T23:26:50.409895+00:00,Last Access Time,FILE,File stat,NTFS:\Windows\System32\shpafact.dll Type: file,filestat,NTFS:\Windows\System32\shpafact.dll,-
2023-12-26T23:26:50.409895+00:00,Last Access Time,FILE,File stat,NTFS:\Windows\WinSxS\amd64_microsoft-windows-shpafact_31bf3856ad364e35_10.0.22621.1_none_330bd128ea06f67b\shpafact.dll Type: file,filestat,NTFS:\Windows\WinSxS\amd64_microsoft-windows-shpafact_31bf3856ad364e35_10.0.22621.1_none_330bd128ea06f67b\shpafact.dll,-
2023-12-26T23:26:54.286893+00:00,Metadata Modification Time,FILE,NTFS USN change,DLLHOST.EXE-C7028A70.pf File reference: 135228-7 Parent file reference: 76318-2 Update source:  Update reason: USN_REASON_DATA_EXTEND  USN_REASON_DATA_TRUNCATION,usnjrnl,NTFS:\$Extend\$UsnJrnl:$J,-
2023-12-26T23:26:54.286893+00:00,Metadata Modification Time,FILE,NTFS USN change,DLLHOST.EXE-C7028A70.pf File reference: 135228-7 Parent file reference: 76318-2 Update source:  Update reason: USN_REASON_DATA_EXTEND  USN_REASON_DATA_TRUNCATION  USN_REASON_CLOSE,usnjrnl,NTFS:\$Extend\$UsnJrnl:$J,-
2023-12-26T23:26:54.286893+00:00,Metadata Modification Time,FILE,NTFS USN change,DLLHOST.EXE-C7028A70.pf File reference: 135228-7 Parent file reference: 76318-2 Update source:  Update reason: USN_REASON_DATA_TRUNCATION,usnjrnl,NTFS:\$Extend\$UsnJrnl:$J,-
2023-12-26T23:26:54.286893+00:00,Content Modification Time,FILE,File stat,NTFS:\Windows\Prefetch\DLLHOST.EXE-C7028A70.pf Type: file,filestat,NTFS:\Windows\Prefetch\DLLHOST.EXE-C7028A70.pf,-
2023-12-26T23:26:54.286893+00:00,Last Access Time,FILE,File stat,NTFS:\Windows\Prefetch\DLLHOST.EXE-C7028A70.pf Type: file,filestat,NTFS:\Windows\Prefetch\DLLHOST.EXE-C7028A70.pf,-
2023-12-26T23:26:54.286893+00:00,Metadata Modification Time,FILE,File stat,NTFS:\Windows\Prefetch\DLLHOST.EXE-C7028A70.pf Type: file,filestat,NTFS:\Windows\Prefetch\DLLHOST.EXE-C7028A70.pf,-
2023-12-26T23:26:57.473689+00:00,Content Modification Time,REG,Registry Key,[HKEY_LOCAL_MACHINE\System\ControlSet001\Services\SharedAccess\Parameters\FirewallPolicy\StandardProfile] DisableNotifications: [REG_DWORD_LE] 0 EnableFirewall: [REG_DWORD_LE] 0,winreg/winreg_default,NTFS:\Windows\System32\config\SYSTEM,-
2023-12-26T23:26:57.492844+00:00,Content Modification Time,EVT,WinEVTX,[2082 / 0x0822] Provider identifier: {d1bc9aff-2abf-4d71-9146-ecb2a986eb85} Source Name: Microsoft-Windows-Windows Firewall With Advanced Security Strings: ['2'  '1'  '4'  '00000000'  'No'  '1'  'S-1-5-21-4087375726-1105420669-2909453743-1000'  'C:\\Windows\\System32\\dllhost.exe'  '0'] Computer Name: WinDev2311Eval Record Number: 894 Event Level: 4,winevtx,NTFS:\Windows\System32\winevt\Logs\Microsoft-Windows-Windows Firewall With Advanced Security%4Firewall.evtx,-
2023-12-26T23:26:57.492844+00:00,Creation Time,EVT,WinEVTX,[2082 / 0x0822] Provider identifier: {d1bc9aff-2abf-4d71-9146-ecb2a986eb85} Source Name: Microsoft-Windows-Windows Firewall With Advanced Security Strings: ['2'  '1'  '4'  '00000000'  'No'  '1'  'S-1-5-21-4087375726-1105420669-2909453743-1000'  'C:\\Windows\\System32\\dllhost.exe'  '0'] Computer Name: WinDev2311Eval Record Number: 894 Event Level: 4,winevtx,NTFS:\Windows\System32\winevt\Logs\Microsoft-Windows-Windows Firewall With Advanced Security%4Firewall.evtx,-
2023-12-26T23:26:57.509597+00:00,Content Modification Time,REG,Registry Key,[HKEY_LOCAL_MACHINE\System\ControlSet001\Services\SharedAccess\Parameters\FirewallPolicy\PublicProfile] DisableNotifications: [REG_DWORD_LE] 0 EnableFirewall: [REG_DWORD_LE] 0,winreg/winreg_default,NTFS:\Windows\System32\config\SYSTEM,-
2023-12-26T23:26:57.621837+00:00,Content Modification Time,REG,Registry Key,[HKEY_LOCAL_MACHINE\System\ControlSet001\Services\BFE\Parameters\Policy\BootTime\Filter] {84750a0c-b836-48e3-ab80-104985c857db}: [REG_BINARY] (144 bytes) {89a89b7c-b5ab-4ed6-bf05-d3059281a5c5}: [REG_BINARY] (144 bytes),winreg/winreg_default,NTFS:\Windows\System32\config\SYSTEM,-
2023-12-26T23:26:57.621837+00:00,Content Modification Time,REG,Registry Key,[HKEY_LOCAL_MACHINE\System\ControlSet001\Services\BFE\Parameters\Policy\Persistent\Filter] {0593d9b7-8e2b-44b1-9f9e-2831da1c9bd9}: [REG_BINARY] (1080 bytes) {082edf36-12d7-4698-858a-cf274b78d09a}: [REG_BINARY] (1080 bytes) {15d327cf-89c3-4032-9ded-774ae6b0b49f}: [REG_BINARY] (1080 bytes) {17043d46-fac2-4561-bca1-0c7a05e95f5f}: [REG_BINARY] (752 bytes) {3180114b-8338-4740-9a16-444134ad62f4}: [REG_BINARY] (752 bytes) {3a90a266-1519-4d23-911b-e84cd0f02ab8}: [REG_BINARY] (800 bytes) {4137b143-2770-43d4-91a2-55bb0a069830}: [REG_BINARY] (728 bytes) {4e718c57-c397-4221-9fbb-14fd51701d6a}: [REG_BINARY] (800 bytes) {567d3836-3f5b-4067-b9c4-952f677010a2}: [REG_BINARY] (768 bytes) {70694559-714a-4a38-a0cd-51439e06f1d8}: [REG_BINARY] (1248 bytes) {84750a0c-b836-48e3-ab80-104985c857db}: [REG_BINARY] (824 bytes) {89a89b7c-b5ab-4ed6-bf05-d3059281a5c5}: [REG_BINARY] (824 bytes) {8b50e2ec-7cF0-4b71-b42e-5b0536f6cab8}: [REG_BINARY] (728 bytes) {916c0dbf-7cec-40f9-9dd9-a5e68b904510}: [REG_BINARY] (1080 bytes) {b02a4013-b6b5-4859-9168-1e3299e43b24}: [REG_BINARY] (712 bytes) {b98b75dc-17c0-4e84-bd4e-2080527ca6a6}: [REG_BINARY] (824 bytes) {d870c96c-75ee-46a6-8a02-8e4401a73423}: [REG_BINARY] (712 bytes) {e72646bc-7d3f-4c5c-a679-b3716f8c6cc8}: [REG_BINARY] (824 bytes),winreg/winreg_default,NTFS:\Windows\System32\config\SYSTEM,-
2023-12-26T23:26:57.668246+00:00,Content Modification Time,EVT,WinEVTX,[2082 / 0x0822] Provider identifier: {d1bc9aff-2abf-4d71-9146-ecb2a986eb85} Source Name: Microsoft-Windows-Windows Firewall With Advanced Security Strings: ['4'  '1'  '4'  '00000000'  'No'  '1'  'S-1-5-21-4087375726-1105420669-2909453743-1000'  'C:\\Windows\\System32\\dllhost.exe'  '0'] Computer Name: WinDev2311Eval Record Number: 895 Event Level: 4,winevtx,NTFS:\Windows\System32\winevt\Logs\Microsoft-Windows-Windows Firewall With Advanced Security%4Firewall.evtx,-
2023-12-26T23:26:57.668246+00:00,Creation Time,EVT,WinEVTX,[2082 / 0x0822] Provider identifier: {d1bc9aff-2abf-4d71-9146-ecb2a986eb85} Source Name: Microsoft-Windows-Windows Firewall With Advanced Security Strings: ['4'  '1'  '4'  '00000000'  'No'  '1'  'S-1-5-21-4087375726-1105420669-2909453743-1000'  'C:\\Windows\\System32\\dllhost.exe'  '0'] Computer Name: WinDev2311Eval Record Number: 895 Event Level: 4,winevtx,NTFS:\Windows\System32\winevt\Logs\Microsoft-Windows-Windows Firewall With Advanced Security%4Firewall.evtx,-
2023-12-26T23:26:57.670859+00:00,Last Access Time,FILE,File stat,NTFS:\Windows\ServiceProfiles Type: directory,filestat,NTFS:\Windows\ServiceProfiles,-
2023-12-26T23:26:57.676279+00:00,Content Modification Time,EVT,WinEVTX,[4624 / 0x1210] Provider identifier: {54849625-5478-4994-a5ba-3e3b0328c30d} Source Name: Microsoft-Windows-Security-Auditing Strings: ['S-1-5-18'  'WINDEV2311EVAL$'  'WORKGROUP'  '0x00000000000003e7'  'S-1-5-18'  'SYSTEM'  'NT AUTHORITY'  '0x00000000000003e7'  '5'  'Advapi  '  'Negotiate'  '-'  '{00000000-0000-0000-0000-000000000000}'  '-'  '-'  '0'  '0x00000000000002e8'  'C:\\Windows\\System32\\services.exe'  '-'  '-'  '%%1833'  '-'  '-'  '-'  '-'  '%%1843'  '0x0000000000000000'  '%%1842'] Computer Name: WinDev2311Eval Record Number: 3208 Event Level: 0,winevtx,NTFS:\Windows\System32\winevt\Logs\Security.evtx,-
2023-12-26T23:26:57.676279+00:00,Creation Time,EVT,WinEVTX,[4624 / 0x1210] Provider identifier: {54849625-5478-4994-a5ba-3e3b0328c30d} Source Name: Microsoft-Windows-Security-Auditing Strings: ['S-1-5-18'  'WINDEV2311EVAL$'  'WORKGROUP'  '0x00000000000003e7'  'S-1-5-18'  'SYSTEM'  'NT AUTHORITY'  '0x00000000000003e7'  '5'  'Advapi  '  'Negotiate'  '-'  '{00000000-0000-0000-0000-000000000000}'  '-'  '-'  '0'  '0x00000000000002e8'  'C:\\Windows\\System32\\services.exe'  '-'  '-'  '%%1833'  '-'  '-'  '-'  '-'  '%%1843'  '0x0000000000000000'  '%%1842'] Computer Name: WinDev2311Eval Record Number: 3208 Event Level: 0,winevtx,NTFS:\Windows\System32\winevt\Logs\Security.evtx,-
2023-12-26T23:26:57.676294+00:00,Content Modification Time,EVT,WinEVTX,[4672 / 0x1240] Provider identifier: {54849625-5478-4994-a5ba-3e3b0328c30d} Source Name: Microsoft-Windows-Security-Auditing Strings: ['S-1-5-18'  'SYSTEM'  'NT AUTHORITY'  '0x00000000000003e7'  'SeAssignPrimaryTokenPrivilege\r\n\t\t\tSeTcbPrivilege\r\n\t\t\tSeSecurityPrivilege\r\n\t\t\tSeTakeOwnershipPrivilege\r\n\t\t\tSeLoadDriverPrivilege\r\n\t\t\tSeBackupPrivilege\r\n\t\t\tSeRestorePrivilege\r\n\t\t\tSeDebugPrivilege\r\n\t\t\tSeAuditPrivilege\r\n\t\t\tSeSystemEnvironmentPrivilege\r\n\t\t\tSeImpersonatePrivilege\r\n\t\t\tSeDelegateSessionUserImpersonatePrivilege'] Computer Name: WinDev2311Eval Record Number: 3209 Event Level: 0,winevtx,NTFS:\Windows\System32\winevt\Logs\Security.evtx,-
2023-12-26T23:26:57.676294+00:00,Creation Time,EVT,WinEVTX,[4672 / 0x1240] Provider identifier: {54849625-5478-4994-a5ba-3e3b0328c30d} Source Name: Microsoft-Windows-Security-Auditing Strings: ['S-1-5-18'  'SYSTEM'  'NT AUTHORITY'  '0x00000000000003e7'  'SeAssignPrimaryTokenPrivilege\r\n\t\t\tSeTcbPrivilege\r\n\t\t\tSeSecurityPrivilege\r\n\t\t\tSeTakeOwnershipPrivilege\r\n\t\t\tSeLoadDriverPrivilege\r\n\t\t\tSeBackupPrivilege\r\n\t\t\tSeRestorePrivilege\r\n\t\t\tSeDebugPrivilege\r\n\t\t\tSeAuditPrivilege\r\n\t\t\tSeSystemEnvironmentPrivilege\r\n\t\t\tSeImpersonatePrivilege\r\n\t\t\tSeDelegateSessionUserImpersonatePrivilege'] Computer Name: WinDev2311Eval Record Number: 3209 Event Level: 0,winevtx,NTFS:\Windows\System32\winevt\Logs\Security.evtx,-
2023-12-26T23:26:57.686353+00:00,Last Time Executed,LOG,WinPrefetch,Prefetch [SVCHOST.EXE] was executed - run count 1 path hints: \WINDOWS\SYSTEM32\SVCHOST.EXE hash: 0x57C0D5E5 volume: 1 [serial number: 0x5CE1DF5A  device path: \VOLUME{01da182ce1985a64-5ce1df5a}],prefetch,NTFS:\Windows\Prefetch\SVCHOST.EXE-57C0D5E5.pf,-
2023-12-26T23:26:57.686353+00:00,Last Time Executed,LOG,WinPrefetch,Prefetch [SVCHOST.EXE] was executed - run count 1 path hints: \WINDOWS\SYSTEM32\SVCHOST.EXE hash: 0x64D3491C volume: 1 [serial number: 0x5CE1DF5A  device path: \VOLUME{01da182ce1985a64-5ce1df5a}],prefetch,NTFS:\Windows\Prefetch\SVCHOST.EXE-64D3491C.pf,-
2023-12-26T23:26:57.751009+00:00,Last Access Time,FILE,File stat,NTFS:\Windows\System32\polstore.dll Type: file,filestat,NTFS:\Windows\System32\polstore.dll,-
2023-12-26T23:26:57.751009+00:00,Last Access Time,FILE,File stat,NTFS:\Windows\WinSxS\amd64_microsoft-windows-n..-domain-clients-svc_31bf3856ad364e35_10.0.22621.1_none_a5a44385dfc36eab\polstore.dll Type: file,filestat,NTFS:\Windows\WinSxS\amd64_microsoft-windows-n..-domain-clients-svc_31bf3856ad364e35_10.0.22621.1_none_a5a44385dfc36eab\polstore.dll,-
2023-12-26T23:26:57.766978+00:00,Content Modification Time,REG,Registry Key,[HKEY_CURRENT_USER\Software\Microsoft\Windows\CurrentVersion\Security and Maintenance\Checks\{E8433B72-5842-4d43-8645-BC2C35960837}.check.101] CheckSetting: [REG_BINARY] (36 bytes),winreg/winreg_default,NTFS:\Users\User\NTUSER.DAT,-
2023-12-26T23:26:57.766978+00:00,Content Modification Time,REG,Registry Key,[HKEY_CURRENT_USER\Software\Microsoft\Windows\CurrentVersion\Security and Maintenance\Checks\{E8433B72-5842-4d43-8645-BC2C35960837}.check.102] CheckSetting: [REG_BINARY] (36 bytes),winreg/winreg_default,NTFS:\Users\User\NTUSER.DAT,-
2023-12-26T23:26:57.766978+00:00,Last Access Time,FILE,File stat,NTFS:\Windows\System32\en-US\polstore.dll.mui Type: file,filestat,NTFS:\Windows\System32\en-US\polstore.dll.mui,-
2023-12-26T23:26:57.766978+00:00,Last Access Time,FILE,File stat,NTFS:\Windows\WinSxS\amd64_microsoft-windows-n..ients-svc.resources_31bf3856ad364e35_10.0.22621.1_en-us_1f01c3acaa6d00d4\polstore.dll.mui Type: file,filestat,NTFS:\Windows\WinSxS\amd64_microsoft-windows-n..ients-svc.resources_31bf3856ad364e35_10.0.22621.1_en-us_1f01c3acaa6d00d4\polstore.dll.mui,-
2023-12-26T23:26:57.785595+00:00,Content Modification Time,REG,Registry Key,[HKEY_CURRENT_USER\Software\Classes\Local Settings\Software\Microsoft\Windows\Shell\BagMRU\0\0\0\0] MRUListEx: [REG_BINARY] (4 bytes) NodeSlot: [REG_DWORD_LE] 2,winreg/winreg_default,NTFS:\Users\User\AppData\Local\Microsoft\Windows\UsrClass.dat,-
2023-12-26T23:26:57.785595+00:00,Content Modification Time,REG,Registry Key,[HKEY_CURRENT_USER\Software\Classes\Local Settings\Software\Microsoft\Windows\Shell\BagMRU\0\0\0] 0: [REG_BINARY] (301 bytes) MRUListEx: [REG_BINARY] (8 bytes) NodeSlot: [REG_DWORD_LE] 1,winreg/winreg_default,NTFS:\Users\User\AppData\Local\Microsoft\Windows\UsrClass.dat,-
2023-12-26T23:26:57.785595+00:00,Content Modification Time,REG,BagMRU Registry Key,[HKEY_CURRENT_USER\Software\Classes\Local Settings\Software\Microsoft\Windows\Shell\BagMRU\0\0\0] Index: 1 [MRU Value 0]: Shell item path: <Control Panel> <UNKNOWN: 0x00> <UNKNOWN: 0x71> <UNKNOWN: 0x00>,winreg/bagmru,NTFS:\Users\User\AppData\Local\Microsoft\Windows\UsrClass.dat,-
2023-12-26T23:26:57.785595+00:00,Content Modification Time,REG,BagMRU Registry Key,[HKEY_CURRENT_USER\Software\Classes\Local Settings\Software\Microsoft\Windows\Shell\BagMRU] Index: 1 [MRU Value 0]: Shell item path: <Control Panel>,winreg/bagmru,NTFS:\Users\User\AppData\Local\Microsoft\Windows\UsrClass.dat,-
2023-12-26T23:26:57.785595+00:00,Content Modification Time,REG,Registry Key,[HKEY_CURRENT_USER\Software\Classes\Local Settings\Software\Microsoft\Windows\Shell\Bags\2\Shell] (empty),winreg/winreg_default,NTFS:\Users\User\AppData\Local\Microsoft\Windows\UsrClass.dat,-
2023-12-26T23:26:57.785595+00:00,Content Modification Time,REG,Registry Key,[HKEY_CURRENT_USER\Software\Classes\Local Settings\Software\Microsoft\Windows\Shell\Bags\2] (empty),winreg/winreg_default,NTFS:\Users\User\AppData\Local\Microsoft\Windows\UsrClass.dat,-
2023-12-26T23:26:57.785595+00:00,Content Modification Time,REG,BagMRU Registry Key,_event_data_stream_identifier: <acstore.containers.interface.AttributeContainerIdentifier object at 0x7f4cd57a77f0> _event_values_hash: 7eecd1386c3836ba9b54b7c20c56f5c8 _parser_chain: winreg/bagmru data_type: windows:registry:bagmru key_path: HKEY_CURRENT_USER\Software\Classes\Local Settings\Software\Microsoft\Windows\Shell\BagMRU\0\0\0\0 last_written_time: <dfdatetime.filetime.Filetime object at 0x7f4cd57a58d0>,winreg/bagmru,NTFS:\Users\User\AppData\Local\Microsoft\Windows\UsrClass.dat,-
2023-12-26T23:26:57.813389+00:00,Last Access Time,FILE,File stat,NTFS:\Windows\System32\en-US\ikeext.dll.mui Type: file,filestat,NTFS:\Windows\System32\en-US\ikeext.dll.mui,-
2023-12-26T23:26:57.813389+00:00,Last Access Time,FILE,File stat,NTFS:\Windows\WinSxS\amd64_microsoft-windows-n..-security.resources_31bf3856ad364e35_10.0.22621.2506_en-us_2e102f78c0330f4d\ikeext.dll.mui Type: file,filestat,NTFS:\Windows\WinSxS\amd64_microsoft-windows-n..-security.resources_31bf3856ad364e35_10.0.22621.2506_en-us_2e102f78c0330f4d\ikeext.dll.mui,-
2023-12-26T23:26:57.822171+00:00,Content Modification Time,REG,Registry Key,[HKEY_CURRENT_USER\Software\Classes\Local Settings\Software\Microsoft\Windows\Shell\Bags\2\Shell\{5C4F28B5-F869-4E84-8E60-F11DB97C5CC7}] ColInfo: [REG_BINARY] (64 bytes) FFlags: [REG_DWORD_LE] 18874369 GroupByDirection: [REG_DWORD_LE] 1 GroupByKey:FMTID: [REG_SZ] {00000000-0000-0000-0000-000000000000} GroupByKey:PID: [REG_DWORD_LE] 0 GroupView: [REG_DWORD_LE] 0 IconSize: [REG_DWORD_LE] 48 LogicalViewMode: [REG_DWORD_LE] 2 Mode: [REG_DWORD_LE] 6 Rev: [REG_DWORD_LE] 0 Sort: [REG_BINARY] (44 bytes) Vid: [REG_SZ] {65F125E5-7BE1-4810-BA9D-D271C8432CE3},winreg/winreg_default,NTFS:\Users\User\AppData\Local\Microsoft\Windows\UsrClass.dat,-
2023-12-26T23:26:57.956361+00:00,Previous Last Time Executed,LOG,WinPrefetch,Prefetch [SECURITYHEALTHHOST.EXE] was executed - run count 9 path hints: \WINDOWS\SYSTEM32\SECURITYHEALTH\1.0.2306.10002-0\SECURITYHEALTHHOST.EXE hash: 0xF335E812 volume: 1 [serial number: 0x5CE1DF5A  device path: \VOLUME{01da182ce1985a64-5ce1df5a}],prefetch,NTFS:\Windows\Prefetch\SECURITYHEALTHHOST.EXE-F335E812.pf,-
2023-12-26T23:26:58.124213+00:00,Metadata Modification Time,FILE,NTFS USN change,IPSECSVC.DLL File reference: 53841-1 Parent file reference: 16471-1 Update source:  Update reason: USN_REASON_EA_CHANGE,usnjrnl,NTFS:\$Extend\$UsnJrnl:$J,-
2023-12-26T23:26:58.124213+00:00,Metadata Modification Time,FILE,NTFS USN change,IPSECSVC.DLL File reference: 53841-1 Parent file reference: 16471-1 Update source:  Update reason: USN_REASON_EA_CHANGE  USN_REASON_CLOSE,usnjrnl,NTFS:\$Extend\$UsnJrnl:$J,-
2023-12-26T23:26:58.124213+00:00,Last Access Time,FILE,File stat,NTFS:\Windows\System32\CatRoot\{F750E6C3-38EE-11D1-85E5-00C04FC295EE}\Microsoft-Windows-Client-Desktop-Required-Package0518~31bf3856ad364e35~amd64~~10.0.22621.521.cat Type: file,filestat,NTFS:\Windows\System32\CatRoot\{F750E6C3-38EE-11D1-85E5-00C04FC295EE}\Microsoft-Windows-Client-Desktop-Required-Package0518~31bf3856ad364e35~amd64~~10.0.22621.521.cat,-
2023-12-26T23:26:58.124213+00:00,Metadata Modification Time,FILE,File stat,NTFS:\Windows\System32\IPSECSVC.DLL Type: file,filestat,NTFS:\Windows\System32\IPSECSVC.DLL,-
2023-12-26T23:26:58.124213+00:00,Last Access Time,FILE,File stat,NTFS:\Windows\WinSxS\Catalogs\df083ec6ecd892934476010c6597badf0fa348db3dc3644baa5f0cece8e6bef2.cat Type: file,filestat,NTFS:\Windows\WinSxS\Catalogs\df083ec6ecd892934476010c6597badf0fa348db3dc3644baa5f0cece8e6bef2.cat,-
2023-12-26T23:26:58.124213+00:00,Metadata Modification Time,FILE,File stat,NTFS:\Windows\WinSxS\amd64_microsoft-windows-n..-domain-clients-svc_31bf3856ad364e35_10.0.22621.1_none_a5a44385dfc36eab\IPSECSVC.DLL Type: file,filestat,NTFS:\Windows\WinSxS\amd64_microsoft-windows-n..-domain-clients-svc_31bf3856ad364e35_10.0.22621.1_none_a5a44385dfc36eab\IPSECSVC.DLL,-
2023-12-26T23:26:58.124213+00:00,Last Access Time,FILE,File stat,NTFS:\Windows\servicing\Packages\Microsoft-Windows-Client-Desktop-Required-Package0518~31bf3856ad364e35~amd64~~10.0.22621.521.cat Type: file,filestat,NTFS:\Windows\servicing\Packages\Microsoft-Windows-Client-Desktop-Required-Package0518~31bf3856ad364e35~amd64~~10.0.22621.521.cat,-
2023-12-26T23:26:58.139921+00:00,Last Access Time,FILE,File stat,NTFS:\Windows\System32\IPSECSVC.DLL Type: file,filestat,NTFS:\Windows\System32\IPSECSVC.DLL,-
2023-12-26T23:26:58.139921+00:00,Last Access Time,FILE,File stat,NTFS:\Windows\WinSxS\amd64_microsoft-windows-n..-domain-clients-svc_31bf3856ad364e35_10.0.22621.1_none_a5a44385dfc36eab\IPSECSVC.DLL Type: file,filestat,NTFS:\Windows\WinSxS\amd64_microsoft-windows-n..-domain-clients-svc_31bf3856ad364e35_10.0.22621.1_none_a5a44385dfc36eab\IPSECSVC.DLL,-
2023-12-26T23:26:58.354075+00:00,Metadata Modification Time,FILE,NTFS USN change,IKEEXT.DLL File reference: 102774-1 Parent file reference: 16864-1 Update source:  Update reason: USN_REASON_EA_CHANGE,usnjrnl,NTFS:\$Extend\$UsnJrnl:$J,-
2023-12-26T23:26:58.354075+00:00,Metadata Modification Time,FILE,NTFS USN change,IKEEXT.DLL File reference: 102774-1 Parent file reference: 16864-1 Update source:  Update reason: USN_REASON_EA_CHANGE  USN_REASON_CLOSE,usnjrnl,NTFS:\$Extend\$UsnJrnl:$J,-
2023-12-26T23:26:58.354075+00:00,Metadata Modification Time,FILE,File stat,NTFS:\Windows\System32\IKEEXT.DLL Type: file,filestat,NTFS:\Windows\System32\IKEEXT.DLL,-
2023-12-26T23:26:58.354075+00:00,Metadata Modification Time,FILE,File stat,NTFS:\Windows\WinSxS\amd64_microsoft-windows-network-security_31bf3856ad364e35_10.0.22621.2506_none_acfed580a62a600a\IKEEXT.DLL Type: file,filestat,NTFS:\Windows\WinSxS\amd64_microsoft-windows-network-security_31bf3856ad364e35_10.0.22621.2506_none_acfed580a62a600a\IKEEXT.DLL,-
2023-12-26T23:26:58.370880+00:00,Last Access Time,FILE,File stat,NTFS:\Windows\System32\IKEEXT.DLL Type: file,filestat,NTFS:\Windows\System32\IKEEXT.DLL,-
2023-12-26T23:26:58.370880+00:00,Last Access Time,FILE,File stat,NTFS:\Windows\WinSxS\amd64_microsoft-windows-network-security_31bf3856ad364e35_10.0.22621.2506_none_acfed580a62a600a\IKEEXT.DLL Type: file,filestat,NTFS:\Windows\WinSxS\amd64_microsoft-windows-network-security_31bf3856ad364e35_10.0.22621.2506_none_acfed580a62a600a\IKEEXT.DLL,-
2023-12-26T23:26:58.448028+00:00,Metadata Modification Time,FILE,NTFS USN change,FwRemoteSvr.dll File reference: 53579-1 Parent file reference: 8304-1 Update source:  Update reason: USN_REASON_EA_CHANGE,usnjrnl,NTFS:\$Extend\$UsnJrnl:$J,-
2023-12-26T23:26:58.448028+00:00,Metadata Modification Time,FILE,NTFS USN change,FwRemoteSvr.dll File reference: 53579-1 Parent file reference: 8304-1 Update source:  Update reason: USN_REASON_EA_CHANGE  USN_REASON_CLOSE,usnjrnl,NTFS:\$Extend\$UsnJrnl:$J,-
2023-12-26T23:26:58.448028+00:00,Last Access Time,FILE,File stat,NTFS:\Windows\System32\FwRemoteSvr.dll Type: file,filestat,NTFS:\Windows\System32\FwRemoteSvr.dll,-
2023-12-26T23:26:58.448028+00:00,Metadata Modification Time,FILE,File stat,NTFS:\Windows\System32\FwRemoteSvr.dll Type: file,filestat,NTFS:\Windows\System32\FwRemoteSvr.dll,-
2023-12-26T23:26:58.448028+00:00,Last Access Time,FILE,File stat,NTFS:\Windows\WinSxS\amd64_microsoft-onecore-n..rity-domain-clients_31bf3856ad364e35_10.0.22621.1_none_55d344c552e87c80\FwRemoteSvr.dll Type: file,filestat,NTFS:\Windows\WinSxS\amd64_microsoft-onecore-n..rity-domain-clients_31bf3856ad364e35_10.0.22621.1_none_55d344c552e87c80\FwRemoteSvr.dll,-
2023-12-26T23:26:58.448028+00:00,Metadata Modification Time,FILE,File stat,NTFS:\Windows\WinSxS\amd64_microsoft-onecore-n..rity-domain-clients_31bf3856ad364e35_10.0.22621.1_none_55d344c552e87c80\FwRemoteSvr.dll Type: file,filestat,NTFS:\Windows\WinSxS\amd64_microsoft-onecore-n..rity-domain-clients_31bf3856ad364e35_10.0.22621.1_none_55d344c552e87c80\FwRemoteSvr.dll,-
2023-12-26T23:26:58.526488+00:00,Last Access Time,FILE,File stat,NTFS:\Windows\System32\Display.dll Type: file,filestat,NTFS:\Windows\System32\Display.dll,-
2023-12-26T23:26:58.526488+00:00,Last Access Time,FILE,File stat,NTFS:\Windows\System32\en-US\Display.dll.mui Type: file,filestat,NTFS:\Windows\System32\en-US\Display.dll.mui,-
2023-12-26T23:26:58.526488+00:00,Last Access Time,FILE,File stat,NTFS:\Windows\WinSxS\amd64_microsoft-windows-display.resources_31bf3856ad364e35_10.0.22621.1_en-us_fd0e3083c1e2cbfc\Display.dll.mui Type: file,filestat,NTFS:\Windows\WinSxS\amd64_microsoft-windows-display.resources_31bf3856ad364e35_10.0.22621.1_en-us_fd0e3083c1e2cbfc\Display.dll.mui,-
2023-12-26T23:26:58.526488+00:00,Last Access Time,FILE,File stat,NTFS:\Windows\WinSxS\amd64_microsoft-windows-display_31bf3856ad364e35_10.0.22621.1_none_b9de28dcd672c7b7\Display.dll Type: file,filestat,NTFS:\Windows\WinSxS\amd64_microsoft-windows-display_31bf3856ad364e35_10.0.22621.1_none_b9de28dcd672c7b7\Display.dll,-
2023-12-26T23:26:58.775985+00:00,Content Modification Time,REG,Registry Key,[HKEY_LOCAL_MACHINE\System\ControlSet001\Services\BFE\Parameters\Policy\Persistent\Provider] {1bebc969-61a5-4732-a177-847a0817862a}: [REG_BINARY] (616 bytes) {aa6a7d87-7f8f-4d2a-be53-fda555cd5fe3}: [REG_BINARY] (608 bytes),winreg/winreg_default,NTFS:\Windows\System32\config\SYSTEM,-
2023-12-26T23:26:58.912610+00:00,Last Access Time,FILE,File stat,NTFS:\Windows\System32\fwpolicyiomgr.dll Type: file,filestat,NTFS:\Windows\System32\fwpolicyiomgr.dll,-
2023-12-26T23:26:58.912610+00:00,Last Access Time,FILE,File stat,NTFS:\Windows\WinSxS\amd64_networking-mpssvc-svc_31bf3856ad364e35_10.0.22621.2506_none_79eea110437c459a\fwpolicyiomgr.dll Type: file,filestat,NTFS:\Windows\WinSxS\amd64_networking-mpssvc-svc_31bf3856ad364e35_10.0.22621.2506_none_79eea110437c459a\fwpolicyiomgr.dll,-
2023-12-26T23:26:58.945537+00:00,Content Modification Time,REG,Service/Driver Configuration Registry Key,[HKEY_LOCAL_MACHINE\System\ControlSet001\Services\IKEEXT] Type: Service - Share Process (0x20) Start: Auto Start (2) Image path: %systemroot%\system32\svchost.exe -k netsvcs -p Error control: Normal (1) DependOnService: [REG_MULTI_SZ] [BFE  nsi] Description: [REG_SZ] @%SystemRoot%\system32\ikeext.dll -502 DisplayName: [REG_SZ] @%SystemRoot%\system32\ikeext.dll -501 FailureActions: [REG_BINARY] (44 bytes) RequiredPrivileges: [REG_MULTI_SZ] [SeAuditPrivilege  SeImpersonatePrivilege  SeTcbPrivilege  SeDebugPrivilege] ServiceSidType: [REG_DWORD_LE] 1,winreg/windows_services,NTFS:\Windows\System32\config\SYSTEM,-
2023-12-26T23:26:58.945537+00:00,Content Modification Time,EVT,WinEVTX,[7040 / 0x1b80] Provider identifier: {555908d1-a6d7-4695-8e1e-26931d2012f4} Source Name: Service Control Manager Strings: ['IKE and AuthIP IPsec Keying Modules'  'demand start'  'auto start'  'IKEEXT'] Computer Name: WinDev2311Eval Record Number: 1746 Event Level: 4,winevtx,NTFS:\Windows\System32\winevt\Logs\System.evtx,-
2023-12-26T23:26:58.945537+00:00,Creation Time,EVT,WinEVTX,[7040 / 0x1b80] Provider identifier: {555908d1-a6d7-4695-8e1e-26931d2012f4} Source Name: Service Control Manager Strings: ['IKE and AuthIP IPsec Keying Modules'  'demand start'  'auto start'  'IKEEXT'] Computer Name: WinDev2311Eval Record Number: 1746 Event Level: 4,winevtx,NTFS:\Windows\System32\winevt\Logs\System.evtx,-
2023-12-26T23:26:59.302477+00:00,Content Modification Time,EVT,WinEVTX,[3052 / 0x0bec] Provider identifier: {88cd9180-4491-4640-b571-e3bee2527943} Source Name: Microsoft-Windows-PushNotifications-Platform Strings: ['2'  'Windows.Defender.SecurityCenter'  '1'  '{87499AF5-6B32-46E7-A58E-F56E8CA6B332}'] Computer Name: WinDev2311Eval Record Number: 1486 Event Level: 4,winevtx,NTFS:\Windows\System32\winevt\Logs\Microsoft-Windows-PushNotification-Platform%4Operational.evtx,-
2023-12-26T23:26:59.302477+00:00,Creation Time,EVT,WinEVTX,[3052 / 0x0bec] Provider identifier: {88cd9180-4491-4640-b571-e3bee2527943} Source Name: Microsoft-Windows-PushNotifications-Platform Strings: ['2'  'Windows.Defender.SecurityCenter'  '1'  '{87499AF5-6B32-46E7-A58E-F56E8CA6B332}'] Computer Name: WinDev2311Eval Record Number: 1486 Event Level: 4,winevtx,NTFS:\Windows\System32\winevt\Logs\Microsoft-Windows-PushNotification-Platform%4Operational.evtx,-
2023-12-26T23:26:59.603617+00:00,Metadata Modification Time,FILE,NTFS USN change,SECURITYHEALTHHOST.EXE-F335E812.pf File reference: 133847-3 Parent file reference: 76318-2 Update source:  Update reason: USN_REASON_DATA_EXTEND  USN_REASON_DATA_TRUNCATION,usnjrnl,NTFS:\$Extend\$UsnJrnl:$J,-
2023-12-26T23:26:59.603617+00:00,Metadata Modification Time,FILE,NTFS USN change,SECURITYHEALTHHOST.EXE-F335E812.pf File reference: 133847-3 Parent file reference: 76318-2 Update source:  Update reason: USN_REASON_DATA_EXTEND  USN_REASON_DATA_TRUNCATION  USN_REASON_CLOSE,usnjrnl,NTFS:\$Extend\$UsnJrnl:$J,-
2023-12-26T23:26:59.603617+00:00,Metadata Modification Time,FILE,NTFS USN change,SECURITYHEALTHHOST.EXE-F335E812.pf File reference: 133847-3 Parent file reference: 76318-2 Update source:  Update reason: USN_REASON_DATA_TRUNCATION,usnjrnl,NTFS:\$Extend\$UsnJrnl:$J,-
2023-12-26T23:26:59.153210+00:00,Content Modification Time,EVT,WinEVTX,[3049 / 0x0be9] Provider identifier: {88cd9180-4491-4640-b571-e3bee2527943} Source Name: Microsoft-Windows-PushNotifications-Platform Strings: ['0x0000028e6fb45058'] Computer Name: WinDev2311Eval Record Number: 1487 Event Level: 4,winevtx,NTFS:\Windows\System32\winevt\Logs\Microsoft-Windows-PushNotification-Platform%4Operational.evtx,-
2023-12-26T23:26:59.153210+00:00,Creation Time,EVT,WinEVTX,[3049 / 0x0be9] Provider identifier: {88cd9180-4491-4640-b571-e3bee2527943} Source Name: Microsoft-Windows-PushNotifications-Platform Strings: ['0x0000028e6fb45058'] Computer Name: WinDev2311Eval Record Number: 1487 Event Level: 4,winevtx,NTFS:\Windows\System32\winevt\Logs\Microsoft-Windows-PushNotification-Platform%4Operational.evtx,-
2023-12-26T23:26:59.435854+00:00,Content Modification Time,REG,Registry Key,[HKEY_CURRENT_USER\Software\Microsoft\Windows\CurrentVersion\Notifications\Settings\Windows.Defender.SecurityCenter] LastNotificationAddedTime: [REG_QWORD] 133481068194358536,winreg/winreg_default,NTFS:\Users\User\NTUSER.DAT,-
2023-12-26T23:26:59.435854+00:00,Content Modification Time,REG,Registry Key,[HKEY_CURRENT_USER\Software\Microsoft\Windows\CurrentVersion\Notifications\Settings] QuietHoursTelemetryLastRun: [REG_BINARY] (8 bytes),winreg/winreg_default,NTFS:\Users\User\NTUSER.DAT,-
2023-12-26T23:27:00.418802+00:00,Metadata Modification Time,FILE,NTFS USN change,DLLHOST.EXE-CD286207.pf File reference: 135245-6 Parent file reference: 76318-2 Update source:  Update reason: USN_REASON_DATA_EXTEND  USN_REASON_FILE_CREATE,usnjrnl,NTFS:\$Extend\$UsnJrnl:$J,-
2023-12-26T23:27:00.418802+00:00,Metadata Modification Time,FILE,NTFS USN change,DLLHOST.EXE-CD286207.pf File reference: 135245-6 Parent file reference: 76318-2 Update source:  Update reason: USN_REASON_DATA_EXTEND  USN_REASON_FILE_CREATE  USN_REASON_CLOSE,usnjrnl,NTFS:\$Extend\$UsnJrnl:$J,-
2023-12-26T23:27:00.418802+00:00,Metadata Modification Time,FILE,NTFS USN change,DLLHOST.EXE-CD286207.pf File reference: 135245-6 Parent file reference: 76318-2 Update source:  Update reason: USN_REASON_FILE_CREATE,usnjrnl,NTFS:\$Extend\$UsnJrnl:$J,-
2023-12-26T23:27:00.418802+00:00,Content Modification Time,FILE,File stat,NTFS:\Windows\Prefetch\DLLHOST.EXE-CD286207.pf Type: file,filestat,NTFS:\Windows\Prefetch\DLLHOST.EXE-CD286207.pf,-
2023-12-26T23:27:00.418802+00:00,Creation Time,FILE,File stat,NTFS:\Windows\Prefetch\DLLHOST.EXE-CD286207.pf Type: file,filestat,NTFS:\Windows\Prefetch\DLLHOST.EXE-CD286207.pf,-
2023-12-26T23:27:00.418802+00:00,Last Access Time,FILE,File stat,NTFS:\Windows\Prefetch\DLLHOST.EXE-CD286207.pf Type: file,filestat,NTFS:\Windows\Prefetch\DLLHOST.EXE-CD286207.pf,-
2023-12-26T23:27:00.418802+00:00,Metadata Modification Time,FILE,File stat,NTFS:\Windows\Prefetch\DLLHOST.EXE-CD286207.pf Type: file,filestat,NTFS:\Windows\Prefetch\DLLHOST.EXE-CD286207.pf,-
2023-12-26T23:27:04.339387+00:00,Metadata Modification Time,FILE,NTFS USN change,edge_BITS_5760_1289659335 File reference: 135246-6 Parent file reference: 42582-3 Update source:  Update reason: USN_REASON_FILE_CREATE,usnjrnl,NTFS:\$Extend\$UsnJrnl:$J,-
2023-12-26T23:27:04.339387+00:00,Creation Time,FILE,File stat,NTFS:\Users\User\AppData\Local\Temp\edge_BITS_5760_1289659335 Type: directory,filestat,NTFS:\Users\User\AppData\Local\Temp\edge_BITS_5760_1289659335,-
2023-12-26T23:27:04.345585+00:00,Content Modification Time,EVT,WinEVTX,[3 / 0x0003] Provider identifier: {ef1cc15b-46c1-414e-bb95-e76b077bd51e} Source Name: Microsoft-Windows-Bits-Client Strings: ['Edge Component Updater'  '{E03685FD-A4C5-4778-829D-C50D54577F2E}'  'WINDEV2311EVAL\\User'  'C:\\Program Files (x86)\\Microsoft\\Edge\\Application\\msedge.exe'  '5760'  '3096224743817504'] Computer Name: WinDev2311Eval Record Number: 221 Event Level: 4,winevtx,NTFS:\Windows\System32\winevt\Logs\Microsoft-Windows-Bits-Client%4Operational.evtx,-
2023-12-26T23:27:04.345585+00:00,Creation Time,EVT,WinEVTX,[3 / 0x0003] Provider identifier: {ef1cc15b-46c1-414e-bb95-e76b077bd51e} Source Name: Microsoft-Windows-Bits-Client Strings: ['Edge Component Updater'  '{E03685FD-A4C5-4778-829D-C50D54577F2E}'  'WINDEV2311EVAL\\User'  'C:\\Program Files (x86)\\Microsoft\\Edge\\Application\\msedge.exe'  '5760'  '3096224743817504'] Computer Name: WinDev2311Eval Record Number: 221 Event Level: 4,winevtx,NTFS:\Windows\System32\winevt\Logs\Microsoft-Windows-Bits-Client%4Operational.evtx,-
2023-12-26T23:27:04.349625+00:00,Metadata Modification Time,FILE,NTFS USN change,BITBB7F.tmp File reference: 135257-6 Parent file reference: 135246-6 Update source:  Update reason: USN_REASON_FILE_CREATE,usnjrnl,NTFS:\$Extend\$UsnJrnl:$J,-
2023-12-26T23:27:04.349625+00:00,Metadata Modification Time,FILE,NTFS USN change,BITBB7F.tmp File reference: 135257-6 Parent file reference: 135246-6 Update source:  Update reason: USN_REASON_FILE_CREATE  USN_REASON_CLOSE,usnjrnl,NTFS:\$Extend\$UsnJrnl:$J,-
2023-12-26T23:27:04.349625+00:00,Metadata Modification Time,FILE,NTFS USN change,edge_BITS_5760_1289659335 File reference: 135246-6 Parent file reference: 42582-3 Update source:  Update reason: USN_REASON_FILE_CREATE  USN_REASON_CLOSE,usnjrnl,NTFS:\$Extend\$UsnJrnl:$J,-
2023-12-26T23:27:04.367092+00:00,Metadata Modification Time,FILE,NTFS USN change,BITBB7F.tmp File reference: 135257-6 Parent file reference: 135246-6 Update source:  Update reason: USN_REASON_DATA_TRUNCATION,usnjrnl,NTFS:\$Extend\$UsnJrnl:$J,-
2023-12-26T23:27:04.367092+00:00,Metadata Modification Time,FILE,NTFS USN change,BITBB7F.tmp File reference: 135257-6 Parent file reference: 135246-6 Update source:  Update reason: USN_REASON_DATA_TRUNCATION  USN_REASON_CLOSE,usnjrnl,NTFS:\$Extend\$UsnJrnl:$J,-
2023-12-26T23:27:04.379953+00:00,Content Modification Time,EVT,WinEVTX,[16403 / 0x4013] Provider identifier: {ef1cc15b-46c1-414e-bb95-e76b077bd51e} Source Name: Microsoft-Windows-Bits-Client Strings: ['WINDEV2311EVAL\\User'  'Edge Component Updater'  '{E03685FD-A4C5-4778-829D-C50D54577F2E}'  'WINDEV2311EVAL\\User'  '1'  'http://msedge.b.tlu.dl.delivery.mp.microsoft.com/filestreamingservice/files/bf075f30-f9a8-4a0e-95ec-ebe70202e355?P1=1704118334&P2=404&P3=2&P4=Yls5joKVUM8tWaUil%2f4ylOF%2bwYETkMixtU8nXHyPsIEUP7vcjrnkIPL7XPXSXM8TkxY3SDbipIw1kMcZT4%2fK2g%3d%3d'  'C:\\Users\\User\\AppData\\Local\\Temp\\edge_BITS_5760_1289659335\\bf075f30-f9a8-4a0e-95ec-ebe70202e355'  '5760'  '3096224743817504'] Computer Name: WinDev2311Eval Record Number: 222 Event Level: 4,winevtx,NTFS:\Windows\System32\winevt\Logs\Microsoft-Windows-Bits-Client%4Operational.evtx,-
2023-12-26T23:27:04.379953+00:00,Creation Time,EVT,WinEVTX,[16403 / 0x4013] Provider identifier: {ef1cc15b-46c1-414e-bb95-e76b077bd51e} Source Name: Microsoft-Windows-Bits-Client Strings: ['WINDEV2311EVAL\\User'  'Edge Component Updater'  '{E03685FD-A4C5-4778-829D-C50D54577F2E}'  'WINDEV2311EVAL\\User'  '1'  'http://msedge.b.tlu.dl.delivery.mp.microsoft.com/filestreamingservice/files/bf075f30-f9a8-4a0e-95ec-ebe70202e355?P1=1704118334&P2=404&P3=2&P4=Yls5joKVUM8tWaUil%2f4ylOF%2bwYETkMixtU8nXHyPsIEUP7vcjrnkIPL7XPXSXM8TkxY3SDbipIw1kMcZT4%2fK2g%3d%3d'  'C:\\Users\\User\\AppData\\Local\\Temp\\edge_BITS_5760_1289659335\\bf075f30-f9a8-4a0e-95ec-ebe70202e355'  '5760'  '3096224743817504'] Computer Name: WinDev2311Eval Record Number: 222 Event Level: 4,winevtx,NTFS:\Windows\System32\winevt\Logs\Microsoft-Windows-Bits-Client%4Operational.evtx,-
2023-12-26T23:27:04.416186+00:00,Content Modification Time,EVT,WinEVTX,[59 / 0x003b] Provider identifier: {ef1cc15b-46c1-414e-bb95-e76b077bd51e} Source Name: Microsoft-Windows-Bits-Client Strings: ['{EE6E3041-7E77-4781-867D-7B32B3F56A75}'  'Edge Component Updater'  '{E03685FD-A4C5-4778-829D-C50D54577F2E}'  'http://msedge.b.tlu.dl.delivery.mp.microsoft.com/filestreamingservice/files/bf075f30-f9a8-4a0e-95ec-ebe70202e355?P1=1704118334&P2=404&P3=2&P4=Yls5joKVUM8tWaUil%2f4ylOF%2bwYETkMixtU8nXHyPsIEUP7vcjrnkIPL7XPXSXM8TkxY3SDbipIw1kMcZT4%2fK2g%3d%3d'  ''  '2023-12-25T13:54:13.000000000Z'  '9497200'  '9497200'  '0'  '0'] Computer Name: WinDev2311Eval Record Number: 223 Event Level: 4,winevtx,NTFS:\Windows\System32\winevt\Logs\Microsoft-Windows-Bits-Client%4Operational.evtx,-
2023-12-26T23:27:04.416186+00:00,Creation Time,EVT,WinEVTX,[59 / 0x003b] Provider identifier: {ef1cc15b-46c1-414e-bb95-e76b077bd51e} Source Name: Microsoft-Windows-Bits-Client Strings: ['{EE6E3041-7E77-4781-867D-7B32B3F56A75}'  'Edge Component Updater'  '{E03685FD-A4C5-4778-829D-C50D54577F2E}'  'http://msedge.b.tlu.dl.delivery.mp.microsoft.com/filestreamingservice/files/bf075f30-f9a8-4a0e-95ec-ebe70202e355?P1=1704118334&P2=404&P3=2&P4=Yls5joKVUM8tWaUil%2f4ylOF%2bwYETkMixtU8nXHyPsIEUP7vcjrnkIPL7XPXSXM8TkxY3SDbipIw1kMcZT4%2fK2g%3d%3d'  ''  '2023-12-25T13:54:13.000000000Z'  '9497200'  '9497200'  '0'  '0'] Computer Name: WinDev2311Eval Record Number: 223 Event Level: 4,winevtx,NTFS:\Windows\System32\winevt\Logs\Microsoft-Windows-Bits-Client%4Operational.evtx,-
2023-12-26T23:27:04.431298+00:00,Metadata Modification Time,FILE,NTFS USN change,BITBB7F.tmp File reference: 135257-6 Parent file reference: 135246-6 Update source:  Update reason: USN_REASON_DATA_EXTEND  USN_REASON_DATA_TRUNCATION,usnjrnl,NTFS:\$Extend\$UsnJrnl:$J,-
2023-12-26T23:27:04.431298+00:00,Metadata Modification Time,FILE,NTFS USN change,BITBB7F.tmp File reference: 135257-6 Parent file reference: 135246-6 Update source:  Update reason: USN_REASON_DATA_TRUNCATION,usnjrnl,NTFS:\$Extend\$UsnJrnl:$J,-
2023-12-26T23:27:04.494822+00:00,Metadata Modification Time,FILE,NTFS USN change,BITBB7F.tmp File reference: 135257-6 Parent file reference: 135246-6 Update source:  Update reason: USN_REASON_DATA_OVERWRITE  USN_REASON_DATA_EXTEND  USN_REASON_DATA_TRUNCATION,usnjrnl,NTFS:\$Extend\$UsnJrnl:$J,-
2023-12-26T23:27:04.805327+00:00,Content Modification Time,REG,Registry Key,[HKEY_CURRENT_USER\Software\Classes\Local Settings\Software\Microsoft\Windows\Shell\Bags\AllFolders\Shell\Microsoft.Windows.ControlPanel] HotKey: [REG_DWORD_LE] 0 ShowCmd: [REG_DWORD_LE] 1 WFlags: [REG_DWORD_LE] 0,winreg/winreg_default,NTFS:\Users\User\AppData\Local\Microsoft\Windows\UsrClass.dat,-
2023-12-26T23:27:04.805327+00:00,Content Modification Time,REG,Registry Key,[HKEY_CURRENT_USER\Software\Classes\Local Settings\Software\Microsoft\Windows\Shell\Bags\AllFolders\Shell] (empty),winreg/winreg_default,NTFS:\Users\User\AppData\Local\Microsoft\Windows\UsrClass.dat,-
2023-12-26T23:27:04.805327+00:00,Content Modification Time,REG,Registry Key,[HKEY_CURRENT_USER\Software\Classes\Local Settings\Software\Microsoft\Windows\Shell\Bags\AllFolders] (empty),winreg/winreg_default,NTFS:\Users\User\AppData\Local\Microsoft\Windows\UsrClass.dat,-
2023-12-26T23:27:04.805327+00:00,Content Modification Time,REG,Registry Key,[HKEY_CURRENT_USER\Software\Classes\Local Settings\Software\Microsoft\Windows\Shell\Bags] (empty),winreg/winreg_default,NTFS:\Users\User\AppData\Local\Microsoft\Windows\UsrClass.dat,-
2023-12-26T23:27:05.843463+00:00,Content Modification Time,REG,Registry Key,[HKEY_CURRENT_USER\Software\Classes\Local Settings\Software\Microsoft\Windows\Shell\Bags\1\Shell\{5C4F28B5-F869-4E84-8E60-F11DB97C5CC7}] ColInfo: [REG_BINARY] (64 bytes) FFlags: [REG_DWORD_LE] 18874385 GroupByDirection: [REG_DWORD_LE] 1 GroupByKey:FMTID: [REG_SZ] {00000000-0000-0000-0000-000000000000} GroupByKey:PID: [REG_DWORD_LE] 0 GroupView: [REG_DWORD_LE] 0 IconSize: [REG_DWORD_LE] 48 LogicalViewMode: [REG_DWORD_LE] 2 Mode: [REG_DWORD_LE] 6 Rev: [REG_DWORD_LE] 0 Sort: [REG_BINARY] (44 bytes) Vid: [REG_SZ] {65F125E5-7BE1-4810-BA9D-D271C8432CE3},winreg/winreg_default,NTFS:\Users\User\AppData\Local\Microsoft\Windows\UsrClass.dat,-
2023-12-26T23:27:06.304189+00:00,Metadata Modification Time,FILE,NTFS USN change,Microsoft.UI.Windowing.Core.dll File reference: 105669-1 Parent file reference: 25393-1 Update source:  Update reason: USN_REASON_EA_CHANGE,usnjrnl,NTFS:\$Extend\$UsnJrnl:$J,-
2023-12-26T23:27:06.304189+00:00,Metadata Modification Time,FILE,NTFS USN change,Microsoft.UI.Windowing.Core.dll File reference: 105669-1 Parent file reference: 25393-1 Update source:  Update reason: USN_REASON_EA_CHANGE  USN_REASON_CLOSE,usnjrnl,NTFS:\$Extend\$UsnJrnl:$J,-
2023-12-26T23:27:06.304189+00:00,Last Access Time,FILE,File stat,NTFS:\Windows\SystemApps\Microsoft.WindowsAppRuntime.CBS_8wekyb3d8bbwe\Microsoft.UI.Windowing.Core.dll Type: file,filestat,NTFS:\Windows\SystemApps\Microsoft.WindowsAppRuntime.CBS_8wekyb3d8bbwe\Microsoft.UI.Windowing.Core.dll,-
2023-12-26T23:27:06.304189+00:00,Metadata Modification Time,FILE,File stat,NTFS:\Windows\SystemApps\Microsoft.WindowsAppRuntime.CBS_8wekyb3d8bbwe\Microsoft.UI.Windowing.Core.dll Type: file,filestat,NTFS:\Windows\SystemApps\Microsoft.WindowsAppRuntime.CBS_8wekyb3d8bbwe\Microsoft.UI.Windowing.Core.dll,-
2023-12-26T23:27:06.304189+00:00,Last Access Time,FILE,File stat,NTFS:\Windows\WinSxS\amd64_winappsdk-cbs_31bf3856ad364e35_10.0.22621.2715_none_a4b0b1dd6faf2512\Microsoft.UI.Windowing.Core.dll Type: file,filestat,NTFS:\Windows\WinSxS\amd64_winappsdk-cbs_31bf3856ad364e35_10.0.22621.2715_none_a4b0b1dd6faf2512\Microsoft.UI.Windowing.Core.dll,-
2023-12-26T23:27:06.304189+00:00,Metadata Modification Time,FILE,File stat,NTFS:\Windows\WinSxS\amd64_winappsdk-cbs_31bf3856ad364e35_10.0.22621.2715_none_a4b0b1dd6faf2512\Microsoft.UI.Windowing.Core.dll Type: file,filestat,NTFS:\Windows\WinSxS\amd64_winappsdk-cbs_31bf3856ad364e35_10.0.22621.2715_none_a4b0b1dd6faf2512\Microsoft.UI.Windowing.Core.dll,-
2023-12-26T23:27:06.382135+00:00,Last Access Time,FILE,File stat,NTFS:\Windows\SystemResources\FirewallControlPanel.dll.mun Type: file,filestat,NTFS:\Windows\SystemResources\FirewallControlPanel.dll.mun,-
2023-12-26T23:27:06.382135+00:00,Last Access Time,FILE,File stat,NTFS:\Windows\WinSxS\amd64_networking-mpssvc-ui_31bf3856ad364e35_10.0.22621.1_none_d9fdee93f5bf8fe4\FirewallControlPanel.dll.mun Type: file,filestat,NTFS:\Windows\WinSxS\amd64_networking-mpssvc-ui_31bf3856ad364e35_10.0.22621.1_none_d9fdee93f5bf8fe4\FirewallControlPanel.dll.mun,-
2023-12-26T23:27:07.767570+00:00,Metadata Modification Time,FILE,NTFS USN change,SVCHOST.EXE-57C0D5E5.pf File reference: 135258-6 Parent file reference: 76318-2 Update source:  Update reason: USN_REASON_DATA_EXTEND  USN_REASON_FILE_CREATE,usnjrnl,NTFS:\$Extend\$UsnJrnl:$J,-
2023-12-26T23:27:07.767570+00:00,Metadata Modification Time,FILE,NTFS USN change,SVCHOST.EXE-57C0D5E5.pf File reference: 135258-6 Parent file reference: 76318-2 Update source:  Update reason: USN_REASON_DATA_EXTEND  USN_REASON_FILE_CREATE  USN_REASON_CLOSE,usnjrnl,NTFS:\$Extend\$UsnJrnl:$J,-
2023-12-26T23:27:07.767570+00:00,Metadata Modification Time,FILE,NTFS USN change,SVCHOST.EXE-57C0D5E5.pf File reference: 135258-6 Parent file reference: 76318-2 Update source:  Update reason: USN_REASON_FILE_CREATE,usnjrnl,NTFS:\$Extend\$UsnJrnl:$J,-
2023-12-26T23:27:07.767570+00:00,Metadata Modification Time,FILE,NTFS USN change,SVCHOST.EXE-64D3491C.pf File reference: 135259-6 Parent file reference: 76318-2 Update source:  Update reason: USN_REASON_DATA_EXTEND  USN_REASON_FILE_CREATE,usnjrnl,NTFS:\$Extend\$UsnJrnl:$J,-
2023-12-26T23:27:07.767570+00:00,Metadata Modification Time,FILE,NTFS USN change,SVCHOST.EXE-64D3491C.pf File reference: 135259-6 Parent file reference: 76318-2 Update source:  Update reason: USN_REASON_DATA_EXTEND  USN_REASON_FILE_CREATE  USN_REASON_CLOSE,usnjrnl,NTFS:\$Extend\$UsnJrnl:$J,-
2023-12-26T23:27:07.767570+00:00,Metadata Modification Time,FILE,NTFS USN change,SVCHOST.EXE-64D3491C.pf File reference: 135259-6 Parent file reference: 76318-2 Update source:  Update reason: USN_REASON_FILE_CREATE,usnjrnl,NTFS:\$Extend\$UsnJrnl:$J,-
2023-12-26T23:27:07.767570+00:00,Content Modification Time,FILE,File stat,NTFS:\Windows\Prefetch\SVCHOST.EXE-57C0D5E5.pf Type: file,filestat,NTFS:\Windows\Prefetch\SVCHOST.EXE-57C0D5E5.pf,-
2023-12-26T23:27:07.767570+00:00,Creation Time,FILE,File stat,NTFS:\Windows\Prefetch\SVCHOST.EXE-57C0D5E5.pf Type: file,filestat,NTFS:\Windows\Prefetch\SVCHOST.EXE-57C0D5E5.pf,-
2023-12-26T23:27:07.767570+00:00,Last Access Time,FILE,File stat,NTFS:\Windows\Prefetch\SVCHOST.EXE-57C0D5E5.pf Type: file,filestat,NTFS:\Windows\Prefetch\SVCHOST.EXE-57C0D5E5.pf,-
2023-12-26T23:27:07.767570+00:00,Metadata Modification Time,FILE,File stat,NTFS:\Windows\Prefetch\SVCHOST.EXE-57C0D5E5.pf Type: file,filestat,NTFS:\Windows\Prefetch\SVCHOST.EXE-57C0D5E5.pf,-
2023-12-26T23:27:07.767570+00:00,Content Modification Time,FILE,File stat,NTFS:\Windows\Prefetch\SVCHOST.EXE-64D3491C.pf Type: file,filestat,NTFS:\Windows\Prefetch\SVCHOST.EXE-64D3491C.pf,-
2023-12-26T23:27:07.767570+00:00,Creation Time,FILE,File stat,NTFS:\Windows\Prefetch\SVCHOST.EXE-64D3491C.pf Type: file,filestat,NTFS:\Windows\Prefetch\SVCHOST.EXE-64D3491C.pf,-
2023-12-26T23:27:07.767570+00:00,Last Access Time,FILE,File stat,NTFS:\Windows\Prefetch\SVCHOST.EXE-64D3491C.pf Type: file,filestat,NTFS:\Windows\Prefetch\SVCHOST.EXE-64D3491C.pf,-
2023-12-26T23:27:07.767570+00:00,Metadata Modification Time,FILE,File stat,NTFS:\Windows\Prefetch\SVCHOST.EXE-64D3491C.pf Type: file,filestat,NTFS:\Windows\Prefetch\SVCHOST.EXE-64D3491C.pf,-
2023-12-26T23:27:08.127113+00:00,Metadata Modification Time,FILE,NTFS USN change,BITBB7F.tmp File reference: 135257-6 Parent file reference: 135246-6 Update source:  Update reason: USN_REASON_DATA_OVERWRITE  USN_REASON_DATA_EXTEND  USN_REASON_DATA_TRUNCATION  USN_REASON_BASIC_INFO_CHANGE,usnjrnl,NTFS:\$Extend\$UsnJrnl:$J,-
2023-12-26T23:27:08.127113+00:00,Metadata Modification Time,FILE,NTFS USN change,BITBB7F.tmp File reference: 135257-6 Parent file reference: 135246-6 Update source:  Update reason: USN_REASON_DATA_OVERWRITE  USN_REASON_DATA_EXTEND  USN_REASON_DATA_TRUNCATION  USN_REASON_BASIC_INFO_CHANGE  USN_REASON_CLOSE,usnjrnl,NTFS:\$Extend\$UsnJrnl:$J,-
2023-12-26T23:27:08.147106+00:00,Content Modification Time,EVT,WinEVTX,[60 / 0x003c] Provider identifier: {ef1cc15b-46c1-414e-bb95-e76b077bd51e} Source Name: Microsoft-Windows-Bits-Client Strings: ['{EE6E3041-7E77-4781-867D-7B32B3F56A75}'  'Edge Component Updater'  '{E03685FD-A4C5-4778-829D-C50D54577F2E}'  'http://msedge.b.tlu.dl.delivery.mp.microsoft.com/filestreamingservice/files/bf075f30-f9a8-4a0e-95ec-ebe70202e355?P1=1704118334&P2=404&P3=2&P4=Yls5joKVUM8tWaUil%2f4ylOF%2bwYETkMixtU8nXHyPsIEUP7vcjrnkIPL7XPXSXM8TkxY3SDbipIw1kMcZT4%2fK2g%3d%3d'  ''  '0'  '2023-12-25T13:54:13.000000000Z'  '9497200'  '9497200'  '9497200'  ''  '0'  '0'  '0'  '0'  '18446744073709551615'  'false'] Computer Name: WinDev2311Eval Record Number: 224 Event Level: 4,winevtx,NTFS:\Windows\System32\winevt\Logs\Microsoft-Windows-Bits-Client%4Operational.evtx,-
2023-12-26T23:27:08.147106+00:00,Creation Time,EVT,WinEVTX,[60 / 0x003c] Provider identifier: {ef1cc15b-46c1-414e-bb95-e76b077bd51e} Source Name: Microsoft-Windows-Bits-Client Strings: ['{EE6E3041-7E77-4781-867D-7B32B3F56A75}'  'Edge Component Updater'  '{E03685FD-A4C5-4778-829D-C50D54577F2E}'  'http://msedge.b.tlu.dl.delivery.mp.microsoft.com/filestreamingservice/files/bf075f30-f9a8-4a0e-95ec-ebe70202e355?P1=1704118334&P2=404&P3=2&P4=Yls5joKVUM8tWaUil%2f4ylOF%2bwYETkMixtU8nXHyPsIEUP7vcjrnkIPL7XPXSXM8TkxY3SDbipIw1kMcZT4%2fK2g%3d%3d'  ''  '0'  '2023-12-25T13:54:13.000000000Z'  '9497200'  '9497200'  '9497200'  ''  '0'  '0'  '0'  '0'  '18446744073709551615'  'false'] Computer Name: WinDev2311Eval Record Number: 224 Event Level: 4,winevtx,NTFS:\Windows\System32\winevt\Logs\Microsoft-Windows-Bits-Client%4Operational.evtx,-
2023-12-26T23:27:08.412228+00:00,Metadata Modification Time,FILE,NTFS USN change,BITBB7F.tmp File reference: 135257-6 Parent file reference: 135246-6 Update source:  Update reason: USN_REASON_BASIC_INFO_CHANGE,usnjrnl,NTFS:\$Extend\$UsnJrnl:$J,-
2023-12-26T23:27:08.412228+00:00,Metadata Modification Time,FILE,NTFS USN change,BITBB7F.tmp File reference: 135257-6 Parent file reference: 135246-6 Update source:  Update reason: USN_REASON_BASIC_INFO_CHANGE  USN_REASON_CLOSE,usnjrnl,NTFS:\$Extend\$UsnJrnl:$J,-
2023-12-26T23:27:08.412228+00:00,Metadata Modification Time,FILE,NTFS USN change,BITBB7F.tmp File reference: 135257-6 Parent file reference: 135246-6 Update source:  Update reason: USN_REASON_RENAME_OLD_NAME,usnjrnl,NTFS:\$Extend\$UsnJrnl:$J,-
2023-12-26T23:27:08.412228+00:00,Metadata Modification Time,FILE,NTFS USN change,bf075f30-f9a8-4a0e-95ec-ebe70202e355 File reference: 135257-6 Parent file reference: 135246-6 Update source:  Update reason: USN_REASON_RENAME_NEW_NAME,usnjrnl,NTFS:\$Extend\$UsnJrnl:$J,-
2023-12-26T23:27:08.412228+00:00,Metadata Modification Time,FILE,NTFS USN change,bf075f30-f9a8-4a0e-95ec-ebe70202e355 File reference: 135257-6 Parent file reference: 135246-6 Update source:  Update reason: USN_REASON_RENAME_NEW_NAME  USN_REASON_CLOSE,usnjrnl,NTFS:\$Extend\$UsnJrnl:$J,-
2023-12-26T23:27:08.412228+00:00,Content Modification Time,FILE,File stat,NTFS:\Users\User\AppData\Local\Temp\edge_BITS_5760_1289659335 Type: directory,filestat,NTFS:\Users\User\AppData\Local\Temp\edge_BITS_5760_1289659335,-
2023-12-26T23:27:08.412228+00:00,Metadata Modification Time,FILE,File stat,NTFS:\Users\User\AppData\Local\Temp\edge_BITS_5760_1289659335 Type: directory,filestat,NTFS:\Users\User\AppData\Local\Temp\edge_BITS_5760_1289659335,-
2023-12-26T23:27:08.412228+00:00,Metadata Modification Time,FILE,File stat,NTFS:\Users\User\AppData\Local\Temp\edge_BITS_5760_1289659335\bf075f30-f9a8-4a0e-95ec-ebe70202e355 Type: file,filestat,NTFS:\Users\User\AppData\Local\Temp\edge_BITS_5760_1289659335\bf075f30-f9a8-4a0e-95ec-ebe70202e355,-
2023-12-26T23:27:08.416105+00:00,Content Modification Time,EVT,WinEVTX,[4 / 0x0004] Provider identifier: {ef1cc15b-46c1-414e-bb95-e76b077bd51e} Source Name: Microsoft-Windows-Bits-Client Strings: ['WINDEV2311EVAL\\User'  'Edge Component Updater'  '{E03685FD-A4C5-4778-829D-C50D54577F2E}'  'WINDEV2311EVAL\\User'  '1'  '9497200'  '0'] Computer Name: WinDev2311Eval Record Number: 225 Event Level: 4,winevtx,NTFS:\Windows\System32\winevt\Logs\Microsoft-Windows-Bits-Client%4Operational.evtx,-
2023-12-26T23:27:08.416105+00:00,Creation Time,EVT,WinEVTX,[4 / 0x0004] Provider identifier: {ef1cc15b-46c1-414e-bb95-e76b077bd51e} Source Name: Microsoft-Windows-Bits-Client Strings: ['WINDEV2311EVAL\\User'  'Edge Component Updater'  '{E03685FD-A4C5-4778-829D-C50D54577F2E}'  'WINDEV2311EVAL\\User'  '1'  '9497200'  '0'] Computer Name: WinDev2311Eval Record Number: 225 Event Level: 4,winevtx,NTFS:\Windows\System32\winevt\Logs\Microsoft-Windows-Bits-Client%4Operational.evtx,-
2023-12-26T23:27:08.626073+00:00,Metadata Modification Time,FILE,NTFS USN change,settings.dat File reference: 131838-8 Parent file reference: 131826-7 Update source:  Update reason: USN_REASON_DATA_OVERWRITE,usnjrnl,NTFS:\$Extend\$UsnJrnl:$J,-
2023-12-26T23:27:08.626073+00:00,Metadata Modification Time,FILE,NTFS USN change,settings.dat.LOG1 File reference: 132311-3 Parent file reference: 131826-7 Update source:  Update reason: USN_REASON_DATA_OVERWRITE,usnjrnl,NTFS:\$Extend\$UsnJrnl:$J,-
2023-12-26T23:27:08.642497+00:00,Metadata Modification Time,FILE,NTFS USN change,settings.dat File reference: 131838-8 Parent file reference: 131826-7 Update source:  Update reason: USN_REASON_DATA_OVERWRITE  USN_REASON_BASIC_INFO_CHANGE,usnjrnl,NTFS:\$Extend\$UsnJrnl:$J,-
2023-12-26T23:27:08.642497+00:00,Metadata Modification Time,FILE,NTFS USN change,settings.dat.LOG1 File reference: 132311-3 Parent file reference: 131826-7 Update source:  Update reason: USN_REASON_DATA_OVERWRITE  USN_REASON_CLOSE,usnjrnl,NTFS:\$Extend\$UsnJrnl:$J,-
2023-12-26T23:27:08.722953+00:00,Metadata Modification Time,FILE,NTFS USN change,chrome_PuffinComponentUnpacker_BeginUnzipping5760_102990817 File reference: 135261-7 Parent file reference: 42582-3 Update source:  Update reason: USN_REASON_FILE_CREATE,usnjrnl,NTFS:\$Extend\$UsnJrnl:$J,-
2023-12-26T23:27:08.722953+00:00,Metadata Modification Time,FILE,NTFS USN change,chrome_PuffinComponentUnpacker_BeginUnzipping5760_102990817 File reference: 135261-7 Parent file reference: 42582-3 Update source:  Update reason: USN_REASON_FILE_CREATE  USN_REASON_CLOSE,usnjrnl,NTFS:\$Extend\$UsnJrnl:$J,-
2023-12-26T23:27:08.722953+00:00,Creation Time,FILE,File stat,NTFS:\Users\User\AppData\Local\Microsoft\Edge\User Data\Edge Wallet\120.16992.16988.1 Type: directory,filestat,NTFS:\Users\User\AppData\Local\Microsoft\Edge\User Data\Edge Wallet\120.16992.16988.1,-
2023-12-26T23:27:08.897716+00:00,Metadata Modification Time,FILE,NTFS USN change,app-setup.js File reference: 135262-6 Parent file reference: 135261-7 Update source:  Update reason: USN_REASON_FILE_CREATE,usnjrnl,NTFS:\$Extend\$UsnJrnl:$J,-
2023-12-26T23:27:08.913400+00:00,Metadata Modification Time,FILE,NTFS USN change,app-setup.js File reference: 135262-6 Parent file reference: 135261-7 Update source:  Update reason: USN_REASON_DATA_EXTEND  USN_REASON_FILE_CREATE,usnjrnl,NTFS:\$Extend\$UsnJrnl:$J,-
2023-12-26T23:27:08.913400+00:00,Metadata Modification Time,FILE,NTFS USN change,app-setup.js File reference: 135262-6 Parent file reference: 135261-7 Update source:  Update reason: USN_REASON_DATA_EXTEND  USN_REASON_FILE_CREATE  USN_REASON_BASIC_INFO_CHANGE,usnjrnl,NTFS:\$Extend\$UsnJrnl:$J,-
2023-12-26T23:27:08.913400+00:00,Metadata Modification Time,FILE,NTFS USN change,app-setup.js File reference: 135262-6 Parent file reference: 135261-7 Update source:  Update reason: USN_REASON_DATA_EXTEND  USN_REASON_FILE_CREATE  USN_REASON_BASIC_INFO_CHANGE  USN_REASON_CLOSE,usnjrnl,NTFS:\$Extend\$UsnJrnl:$J,-
2023-12-26T23:27:08.913400+00:00,Metadata Modification Time,FILE,NTFS USN change,bnpl File reference: 135263-6 Parent file reference: 135261-7 Update source:  Update reason: USN_REASON_FILE_CREATE,usnjrnl,NTFS:\$Extend\$UsnJrnl:$J,-
2023-12-26T23:27:08.913400+00:00,Metadata Modification Time,FILE,NTFS USN change,bnpl File reference: 135263-6 Parent file reference: 135261-7 Update source:  Update reason: USN_REASON_FILE_CREATE  USN_REASON_CLOSE,usnjrnl,NTFS:\$Extend\$UsnJrnl:$J,-
2023-12-26T23:27:08.913400+00:00,Metadata Modification Time,FILE,NTFS USN change,bnpl.bundle.js File reference: 135264-6 Parent file reference: 135263-6 Update source:  Update reason: USN_REASON_DATA_EXTEND  USN_REASON_FILE_CREATE,usnjrnl,NTFS:\$Extend\$UsnJrnl:$J,-
2023-12-26T23:27:08.913400+00:00,Metadata Modification Time,FILE,NTFS USN change,bnpl.bundle.js File reference: 135264-6 Parent file reference: 135263-6 Update source:  Update reason: USN_REASON_FILE_CREATE,usnjrnl,NTFS:\$Extend\$UsnJrnl:$J,-
2023-12-26T23:27:08.913400+00:00,Creation Time,FILE,File stat,NTFS:\Users\User\AppData\Local\Microsoft\Edge\User Data\Edge Wallet\120.16992.16988.1\bnpl Type: directory,filestat,NTFS:\Users\User\AppData\Local\Microsoft\Edge\User Data\Edge Wallet\120.16992.16988.1\bnpl,-
2023-12-26T23:27:08.929107+00:00,Metadata Modification Time,FILE,NTFS USN change,bnpl.bundle.js File reference: 135264-6 Parent file reference: 135263-6 Update source:  Update reason: USN_REASON_DATA_EXTEND  USN_REASON_FILE_CREATE  USN_REASON_BASIC_INFO_CHANGE,usnjrnl,NTFS:\$Extend\$UsnJrnl:$J,-
2023-12-26T23:27:08.929107+00:00,Metadata Modification Time,FILE,NTFS USN change,bnpl.bundle.js File reference: 135264-6 Parent file reference: 135263-6 Update source:  Update reason: USN_REASON_DATA_EXTEND  USN_REASON_FILE_CREATE  USN_REASON_BASIC_INFO_CHANGE  USN_REASON_CLOSE,usnjrnl,NTFS:\$Extend\$UsnJrnl:$J,-
2023-12-26T23:27:08.929107+00:00,Metadata Modification Time,FILE,NTFS USN change,bnpl.bundle.js.LICENSE.txt File reference: 135265-6 Parent file reference: 135263-6 Update source:  Update reason: USN_REASON_DATA_EXTEND  USN_REASON_FILE_CREATE,usnjrnl,NTFS:\$Extend\$UsnJrnl:$J,-
2023-12-26T23:27:08.929107+00:00,Metadata Modification Time,FILE,NTFS USN change,bnpl.bundle.js.LICENSE.txt File reference: 135265-6 Parent file reference: 135263-6 Update source:  Update reason: USN_REASON_DATA_EXTEND  USN_REASON_FILE_CREATE  USN_REASON_BASIC_INFO_CHANGE,usnjrnl,NTFS:\$Extend\$UsnJrnl:$J,-
2023-12-26T23:27:08.929107+00:00,Metadata Modification Time,FILE,NTFS USN change,bnpl.bundle.js.LICENSE.txt File reference: 135265-6 Parent file reference: 135263-6 Update source:  Update reason: USN_REASON_DATA_EXTEND  USN_REASON_FILE_CREATE  USN_REASON_BASIC_INFO_CHANGE  USN_REASON_CLOSE,usnjrnl,NTFS:\$Extend\$UsnJrnl:$J,-
2023-12-26T23:27:08.929107+00:00,Metadata Modification Time,FILE,NTFS USN change,bnpl.bundle.js.LICENSE.txt File reference: 135265-6 Parent file reference: 135263-6 Update source:  Update reason: USN_REASON_FILE_CREATE,usnjrnl,NTFS:\$Extend\$UsnJrnl:$J,-
2023-12-26T23:27:08.929107+00:00,Metadata Modification Time,FILE,NTFS USN change,bnpl.html File reference: 135266-6 Parent file reference: 135263-6 Update source:  Update reason: USN_REASON_DATA_EXTEND  USN_REASON_FILE_CREATE,usnjrnl,NTFS:\$Extend\$UsnJrnl:$J,-
2023-12-26T23:27:08.929107+00:00,Metadata Modification Time,FILE,NTFS USN change,bnpl.html File reference: 135266-6 Parent file reference: 135263-6 Update source:  Update reason: USN_REASON_DATA_EXTEND  USN_REASON_FILE_CREATE  USN_REASON_BASIC_INFO_CHANGE,usnjrnl,NTFS:\$Extend\$UsnJrnl:$J,-
2023-12-26T23:27:08.929107+00:00,Metadata Modification Time,FILE,NTFS USN change,bnpl.html File reference: 135266-6 Parent file reference: 135263-6 Update source:  Update reason: USN_REASON_FILE_CREATE,usnjrnl,NTFS:\$Extend\$UsnJrnl:$J,-
2023-12-26T23:27:08.929107+00:00,Content Modification Time,FILE,File stat,NTFS:\Users\User\AppData\Local\Microsoft\Edge\User Data\Edge Wallet\120.16992.16988.1\bnpl Type: directory,filestat,NTFS:\Users\User\AppData\Local\Microsoft\Edge\User Data\Edge Wallet\120.16992.16988.1\bnpl,-
2023-12-26T23:27:08.929107+00:00,Metadata Modification Time,FILE,File stat,NTFS:\Users\User\AppData\Local\Microsoft\Edge\User Data\Edge Wallet\120.16992.16988.1\bnpl Type: directory,filestat,NTFS:\Users\User\AppData\Local\Microsoft\Edge\User Data\Edge Wallet\120.16992.16988.1\bnpl,-
2023-12-26T23:27:08.944678+00:00,Metadata Modification Time,FILE,NTFS USN change,bnpl.html File reference: 135266-6 Parent file reference: 135263-6 Update source:  Update reason: USN_REASON_DATA_EXTEND  USN_REASON_FILE_CREATE  USN_REASON_BASIC_INFO_CHANGE  USN_REASON_CLOSE,usnjrnl,NTFS:\$Extend\$UsnJrnl:$J,-
2023-12-26T23:27:08.944678+00:00,Metadata Modification Time,FILE,NTFS USN change,bnpl_driver.js File reference: 135267-6 Parent file reference: 135261-7 Update source:  Update reason: USN_REASON_DATA_EXTEND  USN_REASON_FILE_CREATE,usnjrnl,NTFS:\$Extend\$UsnJrnl:$J,-
2023-12-26T23:27:08.944678+00:00,Metadata Modification Time,FILE,NTFS USN change,bnpl_driver.js File reference: 135267-6 Parent file reference: 135261-7 Update source:  Update reason: USN_REASON_DATA_EXTEND  USN_REASON_FILE_CREATE  USN_REASON_BASIC_INFO_CHANGE,usnjrnl,NTFS:\$Extend\$UsnJrnl:$J,-
2023-12-26T23:27:08.944678+00:00,Metadata Modification Time,FILE,NTFS USN change,bnpl_driver.js File reference: 135267-6 Parent file reference: 135261-7 Update source:  Update reason: USN_REASON_DATA_EXTEND  USN_REASON_FILE_CREATE  USN_REASON_BASIC_INFO_CHANGE  USN_REASON_CLOSE,usnjrnl,NTFS:\$Extend\$UsnJrnl:$J,-
2023-12-26T23:27:08.944678+00:00,Metadata Modification Time,FILE,NTFS USN change,bnpl_driver.js File reference: 135267-6 Parent file reference: 135261-7 Update source:  Update reason: USN_REASON_FILE_CREATE,usnjrnl,NTFS:\$Extend\$UsnJrnl:$J,-
2023-12-26T23:27:08.944678+00:00,Metadata Modification Time,FILE,NTFS USN change,buynow_driver.js File reference: 135269-7 Parent file reference: 135261-7 Update source:  Update reason: USN_REASON_DATA_EXTEND  USN_REASON_FILE_CREATE,usnjrnl,NTFS:\$Extend\$UsnJrnl:$J,-
2023-12-26T23:27:08.944678+00:00,Metadata Modification Time,FILE,NTFS USN change,buynow_driver.js File reference: 135269-7 Parent file reference: 135261-7 Update source:  Update reason: USN_REASON_DATA_EXTEND  USN_REASON_FILE_CREATE  USN_REASON_BASIC_INFO_CHANGE,usnjrnl,NTFS:\$Extend\$UsnJrnl:$J,-
2023-12-26T23:27:08.944678+00:00,Metadata Modification Time,FILE,NTFS USN change,buynow_driver.js File reference: 135269-7 Parent file reference: 135261-7 Update source:  Update reason: USN_REASON_DATA_EXTEND  USN_REASON_FILE_CREATE  USN_REASON_BASIC_INFO_CHANGE  USN_REASON_CLOSE,usnjrnl,NTFS:\$Extend\$UsnJrnl:$J,-
2023-12-26T23:27:08.944678+00:00,Metadata Modification Time,FILE,NTFS USN change,buynow_driver.js File reference: 135269-7 Parent file reference: 135261-7 Update source:  Update reason: USN_REASON_FILE_CREATE,usnjrnl,NTFS:\$Extend\$UsnJrnl:$J,-
2023-12-26T23:27:08.944678+00:00,Metadata Modification Time,FILE,NTFS USN change,crypto.bundle.js File reference: 135270-9 Parent file reference: 135261-7 Update source:  Update reason: USN_REASON_DATA_EXTEND  USN_REASON_FILE_CREATE,usnjrnl,NTFS:\$Extend\$UsnJrnl:$J,-
2023-12-26T23:27:08.944678+00:00,Metadata Modification Time,FILE,NTFS USN change,crypto.bundle.js File reference: 135270-9 Parent file reference: 135261-7 Update source:  Update reason: USN_REASON_DATA_EXTEND  USN_REASON_FILE_CREATE  USN_REASON_BASIC_INFO_CHANGE,usnjrnl,NTFS:\$Extend\$UsnJrnl:$J,-
2023-12-26T23:27:08.944678+00:00,Metadata Modification Time,FILE,NTFS USN change,crypto.bundle.js File reference: 135270-9 Parent file reference: 135261-7 Update source:  Update reason: USN_REASON_DATA_EXTEND  USN_REASON_FILE_CREATE  USN_REASON_BASIC_INFO_CHANGE  USN_REASON_CLOSE,usnjrnl,NTFS:\$Extend\$UsnJrnl:$J,-
2023-12-26T23:27:08.944678+00:00,Metadata Modification Time,FILE,NTFS USN change,crypto.bundle.js File reference: 135270-9 Parent file reference: 135261-7 Update source:  Update reason: USN_REASON_FILE_CREATE,usnjrnl,NTFS:\$Extend\$UsnJrnl:$J,-
2023-12-26T23:27:08.960312+00:00,Metadata Modification Time,FILE,NTFS USN change,driver-signature.txt File reference: 135271-8 Parent file reference: 135261-7 Update source:  Update reason: USN_REASON_DATA_EXTEND  USN_REASON_FILE_CREATE,usnjrnl,NTFS:\$Extend\$UsnJrnl:$J,-
2023-12-26T23:27:08.960312+00:00,Metadata Modification Time,FILE,NTFS USN change,driver-signature.txt File reference: 135271-8 Parent file reference: 135261-7 Update source:  Update reason: USN_REASON_DATA_EXTEND  USN_REASON_FILE_CREATE  USN_REASON_BASIC_INFO_CHANGE,usnjrnl,NTFS:\$Extend\$UsnJrnl:$J,-
2023-12-26T23:27:08.960312+00:00,Metadata Modification Time,FILE,NTFS USN change,driver-signature.txt File reference: 135271-8 Parent file reference: 135261-7 Update source:  Update reason: USN_REASON_DATA_EXTEND  USN_REASON_FILE_CREATE  USN_REASON_BASIC_INFO_CHANGE  USN_REASON_CLOSE,usnjrnl,NTFS:\$Extend\$UsnJrnl:$J,-
2023-12-26T23:27:08.960312+00:00,Metadata Modification Time,FILE,NTFS USN change,driver-signature.txt File reference: 135271-8 Parent file reference: 135261-7 Update source:  Update reason: USN_REASON_FILE_CREATE,usnjrnl,NTFS:\$Extend\$UsnJrnl:$J,-
2023-12-26T23:27:08.960312+00:00,Metadata Modification Time,FILE,NTFS USN change,edge_driver.js File reference: 135272-6 Parent file reference: 135261-7 Update source:  Update reason: USN_REASON_DATA_EXTEND  USN_REASON_FILE_CREATE,usnjrnl,NTFS:\$Extend\$UsnJrnl:$J,-
2023-12-26T23:27:08.960312+00:00,Metadata Modification Time,FILE,NTFS USN change,edge_driver.js File reference: 135272-6 Parent file reference: 135261-7 Update source:  Update reason: USN_REASON_FILE_CREATE,usnjrnl,NTFS:\$Extend\$UsnJrnl:$J,-
2023-12-26T23:27:08.975851+00:00,Metadata Modification Time,FILE,NTFS USN change,edge_driver.js File reference: 135272-6 Parent file reference: 135261-7 Update source:  Update reason: USN_REASON_DATA_EXTEND  USN_REASON_FILE_CREATE  USN_REASON_BASIC_INFO_CHANGE,usnjrnl,NTFS:\$Extend\$UsnJrnl:$J,-
2023-12-26T23:27:08.975851+00:00,Metadata Modification Time,FILE,NTFS USN change,edge_driver.js File reference: 135272-6 Parent file reference: 135261-7 Update source:  Update reason: USN_REASON_DATA_EXTEND  USN_REASON_FILE_CREATE  USN_REASON_BASIC_INFO_CHANGE  USN_REASON_CLOSE,usnjrnl,NTFS:\$Extend\$UsnJrnl:$J,-
2023-12-26T23:27:08.975851+00:00,Metadata Modification Time,FILE,NTFS USN change,hub-signature.txt File reference: 135275-7 Parent file reference: 135261-7 Update source:  Update reason: USN_REASON_DATA_EXTEND  USN_REASON_FILE_CREATE,usnjrnl,NTFS:\$Extend\$UsnJrnl:$J,-
2023-12-26T23:27:08.975851+00:00,Metadata Modification Time,FILE,NTFS USN change,hub-signature.txt File reference: 135275-7 Parent file reference: 135261-7 Update source:  Update reason: USN_REASON_DATA_EXTEND  USN_REASON_FILE_CREATE  USN_REASON_BASIC_INFO_CHANGE,usnjrnl,NTFS:\$Extend\$UsnJrnl:$J,-
2023-12-26T23:27:08.975851+00:00,Metadata Modification Time,FILE,NTFS USN change,hub-signature.txt File reference: 135275-7 Parent file reference: 135261-7 Update source:  Update reason: USN_REASON_DATA_EXTEND  USN_REASON_FILE_CREATE  USN_REASON_BASIC_INFO_CHANGE  USN_REASON_CLOSE,usnjrnl,NTFS:\$Extend\$UsnJrnl:$J,-
2023-12-26T23:27:08.975851+00:00,Metadata Modification Time,FILE,NTFS USN change,hub-signature.txt File reference: 135275-7 Parent file reference: 135261-7 Update source:  Update reason: USN_REASON_FILE_CREATE,usnjrnl,NTFS:\$Extend\$UsnJrnl:$J,-
2023-12-26T23:27:08.975851+00:00,Metadata Modification Time,FILE,NTFS USN change,json File reference: 135289-6 Parent file reference: 135261-7 Update source:  Update reason: USN_REASON_FILE_CREATE,usnjrnl,NTFS:\$Extend\$UsnJrnl:$J,-
2023-12-26T23:27:08.975851+00:00,Metadata Modification Time,FILE,NTFS USN change,json File reference: 135289-6 Parent file reference: 135261-7 Update source:  Update reason: USN_REASON_FILE_CREATE  USN_REASON_CLOSE,usnjrnl,NTFS:\$Extend\$UsnJrnl:$J,-
2023-12-26T23:27:08.975851+00:00,Creation Time,FILE,File stat,NTFS:\Users\User\AppData\Local\Microsoft\Edge\User Data\Edge Wallet\120.16992.16988.1\json Type: directory,filestat,NTFS:\Users\User\AppData\Local\Microsoft\Edge\User Data\Edge Wallet\120.16992.16988.1\json,-
2023-12-26T23:27:08.991491+00:00,Metadata Modification Time,FILE,NTFS USN change,ar File reference: 135344-8 Parent file reference: 135341-6 Update source:  Update reason: USN_REASON_FILE_CREATE,usnjrnl,NTFS:\$Extend\$UsnJrnl:$J,-
2023-12-26T23:27:08.991491+00:00,Metadata Modification Time,FILE,NTFS USN change,ar File reference: 135344-8 Parent file reference: 135341-6 Update source:  Update reason: USN_REASON_FILE_CREATE  USN_REASON_CLOSE,usnjrnl,NTFS:\$Extend\$UsnJrnl:$J,-
2023-12-26T23:27:08.991491+00:00,Metadata Modification Time,FILE,NTFS USN change,i18n-ec File reference: 135341-6 Parent file reference: 135289-6 Update source:  Update reason: USN_REASON_FILE_CREATE,usnjrnl,NTFS:\$Extend\$UsnJrnl:$J,-
2023-12-26T23:27:08.991491+00:00,Metadata Modification Time,FILE,NTFS USN change,i18n-ec File reference: 135341-6 Parent file reference: 135289-6 Update source:  Update reason: USN_REASON_FILE_CREATE  USN_REASON_CLOSE,usnjrnl,NTFS:\$Extend\$UsnJrnl:$J,-
2023-12-26T23:27:08.991491+00:00,Metadata Modification Time,FILE,NTFS USN change,strings.json File reference: 135345-7 Parent file reference: 135344-8 Update source:  Update reason: USN_REASON_DATA_EXTEND  USN_REASON_FILE_CREATE,usnjrnl,NTFS:\$Extend\$UsnJrnl:$J,-
2023-12-26T23:27:08.991491+00:00,Metadata Modification Time,FILE,NTFS USN change,strings.json File reference: 135345-7 Parent file reference: 135344-8 Update source:  Update reason: USN_REASON_FILE_CREATE,usnjrnl,NTFS:\$Extend\$UsnJrnl:$J,-
2023-12-26T23:27:09.700530+00:00,Metadata Modification Time,FILE,NTFS USN change,de File reference: 135347-9 Parent file reference: 135341-6 Update source:  Update reason: USN_REASON_FILE_CREATE,usnjrnl,NTFS:\$Extend\$UsnJrnl:$J,-
2023-12-26T23:27:09.700530+00:00,Metadata Modification Time,FILE,NTFS USN change,de File reference: 135347-9 Parent file reference: 135341-6 Update source:  Update reason: USN_REASON_FILE_CREATE  USN_REASON_CLOSE,usnjrnl,NTFS:\$Extend\$UsnJrnl:$J,-
2023-12-26T23:27:09.700530+00:00,Metadata Modification Time,FILE,NTFS USN change,strings.json File reference: 135345-7 Parent file reference: 135344-8 Update source:  Update reason: USN_REASON_DATA_EXTEND  USN_REASON_FILE_CREATE  USN_REASON_BASIC_INFO_CHANGE,usnjrnl,NTFS:\$Extend\$UsnJrnl:$J,-
2023-12-26T23:27:09.700530+00:00,Metadata Modification Time,FILE,NTFS USN change,strings.json File reference: 135345-7 Parent file reference: 135344-8 Update source:  Update reason: USN_REASON_DATA_EXTEND  USN_REASON_FILE_CREATE  USN_REASON_BASIC_INFO_CHANGE  USN_REASON_CLOSE,usnjrnl,NTFS:\$Extend\$UsnJrnl:$J,-
2023-12-26T23:27:09.700530+00:00,Metadata Modification Time,FILE,NTFS USN change,strings.json File reference: 135348-6 Parent file reference: 135347-9 Update source:  Update reason: USN_REASON_DATA_EXTEND  USN_REASON_FILE_CREATE,usnjrnl,NTFS:\$Extend\$UsnJrnl:$J,-
2023-12-26T23:27:09.700530+00:00,Metadata Modification Time,FILE,NTFS USN change,strings.json File reference: 135348-6 Parent file reference: 135347-9 Update source:  Update reason: USN_REASON_DATA_EXTEND  USN_REASON_FILE_CREATE  USN_REASON_BASIC_INFO_CHANGE,usnjrnl,NTFS:\$Extend\$UsnJrnl:$J,-
2023-12-26T23:27:09.700530+00:00,Metadata Modification Time,FILE,NTFS USN change,strings.json File reference: 135348-6 Parent file reference: 135347-9 Update source:  Update reason: USN_REASON_DATA_EXTEND  USN_REASON_FILE_CREATE  USN_REASON_BASIC_INFO_CHANGE  USN_REASON_CLOSE,usnjrnl,NTFS:\$Extend\$UsnJrnl:$J,-
2023-12-26T23:27:09.700530+00:00,Metadata Modification Time,FILE,NTFS USN change,strings.json File reference: 135348-6 Parent file reference: 135347-9 Update source:  Update reason: USN_REASON_FILE_CREATE,usnjrnl,NTFS:\$Extend\$UsnJrnl:$J,-
2023-12-26T23:27:09.268220+00:00,Metadata Modification Time,FILE,NTFS USN change,el File reference: 135349-8 Parent file reference: 135341-6 Update source:  Update reason: USN_REASON_FILE_CREATE,usnjrnl,NTFS:\$Extend\$UsnJrnl:$J,-
2023-12-26T23:27:09.268220+00:00,Metadata Modification Time,FILE,NTFS USN change,el File reference: 135349-8 Parent file reference: 135341-6 Update source:  Update reason: USN_REASON_FILE_CREATE  USN_REASON_CLOSE,usnjrnl,NTFS:\$Extend\$UsnJrnl:$J,-
2023-12-26T23:27:09.268220+00:00,Metadata Modification Time,FILE,NTFS USN change,strings.json File reference: 135350-7 Parent file reference: 135349-8 Update source:  Update reason: USN_REASON_FILE_CREATE,usnjrnl,NTFS:\$Extend\$UsnJrnl:$J,-
2023-12-26T23:27:09.382401+00:00,Metadata Modification Time,FILE,NTFS USN change,en-GB File reference: 135352-6 Parent file reference: 135341-6 Update source:  Update reason: USN_REASON_FILE_CREATE,usnjrnl,NTFS:\$Extend\$UsnJrnl:$J,-
2023-12-26T23:27:09.382401+00:00,Metadata Modification Time,FILE,NTFS USN change,en-GB File reference: 135352-6 Parent file reference: 135341-6 Update source:  Update reason: USN_REASON_FILE_CREATE  USN_REASON_CLOSE,usnjrnl,NTFS:\$Extend\$UsnJrnl:$J,-
2023-12-26T23:27:09.382401+00:00,Metadata Modification Time,FILE,NTFS USN change,strings.json File reference: 135350-7 Parent file reference: 135349-8 Update source:  Update reason: USN_REASON_DATA_EXTEND  USN_REASON_FILE_CREATE,usnjrnl,NTFS:\$Extend\$UsnJrnl:$J,-
2023-12-26T23:27:09.382401+00:00,Metadata Modification Time,FILE,NTFS USN change,strings.json File reference: 135350-7 Parent file reference: 135349-8 Update source:  Update reason: USN_REASON_DATA_EXTEND  USN_REASON_FILE_CREATE  USN_REASON_BASIC_INFO_CHANGE,usnjrnl,NTFS:\$Extend\$UsnJrnl:$J,-
2023-12-26T23:27:09.382401+00:00,Metadata Modification Time,FILE,NTFS USN change,strings.json File reference: 135350-7 Parent file reference: 135349-8 Update source:  Update reason: USN_REASON_DATA_EXTEND  USN_REASON_FILE_CREATE  USN_REASON_BASIC_INFO_CHANGE  USN_REASON_CLOSE,usnjrnl,NTFS:\$Extend\$UsnJrnl:$J,-
2023-12-26T23:27:09.438120+00:00,Metadata Modification Time,FILE,NTFS USN change,es File reference: 135381-4 Parent file reference: 135341-6 Update source:  Update reason: USN_REASON_FILE_CREATE,usnjrnl,NTFS:\$Extend\$UsnJrnl:$J,-
2023-12-26T23:27:09.438120+00:00,Metadata Modification Time,FILE,NTFS USN change,es File reference: 135381-4 Parent file reference: 135341-6 Update source:  Update reason: USN_REASON_FILE_CREATE  USN_REASON_CLOSE,usnjrnl,NTFS:\$Extend\$UsnJrnl:$J,-
2023-12-26T23:27:09.438120+00:00,Metadata Modification Time,FILE,NTFS USN change,strings.json File reference: 135380-4 Parent file reference: 135352-6 Update source:  Update reason: USN_REASON_DATA_EXTEND  USN_REASON_FILE_CREATE,usnjrnl,NTFS:\$Extend\$UsnJrnl:$J,-
2023-12-26T23:27:09.438120+00:00,Metadata Modification Time,FILE,NTFS USN change,strings.json File reference: 135380-4 Parent file reference: 135352-6 Update source:  Update reason: USN_REASON_DATA_EXTEND  USN_REASON_FILE_CREATE  USN_REASON_BASIC_INFO_CHANGE,usnjrnl,NTFS:\$Extend\$UsnJrnl:$J,-
2023-12-26T23:27:09.438120+00:00,Metadata Modification Time,FILE,NTFS USN change,strings.json File reference: 135380-4 Parent file reference: 135352-6 Update source:  Update reason: USN_REASON_DATA_EXTEND  USN_REASON_FILE_CREATE  USN_REASON_BASIC_INFO_CHANGE  USN_REASON_CLOSE,usnjrnl,NTFS:\$Extend\$UsnJrnl:$J,-
2023-12-26T23:27:09.438120+00:00,Metadata Modification Time,FILE,NTFS USN change,strings.json File reference: 135380-4 Parent file reference: 135352-6 Update source:  Update reason: USN_REASON_FILE_CREATE,usnjrnl,NTFS:\$Extend\$UsnJrnl:$J,-
2023-12-26T23:27:09.600526+00:00,Metadata Modification Time,FILE,NTFS USN change,strings.json File reference: 135714-3 Parent file reference: 135381-4 Update source:  Update reason: USN_REASON_DATA_EXTEND  USN_REASON_FILE_CREATE,usnjrnl,NTFS:\$Extend\$UsnJrnl:$J,-
2023-12-26T23:27:09.600526+00:00,Metadata Modification Time,FILE,NTFS USN change,strings.json File reference: 135714-3 Parent file reference: 135381-4 Update source:  Update reason: USN_REASON_DATA_EXTEND  USN_REASON_FILE_CREATE  USN_REASON_BASIC_INFO_CHANGE,usnjrnl,NTFS:\$Extend\$UsnJrnl:$J,-
2023-12-26T23:27:09.600526+00:00,Metadata Modification Time,FILE,NTFS USN change,strings.json File reference: 135714-3 Parent file reference: 135381-4 Update source:  Update reason: USN_REASON_DATA_EXTEND  USN_REASON_FILE_CREATE  USN_REASON_BASIC_INFO_CHANGE  USN_REASON_CLOSE,usnjrnl,NTFS:\$Extend\$UsnJrnl:$J,-
2023-12-26T23:27:09.600526+00:00,Metadata Modification Time,FILE,NTFS USN change,strings.json File reference: 135714-3 Parent file reference: 135381-4 Update source:  Update reason: USN_REASON_FILE_CREATE,usnjrnl,NTFS:\$Extend\$UsnJrnl:$J,-
2023-12-26T23:27:09.760754+00:00,Metadata Modification Time,FILE,NTFS USN change,fi File reference: 135795-4 Parent file reference: 135341-6 Update source:  Update reason: USN_REASON_FILE_CREATE,usnjrnl,NTFS:\$Extend\$UsnJrnl:$J,-
2023-12-26T23:27:09.760754+00:00,Metadata Modification Time,FILE,NTFS USN change,fi File reference: 135795-4 Parent file reference: 135341-6 Update source:  Update reason: USN_REASON_FILE_CREATE  USN_REASON_CLOSE,usnjrnl,NTFS:\$Extend\$UsnJrnl:$J,-
2023-12-26T23:27:09.115794+00:00,Metadata Modification Time,FILE,NTFS USN change,fr File reference: 136081-3 Parent file reference: 135341-6 Update source:  Update reason: USN_REASON_FILE_CREATE,usnjrnl,NTFS:\$Extend\$UsnJrnl:$J,-
2023-12-26T23:27:09.115794+00:00,Metadata Modification Time,FILE,NTFS USN change,fr File reference: 136081-3 Parent file reference: 135341-6 Update source:  Update reason: USN_REASON_FILE_CREATE  USN_REASON_CLOSE,usnjrnl,NTFS:\$Extend\$UsnJrnl:$J,-
2023-12-26T23:27:09.115794+00:00,Metadata Modification Time,FILE,NTFS USN change,fr-CA File reference: 136129-5 Parent file reference: 135341-6 Update source:  Update reason: USN_REASON_FILE_CREATE,usnjrnl,NTFS:\$Extend\$UsnJrnl:$J,-
2023-12-26T23:27:09.115794+00:00,Metadata Modification Time,FILE,NTFS USN change,fr-CA File reference: 136129-5 Parent file reference: 135341-6 Update source:  Update reason: USN_REASON_FILE_CREATE  USN_REASON_CLOSE,usnjrnl,NTFS:\$Extend\$UsnJrnl:$J,-
2023-12-26T23:27:09.115794+00:00,Metadata Modification Time,FILE,NTFS USN change,strings.json File reference: 135796-4 Parent file reference: 135795-4 Update source:  Update reason: USN_REASON_DATA_EXTEND  USN_REASON_FILE_CREATE,usnjrnl,NTFS:\$Extend\$UsnJrnl:$J,-
2023-12-26T23:27:09.115794+00:00,Metadata Modification Time,FILE,NTFS USN change,strings.json File reference: 135796-4 Parent file reference: 135795-4 Update source:  Update reason: USN_REASON_DATA_EXTEND  USN_REASON_FILE_CREATE  USN_REASON_BASIC_INFO_CHANGE,usnjrnl,NTFS:\$Extend\$UsnJrnl:$J,-
2023-12-26T23:27:09.115794+00:00,Metadata Modification Time,FILE,NTFS USN change,strings.json File reference: 135796-4 Parent file reference: 135795-4 Update source:  Update reason: USN_REASON_DATA_EXTEND  USN_REASON_FILE_CREATE  USN_REASON_BASIC_INFO_CHANGE  USN_REASON_CLOSE,usnjrnl,NTFS:\$Extend\$UsnJrnl:$J,-
2023-12-26T23:27:09.115794+00:00,Metadata Modification Time,FILE,NTFS USN change,strings.json File reference: 135796-4 Parent file reference: 135795-4 Update source:  Update reason: USN_REASON_FILE_CREATE,usnjrnl,NTFS:\$Extend\$UsnJrnl:$J,-
2023-12-26T23:27:09.132112+00:00,Metadata Modification Time,FILE,NTFS USN change,id File reference: 136133-4 Parent file reference: 135341-6 Update source:  Update reason: USN_REASON_FILE_CREATE,usnjrnl,NTFS:\$Extend\$UsnJrnl:$J,-
2023-12-26T23:27:09.132112+00:00,Metadata Modification Time,FILE,NTFS USN change,strings.json File reference: 136131-4 Parent file reference: 136129-5 Update source:  Update reason: USN_REASON_DATA_EXTEND  USN_REASON_FILE_CREATE,usnjrnl,NTFS:\$Extend\$UsnJrnl:$J,-
2023-12-26T23:27:09.132112+00:00,Metadata Modification Time,FILE,NTFS USN change,strings.json File reference: 136131-4 Parent file reference: 136129-5 Update source:  Update reason: USN_REASON_DATA_EXTEND  USN_REASON_FILE_CREATE  USN_REASON_BASIC_INFO_CHANGE,usnjrnl,NTFS:\$Extend\$UsnJrnl:$J,-
2023-12-26T23:27:09.132112+00:00,Metadata Modification Time,FILE,NTFS USN change,strings.json File reference: 136131-4 Parent file reference: 136129-5 Update source:  Update reason: USN_REASON_DATA_EXTEND  USN_REASON_FILE_CREATE  USN_REASON_BASIC_INFO_CHANGE  USN_REASON_CLOSE,usnjrnl,NTFS:\$Extend\$UsnJrnl:$J,-
2023-12-26T23:27:09.132112+00:00,Metadata Modification Time,FILE,NTFS USN change,strings.json File reference: 136131-4 Parent file reference: 136129-5 Update source:  Update reason: USN_REASON_FILE_CREATE,usnjrnl,NTFS:\$Extend\$UsnJrnl:$J,-
2023-12-26T23:27:09.132112+00:00,Metadata Modification Time,FILE,NTFS USN change,strings.json File reference: 136132-4 Parent file reference: 136081-3 Update source:  Update reason: USN_REASON_DATA_EXTEND  USN_REASON_FILE_CREATE,usnjrnl,NTFS:\$Extend\$UsnJrnl:$J,-
2023-12-26T23:27:09.132112+00:00,Metadata Modification Time,FILE,NTFS USN change,strings.json File reference: 136132-4 Parent file reference: 136081-3 Update source:  Update reason: USN_REASON_DATA_EXTEND  USN_REASON_FILE_CREATE  USN_REASON_BASIC_INFO_CHANGE,usnjrnl,NTFS:\$Extend\$UsnJrnl:$J,-
2023-12-26T23:27:09.132112+00:00,Metadata Modification Time,FILE,NTFS USN change,strings.json File reference: 136132-4 Parent file reference: 136081-3 Update source:  Update reason: USN_REASON_DATA_EXTEND  USN_REASON_FILE_CREATE  USN_REASON_BASIC_INFO_CHANGE  USN_REASON_CLOSE,usnjrnl,NTFS:\$Extend\$UsnJrnl:$J,-
2023-12-26T23:27:09.132112+00:00,Metadata Modification Time,FILE,NTFS USN change,strings.json File reference: 136132-4 Parent file reference: 136081-3 Update source:  Update reason: USN_REASON_FILE_CREATE,usnjrnl,NTFS:\$Extend\$UsnJrnl:$J,-
2023-12-26T23:27:09.147713+00:00,Metadata Modification Time,FILE,NTFS USN change,id File reference: 136133-4 Parent file reference: 135341-6 Update source:  Update reason: USN_REASON_FILE_CREATE  USN_REASON_CLOSE,usnjrnl,NTFS:\$Extend\$UsnJrnl:$J,-
2023-12-26T23:27:09.147713+00:00,Metadata Modification Time,FILE,NTFS USN change,it File reference: 136139-4 Parent file reference: 135341-6 Update source:  Update reason: USN_REASON_FILE_CREATE,usnjrnl,NTFS:\$Extend\$UsnJrnl:$J,-
2023-12-26T23:27:09.147713+00:00,Metadata Modification Time,FILE,NTFS USN change,it File reference: 136139-4 Parent file reference: 135341-6 Update source:  Update reason: USN_REASON_FILE_CREATE  USN_REASON_CLOSE,usnjrnl,NTFS:\$Extend\$UsnJrnl:$J,-
2023-12-26T23:27:09.147713+00:00,Metadata Modification Time,FILE,NTFS USN change,strings.json File reference: 136138-4 Parent file reference: 136133-4 Update source:  Update reason: USN_REASON_DATA_EXTEND  USN_REASON_FILE_CREATE,usnjrnl,NTFS:\$Extend\$UsnJrnl:$J,-
2023-12-26T23:27:09.147713+00:00,Metadata Modification Time,FILE,NTFS USN change,strings.json File reference: 136138-4 Parent file reference: 136133-4 Update source:  Update reason: USN_REASON_DATA_EXTEND  USN_REASON_FILE_CREATE  USN_REASON_BASIC_INFO_CHANGE,usnjrnl,NTFS:\$Extend\$UsnJrnl:$J,-
2023-12-26T23:27:09.147713+00:00,Metadata Modification Time,FILE,NTFS USN change,strings.json File reference: 136138-4 Parent file reference: 136133-4 Update source:  Update reason: USN_REASON_DATA_EXTEND  USN_REASON_FILE_CREATE  USN_REASON_BASIC_INFO_CHANGE  USN_REASON_CLOSE,usnjrnl,NTFS:\$Extend\$UsnJrnl:$J,-
2023-12-26T23:27:09.147713+00:00,Metadata Modification Time,FILE,NTFS USN change,strings.json File reference: 136138-4 Parent file reference: 136133-4 Update source:  Update reason: USN_REASON_FILE_CREATE,usnjrnl,NTFS:\$Extend\$UsnJrnl:$J,-
2023-12-26T23:27:09.163146+00:00,Metadata Modification Time,FILE,NTFS USN change,ja File reference: 136141-4 Parent file reference: 135341-6 Update source:  Update reason: USN_REASON_FILE_CREATE,usnjrnl,NTFS:\$Extend\$UsnJrnl:$J,-
2023-12-26T23:27:09.163146+00:00,Metadata Modification Time,FILE,NTFS USN change,ja File reference: 136141-4 Parent file reference: 135341-6 Update source:  Update reason: USN_REASON_FILE_CREATE  USN_REASON_CLOSE,usnjrnl,NTFS:\$Extend\$UsnJrnl:$J,-
2023-12-26T23:27:09.163146+00:00,Metadata Modification Time,FILE,NTFS USN change,strings.json File reference: 136140-4 Parent file reference: 136139-4 Update source:  Update reason: USN_REASON_DATA_EXTEND  USN_REASON_FILE_CREATE,usnjrnl,NTFS:\$Extend\$UsnJrnl:$J,-
2023-12-26T23:27:09.163146+00:00,Metadata Modification Time,FILE,NTFS USN change,strings.json File reference: 136140-4 Parent file reference: 136139-4 Update source:  Update reason: USN_REASON_DATA_EXTEND  USN_REASON_FILE_CREATE  USN_REASON_BASIC_INFO_CHANGE,usnjrnl,NTFS:\$Extend\$UsnJrnl:$J,-
2023-12-26T23:27:09.163146+00:00,Metadata Modification Time,FILE,NTFS USN change,strings.json File reference: 136140-4 Parent file reference: 136139-4 Update source:  Update reason: USN_REASON_DATA_EXTEND  USN_REASON_FILE_CREATE  USN_REASON_BASIC_INFO_CHANGE  USN_REASON_CLOSE,usnjrnl,NTFS:\$Extend\$UsnJrnl:$J,-
2023-12-26T23:27:09.163146+00:00,Metadata Modification Time,FILE,NTFS USN change,strings.json File reference: 136140-4 Parent file reference: 136139-4 Update source:  Update reason: USN_REASON_FILE_CREATE,usnjrnl,NTFS:\$Extend\$UsnJrnl:$J,-
2023-12-26T23:27:09.178966+00:00,Metadata Modification Time,FILE,NTFS USN change,nl File reference: 136190-4 Parent file reference: 135341-6 Update source:  Update reason: USN_REASON_FILE_CREATE,usnjrnl,NTFS:\$Extend\$UsnJrnl:$J,-
2023-12-26T23:27:09.178966+00:00,Metadata Modification Time,FILE,NTFS USN change,nl File reference: 136190-4 Parent file reference: 135341-6 Update source:  Update reason: USN_REASON_FILE_CREATE  USN_REASON_CLOSE,usnjrnl,NTFS:\$Extend\$UsnJrnl:$J,-
2023-12-26T23:27:09.178966+00:00,Metadata Modification Time,FILE,NTFS USN change,strings.json File reference: 136142-4 Parent file reference: 136141-4 Update source:  Update reason: USN_REASON_DATA_EXTEND  USN_REASON_FILE_CREATE,usnjrnl,NTFS:\$Extend\$UsnJrnl:$J,-
2023-12-26T23:27:09.178966+00:00,Metadata Modification Time,FILE,NTFS USN change,strings.json File reference: 136142-4 Parent file reference: 136141-4 Update source:  Update reason: USN_REASON_DATA_EXTEND  USN_REASON_FILE_CREATE  USN_REASON_BASIC_INFO_CHANGE,usnjrnl,NTFS:\$Extend\$UsnJrnl:$J,-
2023-12-26T23:27:09.178966+00:00,Metadata Modification Time,FILE,NTFS USN change,strings.json File reference: 136142-4 Parent file reference: 136141-4 Update source:  Update reason: USN_REASON_DATA_EXTEND  USN_REASON_FILE_CREATE  USN_REASON_BASIC_INFO_CHANGE  USN_REASON_CLOSE,usnjrnl,NTFS:\$Extend\$UsnJrnl:$J,-
2023-12-26T23:27:09.178966+00:00,Metadata Modification Time,FILE,NTFS USN change,strings.json File reference: 136142-4 Parent file reference: 136141-4 Update source:  Update reason: USN_REASON_FILE_CREATE,usnjrnl,NTFS:\$Extend\$UsnJrnl:$J,-
2023-12-26T23:27:09.194415+00:00,Metadata Modification Time,FILE,NTFS USN change,pt-BR File reference: 136192-4 Parent file reference: 135341-6 Update source:  Update reason: USN_REASON_FILE_CREATE,usnjrnl,NTFS:\$Extend\$UsnJrnl:$J,-
2023-12-26T23:27:09.194415+00:00,Metadata Modification Time,FILE,NTFS USN change,pt-BR File reference: 136192-4 Parent file reference: 135341-6 Update source:  Update reason: USN_REASON_FILE_CREATE  USN_REASON_CLOSE,usnjrnl,NTFS:\$Extend\$UsnJrnl:$J,-
2023-12-26T23:27:09.194415+00:00,Metadata Modification Time,FILE,NTFS USN change,strings.json File reference: 136191-4 Parent file reference: 136190-4 Update source:  Update reason: USN_REASON_DATA_EXTEND  USN_REASON_FILE_CREATE,usnjrnl,NTFS:\$Extend\$UsnJrnl:$J,-
2023-12-26T23:27:09.194415+00:00,Metadata Modification Time,FILE,NTFS USN change,strings.json File reference: 136191-4 Parent file reference: 136190-4 Update source:  Update reason: USN_REASON_DATA_EXTEND  USN_REASON_FILE_CREATE  USN_REASON_BASIC_INFO_CHANGE,usnjrnl,NTFS:\$Extend\$UsnJrnl:$J,-
2023-12-26T23:27:09.194415+00:00,Metadata Modification Time,FILE,NTFS USN change,strings.json File reference: 136191-4 Parent file reference: 136190-4 Update source:  Update reason: USN_REASON_DATA_EXTEND  USN_REASON_FILE_CREATE  USN_REASON_BASIC_INFO_CHANGE  USN_REASON_CLOSE,usnjrnl,NTFS:\$Extend\$UsnJrnl:$J,-
2023-12-26T23:27:09.194415+00:00,Metadata Modification Time,FILE,NTFS USN change,strings.json File reference: 136191-4 Parent file reference: 136190-4 Update source:  Update reason: USN_REASON_FILE_CREATE,usnjrnl,NTFS:\$Extend\$UsnJrnl:$J,-
2023-12-26T23:27:09.194415+00:00,Metadata Modification Time,FILE,NTFS USN change,strings.json File reference: 136194-6 Parent file reference: 136192-4 Update source:  Update reason: USN_REASON_DATA_EXTEND  USN_REASON_FILE_CREATE,usnjrnl,NTFS:\$Extend\$UsnJrnl:$J,-
2023-12-26T23:27:09.194415+00:00,Metadata Modification Time,FILE,NTFS USN change,strings.json File reference: 136194-6 Parent file reference: 136192-4 Update source:  Update reason: USN_REASON_DATA_EXTEND  USN_REASON_FILE_CREATE  USN_REASON_BASIC_INFO_CHANGE,usnjrnl,NTFS:\$Extend\$UsnJrnl:$J,-
2023-12-26T23:27:09.194415+00:00,Metadata Modification Time,FILE,NTFS USN change,strings.json File reference: 136194-6 Parent file reference: 136192-4 Update source:  Update reason: USN_REASON_DATA_EXTEND  USN_REASON_FILE_CREATE  USN_REASON_BASIC_INFO_CHANGE  USN_REASON_CLOSE,usnjrnl,NTFS:\$Extend\$UsnJrnl:$J,-
2023-12-26T23:27:09.194415+00:00,Metadata Modification Time,FILE,NTFS USN change,strings.json File reference: 136194-6 Parent file reference: 136192-4 Update source:  Update reason: USN_REASON_FILE_CREATE,usnjrnl,NTFS:\$Extend\$UsnJrnl:$J,-
2023-12-26T23:27:09.210196+00:00,Metadata Modification Time,FILE,NTFS USN change,pt-PT File reference: 136195-6 Parent file reference: 135341-6 Update source:  Update reason: USN_REASON_FILE_CREATE,usnjrnl,NTFS:\$Extend\$UsnJrnl:$J,-
2023-12-26T23:27:09.210196+00:00,Metadata Modification Time,FILE,NTFS USN change,pt-PT File reference: 136195-6 Parent file reference: 135341-6 Update source:  Update reason: USN_REASON_FILE_CREATE  USN_REASON_CLOSE,usnjrnl,NTFS:\$Extend\$UsnJrnl:$J,-
2023-12-26T23:27:09.210196+00:00,Metadata Modification Time,FILE,NTFS USN change,ru File reference: 136827-5 Parent file reference: 135341-6 Update source:  Update reason: USN_REASON_FILE_CREATE,usnjrnl,NTFS:\$Extend\$UsnJrnl:$J,-
2023-12-26T23:27:09.210196+00:00,Metadata Modification Time,FILE,NTFS USN change,ru File reference: 136827-5 Parent file reference: 135341-6 Update source:  Update reason: USN_REASON_FILE_CREATE  USN_REASON_CLOSE,usnjrnl,NTFS:\$Extend\$UsnJrnl:$J,-
2023-12-26T23:27:09.210196+00:00,Metadata Modification Time,FILE,NTFS USN change,strings.json File reference: 136826-5 Parent file reference: 136195-6 Update source:  Update reason: USN_REASON_DATA_EXTEND  USN_REASON_FILE_CREATE,usnjrnl,NTFS:\$Extend\$UsnJrnl:$J,-
2023-12-26T23:27:09.210196+00:00,Metadata Modification Time,FILE,NTFS USN change,strings.json File reference: 136826-5 Parent file reference: 136195-6 Update source:  Update reason: USN_REASON_DATA_EXTEND  USN_REASON_FILE_CREATE  USN_REASON_BASIC_INFO_CHANGE,usnjrnl,NTFS:\$Extend\$UsnJrnl:$J,-
2023-12-26T23:27:09.210196+00:00,Metadata Modification Time,FILE,NTFS USN change,strings.json File reference: 136826-5 Parent file reference: 136195-6 Update source:  Update reason: USN_REASON_DATA_EXTEND  USN_REASON_FILE_CREATE  USN_REASON_BASIC_INFO_CHANGE  USN_REASON_CLOSE,usnjrnl,NTFS:\$Extend\$UsnJrnl:$J,-
2023-12-26T23:27:09.210196+00:00,Metadata Modification Time,FILE,NTFS USN change,strings.json File reference: 136826-5 Parent file reference: 136195-6 Update source:  Update reason: USN_REASON_FILE_CREATE,usnjrnl,NTFS:\$Extend\$UsnJrnl:$J,-
2023-12-26T23:27:09.225817+00:00,Metadata Modification Time,FILE,NTFS USN change,strings.json File reference: 136828-4 Parent file reference: 136827-5 Update source:  Update reason: USN_REASON_DATA_EXTEND  USN_REASON_FILE_CREATE,usnjrnl,NTFS:\$Extend\$UsnJrnl:$J,-
2023-12-26T23:27:09.225817+00:00,Metadata Modification Time,FILE,NTFS USN change,strings.json File reference: 136828-4 Parent file reference: 136827-5 Update source:  Update reason: USN_REASON_DATA_EXTEND  USN_REASON_FILE_CREATE  USN_REASON_BASIC_INFO_CHANGE,usnjrnl,NTFS:\$Extend\$UsnJrnl:$J,-
2023-12-26T23:27:09.225817+00:00,Metadata Modification Time,FILE,NTFS USN change,strings.json File reference: 136828-4 Parent file reference: 136827-5 Update source:  Update reason: USN_REASON_DATA_EXTEND  USN_REASON_FILE_CREATE  USN_REASON_BASIC_INFO_CHANGE  USN_REASON_CLOSE,usnjrnl,NTFS:\$Extend\$UsnJrnl:$J,-
2023-12-26T23:27:09.225817+00:00,Metadata Modification Time,FILE,NTFS USN change,strings.json File reference: 136828-4 Parent file reference: 136827-5 Update source:  Update reason: USN_REASON_FILE_CREATE,usnjrnl,NTFS:\$Extend\$UsnJrnl:$J,-
2023-12-26T23:27:09.225817+00:00,Metadata Modification Time,FILE,NTFS USN change,strings.json File reference: 136837-4 Parent file reference: 136836-4 Update source:  Update reason: USN_REASON_DATA_EXTEND  USN_REASON_FILE_CREATE,usnjrnl,NTFS:\$Extend\$UsnJrnl:$J,-
2023-12-26T23:27:09.225817+00:00,Metadata Modification Time,FILE,NTFS USN change,strings.json File reference: 136837-4 Parent file reference: 136836-4 Update source:  Update reason: USN_REASON_DATA_EXTEND  USN_REASON_FILE_CREATE  USN_REASON_BASIC_INFO_CHANGE,usnjrnl,NTFS:\$Extend\$UsnJrnl:$J,-
2023-12-26T23:27:09.225817+00:00,Metadata Modification Time,FILE,NTFS USN change,strings.json File reference: 136837-4 Parent file reference: 136836-4 Update source:  Update reason: USN_REASON_DATA_EXTEND  USN_REASON_FILE_CREATE  USN_REASON_BASIC_INFO_CHANGE  USN_REASON_CLOSE,usnjrnl,NTFS:\$Extend\$UsnJrnl:$J,-
2023-12-26T23:27:09.225817+00:00,Metadata Modification Time,FILE,NTFS USN change,strings.json File reference: 136837-4 Parent file reference: 136836-4 Update source:  Update reason: USN_REASON_FILE_CREATE,usnjrnl,NTFS:\$Extend\$UsnJrnl:$J,-
2023-12-26T23:27:09.225817+00:00,Metadata Modification Time,FILE,NTFS USN change,sv File reference: 136836-4 Parent file reference: 135341-6 Update source:  Update reason: USN_REASON_FILE_CREATE,usnjrnl,NTFS:\$Extend\$UsnJrnl:$J,-
2023-12-26T23:27:09.225817+00:00,Metadata Modification Time,FILE,NTFS USN change,sv File reference: 136836-4 Parent file reference: 135341-6 Update source:  Update reason: USN_REASON_FILE_CREATE  USN_REASON_CLOSE,usnjrnl,NTFS:\$Extend\$UsnJrnl:$J,-
2023-12-26T23:27:09.241537+00:00,Metadata Modification Time,FILE,NTFS USN change,strings.json File reference: 136902-3 Parent file reference: 136838-4 Update source:  Update reason: USN_REASON_DATA_EXTEND  USN_REASON_FILE_CREATE,usnjrnl,NTFS:\$Extend\$UsnJrnl:$J,-
2023-12-26T23:27:09.241537+00:00,Metadata Modification Time,FILE,NTFS USN change,strings.json File reference: 136902-3 Parent file reference: 136838-4 Update source:  Update reason: USN_REASON_DATA_EXTEND  USN_REASON_FILE_CREATE  USN_REASON_BASIC_INFO_CHANGE,usnjrnl,NTFS:\$Extend\$UsnJrnl:$J,-
2023-12-26T23:27:09.241537+00:00,Metadata Modification Time,FILE,NTFS USN change,strings.json File reference: 136902-3 Parent file reference: 136838-4 Update source:  Update reason: USN_REASON_DATA_EXTEND  USN_REASON_FILE_CREATE  USN_REASON_BASIC_INFO_CHANGE  USN_REASON_CLOSE,usnjrnl,NTFS:\$Extend\$UsnJrnl:$J,-
2023-12-26T23:27:09.241537+00:00,Metadata Modification Time,FILE,NTFS USN change,strings.json File reference: 136902-3 Parent file reference: 136838-4 Update source:  Update reason: USN_REASON_FILE_CREATE,usnjrnl,NTFS:\$Extend\$UsnJrnl:$J,-
2023-12-26T23:27:09.241537+00:00,Metadata Modification Time,FILE,NTFS USN change,zh-Hans File reference: 136838-4 Parent file reference: 135341-6 Update source:  Update reason: USN_REASON_FILE_CREATE,usnjrnl,NTFS:\$Extend\$UsnJrnl:$J,-
2023-12-26T23:27:09.241537+00:00,Metadata Modification Time,FILE,NTFS USN change,zh-Hans File reference: 136838-4 Parent file reference: 135341-6 Update source:  Update reason: USN_REASON_FILE_CREATE  USN_REASON_CLOSE,usnjrnl,NTFS:\$Extend\$UsnJrnl:$J,-
2023-12-26T23:27:09.241537+00:00,Metadata Modification Time,FILE,NTFS USN change,zh-Hant File reference: 136903-3 Parent file reference: 135341-6 Update source:  Update reason: USN_REASON_FILE_CREATE,usnjrnl,NTFS:\$Extend\$UsnJrnl:$J,-
2023-12-26T23:27:09.241537+00:00,Metadata Modification Time,FILE,NTFS USN change,zh-Hant File reference: 136903-3 Parent file reference: 135341-6 Update source:  Update reason: USN_REASON_FILE_CREATE  USN_REASON_CLOSE,usnjrnl,NTFS:\$Extend\$UsnJrnl:$J,-
2023-12-26T23:27:09.257134+00:00,Metadata Modification Time,FILE,NTFS USN change,i18n-hub File reference: 137058-5 Parent file reference: 135289-6 Update source:  Update reason: USN_REASON_FILE_CREATE,usnjrnl,NTFS:\$Extend\$UsnJrnl:$J,-
2023-12-26T23:27:09.257134+00:00,Metadata Modification Time,FILE,NTFS USN change,i18n-hub File reference: 137058-5 Parent file reference: 135289-6 Update source:  Update reason: USN_REASON_FILE_CREATE  USN_REASON_CLOSE,usnjrnl,NTFS:\$Extend\$UsnJrnl:$J,-
2023-12-26T23:27:09.257134+00:00,Metadata Modification Time,FILE,NTFS USN change,strings.json File reference: 137057-5 Parent file reference: 136903-3 Update source:  Update reason: USN_REASON_DATA_EXTEND  USN_REASON_FILE_CREATE,usnjrnl,NTFS:\$Extend\$UsnJrnl:$J,-
2023-12-26T23:27:09.257134+00:00,Metadata Modification Time,FILE,NTFS USN change,strings.json File reference: 137057-5 Parent file reference: 136903-3 Update source:  Update reason: USN_REASON_DATA_EXTEND  USN_REASON_FILE_CREATE  USN_REASON_BASIC_INFO_CHANGE,usnjrnl,NTFS:\$Extend\$UsnJrnl:$J,-
2023-12-26T23:27:09.257134+00:00,Metadata Modification Time,FILE,NTFS USN change,strings.json File reference: 137057-5 Parent file reference: 136903-3 Update source:  Update reason: USN_REASON_DATA_EXTEND  USN_REASON_FILE_CREATE  USN_REASON_BASIC_INFO_CHANGE  USN_REASON_CLOSE,usnjrnl,NTFS:\$Extend\$UsnJrnl:$J,-
2023-12-26T23:27:09.257134+00:00,Metadata Modification Time,FILE,NTFS USN change,strings.json File reference: 137057-5 Parent file reference: 136903-3 Update source:  Update reason: USN_REASON_FILE_CREATE,usnjrnl,NTFS:\$Extend\$UsnJrnl:$J,-
2023-12-26T23:27:09.272764+00:00,Metadata Modification Time,FILE,NTFS USN change,ar File reference: 137059-4 Parent file reference: 137058-5 Update source:  Update reason: USN_REASON_FILE_CREATE,usnjrnl,NTFS:\$Extend\$UsnJrnl:$J,-
2023-12-26T23:27:09.272764+00:00,Metadata Modification Time,FILE,NTFS USN change,ar File reference: 137059-4 Parent file reference: 137058-5 Update source:  Update reason: USN_REASON_FILE_CREATE  USN_REASON_CLOSE,usnjrnl,NTFS:\$Extend\$UsnJrnl:$J,-
2023-12-26T23:27:09.272764+00:00,Metadata Modification Time,FILE,NTFS USN change,de File reference: 137074-4 Parent file reference: 137058-5 Update source:  Update reason: USN_REASON_FILE_CREATE,usnjrnl,NTFS:\$Extend\$UsnJrnl:$J,-
2023-12-26T23:27:09.272764+00:00,Metadata Modification Time,FILE,NTFS USN change,de File reference: 137074-4 Parent file reference: 137058-5 Update source:  Update reason: USN_REASON_FILE_CREATE  USN_REASON_CLOSE,usnjrnl,NTFS:\$Extend\$UsnJrnl:$J,-
2023-12-26T23:27:09.272764+00:00,Metadata Modification Time,FILE,NTFS USN change,strings.json File reference: 137060-4 Parent file reference: 137059-4 Update source:  Update reason: USN_REASON_DATA_EXTEND  USN_REASON_FILE_CREATE,usnjrnl,NTFS:\$Extend\$UsnJrnl:$J,-
2023-12-26T23:27:09.272764+00:00,Metadata Modification Time,FILE,NTFS USN change,strings.json File reference: 137060-4 Parent file reference: 137059-4 Update source:  Update reason: USN_REASON_DATA_EXTEND  USN_REASON_FILE_CREATE  USN_REASON_BASIC_INFO_CHANGE,usnjrnl,NTFS:\$Extend\$UsnJrnl:$J,-
2023-12-26T23:27:09.272764+00:00,Metadata Modification Time,FILE,NTFS USN change,strings.json File reference: 137060-4 Parent file reference: 137059-4 Update source:  Update reason: USN_REASON_DATA_EXTEND  USN_REASON_FILE_CREATE  USN_REASON_BASIC_INFO_CHANGE  USN_REASON_CLOSE,usnjrnl,NTFS:\$Extend\$UsnJrnl:$J,-
2023-12-26T23:27:09.272764+00:00,Metadata Modification Time,FILE,NTFS USN change,strings.json File reference: 137060-4 Parent file reference: 137059-4 Update source:  Update reason: USN_REASON_FILE_CREATE,usnjrnl,NTFS:\$Extend\$UsnJrnl:$J,-
2023-12-26T23:27:09.288505+00:00,Metadata Modification Time,FILE,NTFS USN change,el File reference: 137076-4 Parent file reference: 137058-5 Update source:  Update reason: USN_REASON_FILE_CREATE,usnjrnl,NTFS:\$Extend\$UsnJrnl:$J,-
2023-12-26T23:27:09.288505+00:00,Metadata Modification Time,FILE,NTFS USN change,el File reference: 137076-4 Parent file reference: 137058-5 Update source:  Update reason: USN_REASON_FILE_CREATE  USN_REASON_CLOSE,usnjrnl,NTFS:\$Extend\$UsnJrnl:$J,-
2023-12-26T23:27:09.288505+00:00,Metadata Modification Time,FILE,NTFS USN change,strings.json File reference: 137075-4 Parent file reference: 137074-4 Update source:  Update reason: USN_REASON_DATA_EXTEND  USN_REASON_FILE_CREATE,usnjrnl,NTFS:\$Extend\$UsnJrnl:$J,-
2023-12-26T23:27:09.288505+00:00,Metadata Modification Time,FILE,NTFS USN change,strings.json File reference: 137075-4 Parent file reference: 137074-4 Update source:  Update reason: USN_REASON_DATA_EXTEND  USN_REASON_FILE_CREATE  USN_REASON_BASIC_INFO_CHANGE,usnjrnl,NTFS:\$Extend\$UsnJrnl:$J,-
2023-12-26T23:27:09.288505+00:00,Metadata Modification Time,FILE,NTFS USN change,strings.json File reference: 137075-4 Parent file reference: 137074-4 Update source:  Update reason: USN_REASON_DATA_EXTEND  USN_REASON_FILE_CREATE  USN_REASON_BASIC_INFO_CHANGE  USN_REASON_CLOSE,usnjrnl,NTFS:\$Extend\$UsnJrnl:$J,-
2023-12-26T23:27:09.288505+00:00,Metadata Modification Time,FILE,NTFS USN change,strings.json File reference: 137075-4 Parent file reference: 137074-4 Update source:  Update reason: USN_REASON_FILE_CREATE,usnjrnl,NTFS:\$Extend\$UsnJrnl:$J,-
2023-12-26T23:27:09.303822+00:00,Metadata Modification Time,FILE,NTFS USN change,en-GB File reference: 137078-4 Parent file reference: 137058-5 Update source:  Update reason: USN_REASON_FILE_CREATE,usnjrnl,NTFS:\$Extend\$UsnJrnl:$J,-
2023-12-26T23:27:09.303822+00:00,Metadata Modification Time,FILE,NTFS USN change,en-GB File reference: 137078-4 Parent file reference: 137058-5 Update source:  Update reason: USN_REASON_FILE_CREATE  USN_REASON_CLOSE,usnjrnl,NTFS:\$Extend\$UsnJrnl:$J,-
2023-12-26T23:27:09.303822+00:00,Metadata Modification Time,FILE,NTFS USN change,strings.json File reference: 137077-4 Parent file reference: 137076-4 Update source:  Update reason: USN_REASON_DATA_EXTEND  USN_REASON_FILE_CREATE,usnjrnl,NTFS:\$Extend\$UsnJrnl:$J,-
2023-12-26T23:27:09.303822+00:00,Metadata Modification Time,FILE,NTFS USN change,strings.json File reference: 137077-4 Parent file reference: 137076-4 Update source:  Update reason: USN_REASON_DATA_EXTEND  USN_REASON_FILE_CREATE  USN_REASON_BASIC_INFO_CHANGE,usnjrnl,NTFS:\$Extend\$UsnJrnl:$J,-
2023-12-26T23:27:09.303822+00:00,Metadata Modification Time,FILE,NTFS USN change,strings.json File reference: 137077-4 Parent file reference: 137076-4 Update source:  Update reason: USN_REASON_DATA_EXTEND  USN_REASON_FILE_CREATE  USN_REASON_BASIC_INFO_CHANGE  USN_REASON_CLOSE,usnjrnl,NTFS:\$Extend\$UsnJrnl:$J,-
2023-12-26T23:27:09.303822+00:00,Metadata Modification Time,FILE,NTFS USN change,strings.json File reference: 137077-4 Parent file reference: 137076-4 Update source:  Update reason: USN_REASON_FILE_CREATE,usnjrnl,NTFS:\$Extend\$UsnJrnl:$J,-
2023-12-26T23:27:09.303822+00:00,Metadata Modification Time,FILE,NTFS USN change,strings.json File reference: 137173-3 Parent file reference: 137078-4 Update source:  Update reason: USN_REASON_DATA_EXTEND  USN_REASON_FILE_CREATE,usnjrnl,NTFS:\$Extend\$UsnJrnl:$J,-
2023-12-26T23:27:09.303822+00:00,Metadata Modification Time,FILE,NTFS USN change,strings.json File reference: 137173-3 Parent file reference: 137078-4 Update source:  Update reason: USN_REASON_DATA_EXTEND  USN_REASON_FILE_CREATE  USN_REASON_BASIC_INFO_CHANGE,usnjrnl,NTFS:\$Extend\$UsnJrnl:$J,-
2023-12-26T23:27:09.303822+00:00,Metadata Modification Time,FILE,NTFS USN change,strings.json File reference: 137173-3 Parent file reference: 137078-4 Update source:  Update reason: USN_REASON_DATA_EXTEND  USN_REASON_FILE_CREATE  USN_REASON_BASIC_INFO_CHANGE  USN_REASON_CLOSE,usnjrnl,NTFS:\$Extend\$UsnJrnl:$J,-
2023-12-26T23:27:09.303822+00:00,Metadata Modification Time,FILE,NTFS USN change,strings.json File reference: 137173-3 Parent file reference: 137078-4 Update source:  Update reason: USN_REASON_FILE_CREATE,usnjrnl,NTFS:\$Extend\$UsnJrnl:$J,-
2023-12-26T23:27:09.319403+00:00,Metadata Modification Time,FILE,NTFS USN change,settings.dat File reference: 131838-8 Parent file reference: 131826-7 Update source:  Update reason: USN_REASON_DATA_OVERWRITE  USN_REASON_BASIC_INFO_CHANGE  USN_REASON_CLOSE,usnjrnl,NTFS:\$Extend\$UsnJrnl:$J,-
2023-12-26T23:27:09.335074+00:00,Metadata Modification Time,FILE,NTFS USN change,es File reference: 137360-4 Parent file reference: 137058-5 Update source:  Update reason: USN_REASON_FILE_CREATE,usnjrnl,NTFS:\$Extend\$UsnJrnl:$J,-
2023-12-26T23:27:09.335074+00:00,Metadata Modification Time,FILE,NTFS USN change,es File reference: 137360-4 Parent file reference: 137058-5 Update source:  Update reason: USN_REASON_FILE_CREATE  USN_REASON_CLOSE,usnjrnl,NTFS:\$Extend\$UsnJrnl:$J,-
2023-12-26T23:27:09.335074+00:00,Metadata Modification Time,FILE,NTFS USN change,strings.json File reference: 137362-4 Parent file reference: 137360-4 Update source:  Update reason: USN_REASON_DATA_EXTEND  USN_REASON_FILE_CREATE,usnjrnl,NTFS:\$Extend\$UsnJrnl:$J,-
2023-12-26T23:27:09.335074+00:00,Metadata Modification Time,FILE,NTFS USN change,strings.json File reference: 137362-4 Parent file reference: 137360-4 Update source:  Update reason: USN_REASON_DATA_EXTEND  USN_REASON_FILE_CREATE  USN_REASON_BASIC_INFO_CHANGE,usnjrnl,NTFS:\$Extend\$UsnJrnl:$J,-
2023-12-26T23:27:09.335074+00:00,Metadata Modification Time,FILE,NTFS USN change,strings.json File reference: 137362-4 Parent file reference: 137360-4 Update source:  Update reason: USN_REASON_FILE_CREATE,usnjrnl,NTFS:\$Extend\$UsnJrnl:$J,-
2023-12-26T23:27:09.350736+00:00,Metadata Modification Time,FILE,NTFS USN change,fi File reference: 137371-4 Parent file reference: 137058-5 Update source:  Update reason: USN_REASON_FILE_CREATE,usnjrnl,NTFS:\$Extend\$UsnJrnl:$J,-
2023-12-26T23:27:09.350736+00:00,Metadata Modification Time,FILE,NTFS USN change,fi File reference: 137371-4 Parent file reference: 137058-5 Update source:  Update reason: USN_REASON_FILE_CREATE  USN_REASON_CLOSE,usnjrnl,NTFS:\$Extend\$UsnJrnl:$J,-
2023-12-26T23:27:09.350736+00:00,Metadata Modification Time,FILE,NTFS USN change,strings.json File reference: 137362-4 Parent file reference: 137360-4 Update source:  Update reason: USN_REASON_DATA_EXTEND  USN_REASON_FILE_CREATE  USN_REASON_BASIC_INFO_CHANGE  USN_REASON_CLOSE,usnjrnl,NTFS:\$Extend\$UsnJrnl:$J,-
2023-12-26T23:27:09.350736+00:00,Metadata Modification Time,FILE,NTFS USN change,strings.json File reference: 137372-4 Parent file reference: 137371-4 Update source:  Update reason: USN_REASON_FILE_CREATE,usnjrnl,NTFS:\$Extend\$UsnJrnl:$J,-
2023-12-26T23:27:09.366573+00:00,Metadata Modification Time,FILE,NTFS USN change,fr File reference: 137375-4 Parent file reference: 137058-5 Update source:  Update reason: USN_REASON_FILE_CREATE,usnjrnl,NTFS:\$Extend\$UsnJrnl:$J,-
2023-12-26T23:27:09.366573+00:00,Metadata Modification Time,FILE,NTFS USN change,fr File reference: 137375-4 Parent file reference: 137058-5 Update source:  Update reason: USN_REASON_FILE_CREATE  USN_REASON_CLOSE,usnjrnl,NTFS:\$Extend\$UsnJrnl:$J,-
2023-12-26T23:27:09.366573+00:00,Metadata Modification Time,FILE,NTFS USN change,strings.json File reference: 137372-4 Parent file reference: 137371-4 Update source:  Update reason: USN_REASON_DATA_EXTEND  USN_REASON_FILE_CREATE,usnjrnl,NTFS:\$Extend\$UsnJrnl:$J,-
2023-12-26T23:27:09.366573+00:00,Metadata Modification Time,FILE,NTFS USN change,strings.json File reference: 137372-4 Parent file reference: 137371-4 Update source:  Update reason: USN_REASON_DATA_EXTEND  USN_REASON_FILE_CREATE  USN_REASON_BASIC_INFO_CHANGE,usnjrnl,NTFS:\$Extend\$UsnJrnl:$J,-
2023-12-26T23:27:09.366573+00:00,Metadata Modification Time,FILE,NTFS USN change,strings.json File reference: 137372-4 Parent file reference: 137371-4 Update source:  Update reason: USN_REASON_DATA_EXTEND  USN_REASON_FILE_CREATE  USN_REASON_BASIC_INFO_CHANGE  USN_REASON_CLOSE,usnjrnl,NTFS:\$Extend\$UsnJrnl:$J,-
2023-12-26T23:27:09.382330+00:00,Metadata Modification Time,FILE,NTFS USN change,fr-CA File reference: 137376-4 Parent file reference: 137058-5 Update source:  Update reason: USN_REASON_FILE_CREATE,usnjrnl,NTFS:\$Extend\$UsnJrnl:$J,-
2023-12-26T23:27:09.382330+00:00,Metadata Modification Time,FILE,NTFS USN change,fr-CA File reference: 137376-4 Parent file reference: 137058-5 Update source:  Update reason: USN_REASON_FILE_CREATE  USN_REASON_CLOSE,usnjrnl,NTFS:\$Extend\$UsnJrnl:$J,-
2023-12-26T23:27:09.382330+00:00,Metadata Modification Time,FILE,NTFS USN change,strings.json File reference: 138020-3 Parent file reference: 137376-4 Update source:  Update reason: USN_REASON_DATA_EXTEND  USN_REASON_FILE_CREATE,usnjrnl,NTFS:\$Extend\$UsnJrnl:$J,-
2023-12-26T23:27:09.382330+00:00,Metadata Modification Time,FILE,NTFS USN change,strings.json File reference: 138020-3 Parent file reference: 137376-4 Update source:  Update reason: USN_REASON_FILE_CREATE,usnjrnl,NTFS:\$Extend\$UsnJrnl:$J,-
2023-12-26T23:27:09.397807+00:00,Metadata Modification Time,FILE,NTFS USN change,strings.json File reference: 138020-3 Parent file reference: 137376-4 Update source:  Update reason: USN_REASON_DATA_EXTEND  USN_REASON_FILE_CREATE  USN_REASON_BASIC_INFO_CHANGE,usnjrnl,NTFS:\$Extend\$UsnJrnl:$J,-
2023-12-26T23:27:09.397807+00:00,Metadata Modification Time,FILE,NTFS USN change,strings.json File reference: 138020-3 Parent file reference: 137376-4 Update source:  Update reason: USN_REASON_DATA_EXTEND  USN_REASON_FILE_CREATE  USN_REASON_BASIC_INFO_CHANGE  USN_REASON_CLOSE,usnjrnl,NTFS:\$Extend\$UsnJrnl:$J,-
2023-12-26T23:27:09.397807+00:00,Metadata Modification Time,FILE,NTFS USN change,strings.json File reference: 138465-3 Parent file reference: 137375-4 Update source:  Update reason: USN_REASON_DATA_EXTEND  USN_REASON_FILE_CREATE,usnjrnl,NTFS:\$Extend\$UsnJrnl:$J,-
2023-12-26T23:27:09.397807+00:00,Metadata Modification Time,FILE,NTFS USN change,strings.json File reference: 138465-3 Parent file reference: 137375-4 Update source:  Update reason: USN_REASON_DATA_EXTEND  USN_REASON_FILE_CREATE  USN_REASON_BASIC_INFO_CHANGE,usnjrnl,NTFS:\$Extend\$UsnJrnl:$J,-
2023-12-26T23:27:09.397807+00:00,Metadata Modification Time,FILE,NTFS USN change,strings.json File reference: 138465-3 Parent file reference: 137375-4 Update source:  Update reason: USN_REASON_FILE_CREATE,usnjrnl,NTFS:\$Extend\$UsnJrnl:$J,-
2023-12-26T23:27:09.413407+00:00,Metadata Modification Time,FILE,NTFS USN change,id File reference: 138707-3 Parent file reference: 137058-5 Update source:  Update reason: USN_REASON_FILE_CREATE,usnjrnl,NTFS:\$Extend\$UsnJrnl:$J,-
2023-12-26T23:27:09.413407+00:00,Metadata Modification Time,FILE,NTFS USN change,id File reference: 138707-3 Parent file reference: 137058-5 Update source:  Update reason: USN_REASON_FILE_CREATE  USN_REASON_CLOSE,usnjrnl,NTFS:\$Extend\$UsnJrnl:$J,-
2023-12-26T23:27:09.413407+00:00,Metadata Modification Time,FILE,NTFS USN change,strings.json File reference: 138465-3 Parent file reference: 137375-4 Update source:  Update reason: USN_REASON_DATA_EXTEND  USN_REASON_FILE_CREATE  USN_REASON_BASIC_INFO_CHANGE  USN_REASON_CLOSE,usnjrnl,NTFS:\$Extend\$UsnJrnl:$J,-
2023-12-26T23:27:09.429425+00:00,Metadata Modification Time,FILE,NTFS USN change,it File reference: 139604-4 Parent file reference: 137058-5 Update source:  Update reason: USN_REASON_FILE_CREATE,usnjrnl,NTFS:\$Extend\$UsnJrnl:$J,-
2023-12-26T23:27:09.429425+00:00,Metadata Modification Time,FILE,NTFS USN change,it File reference: 139604-4 Parent file reference: 137058-5 Update source:  Update reason: USN_REASON_FILE_CREATE  USN_REASON_CLOSE,usnjrnl,NTFS:\$Extend\$UsnJrnl:$J,-
2023-12-26T23:27:09.429425+00:00,Metadata Modification Time,FILE,NTFS USN change,strings.json File reference: 139603-4 Parent file reference: 138707-3 Update source:  Update reason: USN_REASON_DATA_EXTEND  USN_REASON_FILE_CREATE,usnjrnl,NTFS:\$Extend\$UsnJrnl:$J,-
2023-12-26T23:27:09.429425+00:00,Metadata Modification Time,FILE,NTFS USN change,strings.json File reference: 139603-4 Parent file reference: 138707-3 Update source:  Update reason: USN_REASON_DATA_EXTEND  USN_REASON_FILE_CREATE  USN_REASON_BASIC_INFO_CHANGE,usnjrnl,NTFS:\$Extend\$UsnJrnl:$J,-
2023-12-26T23:27:09.429425+00:00,Metadata Modification Time,FILE,NTFS USN change,strings.json File reference: 139603-4 Parent file reference: 138707-3 Update source:  Update reason: USN_REASON_DATA_EXTEND  USN_REASON_FILE_CREATE  USN_REASON_BASIC_INFO_CHANGE  USN_REASON_CLOSE,usnjrnl,NTFS:\$Extend\$UsnJrnl:$J,-
2023-12-26T23:27:09.429425+00:00,Metadata Modification Time,FILE,NTFS USN change,strings.json File reference: 139603-4 Parent file reference: 138707-3 Update source:  Update reason: USN_REASON_FILE_CREATE,usnjrnl,NTFS:\$Extend\$UsnJrnl:$J,-
2023-12-26T23:27:09.429425+00:00,Metadata Modification Time,FILE,NTFS USN change,strings.json File reference: 139605-4 Parent file reference: 139604-4 Update source:  Update reason: USN_REASON_DATA_EXTEND  USN_REASON_FILE_CREATE,usnjrnl,NTFS:\$Extend\$UsnJrnl:$J,-
2023-12-26T23:27:09.429425+00:00,Metadata Modification Time,FILE,NTFS USN change,strings.json File reference: 139605-4 Parent file reference: 139604-4 Update source:  Update reason: USN_REASON_DATA_EXTEND  USN_REASON_FILE_CREATE  USN_REASON_BASIC_INFO_CHANGE,usnjrnl,NTFS:\$Extend\$UsnJrnl:$J,-
2023-12-26T23:27:09.429425+00:00,Metadata Modification Time,FILE,NTFS USN change,strings.json File reference: 139605-4 Parent file reference: 139604-4 Update source:  Update reason: USN_REASON_DATA_EXTEND  USN_REASON_FILE_CREATE  USN_REASON_BASIC_INFO_CHANGE  USN_REASON_CLOSE,usnjrnl,NTFS:\$Extend\$UsnJrnl:$J,-
2023-12-26T23:27:09.429425+00:00,Metadata Modification Time,FILE,NTFS USN change,strings.json File reference: 139605-4 Parent file reference: 139604-4 Update source:  Update reason: USN_REASON_FILE_CREATE,usnjrnl,NTFS:\$Extend\$UsnJrnl:$J,-
2023-12-26T23:27:09.445683+00:00,Metadata Modification Time,FILE,NTFS USN change,ja File reference: 139606-4 Parent file reference: 137058-5 Update source:  Update reason: USN_REASON_FILE_CREATE,usnjrnl,NTFS:\$Extend\$UsnJrnl:$J,-
2023-12-26T23:27:09.445683+00:00,Metadata Modification Time,FILE,NTFS USN change,ja File reference: 139606-4 Parent file reference: 137058-5 Update source:  Update reason: USN_REASON_FILE_CREATE  USN_REASON_CLOSE,usnjrnl,NTFS:\$Extend\$UsnJrnl:$J,-
2023-12-26T23:27:09.445683+00:00,Metadata Modification Time,FILE,NTFS USN change,ko File reference: 139608-4 Parent file reference: 137058-5 Update source:  Update reason: USN_REASON_FILE_CREATE,usnjrnl,NTFS:\$Extend\$UsnJrnl:$J,-
2023-12-26T23:27:09.445683+00:00,Metadata Modification Time,FILE,NTFS USN change,ko File reference: 139608-4 Parent file reference: 137058-5 Update source:  Update reason: USN_REASON_FILE_CREATE  USN_REASON_CLOSE,usnjrnl,NTFS:\$Extend\$UsnJrnl:$J,-
2023-12-26T23:27:09.445683+00:00,Metadata Modification Time,FILE,NTFS USN change,strings.json File reference: 139607-4 Parent file reference: 139606-4 Update source:  Update reason: USN_REASON_DATA_EXTEND  USN_REASON_FILE_CREATE,usnjrnl,NTFS:\$Extend\$UsnJrnl:$J,-
2023-12-26T23:27:09.445683+00:00,Metadata Modification Time,FILE,NTFS USN change,strings.json File reference: 139607-4 Parent file reference: 139606-4 Update source:  Update reason: USN_REASON_DATA_EXTEND  USN_REASON_FILE_CREATE  USN_REASON_BASIC_INFO_CHANGE,usnjrnl,NTFS:\$Extend\$UsnJrnl:$J,-
2023-12-26T23:27:09.445683+00:00,Metadata Modification Time,FILE,NTFS USN change,strings.json File reference: 139607-4 Parent file reference: 139606-4 Update source:  Update reason: USN_REASON_DATA_EXTEND  USN_REASON_FILE_CREATE  USN_REASON_BASIC_INFO_CHANGE  USN_REASON_CLOSE,usnjrnl,NTFS:\$Extend\$UsnJrnl:$J,-
2023-12-26T23:27:09.445683+00:00,Metadata Modification Time,FILE,NTFS USN change,strings.json File reference: 139607-4 Parent file reference: 139606-4 Update source:  Update reason: USN_REASON_FILE_CREATE,usnjrnl,NTFS:\$Extend\$UsnJrnl:$J,-
2023-12-26T23:27:09.445683+00:00,Metadata Modification Time,FILE,NTFS USN change,strings.json File reference: 139729-7 Parent file reference: 139608-4 Update source:  Update reason: USN_REASON_FILE_CREATE,usnjrnl,NTFS:\$Extend\$UsnJrnl:$J,-
2023-12-26T23:27:09.462774+00:00,Metadata Modification Time,FILE,NTFS USN change,nl File reference: 139730-5 Parent file reference: 137058-5 Update source:  Update reason: USN_REASON_FILE_CREATE,usnjrnl,NTFS:\$Extend\$UsnJrnl:$J,-
2023-12-26T23:27:09.462774+00:00,Metadata Modification Time,FILE,NTFS USN change,nl File reference: 139730-5 Parent file reference: 137058-5 Update source:  Update reason: USN_REASON_FILE_CREATE  USN_REASON_CLOSE,usnjrnl,NTFS:\$Extend\$UsnJrnl:$J,-
2023-12-26T23:27:09.462774+00:00,Metadata Modification Time,FILE,NTFS USN change,strings.json File reference: 139729-7 Parent file reference: 139608-4 Update source:  Update reason: USN_REASON_DATA_EXTEND  USN_REASON_FILE_CREATE,usnjrnl,NTFS:\$Extend\$UsnJrnl:$J,-
2023-12-26T23:27:09.462774+00:00,Metadata Modification Time,FILE,NTFS USN change,strings.json File reference: 139729-7 Parent file reference: 139608-4 Update source:  Update reason: USN_REASON_DATA_EXTEND  USN_REASON_FILE_CREATE  USN_REASON_BASIC_INFO_CHANGE,usnjrnl,NTFS:\$Extend\$UsnJrnl:$J,-
2023-12-26T23:27:09.462774+00:00,Metadata Modification Time,FILE,NTFS USN change,strings.json File reference: 139729-7 Parent file reference: 139608-4 Update source:  Update reason: USN_REASON_DATA_EXTEND  USN_REASON_FILE_CREATE  USN_REASON_BASIC_INFO_CHANGE  USN_REASON_CLOSE,usnjrnl,NTFS:\$Extend\$UsnJrnl:$J,-
2023-12-26T23:27:09.462774+00:00,Metadata Modification Time,FILE,NTFS USN change,strings.json File reference: 139889-10 Parent file reference: 139730-5 Update source:  Update reason: USN_REASON_FILE_CREATE,usnjrnl,NTFS:\$Extend\$UsnJrnl:$J,-
2023-12-26T23:27:09.477613+00:00,Metadata Modification Time,FILE,NTFS USN change,strings.json File reference: 139889-10 Parent file reference: 139730-5 Update source:  Update reason: USN_REASON_DATA_EXTEND  USN_REASON_FILE_CREATE,usnjrnl,NTFS:\$Extend\$UsnJrnl:$J,-
2023-12-26T23:27:09.478956+00:00,Metadata Modification Time,FILE,NTFS USN change,pt-BR File reference: 139997-7 Parent file reference: 137058-5 Update source:  Update reason: USN_REASON_FILE_CREATE,usnjrnl,NTFS:\$Extend\$UsnJrnl:$J,-
2023-12-26T23:27:09.478956+00:00,Metadata Modification Time,FILE,NTFS USN change,pt-BR File reference: 139997-7 Parent file reference: 137058-5 Update source:  Update reason: USN_REASON_FILE_CREATE  USN_REASON_CLOSE,usnjrnl,NTFS:\$Extend\$UsnJrnl:$J,-
2023-12-26T23:27:09.478956+00:00,Metadata Modification Time,FILE,NTFS USN change,pt-PT File reference: 140362-4 Parent file reference: 137058-5 Update source:  Update reason: USN_REASON_FILE_CREATE,usnjrnl,NTFS:\$Extend\$UsnJrnl:$J,-
2023-12-26T23:27:09.478956+00:00,Metadata Modification Time,FILE,NTFS USN change,pt-PT File reference: 140362-4 Parent file reference: 137058-5 Update source:  Update reason: USN_REASON_FILE_CREATE  USN_REASON_CLOSE,usnjrnl,NTFS:\$Extend\$UsnJrnl:$J,-
2023-12-26T23:27:09.478956+00:00,Metadata Modification Time,FILE,NTFS USN change,strings.json File reference: 139889-10 Parent file reference: 139730-5 Update source:  Update reason: USN_REASON_DATA_EXTEND  USN_REASON_FILE_CREATE  USN_REASON_BASIC_INFO_CHANGE,usnjrnl,NTFS:\$Extend\$UsnJrnl:$J,-
2023-12-26T23:27:09.478956+00:00,Metadata Modification Time,FILE,NTFS USN change,strings.json File reference: 139889-10 Parent file reference: 139730-5 Update source:  Update reason: USN_REASON_DATA_EXTEND  USN_REASON_FILE_CREATE  USN_REASON_BASIC_INFO_CHANGE  USN_REASON_CLOSE,usnjrnl,NTFS:\$Extend\$UsnJrnl:$J,-
2023-12-26T23:27:09.478956+00:00,Metadata Modification Time,FILE,NTFS USN change,strings.json File reference: 140008-5 Parent file reference: 139997-7 Update source:  Update reason: USN_REASON_DATA_EXTEND  USN_REASON_FILE_CREATE,usnjrnl,NTFS:\$Extend\$UsnJrnl:$J,-
2023-12-26T23:27:09.478956+00:00,Metadata Modification Time,FILE,NTFS USN change,strings.json File reference: 140008-5 Parent file reference: 139997-7 Update source:  Update reason: USN_REASON_DATA_EXTEND  USN_REASON_FILE_CREATE  USN_REASON_BASIC_INFO_CHANGE,usnjrnl,NTFS:\$Extend\$UsnJrnl:$J,-
2023-12-26T23:27:09.478956+00:00,Metadata Modification Time,FILE,NTFS USN change,strings.json File reference: 140008-5 Parent file reference: 139997-7 Update source:  Update reason: USN_REASON_DATA_EXTEND  USN_REASON_FILE_CREATE  USN_REASON_BASIC_INFO_CHANGE  USN_REASON_CLOSE,usnjrnl,NTFS:\$Extend\$UsnJrnl:$J,-
2023-12-26T23:27:09.478956+00:00,Metadata Modification Time,FILE,NTFS USN change,strings.json File reference: 140008-5 Parent file reference: 139997-7 Update source:  Update reason: USN_REASON_FILE_CREATE,usnjrnl,NTFS:\$Extend\$UsnJrnl:$J,-
2023-12-26T23:27:09.494982+00:00,Metadata Modification Time,FILE,NTFS USN change,ru File reference: 140477-7 Parent file reference: 137058-5 Update source:  Update reason: USN_REASON_FILE_CREATE,usnjrnl,NTFS:\$Extend\$UsnJrnl:$J,-
2023-12-26T23:27:09.494982+00:00,Metadata Modification Time,FILE,NTFS USN change,ru File reference: 140477-7 Parent file reference: 137058-5 Update source:  Update reason: USN_REASON_FILE_CREATE  USN_REASON_CLOSE,usnjrnl,NTFS:\$Extend\$UsnJrnl:$J,-
2023-12-26T23:27:09.494982+00:00,Metadata Modification Time,FILE,NTFS USN change,strings.json File reference: 140427-5 Parent file reference: 140362-4 Update source:  Update reason: USN_REASON_DATA_EXTEND  USN_REASON_FILE_CREATE,usnjrnl,NTFS:\$Extend\$UsnJrnl:$J,-
2023-12-26T23:27:09.494982+00:00,Metadata Modification Time,FILE,NTFS USN change,strings.json File reference: 140427-5 Parent file reference: 140362-4 Update source:  Update reason: USN_REASON_DATA_EXTEND  USN_REASON_FILE_CREATE  USN_REASON_BASIC_INFO_CHANGE,usnjrnl,NTFS:\$Extend\$UsnJrnl:$J,-
2023-12-26T23:27:09.494982+00:00,Metadata Modification Time,FILE,NTFS USN change,strings.json File reference: 140427-5 Parent file reference: 140362-4 Update source:  Update reason: USN_REASON_DATA_EXTEND  USN_REASON_FILE_CREATE  USN_REASON_BASIC_INFO_CHANGE  USN_REASON_CLOSE,usnjrnl,NTFS:\$Extend\$UsnJrnl:$J,-
2023-12-26T23:27:09.494982+00:00,Metadata Modification Time,FILE,NTFS USN change,strings.json File reference: 140427-5 Parent file reference: 140362-4 Update source:  Update reason: USN_REASON_FILE_CREATE,usnjrnl,NTFS:\$Extend\$UsnJrnl:$J,-
2023-12-26T23:27:09.494982+00:00,Metadata Modification Time,FILE,NTFS USN change,strings.json File reference: 140489-7 Parent file reference: 140477-7 Update source:  Update reason: USN_REASON_DATA_EXTEND  USN_REASON_FILE_CREATE,usnjrnl,NTFS:\$Extend\$UsnJrnl:$J,-
2023-12-26T23:27:09.494982+00:00,Metadata Modification Time,FILE,NTFS USN change,strings.json File reference: 140489-7 Parent file reference: 140477-7 Update source:  Update reason: USN_REASON_FILE_CREATE,usnjrnl,NTFS:\$Extend\$UsnJrnl:$J,-
2023-12-26T23:27:09.510673+00:00,Metadata Modification Time,FILE,NTFS USN change,strings.json File reference: 140489-7 Parent file reference: 140477-7 Update source:  Update reason: USN_REASON_DATA_EXTEND  USN_REASON_FILE_CREATE  USN_REASON_BASIC_INFO_CHANGE,usnjrnl,NTFS:\$Extend\$UsnJrnl:$J,-
2023-12-26T23:27:09.510673+00:00,Metadata Modification Time,FILE,NTFS USN change,strings.json File reference: 140489-7 Parent file reference: 140477-7 Update source:  Update reason: USN_REASON_DATA_EXTEND  USN_REASON_FILE_CREATE  USN_REASON_BASIC_INFO_CHANGE  USN_REASON_CLOSE,usnjrnl,NTFS:\$Extend\$UsnJrnl:$J,-
2023-12-26T23:27:09.510673+00:00,Metadata Modification Time,FILE,NTFS USN change,strings.json File reference: 140554-7 Parent file reference: 140549-7 Update source:  Update reason: USN_REASON_DATA_EXTEND  USN_REASON_FILE_CREATE,usnjrnl,NTFS:\$Extend\$UsnJrnl:$J,-
2023-12-26T23:27:09.510673+00:00,Metadata Modification Time,FILE,NTFS USN change,strings.json File reference: 140554-7 Parent file reference: 140549-7 Update source:  Update reason: USN_REASON_DATA_EXTEND  USN_REASON_FILE_CREATE  USN_REASON_BASIC_INFO_CHANGE,usnjrnl,NTFS:\$Extend\$UsnJrnl:$J,-
2023-12-26T23:27:09.510673+00:00,Metadata Modification Time,FILE,NTFS USN change,strings.json File reference: 140554-7 Parent file reference: 140549-7 Update source:  Update reason: USN_REASON_DATA_EXTEND  USN_REASON_FILE_CREATE  USN_REASON_BASIC_INFO_CHANGE  USN_REASON_CLOSE,usnjrnl,NTFS:\$Extend\$UsnJrnl:$J,-
2023-12-26T23:27:09.510673+00:00,Metadata Modification Time,FILE,NTFS USN change,strings.json File reference: 140554-7 Parent file reference: 140549-7 Update source:  Update reason: USN_REASON_FILE_CREATE,usnjrnl,NTFS:\$Extend\$UsnJrnl:$J,-
2023-12-26T23:27:09.510673+00:00,Metadata Modification Time,FILE,NTFS USN change,sv File reference: 140549-7 Parent file reference: 137058-5 Update source:  Update reason: USN_REASON_FILE_CREATE,usnjrnl,NTFS:\$Extend\$UsnJrnl:$J,-
2023-12-26T23:27:09.510673+00:00,Metadata Modification Time,FILE,NTFS USN change,sv File reference: 140549-7 Parent file reference: 137058-5 Update source:  Update reason: USN_REASON_FILE_CREATE  USN_REASON_CLOSE,usnjrnl,NTFS:\$Extend\$UsnJrnl:$J,-
2023-12-26T23:27:09.526453+00:00,Metadata Modification Time,FILE,NTFS USN change,zh-Hans File reference: 140564-7 Parent file reference: 137058-5 Update source:  Update reason: USN_REASON_FILE_CREATE,usnjrnl,NTFS:\$Extend\$UsnJrnl:$J,-
2023-12-26T23:27:09.526453+00:00,Metadata Modification Time,FILE,NTFS USN change,zh-Hans File reference: 140564-7 Parent file reference: 137058-5 Update source:  Update reason: USN_REASON_FILE_CREATE  USN_REASON_CLOSE,usnjrnl,NTFS:\$Extend\$UsnJrnl:$J,-
2023-12-26T23:27:09.542074+00:00,Metadata Modification Time,FILE,NTFS USN change,strings.json File reference: 140660-7 Parent file reference: 140564-7 Update source:  Update reason: USN_REASON_DATA_EXTEND  USN_REASON_FILE_CREATE,usnjrnl,NTFS:\$Extend\$UsnJrnl:$J,-
2023-12-26T23:27:09.542074+00:00,Metadata Modification Time,FILE,NTFS USN change,strings.json File reference: 140660-7 Parent file reference: 140564-7 Update source:  Update reason: USN_REASON_DATA_EXTEND  USN_REASON_FILE_CREATE  USN_REASON_BASIC_INFO_CHANGE,usnjrnl,NTFS:\$Extend\$UsnJrnl:$J,-
2023-12-26T23:27:09.542074+00:00,Metadata Modification Time,FILE,NTFS USN change,strings.json File reference: 140660-7 Parent file reference: 140564-7 Update source:  Update reason: USN_REASON_DATA_EXTEND  USN_REASON_FILE_CREATE  USN_REASON_BASIC_INFO_CHANGE  USN_REASON_CLOSE,usnjrnl,NTFS:\$Extend\$UsnJrnl:$J,-
2023-12-26T23:27:09.542074+00:00,Metadata Modification Time,FILE,NTFS USN change,strings.json File reference: 140660-7 Parent file reference: 140564-7 Update source:  Update reason: USN_REASON_FILE_CREATE,usnjrnl,NTFS:\$Extend\$UsnJrnl:$J,-
2023-12-26T23:27:09.542074+00:00,Metadata Modification Time,FILE,NTFS USN change,strings.json File reference: 140804-8 Parent file reference: 140679-7 Update source:  Update reason: USN_REASON_DATA_EXTEND  USN_REASON_FILE_CREATE,usnjrnl,NTFS:\$Extend\$UsnJrnl:$J,-
2023-12-26T23:27:09.542074+00:00,Metadata Modification Time,FILE,NTFS USN change,strings.json File reference: 140804-8 Parent file reference: 140679-7 Update source:  Update reason: USN_REASON_FILE_CREATE,usnjrnl,NTFS:\$Extend\$UsnJrnl:$J,-
2023-12-26T23:27:09.542074+00:00,Metadata Modification Time,FILE,NTFS USN change,zh-Hant File reference: 140679-7 Parent file reference: 137058-5 Update source:  Update reason: USN_REASON_FILE_CREATE,usnjrnl,NTFS:\$Extend\$UsnJrnl:$J,-
2023-12-26T23:27:09.542074+00:00,Metadata Modification Time,FILE,NTFS USN change,zh-Hant File reference: 140679-7 Parent file reference: 137058-5 Update source:  Update reason: USN_REASON_FILE_CREATE  USN_REASON_CLOSE,usnjrnl,NTFS:\$Extend\$UsnJrnl:$J,-
2023-12-26T23:27:09.557588+00:00,Metadata Modification Time,FILE,NTFS USN change,ar File reference: 140846-10 Parent file reference: 140835-5 Update source:  Update reason: USN_REASON_FILE_CREATE,usnjrnl,NTFS:\$Extend\$UsnJrnl:$J,-
2023-12-26T23:27:09.557588+00:00,Metadata Modification Time,FILE,NTFS USN change,ar File reference: 140846-10 Parent file reference: 140835-5 Update source:  Update reason: USN_REASON_FILE_CREATE  USN_REASON_CLOSE,usnjrnl,NTFS:\$Extend\$UsnJrnl:$J,-
2023-12-26T23:27:09.557588+00:00,Metadata Modification Time,FILE,NTFS USN change,i18n-mobile-hub File reference: 140835-5 Parent file reference: 135289-6 Update source:  Update reason: USN_REASON_FILE_CREATE,usnjrnl,NTFS:\$Extend\$UsnJrnl:$J,-
2023-12-26T23:27:09.557588+00:00,Metadata Modification Time,FILE,NTFS USN change,i18n-mobile-hub File reference: 140835-5 Parent file reference: 135289-6 Update source:  Update reason: USN_REASON_FILE_CREATE  USN_REASON_CLOSE,usnjrnl,NTFS:\$Extend\$UsnJrnl:$J,-
2023-12-26T23:27:09.557588+00:00,Metadata Modification Time,FILE,NTFS USN change,strings.json File reference: 140804-8 Parent file reference: 140679-7 Update source:  Update reason: USN_REASON_DATA_EXTEND  USN_REASON_FILE_CREATE  USN_REASON_BASIC_INFO_CHANGE,usnjrnl,NTFS:\$Extend\$UsnJrnl:$J,-
2023-12-26T23:27:09.557588+00:00,Metadata Modification Time,FILE,NTFS USN change,strings.json File reference: 140804-8 Parent file reference: 140679-7 Update source:  Update reason: USN_REASON_DATA_EXTEND  USN_REASON_FILE_CREATE  USN_REASON_BASIC_INFO_CHANGE  USN_REASON_CLOSE,usnjrnl,NTFS:\$Extend\$UsnJrnl:$J,-
2023-12-26T23:27:09.557588+00:00,Metadata Modification Time,FILE,NTFS USN change,strings.json File reference: 140851-7 Parent file reference: 140846-10 Update source:  Update reason: USN_REASON_DATA_EXTEND  USN_REASON_FILE_CREATE,usnjrnl,NTFS:\$Extend\$UsnJrnl:$J,-
2023-12-26T23:27:09.557588+00:00,Metadata Modification Time,FILE,NTFS USN change,strings.json File reference: 140851-7 Parent file reference: 140846-10 Update source:  Update reason: USN_REASON_DATA_EXTEND  USN_REASON_FILE_CREATE  USN_REASON_BASIC_INFO_CHANGE,usnjrnl,NTFS:\$Extend\$UsnJrnl:$J,-
2023-12-26T23:27:09.557588+00:00,Metadata Modification Time,FILE,NTFS USN change,strings.json File reference: 140851-7 Parent file reference: 140846-10 Update source:  Update reason: USN_REASON_DATA_EXTEND  USN_REASON_FILE_CREATE  USN_REASON_BASIC_INFO_CHANGE  USN_REASON_CLOSE,usnjrnl,NTFS:\$Extend\$UsnJrnl:$J,-
2023-12-26T23:27:09.557588+00:00,Metadata Modification Time,FILE,NTFS USN change,strings.json File reference: 140851-7 Parent file reference: 140846-10 Update source:  Update reason: USN_REASON_FILE_CREATE,usnjrnl,NTFS:\$Extend\$UsnJrnl:$J,-
2023-12-26T23:27:09.573585+00:00,Metadata Modification Time,FILE,NTFS USN change,de File reference: 140853-8 Parent file reference: 140835-5 Update source:  Update reason: USN_REASON_FILE_CREATE,usnjrnl,NTFS:\$Extend\$UsnJrnl:$J,-
2023-12-26T23:27:09.573585+00:00,Metadata Modification Time,FILE,NTFS USN change,de File reference: 140853-8 Parent file reference: 140835-5 Update source:  Update reason: USN_REASON_FILE_CREATE  USN_REASON_CLOSE,usnjrnl,NTFS:\$Extend\$UsnJrnl:$J,-
2023-12-26T23:27:09.573585+00:00,Metadata Modification Time,FILE,NTFS USN change,strings.json File reference: 141126-4 Parent file reference: 140853-8 Update source:  Update reason: USN_REASON_DATA_EXTEND  USN_REASON_FILE_CREATE,usnjrnl,NTFS:\$Extend\$UsnJrnl:$J,-
2023-12-26T23:27:09.573585+00:00,Metadata Modification Time,FILE,NTFS USN change,strings.json File reference: 141126-4 Parent file reference: 140853-8 Update source:  Update reason: USN_REASON_DATA_EXTEND  USN_REASON_FILE_CREATE  USN_REASON_BASIC_INFO_CHANGE,usnjrnl,NTFS:\$Extend\$UsnJrnl:$J,-
2023-12-26T23:27:09.573585+00:00,Metadata Modification Time,FILE,NTFS USN change,strings.json File reference: 141126-4 Parent file reference: 140853-8 Update source:  Update reason: USN_REASON_DATA_EXTEND  USN_REASON_FILE_CREATE  USN_REASON_BASIC_INFO_CHANGE  USN_REASON_CLOSE,usnjrnl,NTFS:\$Extend\$UsnJrnl:$J,-
2023-12-26T23:27:09.573585+00:00,Metadata Modification Time,FILE,NTFS USN change,strings.json File reference: 141126-4 Parent file reference: 140853-8 Update source:  Update reason: USN_REASON_FILE_CREATE,usnjrnl,NTFS:\$Extend\$UsnJrnl:$J,-
2023-12-26T23:27:09.605392+00:00,Metadata Modification Time,FILE,NTFS USN change,en-GB File reference: 141346-7 Parent file reference: 140835-5 Update source:  Update reason: USN_REASON_FILE_CREATE,usnjrnl,NTFS:\$Extend\$UsnJrnl:$J,-
2023-12-26T23:27:09.605392+00:00,Metadata Modification Time,FILE,NTFS USN change,en-GB File reference: 141346-7 Parent file reference: 140835-5 Update source:  Update reason: USN_REASON_FILE_CREATE  USN_REASON_CLOSE,usnjrnl,NTFS:\$Extend\$UsnJrnl:$J,-
2023-12-26T23:27:09.627993+00:00,Metadata Modification Time,FILE,NTFS USN change,es File reference: 141379-4 Parent file reference: 140835-5 Update source:  Update reason: USN_REASON_FILE_CREATE,usnjrnl,NTFS:\$Extend\$UsnJrnl:$J,-
2023-12-26T23:27:09.627993+00:00,Metadata Modification Time,FILE,NTFS USN change,es File reference: 141379-4 Parent file reference: 140835-5 Update source:  Update reason: USN_REASON_FILE_CREATE  USN_REASON_CLOSE,usnjrnl,NTFS:\$Extend\$UsnJrnl:$J,-
2023-12-26T23:27:09.627993+00:00,Metadata Modification Time,FILE,NTFS USN change,strings.json File reference: 141378-4 Parent file reference: 141346-7 Update source:  Update reason: USN_REASON_DATA_EXTEND  USN_REASON_FILE_CREATE,usnjrnl,NTFS:\$Extend\$UsnJrnl:$J,-
2023-12-26T23:27:09.627993+00:00,Metadata Modification Time,FILE,NTFS USN change,strings.json File reference: 141378-4 Parent file reference: 141346-7 Update source:  Update reason: USN_REASON_DATA_EXTEND  USN_REASON_FILE_CREATE  USN_REASON_BASIC_INFO_CHANGE,usnjrnl,NTFS:\$Extend\$UsnJrnl:$J,-
2023-12-26T23:27:09.627993+00:00,Metadata Modification Time,FILE,NTFS USN change,strings.json File reference: 141378-4 Parent file reference: 141346-7 Update source:  Update reason: USN_REASON_DATA_EXTEND  USN_REASON_FILE_CREATE  USN_REASON_BASIC_INFO_CHANGE  USN_REASON_CLOSE,usnjrnl,NTFS:\$Extend\$UsnJrnl:$J,-
2023-12-26T23:27:09.627993+00:00,Metadata Modification Time,FILE,NTFS USN change,strings.json File reference: 141378-4 Parent file reference: 141346-7 Update source:  Update reason: USN_REASON_FILE_CREATE,usnjrnl,NTFS:\$Extend\$UsnJrnl:$J,-
2023-12-26T23:27:09.644730+00:00,Metadata Modification Time,FILE,NTFS USN change,fr File reference: 141944-7 Parent file reference: 140835-5 Update source:  Update reason: USN_REASON_FILE_CREATE,usnjrnl,NTFS:\$Extend\$UsnJrnl:$J,-
2023-12-26T23:27:09.644730+00:00,Metadata Modification Time,FILE,NTFS USN change,fr File reference: 141944-7 Parent file reference: 140835-5 Update source:  Update reason: USN_REASON_FILE_CREATE  USN_REASON_CLOSE,usnjrnl,NTFS:\$Extend\$UsnJrnl:$J,-
2023-12-26T23:27:09.644730+00:00,Metadata Modification Time,FILE,NTFS USN change,fr-CA File reference: 141946-9 Parent file reference: 140835-5 Update source:  Update reason: USN_REASON_FILE_CREATE,usnjrnl,NTFS:\$Extend\$UsnJrnl:$J,-
2023-12-26T23:27:09.644730+00:00,Metadata Modification Time,FILE,NTFS USN change,fr-CA File reference: 141946-9 Parent file reference: 140835-5 Update source:  Update reason: USN_REASON_FILE_CREATE  USN_REASON_CLOSE,usnjrnl,NTFS:\$Extend\$UsnJrnl:$J,-
2023-12-26T23:27:09.644730+00:00,Metadata Modification Time,FILE,NTFS USN change,strings.json File reference: 141380-4 Parent file reference: 141379-4 Update source:  Update reason: USN_REASON_DATA_EXTEND  USN_REASON_FILE_CREATE,usnjrnl,NTFS:\$Extend\$UsnJrnl:$J,-
2023-12-26T23:27:09.644730+00:00,Metadata Modification Time,FILE,NTFS USN change,strings.json File reference: 141380-4 Parent file reference: 141379-4 Update source:  Update reason: USN_REASON_DATA_EXTEND  USN_REASON_FILE_CREATE  USN_REASON_BASIC_INFO_CHANGE,usnjrnl,NTFS:\$Extend\$UsnJrnl:$J,-
2023-12-26T23:27:09.644730+00:00,Metadata Modification Time,FILE,NTFS USN change,strings.json File reference: 141380-4 Parent file reference: 141379-4 Update source:  Update reason: USN_REASON_DATA_EXTEND  USN_REASON_FILE_CREATE  USN_REASON_BASIC_INFO_CHANGE  USN_REASON_CLOSE,usnjrnl,NTFS:\$Extend\$UsnJrnl:$J,-
2023-12-26T23:27:09.644730+00:00,Metadata Modification Time,FILE,NTFS USN change,strings.json File reference: 141380-4 Parent file reference: 141379-4 Update source:  Update reason: USN_REASON_FILE_CREATE,usnjrnl,NTFS:\$Extend\$UsnJrnl:$J,-
2023-12-26T23:27:09.644730+00:00,Metadata Modification Time,FILE,NTFS USN change,strings.json File reference: 141966-8 Parent file reference: 141946-9 Update source:  Update reason: USN_REASON_FILE_CREATE,usnjrnl,NTFS:\$Extend\$UsnJrnl:$J,-
2023-12-26T23:27:09.661007+00:00,Metadata Modification Time,FILE,NTFS USN change,strings.json File reference: 141966-8 Parent file reference: 141946-9 Update source:  Update reason: USN_REASON_DATA_EXTEND  USN_REASON_FILE_CREATE,usnjrnl,NTFS:\$Extend\$UsnJrnl:$J,-
2023-12-26T23:27:09.661007+00:00,Metadata Modification Time,FILE,NTFS USN change,strings.json File reference: 141966-8 Parent file reference: 141946-9 Update source:  Update reason: USN_REASON_DATA_EXTEND  USN_REASON_FILE_CREATE  USN_REASON_BASIC_INFO_CHANGE,usnjrnl,NTFS:\$Extend\$UsnJrnl:$J,-
2023-12-26T23:27:09.661007+00:00,Metadata Modification Time,FILE,NTFS USN change,strings.json File reference: 141966-8 Parent file reference: 141946-9 Update source:  Update reason: USN_REASON_DATA_EXTEND  USN_REASON_FILE_CREATE  USN_REASON_BASIC_INFO_CHANGE  USN_REASON_CLOSE,usnjrnl,NTFS:\$Extend\$UsnJrnl:$J,-
2023-12-26T23:27:09.661007+00:00,Metadata Modification Time,FILE,NTFS USN change,strings.json File reference: 141983-7 Parent file reference: 141944-7 Update source:  Update reason: USN_REASON_DATA_EXTEND  USN_REASON_FILE_CREATE,usnjrnl,NTFS:\$Extend\$UsnJrnl:$J,-
2023-12-26T23:27:09.661007+00:00,Metadata Modification Time,FILE,NTFS USN change,strings.json File reference: 141983-7 Parent file reference: 141944-7 Update source:  Update reason: USN_REASON_DATA_EXTEND  USN_REASON_FILE_CREATE  USN_REASON_BASIC_INFO_CHANGE,usnjrnl,NTFS:\$Extend\$UsnJrnl:$J,-
2023-12-26T23:27:09.661007+00:00,Metadata Modification Time,FILE,NTFS USN change,strings.json File reference: 141983-7 Parent file reference: 141944-7 Update source:  Update reason: USN_REASON_DATA_EXTEND  USN_REASON_FILE_CREATE  USN_REASON_BASIC_INFO_CHANGE  USN_REASON_CLOSE,usnjrnl,NTFS:\$Extend\$UsnJrnl:$J,-
2023-12-26T23:27:09.661007+00:00,Metadata Modification Time,FILE,NTFS USN change,strings.json File reference: 141983-7 Parent file reference: 141944-7 Update source:  Update reason: USN_REASON_FILE_CREATE,usnjrnl,NTFS:\$Extend\$UsnJrnl:$J,-
2023-12-26T23:27:09.676603+00:00,Metadata Modification Time,FILE,NTFS USN change,id File reference: 142030-9 Parent file reference: 140835-5 Update source:  Update reason: USN_REASON_FILE_CREATE,usnjrnl,NTFS:\$Extend\$UsnJrnl:$J,-
2023-12-26T23:27:09.676603+00:00,Metadata Modification Time,FILE,NTFS USN change,id File reference: 142030-9 Parent file reference: 140835-5 Update source:  Update reason: USN_REASON_FILE_CREATE  USN_REASON_CLOSE,usnjrnl,NTFS:\$Extend\$UsnJrnl:$J,-
2023-12-26T23:27:09.676603+00:00,Metadata Modification Time,FILE,NTFS USN change,it File reference: 142070-9 Parent file reference: 140835-5 Update source:  Update reason: USN_REASON_FILE_CREATE,usnjrnl,NTFS:\$Extend\$UsnJrnl:$J,-
2023-12-26T23:27:09.676603+00:00,Metadata Modification Time,FILE,NTFS USN change,it File reference: 142070-9 Parent file reference: 140835-5 Update source:  Update reason: USN_REASON_FILE_CREATE  USN_REASON_CLOSE,usnjrnl,NTFS:\$Extend\$UsnJrnl:$J,-
2023-12-26T23:27:09.676603+00:00,Metadata Modification Time,FILE,NTFS USN change,strings.json File reference: 142051-4 Parent file reference: 142030-9 Update source:  Update reason: USN_REASON_DATA_EXTEND  USN_REASON_FILE_CREATE,usnjrnl,NTFS:\$Extend\$UsnJrnl:$J,-
2023-12-26T23:27:09.676603+00:00,Metadata Modification Time,FILE,NTFS USN change,strings.json File reference: 142051-4 Parent file reference: 142030-9 Update source:  Update reason: USN_REASON_DATA_EXTEND  USN_REASON_FILE_CREATE  USN_REASON_BASIC_INFO_CHANGE,usnjrnl,NTFS:\$Extend\$UsnJrnl:$J,-
2023-12-26T23:27:09.676603+00:00,Metadata Modification Time,FILE,NTFS USN change,strings.json File reference: 142051-4 Parent file reference: 142030-9 Update source:  Update reason: USN_REASON_DATA_EXTEND  USN_REASON_FILE_CREATE  USN_REASON_BASIC_INFO_CHANGE  USN_REASON_CLOSE,usnjrnl,NTFS:\$Extend\$UsnJrnl:$J,-
2023-12-26T23:27:09.676603+00:00,Metadata Modification Time,FILE,NTFS USN change,strings.json File reference: 142051-4 Parent file reference: 142030-9 Update source:  Update reason: USN_REASON_FILE_CREATE,usnjrnl,NTFS:\$Extend\$UsnJrnl:$J,-
2023-12-26T23:27:09.692238+00:00,Metadata Modification Time,FILE,NTFS USN change,ja File reference: 142285-7 Parent file reference: 140835-5 Update source:  Update reason: USN_REASON_FILE_CREATE,usnjrnl,NTFS:\$Extend\$UsnJrnl:$J,-
2023-12-26T23:27:09.692238+00:00,Metadata Modification Time,FILE,NTFS USN change,ja File reference: 142285-7 Parent file reference: 140835-5 Update source:  Update reason: USN_REASON_FILE_CREATE  USN_REASON_CLOSE,usnjrnl,NTFS:\$Extend\$UsnJrnl:$J,-
2023-12-26T23:27:09.692238+00:00,Metadata Modification Time,FILE,NTFS USN change,strings.json File reference: 142074-7 Parent file reference: 142070-9 Update source:  Update reason: USN_REASON_DATA_EXTEND  USN_REASON_FILE_CREATE,usnjrnl,NTFS:\$Extend\$UsnJrnl:$J,-
2023-12-26T23:27:09.692238+00:00,Metadata Modification Time,FILE,NTFS USN change,strings.json File reference: 142074-7 Parent file reference: 142070-9 Update source:  Update reason: USN_REASON_DATA_EXTEND  USN_REASON_FILE_CREATE  USN_REASON_BASIC_INFO_CHANGE,usnjrnl,NTFS:\$Extend\$UsnJrnl:$J,-
2023-12-26T23:27:09.692238+00:00,Metadata Modification Time,FILE,NTFS USN change,strings.json File reference: 142074-7 Parent file reference: 142070-9 Update source:  Update reason: USN_REASON_DATA_EXTEND  USN_REASON_FILE_CREATE  USN_REASON_BASIC_INFO_CHANGE  USN_REASON_CLOSE,usnjrnl,NTFS:\$Extend\$UsnJrnl:$J,-
2023-12-26T23:27:09.692238+00:00,Metadata Modification Time,FILE,NTFS USN change,strings.json File reference: 142074-7 Parent file reference: 142070-9 Update source:  Update reason: USN_REASON_FILE_CREATE,usnjrnl,NTFS:\$Extend\$UsnJrnl:$J,-
2023-12-26T23:27:09.692238+00:00,Metadata Modification Time,FILE,NTFS USN change,strings.json File reference: 142288-5 Parent file reference: 142285-7 Update source:  Update reason: USN_REASON_FILE_CREATE,usnjrnl,NTFS:\$Extend\$UsnJrnl:$J,-
2023-12-26T23:27:09.707925+00:00,Metadata Modification Time,FILE,NTFS USN change,nl File reference: 142323-6 Parent file reference: 140835-5 Update source:  Update reason: USN_REASON_FILE_CREATE,usnjrnl,NTFS:\$Extend\$UsnJrnl:$J,-
2023-12-26T23:27:09.707925+00:00,Metadata Modification Time,FILE,NTFS USN change,nl File reference: 142323-6 Parent file reference: 140835-5 Update source:  Update reason: USN_REASON_FILE_CREATE  USN_REASON_CLOSE,usnjrnl,NTFS:\$Extend\$UsnJrnl:$J,-
2023-12-26T23:27:09.707925+00:00,Metadata Modification Time,FILE,NTFS USN change,pt-BR File reference: 142373-7 Parent file reference: 140835-5 Update source:  Update reason: USN_REASON_FILE_CREATE,usnjrnl,NTFS:\$Extend\$UsnJrnl:$J,-
2023-12-26T23:27:09.707925+00:00,Metadata Modification Time,FILE,NTFS USN change,pt-BR File reference: 142373-7 Parent file reference: 140835-5 Update source:  Update reason: USN_REASON_FILE_CREATE  USN_REASON_CLOSE,usnjrnl,NTFS:\$Extend\$UsnJrnl:$J,-
2023-12-26T23:27:09.707925+00:00,Metadata Modification Time,FILE,NTFS USN change,strings.json File reference: 142288-5 Parent file reference: 142285-7 Update source:  Update reason: USN_REASON_DATA_EXTEND  USN_REASON_FILE_CREATE,usnjrnl,NTFS:\$Extend\$UsnJrnl:$J,-
2023-12-26T23:27:09.707925+00:00,Metadata Modification Time,FILE,NTFS USN change,strings.json File reference: 142288-5 Parent file reference: 142285-7 Update source:  Update reason: USN_REASON_DATA_EXTEND  USN_REASON_FILE_CREATE  USN_REASON_BASIC_INFO_CHANGE,usnjrnl,NTFS:\$Extend\$UsnJrnl:$J,-
2023-12-26T23:27:09.707925+00:00,Metadata Modification Time,FILE,NTFS USN change,strings.json File reference: 142288-5 Parent file reference: 142285-7 Update source:  Update reason: USN_REASON_DATA_EXTEND  USN_REASON_FILE_CREATE  USN_REASON_BASIC_INFO_CHANGE  USN_REASON_CLOSE,usnjrnl,NTFS:\$Extend\$UsnJrnl:$J,-
2023-12-26T23:27:09.707925+00:00,Metadata Modification Time,FILE,NTFS USN change,strings.json File reference: 142324-4 Parent file reference: 142323-6 Update source:  Update reason: USN_REASON_DATA_EXTEND  USN_REASON_FILE_CREATE,usnjrnl,NTFS:\$Extend\$UsnJrnl:$J,-
2023-12-26T23:27:09.707925+00:00,Metadata Modification Time,FILE,NTFS USN change,strings.json File reference: 142324-4 Parent file reference: 142323-6 Update source:  Update reason: USN_REASON_DATA_EXTEND  USN_REASON_FILE_CREATE  USN_REASON_BASIC_INFO_CHANGE,usnjrnl,NTFS:\$Extend\$UsnJrnl:$J,-
2023-12-26T23:27:09.707925+00:00,Metadata Modification Time,FILE,NTFS USN change,strings.json File reference: 142324-4 Parent file reference: 142323-6 Update source:  Update reason: USN_REASON_DATA_EXTEND  USN_REASON_FILE_CREATE  USN_REASON_BASIC_INFO_CHANGE  USN_REASON_CLOSE,usnjrnl,NTFS:\$Extend\$UsnJrnl:$J,-
2023-12-26T23:27:09.707925+00:00,Metadata Modification Time,FILE,NTFS USN change,strings.json File reference: 142324-4 Parent file reference: 142323-6 Update source:  Update reason: USN_REASON_FILE_CREATE,usnjrnl,NTFS:\$Extend\$UsnJrnl:$J,-
2023-12-26T23:27:09.723859+00:00,Metadata Modification Time,FILE,NTFS USN change,pt-PT File reference: 142389-7 Parent file reference: 140835-5 Update source:  Update reason: USN_REASON_FILE_CREATE,usnjrnl,NTFS:\$Extend\$UsnJrnl:$J,-
2023-12-26T23:27:09.723859+00:00,Metadata Modification Time,FILE,NTFS USN change,pt-PT File reference: 142389-7 Parent file reference: 140835-5 Update source:  Update reason: USN_REASON_FILE_CREATE  USN_REASON_CLOSE,usnjrnl,NTFS:\$Extend\$UsnJrnl:$J,-
2023-12-26T23:27:09.723859+00:00,Metadata Modification Time,FILE,NTFS USN change,strings.json File reference: 142382-7 Parent file reference: 142373-7 Update source:  Update reason: USN_REASON_DATA_EXTEND  USN_REASON_FILE_CREATE,usnjrnl,NTFS:\$Extend\$UsnJrnl:$J,-
2023-12-26T23:27:09.723859+00:00,Metadata Modification Time,FILE,NTFS USN change,strings.json File reference: 142382-7 Parent file reference: 142373-7 Update source:  Update reason: USN_REASON_DATA_EXTEND  USN_REASON_FILE_CREATE  USN_REASON_BASIC_INFO_CHANGE,usnjrnl,NTFS:\$Extend\$UsnJrnl:$J,-
2023-12-26T23:27:09.723859+00:00,Metadata Modification Time,FILE,NTFS USN change,strings.json File reference: 142382-7 Parent file reference: 142373-7 Update source:  Update reason: USN_REASON_DATA_EXTEND  USN_REASON_FILE_CREATE  USN_REASON_BASIC_INFO_CHANGE  USN_REASON_CLOSE,usnjrnl,NTFS:\$Extend\$UsnJrnl:$J,-
2023-12-26T23:27:09.723859+00:00,Metadata Modification Time,FILE,NTFS USN change,strings.json File reference: 142382-7 Parent file reference: 142373-7 Update source:  Update reason: USN_REASON_FILE_CREATE,usnjrnl,NTFS:\$Extend\$UsnJrnl:$J,-
2023-12-26T23:27:09.740217+00:00,Metadata Modification Time,FILE,NTFS USN change,ru File reference: 142393-7 Parent file reference: 140835-5 Update source:  Update reason: USN_REASON_FILE_CREATE,usnjrnl,NTFS:\$Extend\$UsnJrnl:$J,-
2023-12-26T23:27:09.740217+00:00,Metadata Modification Time,FILE,NTFS USN change,ru File reference: 142393-7 Parent file reference: 140835-5 Update source:  Update reason: USN_REASON_FILE_CREATE  USN_REASON_CLOSE,usnjrnl,NTFS:\$Extend\$UsnJrnl:$J,-
2023-12-26T23:27:09.740217+00:00,Metadata Modification Time,FILE,NTFS USN change,strings.json File reference: 142392-4 Parent file reference: 142389-7 Update source:  Update reason: USN_REASON_DATA_EXTEND  USN_REASON_FILE_CREATE,usnjrnl,NTFS:\$Extend\$UsnJrnl:$J,-
2023-12-26T23:27:09.740217+00:00,Metadata Modification Time,FILE,NTFS USN change,strings.json File reference: 142392-4 Parent file reference: 142389-7 Update source:  Update reason: USN_REASON_DATA_EXTEND  USN_REASON_FILE_CREATE  USN_REASON_BASIC_INFO_CHANGE,usnjrnl,NTFS:\$Extend\$UsnJrnl:$J,-
2023-12-26T23:27:09.740217+00:00,Metadata Modification Time,FILE,NTFS USN change,strings.json File reference: 142392-4 Parent file reference: 142389-7 Update source:  Update reason: USN_REASON_DATA_EXTEND  USN_REASON_FILE_CREATE  USN_REASON_BASIC_INFO_CHANGE  USN_REASON_CLOSE,usnjrnl,NTFS:\$Extend\$UsnJrnl:$J,-
2023-12-26T23:27:09.740217+00:00,Metadata Modification Time,FILE,NTFS USN change,strings.json File reference: 142392-4 Parent file reference: 142389-7 Update source:  Update reason: USN_REASON_FILE_CREATE,usnjrnl,NTFS:\$Extend\$UsnJrnl:$J,-
2023-12-26T23:27:09.740217+00:00,Metadata Modification Time,FILE,NTFS USN change,strings.json File reference: 142394-4 Parent file reference: 142393-7 Update source:  Update reason: USN_REASON_FILE_CREATE,usnjrnl,NTFS:\$Extend\$UsnJrnl:$J,-
2023-12-26T23:27:09.756619+00:00,Metadata Modification Time,FILE,NTFS USN change,strings.json File reference: 142394-4 Parent file reference: 142393-7 Update source:  Update reason: USN_REASON_DATA_EXTEND  USN_REASON_FILE_CREATE,usnjrnl,NTFS:\$Extend\$UsnJrnl:$J,-
2023-12-26T23:27:09.756619+00:00,Metadata Modification Time,FILE,NTFS USN change,strings.json File reference: 142394-4 Parent file reference: 142393-7 Update source:  Update reason: USN_REASON_DATA_EXTEND  USN_REASON_FILE_CREATE  USN_REASON_BASIC_INFO_CHANGE,usnjrnl,NTFS:\$Extend\$UsnJrnl:$J,-
2023-12-26T23:27:09.756619+00:00,Metadata Modification Time,FILE,NTFS USN change,strings.json File reference: 142394-4 Parent file reference: 142393-7 Update source:  Update reason: USN_REASON_DATA_EXTEND  USN_REASON_FILE_CREATE  USN_REASON_BASIC_INFO_CHANGE  USN_REASON_CLOSE,usnjrnl,NTFS:\$Extend\$UsnJrnl:$J,-
2023-12-26T23:27:09.756619+00:00,Metadata Modification Time,FILE,NTFS USN change,strings.json File reference: 142401-7 Parent file reference: 142395-4 Update source:  Update reason: USN_REASON_DATA_EXTEND  USN_REASON_FILE_CREATE,usnjrnl,NTFS:\$Extend\$UsnJrnl:$J,-
2023-12-26T23:27:09.756619+00:00,Metadata Modification Time,FILE,NTFS USN change,strings.json File reference: 142401-7 Parent file reference: 142395-4 Update source:  Update reason: USN_REASON_DATA_EXTEND  USN_REASON_FILE_CREATE  USN_REASON_BASIC_INFO_CHANGE,usnjrnl,NTFS:\$Extend\$UsnJrnl:$J,-
2023-12-26T23:27:09.756619+00:00,Metadata Modification Time,FILE,NTFS USN change,strings.json File reference: 142401-7 Parent file reference: 142395-4 Update source:  Update reason: USN_REASON_DATA_EXTEND  USN_REASON_FILE_CREATE  USN_REASON_BASIC_INFO_CHANGE  USN_REASON_CLOSE,usnjrnl,NTFS:\$Extend\$UsnJrnl:$J,-
2023-12-26T23:27:09.756619+00:00,Metadata Modification Time,FILE,NTFS USN change,strings.json File reference: 142401-7 Parent file reference: 142395-4 Update source:  Update reason: USN_REASON_FILE_CREATE,usnjrnl,NTFS:\$Extend\$UsnJrnl:$J,-
2023-12-26T23:27:09.756619+00:00,Metadata Modification Time,FILE,NTFS USN change,sv File reference: 142395-4 Parent file reference: 140835-5 Update source:  Update reason: USN_REASON_FILE_CREATE,usnjrnl,NTFS:\$Extend\$UsnJrnl:$J,-
2023-12-26T23:27:09.756619+00:00,Metadata Modification Time,FILE,NTFS USN change,sv File reference: 142395-4 Parent file reference: 140835-5 Update source:  Update reason: USN_REASON_FILE_CREATE  USN_REASON_CLOSE,usnjrnl,NTFS:\$Extend\$UsnJrnl:$J,-
2023-12-26T23:27:09.771979+00:00,Metadata Modification Time,FILE,NTFS USN change,strings.json File reference: 142432-4 Parent file reference: 142431-4 Update source:  Update reason: USN_REASON_DATA_EXTEND  USN_REASON_FILE_CREATE,usnjrnl,NTFS:\$Extend\$UsnJrnl:$J,-
2023-12-26T23:27:09.771979+00:00,Metadata Modification Time,FILE,NTFS USN change,strings.json File reference: 142432-4 Parent file reference: 142431-4 Update source:  Update reason: USN_REASON_DATA_EXTEND  USN_REASON_FILE_CREATE  USN_REASON_BASIC_INFO_CHANGE,usnjrnl,NTFS:\$Extend\$UsnJrnl:$J,-
2023-12-26T23:27:09.771979+00:00,Metadata Modification Time,FILE,NTFS USN change,strings.json File reference: 142432-4 Parent file reference: 142431-4 Update source:  Update reason: USN_REASON_DATA_EXTEND  USN_REASON_FILE_CREATE  USN_REASON_BASIC_INFO_CHANGE  USN_REASON_CLOSE,usnjrnl,NTFS:\$Extend\$UsnJrnl:$J,-
2023-12-26T23:27:09.771979+00:00,Metadata Modification Time,FILE,NTFS USN change,strings.json File reference: 142432-4 Parent file reference: 142431-4 Update source:  Update reason: USN_REASON_FILE_CREATE,usnjrnl,NTFS:\$Extend\$UsnJrnl:$J,-
2023-12-26T23:27:09.771979+00:00,Metadata Modification Time,FILE,NTFS USN change,zh-Hans File reference: 142431-4 Parent file reference: 140835-5 Update source:  Update reason: USN_REASON_FILE_CREATE,usnjrnl,NTFS:\$Extend\$UsnJrnl:$J,-
2023-12-26T23:27:09.771979+00:00,Metadata Modification Time,FILE,NTFS USN change,zh-Hans File reference: 142431-4 Parent file reference: 140835-5 Update source:  Update reason: USN_REASON_FILE_CREATE  USN_REASON_CLOSE,usnjrnl,NTFS:\$Extend\$UsnJrnl:$J,-
2023-12-26T23:27:09.771979+00:00,Metadata Modification Time,FILE,NTFS USN change,zh-Hant File reference: 142433-4 Parent file reference: 140835-5 Update source:  Update reason: USN_REASON_FILE_CREATE,usnjrnl,NTFS:\$Extend\$UsnJrnl:$J,-
2023-12-26T23:27:09.771979+00:00,Metadata Modification Time,FILE,NTFS USN change,zh-Hant File reference: 142433-4 Parent file reference: 140835-5 Update source:  Update reason: USN_REASON_FILE_CREATE  USN_REASON_CLOSE,usnjrnl,NTFS:\$Extend\$UsnJrnl:$J,-
2023-12-26T23:27:09.787872+00:00,Metadata Modification Time,FILE,NTFS USN change,i18n-notification File reference: 142435-4 Parent file reference: 135289-6 Update source:  Update reason: USN_REASON_FILE_CREATE,usnjrnl,NTFS:\$Extend\$UsnJrnl:$J,-
2023-12-26T23:27:09.787872+00:00,Metadata Modification Time,FILE,NTFS USN change,i18n-notification File reference: 142435-4 Parent file reference: 135289-6 Update source:  Update reason: USN_REASON_FILE_CREATE  USN_REASON_CLOSE,usnjrnl,NTFS:\$Extend\$UsnJrnl:$J,-
2023-12-26T23:27:09.787872+00:00,Metadata Modification Time,FILE,NTFS USN change,strings.json File reference: 142434-4 Parent file reference: 142433-4 Update source:  Update reason: USN_REASON_DATA_EXTEND  USN_REASON_FILE_CREATE,usnjrnl,NTFS:\$Extend\$UsnJrnl:$J,-
2023-12-26T23:27:09.787872+00:00,Metadata Modification Time,FILE,NTFS USN change,strings.json File reference: 142434-4 Parent file reference: 142433-4 Update source:  Update reason: USN_REASON_DATA_EXTEND  USN_REASON_FILE_CREATE  USN_REASON_BASIC_INFO_CHANGE,usnjrnl,NTFS:\$Extend\$UsnJrnl:$J,-
2023-12-26T23:27:09.787872+00:00,Metadata Modification Time,FILE,NTFS USN change,strings.json File reference: 142434-4 Parent file reference: 142433-4 Update source:  Update reason: USN_REASON_DATA_EXTEND  USN_REASON_FILE_CREATE  USN_REASON_BASIC_INFO_CHANGE  USN_REASON_CLOSE,usnjrnl,NTFS:\$Extend\$UsnJrnl:$J,-
2023-12-26T23:27:09.787872+00:00,Metadata Modification Time,FILE,NTFS USN change,strings.json File reference: 142434-4 Parent file reference: 142433-4 Update source:  Update reason: USN_REASON_FILE_CREATE,usnjrnl,NTFS:\$Extend\$UsnJrnl:$J,-
2023-12-26T23:27:09.804518+00:00,Metadata Modification Time,FILE,NTFS USN change,ar File reference: 142437-4 Parent file reference: 142436-4 Update source:  Update reason: USN_REASON_FILE_CREATE,usnjrnl,NTFS:\$Extend\$UsnJrnl:$J,-
2023-12-26T23:27:09.804518+00:00,Metadata Modification Time,FILE,NTFS USN change,ar File reference: 142437-4 Parent file reference: 142436-4 Update source:  Update reason: USN_REASON_FILE_CREATE  USN_REASON_CLOSE,usnjrnl,NTFS:\$Extend\$UsnJrnl:$J,-
2023-12-26T23:27:09.804518+00:00,Metadata Modification Time,FILE,NTFS USN change,i18n-notification-shared File reference: 142436-4 Parent file reference: 135289-6 Update source:  Update reason: USN_REASON_FILE_CREATE,usnjrnl,NTFS:\$Extend\$UsnJrnl:$J,-
2023-12-26T23:27:09.804518+00:00,Metadata Modification Time,FILE,NTFS USN change,i18n-notification-shared File reference: 142436-4 Parent file reference: 135289-6 Update source:  Update reason: USN_REASON_FILE_CREATE  USN_REASON_CLOSE,usnjrnl,NTFS:\$Extend\$UsnJrnl:$J,-
2023-12-26T23:27:09.804518+00:00,Metadata Modification Time,FILE,NTFS USN change,strings.json File reference: 142438-4 Parent file reference: 142437-4 Update source:  Update reason: USN_REASON_FILE_CREATE,usnjrnl,NTFS:\$Extend\$UsnJrnl:$J,-
2023-12-26T23:27:09.819074+00:00,Metadata Modification Time,FILE,NTFS USN change,strings.json File reference: 142438-4 Parent file reference: 142437-4 Update source:  Update reason: USN_REASON_DATA_EXTEND  USN_REASON_FILE_CREATE,usnjrnl,NTFS:\$Extend\$UsnJrnl:$J,-
2023-12-26T23:27:09.819074+00:00,Metadata Modification Time,FILE,NTFS USN change,strings.json File reference: 142438-4 Parent file reference: 142437-4 Update source:  Update reason: USN_REASON_DATA_EXTEND  USN_REASON_FILE_CREATE  USN_REASON_BASIC_INFO_CHANGE,usnjrnl,NTFS:\$Extend\$UsnJrnl:$J,-
2023-12-26T23:27:09.819074+00:00,Metadata Modification Time,FILE,NTFS USN change,strings.json File reference: 142438-4 Parent file reference: 142437-4 Update source:  Update reason: USN_REASON_DATA_EXTEND  USN_REASON_FILE_CREATE  USN_REASON_BASIC_INFO_CHANGE  USN_REASON_CLOSE,usnjrnl,NTFS:\$Extend\$UsnJrnl:$J,-
2023-12-26T23:27:09.821004+00:00,Metadata Modification Time,FILE,NTFS USN change,de File reference: 142490-7 Parent file reference: 142436-4 Update source:  Update reason: USN_REASON_FILE_CREATE,usnjrnl,NTFS:\$Extend\$UsnJrnl:$J,-
2023-12-26T23:27:09.821004+00:00,Metadata Modification Time,FILE,NTFS USN change,de File reference: 142490-7 Parent file reference: 142436-4 Update source:  Update reason: USN_REASON_FILE_CREATE  USN_REASON_CLOSE,usnjrnl,NTFS:\$Extend\$UsnJrnl:$J,-
2023-12-26T23:27:09.821004+00:00,Metadata Modification Time,FILE,NTFS USN change,el File reference: 142502-7 Parent file reference: 142436-4 Update source:  Update reason: USN_REASON_FILE_CREATE,usnjrnl,NTFS:\$Extend\$UsnJrnl:$J,-
2023-12-26T23:27:09.821004+00:00,Metadata Modification Time,FILE,NTFS USN change,el File reference: 142502-7 Parent file reference: 142436-4 Update source:  Update reason: USN_REASON_FILE_CREATE  USN_REASON_CLOSE,usnjrnl,NTFS:\$Extend\$UsnJrnl:$J,-
2023-12-26T23:27:09.821004+00:00,Metadata Modification Time,FILE,NTFS USN change,strings.json File reference: 142493-7 Parent file reference: 142490-7 Update source:  Update reason: USN_REASON_DATA_EXTEND  USN_REASON_FILE_CREATE,usnjrnl,NTFS:\$Extend\$UsnJrnl:$J,-
2023-12-26T23:27:09.821004+00:00,Metadata Modification Time,FILE,NTFS USN change,strings.json File reference: 142493-7 Parent file reference: 142490-7 Update source:  Update reason: USN_REASON_DATA_EXTEND  USN_REASON_FILE_CREATE  USN_REASON_BASIC_INFO_CHANGE,usnjrnl,NTFS:\$Extend\$UsnJrnl:$J,-
2023-12-26T23:27:09.821004+00:00,Metadata Modification Time,FILE,NTFS USN change,strings.json File reference: 142493-7 Parent file reference: 142490-7 Update source:  Update reason: USN_REASON_DATA_EXTEND  USN_REASON_FILE_CREATE  USN_REASON_BASIC_INFO_CHANGE  USN_REASON_CLOSE,usnjrnl,NTFS:\$Extend\$UsnJrnl:$J,-
2023-12-26T23:27:09.821004+00:00,Metadata Modification Time,FILE,NTFS USN change,strings.json File reference: 142493-7 Parent file reference: 142490-7 Update source:  Update reason: USN_REASON_FILE_CREATE,usnjrnl,NTFS:\$Extend\$UsnJrnl:$J,-
2023-12-26T23:27:09.837363+00:00,Metadata Modification Time,FILE,NTFS USN change,en-GB File reference: 142520-7 Parent file reference: 142436-4 Update source:  Update reason: USN_REASON_FILE_CREATE,usnjrnl,NTFS:\$Extend\$UsnJrnl:$J,-
2023-12-26T23:27:09.837363+00:00,Metadata Modification Time,FILE,NTFS USN change,en-GB File reference: 142520-7 Parent file reference: 142436-4 Update source:  Update reason: USN_REASON_FILE_CREATE  USN_REASON_CLOSE,usnjrnl,NTFS:\$Extend\$UsnJrnl:$J,-
2023-12-26T23:27:09.837363+00:00,Metadata Modification Time,FILE,NTFS USN change,strings.json File reference: 142503-4 Parent file reference: 142502-7 Update source:  Update reason: USN_REASON_DATA_EXTEND  USN_REASON_FILE_CREATE,usnjrnl,NTFS:\$Extend\$UsnJrnl:$J,-
2023-12-26T23:27:09.837363+00:00,Metadata Modification Time,FILE,NTFS USN change,strings.json File reference: 142503-4 Parent file reference: 142502-7 Update source:  Update reason: USN_REASON_DATA_EXTEND  USN_REASON_FILE_CREATE  USN_REASON_BASIC_INFO_CHANGE,usnjrnl,NTFS:\$Extend\$UsnJrnl:$J,-
2023-12-26T23:27:09.837363+00:00,Metadata Modification Time,FILE,NTFS USN change,strings.json File reference: 142503-4 Parent file reference: 142502-7 Update source:  Update reason: USN_REASON_DATA_EXTEND  USN_REASON_FILE_CREATE  USN_REASON_BASIC_INFO_CHANGE  USN_REASON_CLOSE,usnjrnl,NTFS:\$Extend\$UsnJrnl:$J,-
2023-12-26T23:27:09.837363+00:00,Metadata Modification Time,FILE,NTFS USN change,strings.json File reference: 142503-4 Parent file reference: 142502-7 Update source:  Update reason: USN_REASON_FILE_CREATE,usnjrnl,NTFS:\$Extend\$UsnJrnl:$J,-
2023-12-26T23:27:09.837363+00:00,Metadata Modification Time,FILE,NTFS USN change,strings.json File reference: 142572-4 Parent file reference: 142520-7 Update source:  Update reason: USN_REASON_DATA_EXTEND  USN_REASON_FILE_CREATE,usnjrnl,NTFS:\$Extend\$UsnJrnl:$J,-
2023-12-26T23:27:09.837363+00:00,Metadata Modification Time,FILE,NTFS USN change,strings.json File reference: 142572-4 Parent file reference: 142520-7 Update source:  Update reason: USN_REASON_DATA_EXTEND  USN_REASON_FILE_CREATE  USN_REASON_BASIC_INFO_CHANGE,usnjrnl,NTFS:\$Extend\$UsnJrnl:$J,-
2023-12-26T23:27:09.837363+00:00,Metadata Modification Time,FILE,NTFS USN change,strings.json File reference: 142572-4 Parent file reference: 142520-7 Update source:  Update reason: USN_REASON_DATA_EXTEND  USN_REASON_FILE_CREATE  USN_REASON_BASIC_INFO_CHANGE  USN_REASON_CLOSE,usnjrnl,NTFS:\$Extend\$UsnJrnl:$J,-
2023-12-26T23:27:09.837363+00:00,Metadata Modification Time,FILE,NTFS USN change,strings.json File reference: 142572-4 Parent file reference: 142520-7 Update source:  Update reason: USN_REASON_FILE_CREATE,usnjrnl,NTFS:\$Extend\$UsnJrnl:$J,-
2023-12-26T23:27:09.852939+00:00,Metadata Modification Time,FILE,NTFS USN change,es File reference: 142606-7 Parent file reference: 142436-4 Update source:  Update reason: USN_REASON_FILE_CREATE,usnjrnl,NTFS:\$Extend\$UsnJrnl:$J,-
2023-12-26T23:27:09.852939+00:00,Metadata Modification Time,FILE,NTFS USN change,es File reference: 142606-7 Parent file reference: 142436-4 Update source:  Update reason: USN_REASON_FILE_CREATE  USN_REASON_CLOSE,usnjrnl,NTFS:\$Extend\$UsnJrnl:$J,-
2023-12-26T23:27:09.852939+00:00,Metadata Modification Time,FILE,NTFS USN change,fi File reference: 142611-8 Parent file reference: 142436-4 Update source:  Update reason: USN_REASON_FILE_CREATE,usnjrnl,NTFS:\$Extend\$UsnJrnl:$J,-
2023-12-26T23:27:09.852939+00:00,Metadata Modification Time,FILE,NTFS USN change,strings.json File reference: 142610-4 Parent file reference: 142606-7 Update source:  Update reason: USN_REASON_DATA_EXTEND  USN_REASON_FILE_CREATE,usnjrnl,NTFS:\$Extend\$UsnJrnl:$J,-
2023-12-26T23:27:09.852939+00:00,Metadata Modification Time,FILE,NTFS USN change,strings.json File reference: 142610-4 Parent file reference: 142606-7 Update source:  Update reason: USN_REASON_DATA_EXTEND  USN_REASON_FILE_CREATE  USN_REASON_BASIC_INFO_CHANGE,usnjrnl,NTFS:\$Extend\$UsnJrnl:$J,-
2023-12-26T23:27:09.852939+00:00,Metadata Modification Time,FILE,NTFS USN change,strings.json File reference: 142610-4 Parent file reference: 142606-7 Update source:  Update reason: USN_REASON_DATA_EXTEND  USN_REASON_FILE_CREATE  USN_REASON_BASIC_INFO_CHANGE  USN_REASON_CLOSE,usnjrnl,NTFS:\$Extend\$UsnJrnl:$J,-
2023-12-26T23:27:09.852939+00:00,Metadata Modification Time,FILE,NTFS USN change,strings.json File reference: 142610-4 Parent file reference: 142606-7 Update source:  Update reason: USN_REASON_FILE_CREATE,usnjrnl,NTFS:\$Extend\$UsnJrnl:$J,-
2023-12-26T23:27:09.869061+00:00,Metadata Modification Time,FILE,NTFS USN change,fi File reference: 142611-8 Parent file reference: 142436-4 Update source:  Update reason: USN_REASON_FILE_CREATE  USN_REASON_CLOSE,usnjrnl,NTFS:\$Extend\$UsnJrnl:$J,-
2023-12-26T23:27:09.869061+00:00,Metadata Modification Time,FILE,NTFS USN change,fr File reference: 142766-4 Parent file reference: 142436-4 Update source:  Update reason: USN_REASON_FILE_CREATE,usnjrnl,NTFS:\$Extend\$UsnJrnl:$J,-
2023-12-26T23:27:09.869061+00:00,Metadata Modification Time,FILE,NTFS USN change,fr File reference: 142766-4 Parent file reference: 142436-4 Update source:  Update reason: USN_REASON_FILE_CREATE  USN_REASON_CLOSE,usnjrnl,NTFS:\$Extend\$UsnJrnl:$J,-
2023-12-26T23:27:09.869061+00:00,Metadata Modification Time,FILE,NTFS USN change,fr-CA File reference: 142767-4 Parent file reference: 142436-4 Update source:  Update reason: USN_REASON_FILE_CREATE,usnjrnl,NTFS:\$Extend\$UsnJrnl:$J,-
2023-12-26T23:27:09.869061+00:00,Metadata Modification Time,FILE,NTFS USN change,fr-CA File reference: 142767-4 Parent file reference: 142436-4 Update source:  Update reason: USN_REASON_FILE_CREATE  USN_REASON_CLOSE,usnjrnl,NTFS:\$Extend\$UsnJrnl:$J,-
2023-12-26T23:27:09.869061+00:00,Metadata Modification Time,FILE,NTFS USN change,strings.json File reference: 142765-4 Parent file reference: 142611-8 Update source:  Update reason: USN_REASON_DATA_EXTEND  USN_REASON_FILE_CREATE,usnjrnl,NTFS:\$Extend\$UsnJrnl:$J,-
2023-12-26T23:27:09.869061+00:00,Metadata Modification Time,FILE,NTFS USN change,strings.json File reference: 142765-4 Parent file reference: 142611-8 Update source:  Update reason: USN_REASON_DATA_EXTEND  USN_REASON_FILE_CREATE  USN_REASON_BASIC_INFO_CHANGE,usnjrnl,NTFS:\$Extend\$UsnJrnl:$J,-
2023-12-26T23:27:09.869061+00:00,Metadata Modification Time,FILE,NTFS USN change,strings.json File reference: 142765-4 Parent file reference: 142611-8 Update source:  Update reason: USN_REASON_DATA_EXTEND  USN_REASON_FILE_CREATE  USN_REASON_BASIC_INFO_CHANGE  USN_REASON_CLOSE,usnjrnl,NTFS:\$Extend\$UsnJrnl:$J,-
2023-12-26T23:27:09.869061+00:00,Metadata Modification Time,FILE,NTFS USN change,strings.json File reference: 142765-4 Parent file reference: 142611-8 Update source:  Update reason: USN_REASON_FILE_CREATE,usnjrnl,NTFS:\$Extend\$UsnJrnl:$J,-
2023-12-26T23:27:09.884429+00:00,Metadata Modification Time,FILE,NTFS USN change,id File reference: 142770-4 Parent file reference: 142436-4 Update source:  Update reason: USN_REASON_FILE_CREATE,usnjrnl,NTFS:\$Extend\$UsnJrnl:$J,-
2023-12-26T23:27:09.884429+00:00,Metadata Modification Time,FILE,NTFS USN change,id File reference: 142770-4 Parent file reference: 142436-4 Update source:  Update reason: USN_REASON_FILE_CREATE  USN_REASON_CLOSE,usnjrnl,NTFS:\$Extend\$UsnJrnl:$J,-
2023-12-26T23:27:09.884429+00:00,Metadata Modification Time,FILE,NTFS USN change,strings.json File reference: 142768-4 Parent file reference: 142767-4 Update source:  Update reason: USN_REASON_DATA_EXTEND  USN_REASON_FILE_CREATE,usnjrnl,NTFS:\$Extend\$UsnJrnl:$J,-
2023-12-26T23:27:09.884429+00:00,Metadata Modification Time,FILE,NTFS USN change,strings.json File reference: 142768-4 Parent file reference: 142767-4 Update source:  Update reason: USN_REASON_DATA_EXTEND  USN_REASON_FILE_CREATE  USN_REASON_BASIC_INFO_CHANGE,usnjrnl,NTFS:\$Extend\$UsnJrnl:$J,-
2023-12-26T23:27:09.884429+00:00,Metadata Modification Time,FILE,NTFS USN change,strings.json File reference: 142768-4 Parent file reference: 142767-4 Update source:  Update reason: USN_REASON_DATA_EXTEND  USN_REASON_FILE_CREATE  USN_REASON_BASIC_INFO_CHANGE  USN_REASON_CLOSE,usnjrnl,NTFS:\$Extend\$UsnJrnl:$J,-
2023-12-26T23:27:09.884429+00:00,Metadata Modification Time,FILE,NTFS USN change,strings.json File reference: 142768-4 Parent file reference: 142767-4 Update source:  Update reason: USN_REASON_FILE_CREATE,usnjrnl,NTFS:\$Extend\$UsnJrnl:$J,-
2023-12-26T23:27:09.884429+00:00,Metadata Modification Time,FILE,NTFS USN change,strings.json File reference: 142769-4 Parent file reference: 142766-4 Update source:  Update reason: USN_REASON_DATA_EXTEND  USN_REASON_FILE_CREATE,usnjrnl,NTFS:\$Extend\$UsnJrnl:$J,-
2023-12-26T23:27:09.884429+00:00,Metadata Modification Time,FILE,NTFS USN change,strings.json File reference: 142769-4 Parent file reference: 142766-4 Update source:  Update reason: USN_REASON_DATA_EXTEND  USN_REASON_FILE_CREATE  USN_REASON_BASIC_INFO_CHANGE,usnjrnl,NTFS:\$Extend\$UsnJrnl:$J,-
2023-12-26T23:27:09.884429+00:00,Metadata Modification Time,FILE,NTFS USN change,strings.json File reference: 142769-4 Parent file reference: 142766-4 Update source:  Update reason: USN_REASON_DATA_EXTEND  USN_REASON_FILE_CREATE  USN_REASON_BASIC_INFO_CHANGE  USN_REASON_CLOSE,usnjrnl,NTFS:\$Extend\$UsnJrnl:$J,-
2023-12-26T23:27:09.884429+00:00,Metadata Modification Time,FILE,NTFS USN change,strings.json File reference: 142769-4 Parent file reference: 142766-4 Update source:  Update reason: USN_REASON_FILE_CREATE,usnjrnl,NTFS:\$Extend\$UsnJrnl:$J,-
2023-12-26T23:27:09.915483+00:00,Metadata Modification Time,FILE,NTFS USN change,it File reference: 143059-7 Parent file reference: 142436-4 Update source:  Update reason: USN_REASON_FILE_CREATE,usnjrnl,NTFS:\$Extend\$UsnJrnl:$J,-
2023-12-26T23:27:09.915483+00:00,Metadata Modification Time,FILE,NTFS USN change,it File reference: 143059-7 Parent file reference: 142436-4 Update source:  Update reason: USN_REASON_FILE_CREATE  USN_REASON_CLOSE,usnjrnl,NTFS:\$Extend\$UsnJrnl:$J,-
2023-12-26T23:27:09.915483+00:00,Metadata Modification Time,FILE,NTFS USN change,strings.json File reference: 142771-4 Parent file reference: 142770-4 Update source:  Update reason: USN_REASON_DATA_EXTEND  USN_REASON_FILE_CREATE,usnjrnl,NTFS:\$Extend\$UsnJrnl:$J,-
2023-12-26T23:27:09.915483+00:00,Metadata Modification Time,FILE,NTFS USN change,strings.json File reference: 142771-4 Parent file reference: 142770-4 Update source:  Update reason: USN_REASON_DATA_EXTEND  USN_REASON_FILE_CREATE  USN_REASON_BASIC_INFO_CHANGE,usnjrnl,NTFS:\$Extend\$UsnJrnl:$J,-
2023-12-26T23:27:09.915483+00:00,Metadata Modification Time,FILE,NTFS USN change,strings.json File reference: 142771-4 Parent file reference: 142770-4 Update source:  Update reason: USN_REASON_DATA_EXTEND  USN_REASON_FILE_CREATE  USN_REASON_BASIC_INFO_CHANGE  USN_REASON_CLOSE,usnjrnl,NTFS:\$Extend\$UsnJrnl:$J,-
2023-12-26T23:27:09.915483+00:00,Metadata Modification Time,FILE,NTFS USN change,strings.json File reference: 142771-4 Parent file reference: 142770-4 Update source:  Update reason: USN_REASON_FILE_CREATE,usnjrnl,NTFS:\$Extend\$UsnJrnl:$J,-
2023-12-26T23:27:09.931060+00:00,Metadata Modification Time,FILE,NTFS USN change,ja File reference: 143164-8 Parent file reference: 142436-4 Update source:  Update reason: USN_REASON_FILE_CREATE,usnjrnl,NTFS:\$Extend\$UsnJrnl:$J,-
2023-12-26T23:27:09.931060+00:00,Metadata Modification Time,FILE,NTFS USN change,ja File reference: 143164-8 Parent file reference: 142436-4 Update source:  Update reason: USN_REASON_FILE_CREATE  USN_REASON_CLOSE,usnjrnl,NTFS:\$Extend\$UsnJrnl:$J,-
2023-12-26T23:27:09.931060+00:00,Metadata Modification Time,FILE,NTFS USN change,strings.json File reference: 143163-9 Parent file reference: 143059-7 Update source:  Update reason: USN_REASON_DATA_EXTEND  USN_REASON_FILE_CREATE,usnjrnl,NTFS:\$Extend\$UsnJrnl:$J,-
2023-12-26T23:27:09.931060+00:00,Metadata Modification Time,FILE,NTFS USN change,strings.json File reference: 143163-9 Parent file reference: 143059-7 Update source:  Update reason: USN_REASON_DATA_EXTEND  USN_REASON_FILE_CREATE  USN_REASON_BASIC_INFO_CHANGE,usnjrnl,NTFS:\$Extend\$UsnJrnl:$J,-
2023-12-26T23:27:09.931060+00:00,Metadata Modification Time,FILE,NTFS USN change,strings.json File reference: 143163-9 Parent file reference: 143059-7 Update source:  Update reason: USN_REASON_DATA_EXTEND  USN_REASON_FILE_CREATE  USN_REASON_BASIC_INFO_CHANGE  USN_REASON_CLOSE,usnjrnl,NTFS:\$Extend\$UsnJrnl:$J,-
2023-12-26T23:27:09.931060+00:00,Metadata Modification Time,FILE,NTFS USN change,strings.json File reference: 143163-9 Parent file reference: 143059-7 Update source:  Update reason: USN_REASON_FILE_CREATE,usnjrnl,NTFS:\$Extend\$UsnJrnl:$J,-
2023-12-26T23:27:09.946573+00:00,Metadata Modification Time,FILE,NTFS USN change,ko File reference: 143178-5 Parent file reference: 142436-4 Update source:  Update reason: USN_REASON_FILE_CREATE,usnjrnl,NTFS:\$Extend\$UsnJrnl:$J,-
2023-12-26T23:27:09.946573+00:00,Metadata Modification Time,FILE,NTFS USN change,ko File reference: 143178-5 Parent file reference: 142436-4 Update source:  Update reason: USN_REASON_FILE_CREATE  USN_REASON_CLOSE,usnjrnl,NTFS:\$Extend\$UsnJrnl:$J,-
2023-12-26T23:27:09.946573+00:00,Metadata Modification Time,FILE,NTFS USN change,strings.json File reference: 143169-4 Parent file reference: 143164-8 Update source:  Update reason: USN_REASON_DATA_EXTEND  USN_REASON_FILE_CREATE,usnjrnl,NTFS:\$Extend\$UsnJrnl:$J,-
2023-12-26T23:27:09.946573+00:00,Metadata Modification Time,FILE,NTFS USN change,strings.json File reference: 143169-4 Parent file reference: 143164-8 Update source:  Update reason: USN_REASON_DATA_EXTEND  USN_REASON_FILE_CREATE  USN_REASON_BASIC_INFO_CHANGE,usnjrnl,NTFS:\$Extend\$UsnJrnl:$J,-
2023-12-26T23:27:09.946573+00:00,Metadata Modification Time,FILE,NTFS USN change,strings.json File reference: 143169-4 Parent file reference: 143164-8 Update source:  Update reason: USN_REASON_DATA_EXTEND  USN_REASON_FILE_CREATE  USN_REASON_BASIC_INFO_CHANGE  USN_REASON_CLOSE,usnjrnl,NTFS:\$Extend\$UsnJrnl:$J,-
2023-12-26T23:27:09.946573+00:00,Metadata Modification Time,FILE,NTFS USN change,strings.json File reference: 143169-4 Parent file reference: 143164-8 Update source:  Update reason: USN_REASON_FILE_CREATE,usnjrnl,NTFS:\$Extend\$UsnJrnl:$J,-
2023-12-26T23:27:09.946573+00:00,Metadata Modification Time,FILE,NTFS USN change,strings.json File reference: 143220-7 Parent file reference: 143178-5 Update source:  Update reason: USN_REASON_FILE_CREATE,usnjrnl,NTFS:\$Extend\$UsnJrnl:$J,-
2023-12-26T23:27:09.962206+00:00,Metadata Modification Time,FILE,NTFS USN change,nl File reference: 143236-7 Parent file reference: 142436-4 Update source:  Update reason: USN_REASON_FILE_CREATE,usnjrnl,NTFS:\$Extend\$UsnJrnl:$J,-
2023-12-26T23:27:09.962206+00:00,Metadata Modification Time,FILE,NTFS USN change,nl File reference: 143236-7 Parent file reference: 142436-4 Update source:  Update reason: USN_REASON_FILE_CREATE  USN_REASON_CLOSE,usnjrnl,NTFS:\$Extend\$UsnJrnl:$J,-
2023-12-26T23:27:09.962206+00:00,Metadata Modification Time,FILE,NTFS USN change,strings.json File reference: 143220-7 Parent file reference: 143178-5 Update source:  Update reason: USN_REASON_DATA_EXTEND  USN_REASON_FILE_CREATE,usnjrnl,NTFS:\$Extend\$UsnJrnl:$J,-
2023-12-26T23:27:09.962206+00:00,Metadata Modification Time,FILE,NTFS USN change,strings.json File reference: 143220-7 Parent file reference: 143178-5 Update source:  Update reason: USN_REASON_DATA_EXTEND  USN_REASON_FILE_CREATE  USN_REASON_BASIC_INFO_CHANGE,usnjrnl,NTFS:\$Extend\$UsnJrnl:$J,-
2023-12-26T23:27:09.962206+00:00,Metadata Modification Time,FILE,NTFS USN change,strings.json File reference: 143220-7 Parent file reference: 143178-5 Update source:  Update reason: USN_REASON_DATA_EXTEND  USN_REASON_FILE_CREATE  USN_REASON_BASIC_INFO_CHANGE  USN_REASON_CLOSE,usnjrnl,NTFS:\$Extend\$UsnJrnl:$J,-
2023-12-26T23:27:09.962206+00:00,Metadata Modification Time,FILE,NTFS USN change,strings.json File reference: 143247-7 Parent file reference: 143236-7 Update source:  Update reason: USN_REASON_FILE_CREATE,usnjrnl,NTFS:\$Extend\$UsnJrnl:$J,-
2023-12-26T23:27:09.978209+00:00,Metadata Modification Time,FILE,NTFS USN change,pt-BR File reference: 143253-4 Parent file reference: 142436-4 Update source:  Update reason: USN_REASON_FILE_CREATE,usnjrnl,NTFS:\$Extend\$UsnJrnl:$J,-
2023-12-26T23:27:09.978209+00:00,Metadata Modification Time,FILE,NTFS USN change,pt-BR File reference: 143253-4 Parent file reference: 142436-4 Update source:  Update reason: USN_REASON_FILE_CREATE  USN_REASON_CLOSE,usnjrnl,NTFS:\$Extend\$UsnJrnl:$J,-
2023-12-26T23:27:09.978209+00:00,Metadata Modification Time,FILE,NTFS USN change,strings.json File reference: 143247-7 Parent file reference: 143236-7 Update source:  Update reason: USN_REASON_DATA_EXTEND  USN_REASON_FILE_CREATE,usnjrnl,NTFS:\$Extend\$UsnJrnl:$J,-
2023-12-26T23:27:09.978209+00:00,Metadata Modification Time,FILE,NTFS USN change,strings.json File reference: 143247-7 Parent file reference: 143236-7 Update source:  Update reason: USN_REASON_DATA_EXTEND  USN_REASON_FILE_CREATE  USN_REASON_BASIC_INFO_CHANGE,usnjrnl,NTFS:\$Extend\$UsnJrnl:$J,-
2023-12-26T23:27:09.978209+00:00,Metadata Modification Time,FILE,NTFS USN change,strings.json File reference: 143247-7 Parent file reference: 143236-7 Update source:  Update reason: USN_REASON_DATA_EXTEND  USN_REASON_FILE_CREATE  USN_REASON_BASIC_INFO_CHANGE  USN_REASON_CLOSE,usnjrnl,NTFS:\$Extend\$UsnJrnl:$J,-
2023-12-26T23:27:09.993433+00:00,Metadata Modification Time,FILE,NTFS USN change,pt-PT File reference: 143267-8 Parent file reference: 142436-4 Update source:  Update reason: USN_REASON_FILE_CREATE,usnjrnl,NTFS:\$Extend\$UsnJrnl:$J,-
2023-12-26T23:27:09.993433+00:00,Metadata Modification Time,FILE,NTFS USN change,pt-PT File reference: 143267-8 Parent file reference: 142436-4 Update source:  Update reason: USN_REASON_FILE_CREATE  USN_REASON_CLOSE,usnjrnl,NTFS:\$Extend\$UsnJrnl:$J,-
2023-12-26T23:27:09.993433+00:00,Metadata Modification Time,FILE,NTFS USN change,strings.json File reference: 143254-4 Parent file reference: 143253-4 Update source:  Update reason: USN_REASON_DATA_EXTEND  USN_REASON_FILE_CREATE,usnjrnl,NTFS:\$Extend\$UsnJrnl:$J,-
2023-12-26T23:27:09.993433+00:00,Metadata Modification Time,FILE,NTFS USN change,strings.json File reference: 143254-4 Parent file reference: 143253-4 Update source:  Update reason: USN_REASON_DATA_EXTEND  USN_REASON_FILE_CREATE  USN_REASON_BASIC_INFO_CHANGE,usnjrnl,NTFS:\$Extend\$UsnJrnl:$J,-
2023-12-26T23:27:09.993433+00:00,Metadata Modification Time,FILE,NTFS USN change,strings.json File reference: 143254-4 Parent file reference: 143253-4 Update source:  Update reason: USN_REASON_DATA_EXTEND  USN_REASON_FILE_CREATE  USN_REASON_BASIC_INFO_CHANGE  USN_REASON_CLOSE,usnjrnl,NTFS:\$Extend\$UsnJrnl:$J,-
2023-12-26T23:27:09.993433+00:00,Metadata Modification Time,FILE,NTFS USN change,strings.json File reference: 143254-4 Parent file reference: 143253-4 Update source:  Update reason: USN_REASON_FILE_CREATE,usnjrnl,NTFS:\$Extend\$UsnJrnl:$J,-
2023-12-26T23:27:10.909180+00:00,Metadata Modification Time,FILE,NTFS USN change,ru File reference: 143289-7 Parent file reference: 142436-4 Update source:  Update reason: USN_REASON_FILE_CREATE,usnjrnl,NTFS:\$Extend\$UsnJrnl:$J,-
2023-12-26T23:27:10.909180+00:00,Metadata Modification Time,FILE,NTFS USN change,ru File reference: 143289-7 Parent file reference: 142436-4 Update source:  Update reason: USN_REASON_FILE_CREATE  USN_REASON_CLOSE,usnjrnl,NTFS:\$Extend\$UsnJrnl:$J,-
2023-12-26T23:27:10.909180+00:00,Metadata Modification Time,FILE,NTFS USN change,strings.json File reference: 143286-6 Parent file reference: 143267-8 Update source:  Update reason: USN_REASON_DATA_EXTEND  USN_REASON_FILE_CREATE,usnjrnl,NTFS:\$Extend\$UsnJrnl:$J,-
2023-12-26T23:27:10.909180+00:00,Metadata Modification Time,FILE,NTFS USN change,strings.json File reference: 143286-6 Parent file reference: 143267-8 Update source:  Update reason: USN_REASON_DATA_EXTEND  USN_REASON_FILE_CREATE  USN_REASON_BASIC_INFO_CHANGE,usnjrnl,NTFS:\$Extend\$UsnJrnl:$J,-
2023-12-26T23:27:10.909180+00:00,Metadata Modification Time,FILE,NTFS USN change,strings.json File reference: 143286-6 Parent file reference: 143267-8 Update source:  Update reason: USN_REASON_DATA_EXTEND  USN_REASON_FILE_CREATE  USN_REASON_BASIC_INFO_CHANGE  USN_REASON_CLOSE,usnjrnl,NTFS:\$Extend\$UsnJrnl:$J,-
2023-12-26T23:27:10.909180+00:00,Metadata Modification Time,FILE,NTFS USN change,strings.json File reference: 143286-6 Parent file reference: 143267-8 Update source:  Update reason: USN_REASON_FILE_CREATE,usnjrnl,NTFS:\$Extend\$UsnJrnl:$J,-
2023-12-26T23:27:10.267862+00:00,Metadata Modification Time,FILE,NTFS USN change,strings.json File reference: 143291-6 Parent file reference: 143289-7 Update source:  Update reason: USN_REASON_DATA_EXTEND  USN_REASON_FILE_CREATE,usnjrnl,NTFS:\$Extend\$UsnJrnl:$J,-
2023-12-26T23:27:10.267862+00:00,Metadata Modification Time,FILE,NTFS USN change,strings.json File reference: 143291-6 Parent file reference: 143289-7 Update source:  Update reason: USN_REASON_DATA_EXTEND  USN_REASON_FILE_CREATE  USN_REASON_BASIC_INFO_CHANGE,usnjrnl,NTFS:\$Extend\$UsnJrnl:$J,-
2023-12-26T23:27:10.267862+00:00,Metadata Modification Time,FILE,NTFS USN change,strings.json File reference: 143291-6 Parent file reference: 143289-7 Update source:  Update reason: USN_REASON_DATA_EXTEND  USN_REASON_FILE_CREATE  USN_REASON_BASIC_INFO_CHANGE  USN_REASON_CLOSE,usnjrnl,NTFS:\$Extend\$UsnJrnl:$J,-
2023-12-26T23:27:10.267862+00:00,Metadata Modification Time,FILE,NTFS USN change,strings.json File reference: 143291-6 Parent file reference: 143289-7 Update source:  Update reason: USN_REASON_FILE_CREATE,usnjrnl,NTFS:\$Extend\$UsnJrnl:$J,-
2023-12-26T23:27:10.267862+00:00,Metadata Modification Time,FILE,NTFS USN change,sv File reference: 143294-7 Parent file reference: 142436-4 Update source:  Update reason: USN_REASON_FILE_CREATE,usnjrnl,NTFS:\$Extend\$UsnJrnl:$J,-
2023-12-26T23:27:10.267862+00:00,Metadata Modification Time,FILE,NTFS USN change,sv File reference: 143294-7 Parent file reference: 142436-4 Update source:  Update reason: USN_REASON_FILE_CREATE  USN_REASON_CLOSE,usnjrnl,NTFS:\$Extend\$UsnJrnl:$J,-
2023-12-26T23:27:10.433074+00:00,Metadata Modification Time,FILE,NTFS USN change,strings.json File reference: 143299-7 Parent file reference: 143294-7 Update source:  Update reason: USN_REASON_DATA_EXTEND  USN_REASON_FILE_CREATE,usnjrnl,NTFS:\$Extend\$UsnJrnl:$J,-
2023-12-26T23:27:10.433074+00:00,Metadata Modification Time,FILE,NTFS USN change,strings.json File reference: 143299-7 Parent file reference: 143294-7 Update source:  Update reason: USN_REASON_DATA_EXTEND  USN_REASON_FILE_CREATE  USN_REASON_BASIC_INFO_CHANGE,usnjrnl,NTFS:\$Extend\$UsnJrnl:$J,-
2023-12-26T23:27:10.433074+00:00,Metadata Modification Time,FILE,NTFS USN change,strings.json File reference: 143299-7 Parent file reference: 143294-7 Update source:  Update reason: USN_REASON_DATA_EXTEND  USN_REASON_FILE_CREATE  USN_REASON_BASIC_INFO_CHANGE  USN_REASON_CLOSE,usnjrnl,NTFS:\$Extend\$UsnJrnl:$J,-
2023-12-26T23:27:10.433074+00:00,Metadata Modification Time,FILE,NTFS USN change,strings.json File reference: 143299-7 Parent file reference: 143294-7 Update source:  Update reason: USN_REASON_FILE_CREATE,usnjrnl,NTFS:\$Extend\$UsnJrnl:$J,-
2023-12-26T23:27:10.433074+00:00,Metadata Modification Time,FILE,NTFS USN change,strings.json File reference: 143323-7 Parent file reference: 143310-7 Update source:  Update reason: USN_REASON_DATA_EXTEND  USN_REASON_FILE_CREATE,usnjrnl,NTFS:\$Extend\$UsnJrnl:$J,-
2023-12-26T23:27:10.433074+00:00,Metadata Modification Time,FILE,NTFS USN change,strings.json File reference: 143323-7 Parent file reference: 143310-7 Update source:  Update reason: USN_REASON_DATA_EXTEND  USN_REASON_FILE_CREATE  USN_REASON_BASIC_INFO_CHANGE,usnjrnl,NTFS:\$Extend\$UsnJrnl:$J,-
2023-12-26T23:27:10.433074+00:00,Metadata Modification Time,FILE,NTFS USN change,strings.json File reference: 143323-7 Parent file reference: 143310-7 Update source:  Update reason: USN_REASON_DATA_EXTEND  USN_REASON_FILE_CREATE  USN_REASON_BASIC_INFO_CHANGE  USN_REASON_CLOSE,usnjrnl,NTFS:\$Extend\$UsnJrnl:$J,-
2023-12-26T23:27:10.433074+00:00,Metadata Modification Time,FILE,NTFS USN change,strings.json File reference: 143323-7 Parent file reference: 143310-7 Update source:  Update reason: USN_REASON_FILE_CREATE,usnjrnl,NTFS:\$Extend\$UsnJrnl:$J,-
2023-12-26T23:27:10.433074+00:00,Metadata Modification Time,FILE,NTFS USN change,zh-Hans File reference: 143310-7 Parent file reference: 142436-4 Update source:  Update reason: USN_REASON_FILE_CREATE,usnjrnl,NTFS:\$Extend\$UsnJrnl:$J,-
2023-12-26T23:27:10.433074+00:00,Metadata Modification Time,FILE,NTFS USN change,zh-Hans File reference: 143310-7 Parent file reference: 142436-4 Update source:  Update reason: USN_REASON_FILE_CREATE  USN_REASON_CLOSE,usnjrnl,NTFS:\$Extend\$UsnJrnl:$J,-
2023-12-26T23:27:10.601119+00:00,Metadata Modification Time,FILE,NTFS USN change,strings.json File reference: 143336-17 Parent file reference: 143335-14 Update source:  Update reason: USN_REASON_FILE_CREATE,usnjrnl,NTFS:\$Extend\$UsnJrnl:$J,-
2023-12-26T23:27:10.601119+00:00,Metadata Modification Time,FILE,NTFS USN change,zh-Hant File reference: 143335-14 Parent file reference: 142436-4 Update source:  Update reason: USN_REASON_FILE_CREATE,usnjrnl,NTFS:\$Extend\$UsnJrnl:$J,-
2023-12-26T23:27:10.601119+00:00,Metadata Modification Time,FILE,NTFS USN change,zh-Hant File reference: 143335-14 Parent file reference: 142436-4 Update source:  Update reason: USN_REASON_FILE_CREATE  USN_REASON_CLOSE,usnjrnl,NTFS:\$Extend\$UsnJrnl:$J,-
2023-12-26T23:27:10.770558+00:00,Metadata Modification Time,FILE,NTFS USN change,strings.json File reference: 143336-17 Parent file reference: 143335-14 Update source:  Update reason: USN_REASON_DATA_EXTEND  USN_REASON_FILE_CREATE,usnjrnl,NTFS:\$Extend\$UsnJrnl:$J,-
2023-12-26T23:27:10.770558+00:00,Metadata Modification Time,FILE,NTFS USN change,strings.json File reference: 143336-17 Parent file reference: 143335-14 Update source:  Update reason: USN_REASON_DATA_EXTEND  USN_REASON_FILE_CREATE  USN_REASON_BASIC_INFO_CHANGE,usnjrnl,NTFS:\$Extend\$UsnJrnl:$J,-
2023-12-26T23:27:10.770558+00:00,Metadata Modification Time,FILE,NTFS USN change,strings.json File reference: 143336-17 Parent file reference: 143335-14 Update source:  Update reason: USN_REASON_DATA_EXTEND  USN_REASON_FILE_CREATE  USN_REASON_BASIC_INFO_CHANGE  USN_REASON_CLOSE,usnjrnl,NTFS:\$Extend\$UsnJrnl:$J,-
2023-12-26T23:27:10.958422+00:00,Metadata Modification Time,FILE,NTFS USN change,ar File reference: 143345-6 Parent file reference: 142435-4 Update source:  Update reason: USN_REASON_FILE_CREATE,usnjrnl,NTFS:\$Extend\$UsnJrnl:$J,-
2023-12-26T23:27:10.958422+00:00,Metadata Modification Time,FILE,NTFS USN change,ar File reference: 143345-6 Parent file reference: 142435-4 Update source:  Update reason: USN_REASON_FILE_CREATE  USN_REASON_CLOSE,usnjrnl,NTFS:\$Extend\$UsnJrnl:$J,-
2023-12-26T23:27:10.112266+00:00,Metadata Modification Time,FILE,NTFS USN change,de File reference: 143362-7 Parent file reference: 142435-4 Update source:  Update reason: USN_REASON_FILE_CREATE,usnjrnl,NTFS:\$Extend\$UsnJrnl:$J,-
2023-12-26T23:27:10.112266+00:00,Metadata Modification Time,FILE,NTFS USN change,de File reference: 143362-7 Parent file reference: 142435-4 Update source:  Update reason: USN_REASON_FILE_CREATE  USN_REASON_CLOSE,usnjrnl,NTFS:\$Extend\$UsnJrnl:$J,-
2023-12-26T23:27:10.112266+00:00,Metadata Modification Time,FILE,NTFS USN change,strings.json File reference: 143350-4 Parent file reference: 143345-6 Update source:  Update reason: USN_REASON_DATA_EXTEND  USN_REASON_FILE_CREATE,usnjrnl,NTFS:\$Extend\$UsnJrnl:$J,-
2023-12-26T23:27:10.112266+00:00,Metadata Modification Time,FILE,NTFS USN change,strings.json File reference: 143350-4 Parent file reference: 143345-6 Update source:  Update reason: USN_REASON_DATA_EXTEND  USN_REASON_FILE_CREATE  USN_REASON_BASIC_INFO_CHANGE,usnjrnl,NTFS:\$Extend\$UsnJrnl:$J,-
2023-12-26T23:27:10.112266+00:00,Metadata Modification Time,FILE,NTFS USN change,strings.json File reference: 143350-4 Parent file reference: 143345-6 Update source:  Update reason: USN_REASON_DATA_EXTEND  USN_REASON_FILE_CREATE  USN_REASON_BASIC_INFO_CHANGE  USN_REASON_CLOSE,usnjrnl,NTFS:\$Extend\$UsnJrnl:$J,-
2023-12-26T23:27:10.112266+00:00,Metadata Modification Time,FILE,NTFS USN change,strings.json File reference: 143350-4 Parent file reference: 143345-6 Update source:  Update reason: USN_REASON_FILE_CREATE,usnjrnl,NTFS:\$Extend\$UsnJrnl:$J,-
2023-12-26T23:27:10.112266+00:00,Metadata Modification Time,FILE,NTFS USN change,strings.json File reference: 143363-9 Parent file reference: 143362-7 Update source:  Update reason: USN_REASON_DATA_EXTEND  USN_REASON_FILE_CREATE,usnjrnl,NTFS:\$Extend\$UsnJrnl:$J,-
2023-12-26T23:27:10.112266+00:00,Metadata Modification Time,FILE,NTFS USN change,strings.json File reference: 143363-9 Parent file reference: 143362-7 Update source:  Update reason: USN_REASON_DATA_EXTEND  USN_REASON_FILE_CREATE  USN_REASON_BASIC_INFO_CHANGE,usnjrnl,NTFS:\$Extend\$UsnJrnl:$J,-
2023-12-26T23:27:10.112266+00:00,Metadata Modification Time,FILE,NTFS USN change,strings.json File reference: 143363-9 Parent file reference: 143362-7 Update source:  Update reason: USN_REASON_DATA_EXTEND  USN_REASON_FILE_CREATE  USN_REASON_BASIC_INFO_CHANGE  USN_REASON_CLOSE,usnjrnl,NTFS:\$Extend\$UsnJrnl:$J,-
2023-12-26T23:27:10.112266+00:00,Metadata Modification Time,FILE,NTFS USN change,strings.json File reference: 143363-9 Parent file reference: 143362-7 Update source:  Update reason: USN_REASON_FILE_CREATE,usnjrnl,NTFS:\$Extend\$UsnJrnl:$J,-
2023-12-26T23:27:10.129170+00:00,Metadata Modification Time,FILE,NTFS USN change,el File reference: 143364-4 Parent file reference: 142435-4 Update source:  Update reason: USN_REASON_FILE_CREATE,usnjrnl,NTFS:\$Extend\$UsnJrnl:$J,-
2023-12-26T23:27:10.129170+00:00,Metadata Modification Time,FILE,NTFS USN change,el File reference: 143364-4 Parent file reference: 142435-4 Update source:  Update reason: USN_REASON_FILE_CREATE  USN_REASON_CLOSE,usnjrnl,NTFS:\$Extend\$UsnJrnl:$J,-
2023-12-26T23:27:10.129170+00:00,Metadata Modification Time,FILE,NTFS USN change,en-GB File reference: 143384-10 Parent file reference: 142435-4 Update source:  Update reason: USN_REASON_FILE_CREATE,usnjrnl,NTFS:\$Extend\$UsnJrnl:$J,-
2023-12-26T23:27:10.129170+00:00,Metadata Modification Time,FILE,NTFS USN change,en-GB File reference: 143384-10 Parent file reference: 142435-4 Update source:  Update reason: USN_REASON_FILE_CREATE  USN_REASON_CLOSE,usnjrnl,NTFS:\$Extend\$UsnJrnl:$J,-
2023-12-26T23:27:10.129170+00:00,Metadata Modification Time,FILE,NTFS USN change,strings.json File reference: 143365-7 Parent file reference: 143364-4 Update source:  Update reason: USN_REASON_DATA_EXTEND  USN_REASON_FILE_CREATE,usnjrnl,NTFS:\$Extend\$UsnJrnl:$J,-
2023-12-26T23:27:10.129170+00:00,Metadata Modification Time,FILE,NTFS USN change,strings.json File reference: 143365-7 Parent file reference: 143364-4 Update source:  Update reason: USN_REASON_DATA_EXTEND  USN_REASON_FILE_CREATE  USN_REASON_BASIC_INFO_CHANGE,usnjrnl,NTFS:\$Extend\$UsnJrnl:$J,-
2023-12-26T23:27:10.129170+00:00,Metadata Modification Time,FILE,NTFS USN change,strings.json File reference: 143365-7 Parent file reference: 143364-4 Update source:  Update reason: USN_REASON_DATA_EXTEND  USN_REASON_FILE_CREATE  USN_REASON_BASIC_INFO_CHANGE  USN_REASON_CLOSE,usnjrnl,NTFS:\$Extend\$UsnJrnl:$J,-
2023-12-26T23:27:10.129170+00:00,Metadata Modification Time,FILE,NTFS USN change,strings.json File reference: 143365-7 Parent file reference: 143364-4 Update source:  Update reason: USN_REASON_FILE_CREATE,usnjrnl,NTFS:\$Extend\$UsnJrnl:$J,-
2023-12-26T23:27:10.145672+00:00,Metadata Modification Time,FILE,NTFS USN change,es File reference: 143448-13 Parent file reference: 142435-4 Update source:  Update reason: USN_REASON_FILE_CREATE,usnjrnl,NTFS:\$Extend\$UsnJrnl:$J,-
2023-12-26T23:27:10.145672+00:00,Metadata Modification Time,FILE,NTFS USN change,es File reference: 143448-13 Parent file reference: 142435-4 Update source:  Update reason: USN_REASON_FILE_CREATE  USN_REASON_CLOSE,usnjrnl,NTFS:\$Extend\$UsnJrnl:$J,-
2023-12-26T23:27:10.145672+00:00,Metadata Modification Time,FILE,NTFS USN change,fi File reference: 143450-4 Parent file reference: 142435-4 Update source:  Update reason: USN_REASON_FILE_CREATE,usnjrnl,NTFS:\$Extend\$UsnJrnl:$J,-
2023-12-26T23:27:10.145672+00:00,Metadata Modification Time,FILE,NTFS USN change,fi File reference: 143450-4 Parent file reference: 142435-4 Update source:  Update reason: USN_REASON_FILE_CREATE  USN_REASON_CLOSE,usnjrnl,NTFS:\$Extend\$UsnJrnl:$J,-
2023-12-26T23:27:10.145672+00:00,Metadata Modification Time,FILE,NTFS USN change,strings.json File reference: 143435-7 Parent file reference: 143384-10 Update source:  Update reason: USN_REASON_DATA_EXTEND  USN_REASON_FILE_CREATE,usnjrnl,NTFS:\$Extend\$UsnJrnl:$J,-
2023-12-26T23:27:10.145672+00:00,Metadata Modification Time,FILE,NTFS USN change,strings.json File reference: 143435-7 Parent file reference: 143384-10 Update source:  Update reason: USN_REASON_DATA_EXTEND  USN_REASON_FILE_CREATE  USN_REASON_BASIC_INFO_CHANGE,usnjrnl,NTFS:\$Extend\$UsnJrnl:$J,-
2023-12-26T23:27:10.145672+00:00,Metadata Modification Time,FILE,NTFS USN change,strings.json File reference: 143435-7 Parent file reference: 143384-10 Update source:  Update reason: USN_REASON_DATA_EXTEND  USN_REASON_FILE_CREATE  USN_REASON_BASIC_INFO_CHANGE  USN_REASON_CLOSE,usnjrnl,NTFS:\$Extend\$UsnJrnl:$J,-
2023-12-26T23:27:10.145672+00:00,Metadata Modification Time,FILE,NTFS USN change,strings.json File reference: 143435-7 Parent file reference: 143384-10 Update source:  Update reason: USN_REASON_FILE_CREATE,usnjrnl,NTFS:\$Extend\$UsnJrnl:$J,-
2023-12-26T23:27:10.145672+00:00,Metadata Modification Time,FILE,NTFS USN change,strings.json File reference: 143449-4 Parent file reference: 143448-13 Update source:  Update reason: USN_REASON_DATA_EXTEND  USN_REASON_FILE_CREATE,usnjrnl,NTFS:\$Extend\$UsnJrnl:$J,-
2023-12-26T23:27:10.145672+00:00,Metadata Modification Time,FILE,NTFS USN change,strings.json File reference: 143449-4 Parent file reference: 143448-13 Update source:  Update reason: USN_REASON_DATA_EXTEND  USN_REASON_FILE_CREATE  USN_REASON_BASIC_INFO_CHANGE,usnjrnl,NTFS:\$Extend\$UsnJrnl:$J,-
2023-12-26T23:27:10.145672+00:00,Metadata Modification Time,FILE,NTFS USN change,strings.json File reference: 143449-4 Parent file reference: 143448-13 Update source:  Update reason: USN_REASON_DATA_EXTEND  USN_REASON_FILE_CREATE  USN_REASON_BASIC_INFO_CHANGE  USN_REASON_CLOSE,usnjrnl,NTFS:\$Extend\$UsnJrnl:$J,-
2023-12-26T23:27:10.145672+00:00,Metadata Modification Time,FILE,NTFS USN change,strings.json File reference: 143449-4 Parent file reference: 143448-13 Update source:  Update reason: USN_REASON_FILE_CREATE,usnjrnl,NTFS:\$Extend\$UsnJrnl:$J,-
2023-12-26T23:27:10.162034+00:00,Metadata Modification Time,FILE,NTFS USN change,fr File reference: 143460-7 Parent file reference: 142435-4 Update source:  Update reason: USN_REASON_FILE_CREATE,usnjrnl,NTFS:\$Extend\$UsnJrnl:$J,-
2023-12-26T23:27:10.162034+00:00,Metadata Modification Time,FILE,NTFS USN change,fr File reference: 143460-7 Parent file reference: 142435-4 Update source:  Update reason: USN_REASON_FILE_CREATE  USN_REASON_CLOSE,usnjrnl,NTFS:\$Extend\$UsnJrnl:$J,-
2023-12-26T23:27:10.162034+00:00,Metadata Modification Time,FILE,NTFS USN change,fr-CA File reference: 143461-4 Parent file reference: 142435-4 Update source:  Update reason: USN_REASON_FILE_CREATE,usnjrnl,NTFS:\$Extend\$UsnJrnl:$J,-
2023-12-26T23:27:10.162034+00:00,Metadata Modification Time,FILE,NTFS USN change,fr-CA File reference: 143461-4 Parent file reference: 142435-4 Update source:  Update reason: USN_REASON_FILE_CREATE  USN_REASON_CLOSE,usnjrnl,NTFS:\$Extend\$UsnJrnl:$J,-
2023-12-26T23:27:10.162034+00:00,Metadata Modification Time,FILE,NTFS USN change,strings.json File reference: 143455-8 Parent file reference: 143450-4 Update source:  Update reason: USN_REASON_DATA_EXTEND  USN_REASON_FILE_CREATE,usnjrnl,NTFS:\$Extend\$UsnJrnl:$J,-
2023-12-26T23:27:10.162034+00:00,Metadata Modification Time,FILE,NTFS USN change,strings.json File reference: 143455-8 Parent file reference: 143450-4 Update source:  Update reason: USN_REASON_DATA_EXTEND  USN_REASON_FILE_CREATE  USN_REASON_BASIC_INFO_CHANGE,usnjrnl,NTFS:\$Extend\$UsnJrnl:$J,-
2023-12-26T23:27:10.162034+00:00,Metadata Modification Time,FILE,NTFS USN change,strings.json File reference: 143455-8 Parent file reference: 143450-4 Update source:  Update reason: USN_REASON_DATA_EXTEND  USN_REASON_FILE_CREATE  USN_REASON_BASIC_INFO_CHANGE  USN_REASON_CLOSE,usnjrnl,NTFS:\$Extend\$UsnJrnl:$J,-
2023-12-26T23:27:10.162034+00:00,Metadata Modification Time,FILE,NTFS USN change,strings.json File reference: 143455-8 Parent file reference: 143450-4 Update source:  Update reason: USN_REASON_FILE_CREATE,usnjrnl,NTFS:\$Extend\$UsnJrnl:$J,-
2023-12-26T23:27:10.177962+00:00,Metadata Modification Time,FILE,NTFS USN change,strings.json File reference: 143462-4 Parent file reference: 143461-4 Update source:  Update reason: USN_REASON_DATA_EXTEND  USN_REASON_FILE_CREATE,usnjrnl,NTFS:\$Extend\$UsnJrnl:$J,-
2023-12-26T23:27:10.177962+00:00,Metadata Modification Time,FILE,NTFS USN change,strings.json File reference: 143462-4 Parent file reference: 143461-4 Update source:  Update reason: USN_REASON_DATA_EXTEND  USN_REASON_FILE_CREATE  USN_REASON_BASIC_INFO_CHANGE,usnjrnl,NTFS:\$Extend\$UsnJrnl:$J,-
2023-12-26T23:27:10.177962+00:00,Metadata Modification Time,FILE,NTFS USN change,strings.json File reference: 143462-4 Parent file reference: 143461-4 Update source:  Update reason: USN_REASON_DATA_EXTEND  USN_REASON_FILE_CREATE  USN_REASON_BASIC_INFO_CHANGE  USN_REASON_CLOSE,usnjrnl,NTFS:\$Extend\$UsnJrnl:$J,-
2023-12-26T23:27:10.177962+00:00,Metadata Modification Time,FILE,NTFS USN change,strings.json File reference: 143462-4 Parent file reference: 143461-4 Update source:  Update reason: USN_REASON_FILE_CREATE,usnjrnl,NTFS:\$Extend\$UsnJrnl:$J,-
2023-12-26T23:27:10.177962+00:00,Metadata Modification Time,FILE,NTFS USN change,strings.json File reference: 143463-4 Parent file reference: 143460-7 Update source:  Update reason: USN_REASON_DATA_EXTEND  USN_REASON_FILE_CREATE,usnjrnl,NTFS:\$Extend\$UsnJrnl:$J,-
2023-12-26T23:27:10.177962+00:00,Metadata Modification Time,FILE,NTFS USN change,strings.json File reference: 143463-4 Parent file reference: 143460-7 Update source:  Update reason: USN_REASON_DATA_EXTEND  USN_REASON_FILE_CREATE  USN_REASON_BASIC_INFO_CHANGE,usnjrnl,NTFS:\$Extend\$UsnJrnl:$J,-
2023-12-26T23:27:10.177962+00:00,Metadata Modification Time,FILE,NTFS USN change,strings.json File reference: 143463-4 Parent file reference: 143460-7 Update source:  Update reason: USN_REASON_DATA_EXTEND  USN_REASON_FILE_CREATE  USN_REASON_BASIC_INFO_CHANGE  USN_REASON_CLOSE,usnjrnl,NTFS:\$Extend\$UsnJrnl:$J,-
2023-12-26T23:27:10.177962+00:00,Metadata Modification Time,FILE,NTFS USN change,strings.json File reference: 143463-4 Parent file reference: 143460-7 Update source:  Update reason: USN_REASON_FILE_CREATE,usnjrnl,NTFS:\$Extend\$UsnJrnl:$J,-
2023-12-26T23:27:10.193345+00:00,Metadata Modification Time,FILE,NTFS USN change,id File reference: 143465-4 Parent file reference: 142435-4 Update source:  Update reason: USN_REASON_FILE_CREATE,usnjrnl,NTFS:\$Extend\$UsnJrnl:$J,-
2023-12-26T23:27:10.193345+00:00,Metadata Modification Time,FILE,NTFS USN change,id File reference: 143465-4 Parent file reference: 142435-4 Update source:  Update reason: USN_REASON_FILE_CREATE  USN_REASON_CLOSE,usnjrnl,NTFS:\$Extend\$UsnJrnl:$J,-
2023-12-26T23:27:10.193345+00:00,Metadata Modification Time,FILE,NTFS USN change,it File reference: 143537-4 Parent file reference: 142435-4 Update source:  Update reason: USN_REASON_FILE_CREATE,usnjrnl,NTFS:\$Extend\$UsnJrnl:$J,-
2023-12-26T23:27:10.193345+00:00,Metadata Modification Time,FILE,NTFS USN change,it File reference: 143537-4 Parent file reference: 142435-4 Update source:  Update reason: USN_REASON_FILE_CREATE  USN_REASON_CLOSE,usnjrnl,NTFS:\$Extend\$UsnJrnl:$J,-
2023-12-26T23:27:10.193345+00:00,Metadata Modification Time,FILE,NTFS USN change,strings.json File reference: 143466-7 Parent file reference: 143465-4 Update source:  Update reason: USN_REASON_DATA_EXTEND  USN_REASON_FILE_CREATE,usnjrnl,NTFS:\$Extend\$UsnJrnl:$J,-
2023-12-26T23:27:10.193345+00:00,Metadata Modification Time,FILE,NTFS USN change,strings.json File reference: 143466-7 Parent file reference: 143465-4 Update source:  Update reason: USN_REASON_DATA_EXTEND  USN_REASON_FILE_CREATE  USN_REASON_BASIC_INFO_CHANGE,usnjrnl,NTFS:\$Extend\$UsnJrnl:$J,-
2023-12-26T23:27:10.193345+00:00,Metadata Modification Time,FILE,NTFS USN change,strings.json File reference: 143466-7 Parent file reference: 143465-4 Update source:  Update reason: USN_REASON_DATA_EXTEND  USN_REASON_FILE_CREATE  USN_REASON_BASIC_INFO_CHANGE  USN_REASON_CLOSE,usnjrnl,NTFS:\$Extend\$UsnJrnl:$J,-
2023-12-26T23:27:10.193345+00:00,Metadata Modification Time,FILE,NTFS USN change,strings.json File reference: 143466-7 Parent file reference: 143465-4 Update source:  Update reason: USN_REASON_FILE_CREATE,usnjrnl,NTFS:\$Extend\$UsnJrnl:$J,-
2023-12-26T23:27:10.209408+00:00,Metadata Modification Time,FILE,NTFS USN change,ja File reference: 143551-5 Parent file reference: 142435-4 Update source:  Update reason: USN_REASON_FILE_CREATE,usnjrnl,NTFS:\$Extend\$UsnJrnl:$J,-
2023-12-26T23:27:10.209408+00:00,Metadata Modification Time,FILE,NTFS USN change,ja File reference: 143551-5 Parent file reference: 142435-4 Update source:  Update reason: USN_REASON_FILE_CREATE  USN_REASON_CLOSE,usnjrnl,NTFS:\$Extend\$UsnJrnl:$J,-
2023-12-26T23:27:10.209408+00:00,Metadata Modification Time,FILE,NTFS USN change,strings.json File reference: 143541-4 Parent file reference: 143537-4 Update source:  Update reason: USN_REASON_DATA_EXTEND  USN_REASON_FILE_CREATE,usnjrnl,NTFS:\$Extend\$UsnJrnl:$J,-
2023-12-26T23:27:10.209408+00:00,Metadata Modification Time,FILE,NTFS USN change,strings.json File reference: 143541-4 Parent file reference: 143537-4 Update source:  Update reason: USN_REASON_DATA_EXTEND  USN_REASON_FILE_CREATE  USN_REASON_BASIC_INFO_CHANGE,usnjrnl,NTFS:\$Extend\$UsnJrnl:$J,-
2023-12-26T23:27:10.209408+00:00,Metadata Modification Time,FILE,NTFS USN change,strings.json File reference: 143541-4 Parent file reference: 143537-4 Update source:  Update reason: USN_REASON_DATA_EXTEND  USN_REASON_FILE_CREATE  USN_REASON_BASIC_INFO_CHANGE  USN_REASON_CLOSE,usnjrnl,NTFS:\$Extend\$UsnJrnl:$J,-
2023-12-26T23:27:10.209408+00:00,Metadata Modification Time,FILE,NTFS USN change,strings.json File reference: 143541-4 Parent file reference: 143537-4 Update source:  Update reason: USN_REASON_FILE_CREATE,usnjrnl,NTFS:\$Extend\$UsnJrnl:$J,-
2023-12-26T23:27:10.209408+00:00,Metadata Modification Time,FILE,NTFS USN change,strings.json File reference: 143619-4 Parent file reference: 143551-5 Update source:  Update reason: USN_REASON_DATA_EXTEND  USN_REASON_FILE_CREATE,usnjrnl,NTFS:\$Extend\$UsnJrnl:$J,-
2023-12-26T23:27:10.209408+00:00,Metadata Modification Time,FILE,NTFS USN change,strings.json File reference: 143619-4 Parent file reference: 143551-5 Update source:  Update reason: USN_REASON_DATA_EXTEND  USN_REASON_FILE_CREATE  USN_REASON_BASIC_INFO_CHANGE,usnjrnl,NTFS:\$Extend\$UsnJrnl:$J,-
2023-12-26T23:27:10.209408+00:00,Metadata Modification Time,FILE,NTFS USN change,strings.json File reference: 143619-4 Parent file reference: 143551-5 Update source:  Update reason: USN_REASON_DATA_EXTEND  USN_REASON_FILE_CREATE  USN_REASON_BASIC_INFO_CHANGE  USN_REASON_CLOSE,usnjrnl,NTFS:\$Extend\$UsnJrnl:$J,-
2023-12-26T23:27:10.209408+00:00,Metadata Modification Time,FILE,NTFS USN change,strings.json File reference: 143619-4 Parent file reference: 143551-5 Update source:  Update reason: USN_REASON_FILE_CREATE,usnjrnl,NTFS:\$Extend\$UsnJrnl:$J,-
2023-12-26T23:27:10.224545+00:00,Metadata Modification Time,FILE,NTFS USN change,ko File reference: 143620-5 Parent file reference: 142435-4 Update source:  Update reason: USN_REASON_FILE_CREATE,usnjrnl,NTFS:\$Extend\$UsnJrnl:$J,-
2023-12-26T23:27:10.224545+00:00,Metadata Modification Time,FILE,NTFS USN change,ko File reference: 143620-5 Parent file reference: 142435-4 Update source:  Update reason: USN_REASON_FILE_CREATE  USN_REASON_CLOSE,usnjrnl,NTFS:\$Extend\$UsnJrnl:$J,-
2023-12-26T23:27:10.224545+00:00,Metadata Modification Time,FILE,NTFS USN change,nl File reference: 143647-7 Parent file reference: 142435-4 Update source:  Update reason: USN_REASON_FILE_CREATE,usnjrnl,NTFS:\$Extend\$UsnJrnl:$J,-
2023-12-26T23:27:10.224545+00:00,Metadata Modification Time,FILE,NTFS USN change,nl File reference: 143647-7 Parent file reference: 142435-4 Update source:  Update reason: USN_REASON_FILE_CREATE  USN_REASON_CLOSE,usnjrnl,NTFS:\$Extend\$UsnJrnl:$J,-
2023-12-26T23:27:10.224545+00:00,Metadata Modification Time,FILE,NTFS USN change,strings.json File reference: 143621-5 Parent file reference: 143620-5 Update source:  Update reason: USN_REASON_DATA_EXTEND  USN_REASON_FILE_CREATE,usnjrnl,NTFS:\$Extend\$UsnJrnl:$J,-
2023-12-26T23:27:10.224545+00:00,Metadata Modification Time,FILE,NTFS USN change,strings.json File reference: 143621-5 Parent file reference: 143620-5 Update source:  Update reason: USN_REASON_DATA_EXTEND  USN_REASON_FILE_CREATE  USN_REASON_BASIC_INFO_CHANGE,usnjrnl,NTFS:\$Extend\$UsnJrnl:$J,-
2023-12-26T23:27:10.224545+00:00,Metadata Modification Time,FILE,NTFS USN change,strings.json File reference: 143621-5 Parent file reference: 143620-5 Update source:  Update reason: USN_REASON_DATA_EXTEND  USN_REASON_FILE_CREATE  USN_REASON_BASIC_INFO_CHANGE  USN_REASON_CLOSE,usnjrnl,NTFS:\$Extend\$UsnJrnl:$J,-
2023-12-26T23:27:10.224545+00:00,Metadata Modification Time,FILE,NTFS USN change,strings.json File reference: 143621-5 Parent file reference: 143620-5 Update source:  Update reason: USN_REASON_FILE_CREATE,usnjrnl,NTFS:\$Extend\$UsnJrnl:$J,-
2023-12-26T23:27:10.224545+00:00,Metadata Modification Time,FILE,NTFS USN change,strings.json File reference: 143648-9 Parent file reference: 143647-7 Update source:  Update reason: USN_REASON_FILE_CREATE,usnjrnl,NTFS:\$Extend\$UsnJrnl:$J,-
2023-12-26T23:27:10.240198+00:00,Metadata Modification Time,FILE,NTFS USN change,pt-BR File reference: 143651-7 Parent file reference: 142435-4 Update source:  Update reason: USN_REASON_FILE_CREATE,usnjrnl,NTFS:\$Extend\$UsnJrnl:$J,-
2023-12-26T23:27:10.240198+00:00,Metadata Modification Time,FILE,NTFS USN change,pt-BR File reference: 143651-7 Parent file reference: 142435-4 Update source:  Update reason: USN_REASON_FILE_CREATE  USN_REASON_CLOSE,usnjrnl,NTFS:\$Extend\$UsnJrnl:$J,-
2023-12-26T23:27:10.240198+00:00,Metadata Modification Time,FILE,NTFS USN change,pt-PT File reference: 143676-4 Parent file reference: 142435-4 Update source:  Update reason: USN_REASON_FILE_CREATE,usnjrnl,NTFS:\$Extend\$UsnJrnl:$J,-
2023-12-26T23:27:10.240198+00:00,Metadata Modification Time,FILE,NTFS USN change,pt-PT File reference: 143676-4 Parent file reference: 142435-4 Update source:  Update reason: USN_REASON_FILE_CREATE  USN_REASON_CLOSE,usnjrnl,NTFS:\$Extend\$UsnJrnl:$J,-
2023-12-26T23:27:10.240198+00:00,Metadata Modification Time,FILE,NTFS USN change,strings.json File reference: 143648-9 Parent file reference: 143647-7 Update source:  Update reason: USN_REASON_DATA_EXTEND  USN_REASON_FILE_CREATE,usnjrnl,NTFS:\$Extend\$UsnJrnl:$J,-
2023-12-26T23:27:10.240198+00:00,Metadata Modification Time,FILE,NTFS USN change,strings.json File reference: 143648-9 Parent file reference: 143647-7 Update source:  Update reason: USN_REASON_DATA_EXTEND  USN_REASON_FILE_CREATE  USN_REASON_BASIC_INFO_CHANGE,usnjrnl,NTFS:\$Extend\$UsnJrnl:$J,-
2023-12-26T23:27:10.240198+00:00,Metadata Modification Time,FILE,NTFS USN change,strings.json File reference: 143648-9 Parent file reference: 143647-7 Update source:  Update reason: USN_REASON_DATA_EXTEND  USN_REASON_FILE_CREATE  USN_REASON_BASIC_INFO_CHANGE  USN_REASON_CLOSE,usnjrnl,NTFS:\$Extend\$UsnJrnl:$J,-
2023-12-26T23:27:10.240198+00:00,Metadata Modification Time,FILE,NTFS USN change,strings.json File reference: 143659-7 Parent file reference: 143651-7 Update source:  Update reason: USN_REASON_DATA_EXTEND  USN_REASON_FILE_CREATE,usnjrnl,NTFS:\$Extend\$UsnJrnl:$J,-
2023-12-26T23:27:10.240198+00:00,Metadata Modification Time,FILE,NTFS USN change,strings.json File reference: 143659-7 Parent file reference: 143651-7 Update source:  Update reason: USN_REASON_DATA_EXTEND  USN_REASON_FILE_CREATE  USN_REASON_BASIC_INFO_CHANGE,usnjrnl,NTFS:\$Extend\$UsnJrnl:$J,-
2023-12-26T23:27:10.240198+00:00,Metadata Modification Time,FILE,NTFS USN change,strings.json File reference: 143659-7 Parent file reference: 143651-7 Update source:  Update reason: USN_REASON_DATA_EXTEND  USN_REASON_FILE_CREATE  USN_REASON_BASIC_INFO_CHANGE  USN_REASON_CLOSE,usnjrnl,NTFS:\$Extend\$UsnJrnl:$J,-
2023-12-26T23:27:10.240198+00:00,Metadata Modification Time,FILE,NTFS USN change,strings.json File reference: 143659-7 Parent file reference: 143651-7 Update source:  Update reason: USN_REASON_FILE_CREATE,usnjrnl,NTFS:\$Extend\$UsnJrnl:$J,-
2023-12-26T23:27:10.255564+00:00,Metadata Modification Time,FILE,NTFS USN change,ru File reference: 143693-5 Parent file reference: 142435-4 Update source:  Update reason: USN_REASON_FILE_CREATE,usnjrnl,NTFS:\$Extend\$UsnJrnl:$J,-
2023-12-26T23:27:10.255564+00:00,Metadata Modification Time,FILE,NTFS USN change,ru File reference: 143693-5 Parent file reference: 142435-4 Update source:  Update reason: USN_REASON_FILE_CREATE  USN_REASON_CLOSE,usnjrnl,NTFS:\$Extend\$UsnJrnl:$J,-
2023-12-26T23:27:10.255564+00:00,Metadata Modification Time,FILE,NTFS USN change,strings.json File reference: 143692-7 Parent file reference: 143676-4 Update source:  Update reason: USN_REASON_DATA_EXTEND  USN_REASON_FILE_CREATE,usnjrnl,NTFS:\$Extend\$UsnJrnl:$J,-
2023-12-26T23:27:10.255564+00:00,Metadata Modification Time,FILE,NTFS USN change,strings.json File reference: 143692-7 Parent file reference: 143676-4 Update source:  Update reason: USN_REASON_DATA_EXTEND  USN_REASON_FILE_CREATE  USN_REASON_BASIC_INFO_CHANGE,usnjrnl,NTFS:\$Extend\$UsnJrnl:$J,-
2023-12-26T23:27:10.255564+00:00,Metadata Modification Time,FILE,NTFS USN change,strings.json File reference: 143692-7 Parent file reference: 143676-4 Update source:  Update reason: USN_REASON_DATA_EXTEND  USN_REASON_FILE_CREATE  USN_REASON_BASIC_INFO_CHANGE  USN_REASON_CLOSE,usnjrnl,NTFS:\$Extend\$UsnJrnl:$J,-
2023-12-26T23:27:10.255564+00:00,Metadata Modification Time,FILE,NTFS USN change,strings.json File reference: 143692-7 Parent file reference: 143676-4 Update source:  Update reason: USN_REASON_FILE_CREATE,usnjrnl,NTFS:\$Extend\$UsnJrnl:$J,-
2023-12-26T23:27:10.255564+00:00,Metadata Modification Time,FILE,NTFS USN change,strings.json File reference: 143695-4 Parent file reference: 143693-5 Update source:  Update reason: USN_REASON_DATA_EXTEND  USN_REASON_FILE_CREATE,usnjrnl,NTFS:\$Extend\$UsnJrnl:$J,-
2023-12-26T23:27:10.255564+00:00,Metadata Modification Time,FILE,NTFS USN change,strings.json File reference: 143695-4 Parent file reference: 143693-5 Update source:  Update reason: USN_REASON_DATA_EXTEND  USN_REASON_FILE_CREATE  USN_REASON_BASIC_INFO_CHANGE,usnjrnl,NTFS:\$Extend\$UsnJrnl:$J,-
2023-12-26T23:27:10.255564+00:00,Metadata Modification Time,FILE,NTFS USN change,strings.json File reference: 143695-4 Parent file reference: 143693-5 Update source:  Update reason: USN_REASON_FILE_CREATE,usnjrnl,NTFS:\$Extend\$UsnJrnl:$J,-
2023-12-26T23:27:10.271423+00:00,Metadata Modification Time,FILE,NTFS USN change,strings.json File reference: 143695-4 Parent file reference: 143693-5 Update source:  Update reason: USN_REASON_DATA_EXTEND  USN_REASON_FILE_CREATE  USN_REASON_BASIC_INFO_CHANGE  USN_REASON_CLOSE,usnjrnl,NTFS:\$Extend\$UsnJrnl:$J,-
2023-12-26T23:27:10.271423+00:00,Metadata Modification Time,FILE,NTFS USN change,strings.json File reference: 143698-8 Parent file reference: 143696-7 Update source:  Update reason: USN_REASON_DATA_EXTEND  USN_REASON_FILE_CREATE,usnjrnl,NTFS:\$Extend\$UsnJrnl:$J,-
2023-12-26T23:27:10.271423+00:00,Metadata Modification Time,FILE,NTFS USN change,strings.json File reference: 143698-8 Parent file reference: 143696-7 Update source:  Update reason: USN_REASON_DATA_EXTEND  USN_REASON_FILE_CREATE  USN_REASON_BASIC_INFO_CHANGE,usnjrnl,NTFS:\$Extend\$UsnJrnl:$J,-
2023-12-26T23:27:10.271423+00:00,Metadata Modification Time,FILE,NTFS USN change,strings.json File reference: 143698-8 Parent file reference: 143696-7 Update source:  Update reason: USN_REASON_DATA_EXTEND  USN_REASON_FILE_CREATE  USN_REASON_BASIC_INFO_CHANGE  USN_REASON_CLOSE,usnjrnl,NTFS:\$Extend\$UsnJrnl:$J,-
2023-12-26T23:27:10.271423+00:00,Metadata Modification Time,FILE,NTFS USN change,strings.json File reference: 143698-8 Parent file reference: 143696-7 Update source:  Update reason: USN_REASON_FILE_CREATE,usnjrnl,NTFS:\$Extend\$UsnJrnl:$J,-
2023-12-26T23:27:10.271423+00:00,Metadata Modification Time,FILE,NTFS USN change,sv File reference: 143696-7 Parent file reference: 142435-4 Update source:  Update reason: USN_REASON_FILE_CREATE,usnjrnl,NTFS:\$Extend\$UsnJrnl:$J,-
2023-12-26T23:27:10.271423+00:00,Metadata Modification Time,FILE,NTFS USN change,sv File reference: 143696-7 Parent file reference: 142435-4 Update source:  Update reason: USN_REASON_FILE_CREATE  USN_REASON_CLOSE,usnjrnl,NTFS:\$Extend\$UsnJrnl:$J,-
2023-12-26T23:27:10.271423+00:00,Metadata Modification Time,FILE,NTFS USN change,zh-Hans File reference: 143699-4 Parent file reference: 142435-4 Update source:  Update reason: USN_REASON_FILE_CREATE,usnjrnl,NTFS:\$Extend\$UsnJrnl:$J,-
2023-12-26T23:27:10.286775+00:00,Metadata Modification Time,FILE,NTFS USN change,strings.json File reference: 143700-4 Parent file reference: 143699-4 Update source:  Update reason: USN_REASON_DATA_EXTEND  USN_REASON_FILE_CREATE,usnjrnl,NTFS:\$Extend\$UsnJrnl:$J,-
2023-12-26T23:27:10.286775+00:00,Metadata Modification Time,FILE,NTFS USN change,strings.json File reference: 143700-4 Parent file reference: 143699-4 Update source:  Update reason: USN_REASON_DATA_EXTEND  USN_REASON_FILE_CREATE  USN_REASON_BASIC_INFO_CHANGE,usnjrnl,NTFS:\$Extend\$UsnJrnl:$J,-
2023-12-26T23:27:10.286775+00:00,Metadata Modification Time,FILE,NTFS USN change,strings.json File reference: 143700-4 Parent file reference: 143699-4 Update source:  Update reason: USN_REASON_DATA_EXTEND  USN_REASON_FILE_CREATE  USN_REASON_BASIC_INFO_CHANGE  USN_REASON_CLOSE,usnjrnl,NTFS:\$Extend\$UsnJrnl:$J,-
2023-12-26T23:27:10.286775+00:00,Metadata Modification Time,FILE,NTFS USN change,strings.json File reference: 143700-4 Parent file reference: 143699-4 Update source:  Update reason: USN_REASON_FILE_CREATE,usnjrnl,NTFS:\$Extend\$UsnJrnl:$J,-
2023-12-26T23:27:10.286775+00:00,Metadata Modification Time,FILE,NTFS USN change,zh-Hans File reference: 143699-4 Parent file reference: 142435-4 Update source:  Update reason: USN_REASON_FILE_CREATE  USN_REASON_CLOSE,usnjrnl,NTFS:\$Extend\$UsnJrnl:$J,-
2023-12-26T23:27:10.286775+00:00,Metadata Modification Time,FILE,NTFS USN change,zh-Hant File reference: 143701-4 Parent file reference: 142435-4 Update source:  Update reason: USN_REASON_FILE_CREATE,usnjrnl,NTFS:\$Extend\$UsnJrnl:$J,-
2023-12-26T23:27:10.286775+00:00,Metadata Modification Time,FILE,NTFS USN change,zh-Hant File reference: 143701-4 Parent file reference: 142435-4 Update source:  Update reason: USN_REASON_FILE_CREATE  USN_REASON_CLOSE,usnjrnl,NTFS:\$Extend\$UsnJrnl:$J,-
2023-12-26T23:27:10.304486+00:00,Metadata Modification Time,FILE,NTFS USN change,ar File reference: 143707-4 Parent file reference: 143706-4 Update source:  Update reason: USN_REASON_FILE_CREATE,usnjrnl,NTFS:\$Extend\$UsnJrnl:$J,-
2023-12-26T23:27:10.304486+00:00,Metadata Modification Time,FILE,NTFS USN change,ar File reference: 143707-4 Parent file reference: 143706-4 Update source:  Update reason: USN_REASON_FILE_CREATE  USN_REASON_CLOSE,usnjrnl,NTFS:\$Extend\$UsnJrnl:$J,-
2023-12-26T23:27:10.304486+00:00,Metadata Modification Time,FILE,NTFS USN change,i18n-shared-components File reference: 143706-4 Parent file reference: 135289-6 Update source:  Update reason: USN_REASON_FILE_CREATE,usnjrnl,NTFS:\$Extend\$UsnJrnl:$J,-
2023-12-26T23:27:10.304486+00:00,Metadata Modification Time,FILE,NTFS USN change,i18n-shared-components File reference: 143706-4 Parent file reference: 135289-6 Update source:  Update reason: USN_REASON_FILE_CREATE  USN_REASON_CLOSE,usnjrnl,NTFS:\$Extend\$UsnJrnl:$J,-
2023-12-26T23:27:10.304486+00:00,Metadata Modification Time,FILE,NTFS USN change,strings.json File reference: 143702-4 Parent file reference: 143701-4 Update source:  Update reason: USN_REASON_DATA_EXTEND  USN_REASON_FILE_CREATE,usnjrnl,NTFS:\$Extend\$UsnJrnl:$J,-
2023-12-26T23:27:10.304486+00:00,Metadata Modification Time,FILE,NTFS USN change,strings.json File reference: 143702-4 Parent file reference: 143701-4 Update source:  Update reason: USN_REASON_DATA_EXTEND  USN_REASON_FILE_CREATE  USN_REASON_BASIC_INFO_CHANGE,usnjrnl,NTFS:\$Extend\$UsnJrnl:$J,-
2023-12-26T23:27:10.304486+00:00,Metadata Modification Time,FILE,NTFS USN change,strings.json File reference: 143702-4 Parent file reference: 143701-4 Update source:  Update reason: USN_REASON_DATA_EXTEND  USN_REASON_FILE_CREATE  USN_REASON_BASIC_INFO_CHANGE  USN_REASON_CLOSE,usnjrnl,NTFS:\$Extend\$UsnJrnl:$J,-
2023-12-26T23:27:10.304486+00:00,Metadata Modification Time,FILE,NTFS USN change,strings.json File reference: 143702-4 Parent file reference: 143701-4 Update source:  Update reason: USN_REASON_FILE_CREATE,usnjrnl,NTFS:\$Extend\$UsnJrnl:$J,-
2023-12-26T23:27:10.320661+00:00,Metadata Modification Time,FILE,NTFS USN change,de File reference: 143709-4 Parent file reference: 143706-4 Update source:  Update reason: USN_REASON_FILE_CREATE,usnjrnl,NTFS:\$Extend\$UsnJrnl:$J,-
2023-12-26T23:27:10.320661+00:00,Metadata Modification Time,FILE,NTFS USN change,de File reference: 143709-4 Parent file reference: 143706-4 Update source:  Update reason: USN_REASON_FILE_CREATE  USN_REASON_CLOSE,usnjrnl,NTFS:\$Extend\$UsnJrnl:$J,-
2023-12-26T23:27:10.320661+00:00,Metadata Modification Time,FILE,NTFS USN change,el File reference: 143725-7 Parent file reference: 143706-4 Update source:  Update reason: USN_REASON_FILE_CREATE,usnjrnl,NTFS:\$Extend\$UsnJrnl:$J,-
2023-12-26T23:27:10.320661+00:00,Metadata Modification Time,FILE,NTFS USN change,strings.json File reference: 143708-7 Parent file reference: 143707-4 Update source:  Update reason: USN_REASON_DATA_EXTEND  USN_REASON_FILE_CREATE,usnjrnl,NTFS:\$Extend\$UsnJrnl:$J,-
2023-12-26T23:27:10.320661+00:00,Metadata Modification Time,FILE,NTFS USN change,strings.json File reference: 143708-7 Parent file reference: 143707-4 Update source:  Update reason: USN_REASON_DATA_EXTEND  USN_REASON_FILE_CREATE  USN_REASON_BASIC_INFO_CHANGE,usnjrnl,NTFS:\$Extend\$UsnJrnl:$J,-
2023-12-26T23:27:10.320661+00:00,Metadata Modification Time,FILE,NTFS USN change,strings.json File reference: 143708-7 Parent file reference: 143707-4 Update source:  Update reason: USN_REASON_DATA_EXTEND  USN_REASON_FILE_CREATE  USN_REASON_BASIC_INFO_CHANGE  USN_REASON_CLOSE,usnjrnl,NTFS:\$Extend\$UsnJrnl:$J,-
2023-12-26T23:27:10.320661+00:00,Metadata Modification Time,FILE,NTFS USN change,strings.json File reference: 143708-7 Parent file reference: 143707-4 Update source:  Update reason: USN_REASON_FILE_CREATE,usnjrnl,NTFS:\$Extend\$UsnJrnl:$J,-
2023-12-26T23:27:10.320661+00:00,Metadata Modification Time,FILE,NTFS USN change,strings.json File reference: 143719-5 Parent file reference: 143709-4 Update source:  Update reason: USN_REASON_DATA_EXTEND  USN_REASON_FILE_CREATE,usnjrnl,NTFS:\$Extend\$UsnJrnl:$J,-
2023-12-26T23:27:10.320661+00:00,Metadata Modification Time,FILE,NTFS USN change,strings.json File reference: 143719-5 Parent file reference: 143709-4 Update source:  Update reason: USN_REASON_DATA_EXTEND  USN_REASON_FILE_CREATE  USN_REASON_BASIC_INFO_CHANGE,usnjrnl,NTFS:\$Extend\$UsnJrnl:$J,-
2023-12-26T23:27:10.320661+00:00,Metadata Modification Time,FILE,NTFS USN change,strings.json File reference: 143719-5 Parent file reference: 143709-4 Update source:  Update reason: USN_REASON_DATA_EXTEND  USN_REASON_FILE_CREATE  USN_REASON_BASIC_INFO_CHANGE  USN_REASON_CLOSE,usnjrnl,NTFS:\$Extend\$UsnJrnl:$J,-
2023-12-26T23:27:10.320661+00:00,Metadata Modification Time,FILE,NTFS USN change,strings.json File reference: 143719-5 Parent file reference: 143709-4 Update source:  Update reason: USN_REASON_FILE_CREATE,usnjrnl,NTFS:\$Extend\$UsnJrnl:$J,-
2023-12-26T23:27:10.337238+00:00,Metadata Modification Time,FILE,NTFS USN change,el File reference: 143725-7 Parent file reference: 143706-4 Update source:  Update reason: USN_REASON_FILE_CREATE  USN_REASON_CLOSE,usnjrnl,NTFS:\$Extend\$UsnJrnl:$J,-
2023-12-26T23:27:10.337238+00:00,Metadata Modification Time,FILE,NTFS USN change,strings.json File reference: 143730-10 Parent file reference: 143725-7 Update source:  Update reason: USN_REASON_DATA_EXTEND  USN_REASON_FILE_CREATE,usnjrnl,NTFS:\$Extend\$UsnJrnl:$J,-
2023-12-26T23:27:10.337238+00:00,Metadata Modification Time,FILE,NTFS USN change,strings.json File reference: 143730-10 Parent file reference: 143725-7 Update source:  Update reason: USN_REASON_DATA_EXTEND  USN_REASON_FILE_CREATE  USN_REASON_BASIC_INFO_CHANGE,usnjrnl,NTFS:\$Extend\$UsnJrnl:$J,-
2023-12-26T23:27:10.337238+00:00,Metadata Modification Time,FILE,NTFS USN change,strings.json File reference: 143730-10 Parent file reference: 143725-7 Update source:  Update reason: USN_REASON_FILE_CREATE,usnjrnl,NTFS:\$Extend\$UsnJrnl:$J,-
2023-12-26T23:27:10.352584+00:00,Metadata Modification Time,FILE,NTFS USN change,en-GB File reference: 143735-7 Parent file reference: 143706-4 Update source:  Update reason: USN_REASON_FILE_CREATE,usnjrnl,NTFS:\$Extend\$UsnJrnl:$J,-
2023-12-26T23:27:10.352584+00:00,Metadata Modification Time,FILE,NTFS USN change,en-GB File reference: 143735-7 Parent file reference: 143706-4 Update source:  Update reason: USN_REASON_FILE_CREATE  USN_REASON_CLOSE,usnjrnl,NTFS:\$Extend\$UsnJrnl:$J,-
2023-12-26T23:27:10.352584+00:00,Metadata Modification Time,FILE,NTFS USN change,strings.json File reference: 143730-10 Parent file reference: 143725-7 Update source:  Update reason: USN_REASON_DATA_EXTEND  USN_REASON_FILE_CREATE  USN_REASON_BASIC_INFO_CHANGE  USN_REASON_CLOSE,usnjrnl,NTFS:\$Extend\$UsnJrnl:$J,-
2023-12-26T23:27:10.352584+00:00,Metadata Modification Time,FILE,NTFS USN change,strings.json File reference: 143757-7 Parent file reference: 143735-7 Update source:  Update reason: USN_REASON_DATA_EXTEND  USN_REASON_FILE_CREATE,usnjrnl,NTFS:\$Extend\$UsnJrnl:$J,-
2023-12-26T23:27:10.352584+00:00,Metadata Modification Time,FILE,NTFS USN change,strings.json File reference: 143757-7 Parent file reference: 143735-7 Update source:  Update reason: USN_REASON_DATA_EXTEND  USN_REASON_FILE_CREATE  USN_REASON_BASIC_INFO_CHANGE,usnjrnl,NTFS:\$Extend\$UsnJrnl:$J,-
2023-12-26T23:27:10.352584+00:00,Metadata Modification Time,FILE,NTFS USN change,strings.json File reference: 143757-7 Parent file reference: 143735-7 Update source:  Update reason: USN_REASON_DATA_EXTEND  USN_REASON_FILE_CREATE  USN_REASON_BASIC_INFO_CHANGE  USN_REASON_CLOSE,usnjrnl,NTFS:\$Extend\$UsnJrnl:$J,-
2023-12-26T23:27:10.352584+00:00,Metadata Modification Time,FILE,NTFS USN change,strings.json File reference: 143757-7 Parent file reference: 143735-7 Update source:  Update reason: USN_REASON_FILE_CREATE,usnjrnl,NTFS:\$Extend\$UsnJrnl:$J,-
2023-12-26T23:27:10.368043+00:00,Metadata Modification Time,FILE,NTFS USN change,es File reference: 143761-7 Parent file reference: 143706-4 Update source:  Update reason: USN_REASON_FILE_CREATE,usnjrnl,NTFS:\$Extend\$UsnJrnl:$J,-
2023-12-26T23:27:10.368043+00:00,Metadata Modification Time,FILE,NTFS USN change,es File reference: 143761-7 Parent file reference: 143706-4 Update source:  Update reason: USN_REASON_FILE_CREATE  USN_REASON_CLOSE,usnjrnl,NTFS:\$Extend\$UsnJrnl:$J,-
2023-12-26T23:27:10.368043+00:00,Metadata Modification Time,FILE,NTFS USN change,strings.json File reference: 143766-4 Parent file reference: 143761-7 Update source:  Update reason: USN_REASON_DATA_EXTEND  USN_REASON_FILE_CREATE,usnjrnl,NTFS:\$Extend\$UsnJrnl:$J,-
2023-12-26T23:27:10.368043+00:00,Metadata Modification Time,FILE,NTFS USN change,strings.json File reference: 143766-4 Parent file reference: 143761-7 Update source:  Update reason: USN_REASON_FILE_CREATE,usnjrnl,NTFS:\$Extend\$UsnJrnl:$J,-
2023-12-26T23:27:10.384148+00:00,Metadata Modification Time,FILE,NTFS USN change,fi File reference: 143767-4 Parent file reference: 143706-4 Update source:  Update reason: USN_REASON_FILE_CREATE,usnjrnl,NTFS:\$Extend\$UsnJrnl:$J,-
2023-12-26T23:27:10.384148+00:00,Metadata Modification Time,FILE,NTFS USN change,fi File reference: 143767-4 Parent file reference: 143706-4 Update source:  Update reason: USN_REASON_FILE_CREATE  USN_REASON_CLOSE,usnjrnl,NTFS:\$Extend\$UsnJrnl:$J,-
2023-12-26T23:27:10.384148+00:00,Metadata Modification Time,FILE,NTFS USN change,strings.json File reference: 143766-4 Parent file reference: 143761-7 Update source:  Update reason: USN_REASON_DATA_EXTEND  USN_REASON_FILE_CREATE  USN_REASON_BASIC_INFO_CHANGE,usnjrnl,NTFS:\$Extend\$UsnJrnl:$J,-
2023-12-26T23:27:10.384148+00:00,Metadata Modification Time,FILE,NTFS USN change,strings.json File reference: 143766-4 Parent file reference: 143761-7 Update source:  Update reason: USN_REASON_DATA_EXTEND  USN_REASON_FILE_CREATE  USN_REASON_BASIC_INFO_CHANGE  USN_REASON_CLOSE,usnjrnl,NTFS:\$Extend\$UsnJrnl:$J,-
2023-12-26T23:27:10.384148+00:00,Metadata Modification Time,FILE,NTFS USN change,strings.json File reference: 143768-4 Parent file reference: 143767-4 Update source:  Update reason: USN_REASON_DATA_EXTEND  USN_REASON_FILE_CREATE,usnjrnl,NTFS:\$Extend\$UsnJrnl:$J,-
2023-12-26T23:27:10.384148+00:00,Metadata Modification Time,FILE,NTFS USN change,strings.json File reference: 143768-4 Parent file reference: 143767-4 Update source:  Update reason: USN_REASON_DATA_EXTEND  USN_REASON_FILE_CREATE  USN_REASON_BASIC_INFO_CHANGE,usnjrnl,NTFS:\$Extend\$UsnJrnl:$J,-
2023-12-26T23:27:10.384148+00:00,Metadata Modification Time,FILE,NTFS USN change,strings.json File reference: 143768-4 Parent file reference: 143767-4 Update source:  Update reason: USN_REASON_DATA_EXTEND  USN_REASON_FILE_CREATE  USN_REASON_BASIC_INFO_CHANGE  USN_REASON_CLOSE,usnjrnl,NTFS:\$Extend\$UsnJrnl:$J,-
2023-12-26T23:27:10.384148+00:00,Metadata Modification Time,FILE,NTFS USN change,strings.json File reference: 143768-4 Parent file reference: 143767-4 Update source:  Update reason: USN_REASON_FILE_CREATE,usnjrnl,NTFS:\$Extend\$UsnJrnl:$J,-
2023-12-26T23:27:10.408117+00:00,Metadata Modification Time,FILE,NTFS USN change,fr File reference: 143769-4 Parent file reference: 143706-4 Update source:  Update reason: USN_REASON_FILE_CREATE,usnjrnl,NTFS:\$Extend\$UsnJrnl:$J,-
2023-12-26T23:27:10.415030+00:00,Metadata Modification Time,FILE,NTFS USN change,fr File reference: 143769-4 Parent file reference: 143706-4 Update source:  Update reason: USN_REASON_FILE_CREATE  USN_REASON_CLOSE,usnjrnl,NTFS:\$Extend\$UsnJrnl:$J,-
2023-12-26T23:27:10.415030+00:00,Metadata Modification Time,FILE,NTFS USN change,fr-CA File reference: 143770-4 Parent file reference: 143706-4 Update source:  Update reason: USN_REASON_FILE_CREATE,usnjrnl,NTFS:\$Extend\$UsnJrnl:$J,-
2023-12-26T23:27:10.415030+00:00,Metadata Modification Time,FILE,NTFS USN change,fr-CA File reference: 143770-4 Parent file reference: 143706-4 Update source:  Update reason: USN_REASON_FILE_CREATE  USN_REASON_CLOSE,usnjrnl,NTFS:\$Extend\$UsnJrnl:$J,-
2023-12-26T23:27:10.424531+00:00,Metadata Modification Time,FILE,NTFS USN change,strings.json File reference: 143771-4 Parent file reference: 143770-4 Update source:  Update reason: USN_REASON_DATA_EXTEND  USN_REASON_FILE_CREATE,usnjrnl,NTFS:\$Extend\$UsnJrnl:$J,-
2023-12-26T23:27:10.424531+00:00,Metadata Modification Time,FILE,NTFS USN change,strings.json File reference: 143771-4 Parent file reference: 143770-4 Update source:  Update reason: USN_REASON_DATA_EXTEND  USN_REASON_FILE_CREATE  USN_REASON_BASIC_INFO_CHANGE,usnjrnl,NTFS:\$Extend\$UsnJrnl:$J,-
2023-12-26T23:27:10.424531+00:00,Metadata Modification Time,FILE,NTFS USN change,strings.json File reference: 143771-4 Parent file reference: 143770-4 Update source:  Update reason: USN_REASON_DATA_EXTEND  USN_REASON_FILE_CREATE  USN_REASON_BASIC_INFO_CHANGE  USN_REASON_CLOSE,usnjrnl,NTFS:\$Extend\$UsnJrnl:$J,-
2023-12-26T23:27:10.424531+00:00,Metadata Modification Time,FILE,NTFS USN change,strings.json File reference: 143771-4 Parent file reference: 143770-4 Update source:  Update reason: USN_REASON_FILE_CREATE,usnjrnl,NTFS:\$Extend\$UsnJrnl:$J,-
2023-12-26T23:27:10.424531+00:00,Metadata Modification Time,FILE,NTFS USN change,strings.json File reference: 143772-4 Parent file reference: 143769-4 Update source:  Update reason: USN_REASON_DATA_EXTEND  USN_REASON_FILE_CREATE,usnjrnl,NTFS:\$Extend\$UsnJrnl:$J,-
2023-12-26T23:27:10.424531+00:00,Metadata Modification Time,FILE,NTFS USN change,strings.json File reference: 143772-4 Parent file reference: 143769-4 Update source:  Update reason: USN_REASON_FILE_CREATE,usnjrnl,NTFS:\$Extend\$UsnJrnl:$J,-
2023-12-26T23:27:10.440649+00:00,Metadata Modification Time,FILE,NTFS USN change,id File reference: 143773-4 Parent file reference: 143706-4 Update source:  Update reason: USN_REASON_FILE_CREATE,usnjrnl,NTFS:\$Extend\$UsnJrnl:$J,-
2023-12-26T23:27:10.440649+00:00,Metadata Modification Time,FILE,NTFS USN change,id File reference: 143773-4 Parent file reference: 143706-4 Update source:  Update reason: USN_REASON_FILE_CREATE  USN_REASON_CLOSE,usnjrnl,NTFS:\$Extend\$UsnJrnl:$J,-
2023-12-26T23:27:10.440649+00:00,Metadata Modification Time,FILE,NTFS USN change,it File reference: 143775-4 Parent file reference: 143706-4 Update source:  Update reason: USN_REASON_FILE_CREATE,usnjrnl,NTFS:\$Extend\$UsnJrnl:$J,-
2023-12-26T23:27:10.440649+00:00,Metadata Modification Time,FILE,NTFS USN change,it File reference: 143775-4 Parent file reference: 143706-4 Update source:  Update reason: USN_REASON_FILE_CREATE  USN_REASON_CLOSE,usnjrnl,NTFS:\$Extend\$UsnJrnl:$J,-
2023-12-26T23:27:10.440649+00:00,Metadata Modification Time,FILE,NTFS USN change,strings.json File reference: 143772-4 Parent file reference: 143769-4 Update source:  Update reason: USN_REASON_DATA_EXTEND  USN_REASON_FILE_CREATE  USN_REASON_BASIC_INFO_CHANGE,usnjrnl,NTFS:\$Extend\$UsnJrnl:$J,-
2023-12-26T23:27:10.440649+00:00,Metadata Modification Time,FILE,NTFS USN change,strings.json File reference: 143772-4 Parent file reference: 143769-4 Update source:  Update reason: USN_REASON_DATA_EXTEND  USN_REASON_FILE_CREATE  USN_REASON_BASIC_INFO_CHANGE  USN_REASON_CLOSE,usnjrnl,NTFS:\$Extend\$UsnJrnl:$J,-
2023-12-26T23:27:10.440649+00:00,Metadata Modification Time,FILE,NTFS USN change,strings.json File reference: 143774-4 Parent file reference: 143773-4 Update source:  Update reason: USN_REASON_DATA_EXTEND  USN_REASON_FILE_CREATE,usnjrnl,NTFS:\$Extend\$UsnJrnl:$J,-
2023-12-26T23:27:10.440649+00:00,Metadata Modification Time,FILE,NTFS USN change,strings.json File reference: 143774-4 Parent file reference: 143773-4 Update source:  Update reason: USN_REASON_DATA_EXTEND  USN_REASON_FILE_CREATE  USN_REASON_BASIC_INFO_CHANGE,usnjrnl,NTFS:\$Extend\$UsnJrnl:$J,-
2023-12-26T23:27:10.440649+00:00,Metadata Modification Time,FILE,NTFS USN change,strings.json File reference: 143774-4 Parent file reference: 143773-4 Update source:  Update reason: USN_REASON_DATA_EXTEND  USN_REASON_FILE_CREATE  USN_REASON_BASIC_INFO_CHANGE  USN_REASON_CLOSE,usnjrnl,NTFS:\$Extend\$UsnJrnl:$J,-
2023-12-26T23:27:10.440649+00:00,Metadata Modification Time,FILE,NTFS USN change,strings.json File reference: 143774-4 Parent file reference: 143773-4 Update source:  Update reason: USN_REASON_FILE_CREATE,usnjrnl,NTFS:\$Extend\$UsnJrnl:$J,-
2023-12-26T23:27:10.456612+00:00,Metadata Modification Time,FILE,NTFS USN change,ja File reference: 143777-4 Parent file reference: 143706-4 Update source:  Update reason: USN_REASON_FILE_CREATE,usnjrnl,NTFS:\$Extend\$UsnJrnl:$J,-
2023-12-26T23:27:10.456612+00:00,Metadata Modification Time,FILE,NTFS USN change,ja File reference: 143777-4 Parent file reference: 143706-4 Update source:  Update reason: USN_REASON_FILE_CREATE  USN_REASON_CLOSE,usnjrnl,NTFS:\$Extend\$UsnJrnl:$J,-
2023-12-26T23:27:10.456612+00:00,Metadata Modification Time,FILE,NTFS USN change,strings.json File reference: 143776-4 Parent file reference: 143775-4 Update source:  Update reason: USN_REASON_DATA_EXTEND  USN_REASON_FILE_CREATE,usnjrnl,NTFS:\$Extend\$UsnJrnl:$J,-
2023-12-26T23:27:10.456612+00:00,Metadata Modification Time,FILE,NTFS USN change,strings.json File reference: 143776-4 Parent file reference: 143775-4 Update source:  Update reason: USN_REASON_DATA_EXTEND  USN_REASON_FILE_CREATE  USN_REASON_BASIC_INFO_CHANGE,usnjrnl,NTFS:\$Extend\$UsnJrnl:$J,-
2023-12-26T23:27:10.456612+00:00,Metadata Modification Time,FILE,NTFS USN change,strings.json File reference: 143776-4 Parent file reference: 143775-4 Update source:  Update reason: USN_REASON_DATA_EXTEND  USN_REASON_FILE_CREATE  USN_REASON_BASIC_INFO_CHANGE  USN_REASON_CLOSE,usnjrnl,NTFS:\$Extend\$UsnJrnl:$J,-
2023-12-26T23:27:10.456612+00:00,Metadata Modification Time,FILE,NTFS USN change,strings.json File reference: 143776-4 Parent file reference: 143775-4 Update source:  Update reason: USN_REASON_FILE_CREATE,usnjrnl,NTFS:\$Extend\$UsnJrnl:$J,-
2023-12-26T23:27:10.471952+00:00,Metadata Modification Time,FILE,NTFS USN change,ko File reference: 143781-4 Parent file reference: 143706-4 Update source:  Update reason: USN_REASON_FILE_CREATE,usnjrnl,NTFS:\$Extend\$UsnJrnl:$J,-
2023-12-26T23:27:10.471952+00:00,Metadata Modification Time,FILE,NTFS USN change,ko File reference: 143781-4 Parent file reference: 143706-4 Update source:  Update reason: USN_REASON_FILE_CREATE  USN_REASON_CLOSE,usnjrnl,NTFS:\$Extend\$UsnJrnl:$J,-
2023-12-26T23:27:10.471952+00:00,Metadata Modification Time,FILE,NTFS USN change,strings.json File reference: 143778-4 Parent file reference: 143777-4 Update source:  Update reason: USN_REASON_DATA_EXTEND  USN_REASON_FILE_CREATE,usnjrnl,NTFS:\$Extend\$UsnJrnl:$J,-
2023-12-26T23:27:10.471952+00:00,Metadata Modification Time,FILE,NTFS USN change,strings.json File reference: 143778-4 Parent file reference: 143777-4 Update source:  Update reason: USN_REASON_DATA_EXTEND  USN_REASON_FILE_CREATE  USN_REASON_BASIC_INFO_CHANGE,usnjrnl,NTFS:\$Extend\$UsnJrnl:$J,-
2023-12-26T23:27:10.471952+00:00,Metadata Modification Time,FILE,NTFS USN change,strings.json File reference: 143778-4 Parent file reference: 143777-4 Update source:  Update reason: USN_REASON_DATA_EXTEND  USN_REASON_FILE_CREATE  USN_REASON_BASIC_INFO_CHANGE  USN_REASON_CLOSE,usnjrnl,NTFS:\$Extend\$UsnJrnl:$J,-
2023-12-26T23:27:10.471952+00:00,Metadata Modification Time,FILE,NTFS USN change,strings.json File reference: 143778-4 Parent file reference: 143777-4 Update source:  Update reason: USN_REASON_FILE_CREATE,usnjrnl,NTFS:\$Extend\$UsnJrnl:$J,-
2023-12-26T23:27:10.487560+00:00,Metadata Modification Time,FILE,NTFS USN change,nl File reference: 143783-4 Parent file reference: 143706-4 Update source:  Update reason: USN_REASON_FILE_CREATE,usnjrnl,NTFS:\$Extend\$UsnJrnl:$J,-
2023-12-26T23:27:10.487560+00:00,Metadata Modification Time,FILE,NTFS USN change,nl File reference: 143783-4 Parent file reference: 143706-4 Update source:  Update reason: USN_REASON_FILE_CREATE  USN_REASON_CLOSE,usnjrnl,NTFS:\$Extend\$UsnJrnl:$J,-
2023-12-26T23:27:10.487560+00:00,Metadata Modification Time,FILE,NTFS USN change,strings.json File reference: 143782-4 Parent file reference: 143781-4 Update source:  Update reason: USN_REASON_DATA_EXTEND  USN_REASON_FILE_CREATE,usnjrnl,NTFS:\$Extend\$UsnJrnl:$J,-
2023-12-26T23:27:10.487560+00:00,Metadata Modification Time,FILE,NTFS USN change,strings.json File reference: 143782-4 Parent file reference: 143781-4 Update source:  Update reason: USN_REASON_DATA_EXTEND  USN_REASON_FILE_CREATE  USN_REASON_BASIC_INFO_CHANGE,usnjrnl,NTFS:\$Extend\$UsnJrnl:$J,-
2023-12-26T23:27:10.487560+00:00,Metadata Modification Time,FILE,NTFS USN change,strings.json File reference: 143782-4 Parent file reference: 143781-4 Update source:  Update reason: USN_REASON_DATA_EXTEND  USN_REASON_FILE_CREATE  USN_REASON_BASIC_INFO_CHANGE  USN_REASON_CLOSE,usnjrnl,NTFS:\$Extend\$UsnJrnl:$J,-
2023-12-26T23:27:10.487560+00:00,Metadata Modification Time,FILE,NTFS USN change,strings.json File reference: 143782-4 Parent file reference: 143781-4 Update source:  Update reason: USN_REASON_FILE_CREATE,usnjrnl,NTFS:\$Extend\$UsnJrnl:$J,-
2023-12-26T23:27:10.487560+00:00,Metadata Modification Time,FILE,NTFS USN change,strings.json File reference: 143784-4 Parent file reference: 143783-4 Update source:  Update reason: USN_REASON_FILE_CREATE,usnjrnl,NTFS:\$Extend\$UsnJrnl:$J,-
2023-12-26T23:27:10.508299+00:00,Metadata Modification Time,FILE,NTFS USN change,pt-BR File reference: 143785-4 Parent file reference: 143706-4 Update source:  Update reason: USN_REASON_FILE_CREATE,usnjrnl,NTFS:\$Extend\$UsnJrnl:$J,-
2023-12-26T23:27:10.508299+00:00,Metadata Modification Time,FILE,NTFS USN change,pt-BR File reference: 143785-4 Parent file reference: 143706-4 Update source:  Update reason: USN_REASON_FILE_CREATE  USN_REASON_CLOSE,usnjrnl,NTFS:\$Extend\$UsnJrnl:$J,-
2023-12-26T23:27:10.508299+00:00,Metadata Modification Time,FILE,NTFS USN change,strings.json File reference: 143784-4 Parent file reference: 143783-4 Update source:  Update reason: USN_REASON_DATA_EXTEND  USN_REASON_FILE_CREATE,usnjrnl,NTFS:\$Extend\$UsnJrnl:$J,-
2023-12-26T23:27:10.508299+00:00,Metadata Modification Time,FILE,NTFS USN change,strings.json File reference: 143784-4 Parent file reference: 143783-4 Update source:  Update reason: USN_REASON_DATA_EXTEND  USN_REASON_FILE_CREATE  USN_REASON_BASIC_INFO_CHANGE,usnjrnl,NTFS:\$Extend\$UsnJrnl:$J,-
2023-12-26T23:27:10.508299+00:00,Metadata Modification Time,FILE,NTFS USN change,strings.json File reference: 143784-4 Parent file reference: 143783-4 Update source:  Update reason: USN_REASON_DATA_EXTEND  USN_REASON_FILE_CREATE  USN_REASON_BASIC_INFO_CHANGE  USN_REASON_CLOSE,usnjrnl,NTFS:\$Extend\$UsnJrnl:$J,-
2023-12-26T23:27:10.508299+00:00,Metadata Modification Time,FILE,NTFS USN change,strings.json File reference: 143786-4 Parent file reference: 143785-4 Update source:  Update reason: USN_REASON_FILE_CREATE,usnjrnl,NTFS:\$Extend\$UsnJrnl:$J,-
2023-12-26T23:27:10.519659+00:00,Metadata Modification Time,FILE,NTFS USN change,strings.json File reference: 143786-4 Parent file reference: 143785-4 Update source:  Update reason: USN_REASON_DATA_EXTEND  USN_REASON_FILE_CREATE,usnjrnl,NTFS:\$Extend\$UsnJrnl:$J,-
2023-12-26T23:27:10.519659+00:00,Metadata Modification Time,FILE,NTFS USN change,strings.json File reference: 143786-4 Parent file reference: 143785-4 Update source:  Update reason: USN_REASON_DATA_EXTEND  USN_REASON_FILE_CREATE  USN_REASON_BASIC_INFO_CHANGE,usnjrnl,NTFS:\$Extend\$UsnJrnl:$J,-
2023-12-26T23:27:10.519659+00:00,Metadata Modification Time,FILE,NTFS USN change,strings.json File reference: 143786-4 Parent file reference: 143785-4 Update source:  Update reason: USN_REASON_DATA_EXTEND  USN_REASON_FILE_CREATE  USN_REASON_BASIC_INFO_CHANGE  USN_REASON_CLOSE,usnjrnl,NTFS:\$Extend\$UsnJrnl:$J,-
2023-12-26T23:27:10.524774+00:00,Metadata Modification Time,FILE,NTFS USN change,pt-PT File reference: 143787-4 Parent file reference: 143706-4 Update source:  Update reason: USN_REASON_FILE_CREATE,usnjrnl,NTFS:\$Extend\$UsnJrnl:$J,-
2023-12-26T23:27:10.524774+00:00,Metadata Modification Time,FILE,NTFS USN change,pt-PT File reference: 143787-4 Parent file reference: 143706-4 Update source:  Update reason: USN_REASON_FILE_CREATE  USN_REASON_CLOSE,usnjrnl,NTFS:\$Extend\$UsnJrnl:$J,-
2023-12-26T23:27:10.524774+00:00,Metadata Modification Time,FILE,NTFS USN change,ru File reference: 143789-4 Parent file reference: 143706-4 Update source:  Update reason: USN_REASON_FILE_CREATE,usnjrnl,NTFS:\$Extend\$UsnJrnl:$J,-
2023-12-26T23:27:10.524774+00:00,Metadata Modification Time,FILE,NTFS USN change,ru File reference: 143789-4 Parent file reference: 143706-4 Update source:  Update reason: USN_REASON_FILE_CREATE  USN_REASON_CLOSE,usnjrnl,NTFS:\$Extend\$UsnJrnl:$J,-
2023-12-26T23:27:10.524774+00:00,Metadata Modification Time,FILE,NTFS USN change,strings.json File reference: 143788-4 Parent file reference: 143787-4 Update source:  Update reason: USN_REASON_DATA_EXTEND  USN_REASON_FILE_CREATE,usnjrnl,NTFS:\$Extend\$UsnJrnl:$J,-
2023-12-26T23:27:10.524774+00:00,Metadata Modification Time,FILE,NTFS USN change,strings.json File reference: 143788-4 Parent file reference: 143787-4 Update source:  Update reason: USN_REASON_DATA_EXTEND  USN_REASON_FILE_CREATE  USN_REASON_BASIC_INFO_CHANGE,usnjrnl,NTFS:\$Extend\$UsnJrnl:$J,-
2023-12-26T23:27:10.524774+00:00,Metadata Modification Time,FILE,NTFS USN change,strings.json File reference: 143788-4 Parent file reference: 143787-4 Update source:  Update reason: USN_REASON_DATA_EXTEND  USN_REASON_FILE_CREATE  USN_REASON_BASIC_INFO_CHANGE  USN_REASON_CLOSE,usnjrnl,NTFS:\$Extend\$UsnJrnl:$J,-
2023-12-26T23:27:10.524774+00:00,Metadata Modification Time,FILE,NTFS USN change,strings.json File reference: 143788-4 Parent file reference: 143787-4 Update source:  Update reason: USN_REASON_FILE_CREATE,usnjrnl,NTFS:\$Extend\$UsnJrnl:$J,-
2023-12-26T23:27:10.524774+00:00,Metadata Modification Time,FILE,NTFS USN change,strings.json File reference: 143790-4 Parent file reference: 143789-4 Update source:  Update reason: USN_REASON_DATA_EXTEND  USN_REASON_FILE_CREATE,usnjrnl,NTFS:\$Extend\$UsnJrnl:$J,-
2023-12-26T23:27:10.524774+00:00,Metadata Modification Time,FILE,NTFS USN change,strings.json File reference: 143790-4 Parent file reference: 143789-4 Update source:  Update reason: USN_REASON_DATA_EXTEND  USN_REASON_FILE_CREATE  USN_REASON_BASIC_INFO_CHANGE,usnjrnl,NTFS:\$Extend\$UsnJrnl:$J,-
2023-12-26T23:27:10.524774+00:00,Metadata Modification Time,FILE,NTFS USN change,strings.json File reference: 143790-4 Parent file reference: 143789-4 Update source:  Update reason: USN_REASON_FILE_CREATE,usnjrnl,NTFS:\$Extend\$UsnJrnl:$J,-
2023-12-26T23:27:10.541601+00:00,Metadata Modification Time,FILE,NTFS USN change,strings.json File reference: 143790-4 Parent file reference: 143789-4 Update source:  Update reason: USN_REASON_DATA_EXTEND  USN_REASON_FILE_CREATE  USN_REASON_BASIC_INFO_CHANGE  USN_REASON_CLOSE,usnjrnl,NTFS:\$Extend\$UsnJrnl:$J,-
2023-12-26T23:27:10.541601+00:00,Metadata Modification Time,FILE,NTFS USN change,strings.json File reference: 143792-4 Parent file reference: 143791-4 Update source:  Update reason: USN_REASON_DATA_EXTEND  USN_REASON_FILE_CREATE,usnjrnl,NTFS:\$Extend\$UsnJrnl:$J,-
2023-12-26T23:27:10.541601+00:00,Metadata Modification Time,FILE,NTFS USN change,strings.json File reference: 143792-4 Parent file reference: 143791-4 Update source:  Update reason: USN_REASON_DATA_EXTEND  USN_REASON_FILE_CREATE  USN_REASON_BASIC_INFO_CHANGE,usnjrnl,NTFS:\$Extend\$UsnJrnl:$J,-
2023-12-26T23:27:10.541601+00:00,Metadata Modification Time,FILE,NTFS USN change,strings.json File reference: 143792-4 Parent file reference: 143791-4 Update source:  Update reason: USN_REASON_DATA_EXTEND  USN_REASON_FILE_CREATE  USN_REASON_BASIC_INFO_CHANGE  USN_REASON_CLOSE,usnjrnl,NTFS:\$Extend\$UsnJrnl:$J,-
2023-12-26T23:27:10.541601+00:00,Metadata Modification Time,FILE,NTFS USN change,strings.json File reference: 143792-4 Parent file reference: 143791-4 Update source:  Update reason: USN_REASON_FILE_CREATE,usnjrnl,NTFS:\$Extend\$UsnJrnl:$J,-
2023-12-26T23:27:10.541601+00:00,Metadata Modification Time,FILE,NTFS USN change,sv File reference: 143791-4 Parent file reference: 143706-4 Update source:  Update reason: USN_REASON_FILE_CREATE,usnjrnl,NTFS:\$Extend\$UsnJrnl:$J,-
2023-12-26T23:27:10.541601+00:00,Metadata Modification Time,FILE,NTFS USN change,sv File reference: 143791-4 Parent file reference: 143706-4 Update source:  Update reason: USN_REASON_FILE_CREATE  USN_REASON_CLOSE,usnjrnl,NTFS:\$Extend\$UsnJrnl:$J,-
2023-12-26T23:27:10.541601+00:00,Metadata Modification Time,FILE,NTFS USN change,zh-Hans File reference: 143793-4 Parent file reference: 143706-4 Update source:  Update reason: USN_REASON_FILE_CREATE,usnjrnl,NTFS:\$Extend\$UsnJrnl:$J,-
2023-12-26T23:27:10.541601+00:00,Metadata Modification Time,FILE,NTFS USN change,zh-Hans File reference: 143793-4 Parent file reference: 143706-4 Update source:  Update reason: USN_REASON_FILE_CREATE  USN_REASON_CLOSE,usnjrnl,NTFS:\$Extend\$UsnJrnl:$J,-
2023-12-26T23:27:10.556788+00:00,Metadata Modification Time,FILE,NTFS USN change,strings.json File reference: 143794-4 Parent file reference: 143793-4 Update source:  Update reason: USN_REASON_DATA_EXTEND  USN_REASON_FILE_CREATE,usnjrnl,NTFS:\$Extend\$UsnJrnl:$J,-
2023-12-26T23:27:10.556788+00:00,Metadata Modification Time,FILE,NTFS USN change,strings.json File reference: 143794-4 Parent file reference: 143793-4 Update source:  Update reason: USN_REASON_DATA_EXTEND  USN_REASON_FILE_CREATE  USN_REASON_BASIC_INFO_CHANGE,usnjrnl,NTFS:\$Extend\$UsnJrnl:$J,-
2023-12-26T23:27:10.556788+00:00,Metadata Modification Time,FILE,NTFS USN change,strings.json File reference: 143794-4 Parent file reference: 143793-4 Update source:  Update reason: USN_REASON_DATA_EXTEND  USN_REASON_FILE_CREATE  USN_REASON_BASIC_INFO_CHANGE  USN_REASON_CLOSE,usnjrnl,NTFS:\$Extend\$UsnJrnl:$J,-
2023-12-26T23:27:10.556788+00:00,Metadata Modification Time,FILE,NTFS USN change,strings.json File reference: 143794-4 Parent file reference: 143793-4 Update source:  Update reason: USN_REASON_FILE_CREATE,usnjrnl,NTFS:\$Extend\$UsnJrnl:$J,-
2023-12-26T23:27:10.556788+00:00,Metadata Modification Time,FILE,NTFS USN change,zh-Hant File reference: 143795-4 Parent file reference: 143706-4 Update source:  Update reason: USN_REASON_FILE_CREATE,usnjrnl,NTFS:\$Extend\$UsnJrnl:$J,-
2023-12-26T23:27:10.556788+00:00,Metadata Modification Time,FILE,NTFS USN change,zh-Hant File reference: 143795-4 Parent file reference: 143706-4 Update source:  Update reason: USN_REASON_FILE_CREATE  USN_REASON_CLOSE,usnjrnl,NTFS:\$Extend\$UsnJrnl:$J,-
2023-12-26T23:27:10.572742+00:00,Metadata Modification Time,FILE,NTFS USN change,i18n-tokenized-card File reference: 143797-4 Parent file reference: 135289-6 Update source:  Update reason: USN_REASON_FILE_CREATE,usnjrnl,NTFS:\$Extend\$UsnJrnl:$J,-
2023-12-26T23:27:10.572742+00:00,Metadata Modification Time,FILE,NTFS USN change,i18n-tokenized-card File reference: 143797-4 Parent file reference: 135289-6 Update source:  Update reason: USN_REASON_FILE_CREATE  USN_REASON_CLOSE,usnjrnl,NTFS:\$Extend\$UsnJrnl:$J,-
2023-12-26T23:27:10.572742+00:00,Metadata Modification Time,FILE,NTFS USN change,strings.json File reference: 143796-4 Parent file reference: 143795-4 Update source:  Update reason: USN_REASON_DATA_EXTEND  USN_REASON_FILE_CREATE,usnjrnl,NTFS:\$Extend\$UsnJrnl:$J,-
2023-12-26T23:27:10.572742+00:00,Metadata Modification Time,FILE,NTFS USN change,strings.json File reference: 143796-4 Parent file reference: 143795-4 Update source:  Update reason: USN_REASON_DATA_EXTEND  USN_REASON_FILE_CREATE  USN_REASON_BASIC_INFO_CHANGE,usnjrnl,NTFS:\$Extend\$UsnJrnl:$J,-
2023-12-26T23:27:10.572742+00:00,Metadata Modification Time,FILE,NTFS USN change,strings.json File reference: 143796-4 Parent file reference: 143795-4 Update source:  Update reason: USN_REASON_DATA_EXTEND  USN_REASON_FILE_CREATE  USN_REASON_BASIC_INFO_CHANGE  USN_REASON_CLOSE,usnjrnl,NTFS:\$Extend\$UsnJrnl:$J,-
2023-12-26T23:27:10.572742+00:00,Metadata Modification Time,FILE,NTFS USN change,strings.json File reference: 143796-4 Parent file reference: 143795-4 Update source:  Update reason: USN_REASON_FILE_CREATE,usnjrnl,NTFS:\$Extend\$UsnJrnl:$J,-
2023-12-26T23:27:10.591623+00:00,Metadata Modification Time,FILE,NTFS USN change,ar File reference: 143798-4 Parent file reference: 143797-4 Update source:  Update reason: USN_REASON_FILE_CREATE,usnjrnl,NTFS:\$Extend\$UsnJrnl:$J,-
2023-12-26T23:27:10.591623+00:00,Metadata Modification Time,FILE,NTFS USN change,ar File reference: 143798-4 Parent file reference: 143797-4 Update source:  Update reason: USN_REASON_FILE_CREATE  USN_REASON_CLOSE,usnjrnl,NTFS:\$Extend\$UsnJrnl:$J,-
2023-12-26T23:27:10.591623+00:00,Metadata Modification Time,FILE,NTFS USN change,strings.json File reference: 143799-4 Parent file reference: 143798-4 Update source:  Update reason: USN_REASON_FILE_CREATE,usnjrnl,NTFS:\$Extend\$UsnJrnl:$J,-
2023-12-26T23:27:10.607764+00:00,Metadata Modification Time,FILE,NTFS USN change,de File reference: 143800-4 Parent file reference: 143797-4 Update source:  Update reason: USN_REASON_FILE_CREATE,usnjrnl,NTFS:\$Extend\$UsnJrnl:$J,-
2023-12-26T23:27:10.607764+00:00,Metadata Modification Time,FILE,NTFS USN change,de File reference: 143800-4 Parent file reference: 143797-4 Update source:  Update reason: USN_REASON_FILE_CREATE  USN_REASON_CLOSE,usnjrnl,NTFS:\$Extend\$UsnJrnl:$J,-
2023-12-26T23:27:10.607764+00:00,Metadata Modification Time,FILE,NTFS USN change,strings.json File reference: 143799-4 Parent file reference: 143798-4 Update source:  Update reason: USN_REASON_DATA_EXTEND  USN_REASON_FILE_CREATE,usnjrnl,NTFS:\$Extend\$UsnJrnl:$J,-
2023-12-26T23:27:10.607764+00:00,Metadata Modification Time,FILE,NTFS USN change,strings.json File reference: 143799-4 Parent file reference: 143798-4 Update source:  Update reason: USN_REASON_DATA_EXTEND  USN_REASON_FILE_CREATE  USN_REASON_BASIC_INFO_CHANGE,usnjrnl,NTFS:\$Extend\$UsnJrnl:$J,-
2023-12-26T23:27:10.607764+00:00,Metadata Modification Time,FILE,NTFS USN change,strings.json File reference: 143799-4 Parent file reference: 143798-4 Update source:  Update reason: USN_REASON_DATA_EXTEND  USN_REASON_FILE_CREATE  USN_REASON_BASIC_INFO_CHANGE  USN_REASON_CLOSE,usnjrnl,NTFS:\$Extend\$UsnJrnl:$J,-
2023-12-26T23:27:10.607764+00:00,Metadata Modification Time,FILE,NTFS USN change,strings.json File reference: 143801-4 Parent file reference: 143800-4 Update source:  Update reason: USN_REASON_DATA_EXTEND  USN_REASON_FILE_CREATE,usnjrnl,NTFS:\$Extend\$UsnJrnl:$J,-
2023-12-26T23:27:10.607764+00:00,Metadata Modification Time,FILE,NTFS USN change,strings.json File reference: 143801-4 Parent file reference: 143800-4 Update source:  Update reason: USN_REASON_DATA_EXTEND  USN_REASON_FILE_CREATE  USN_REASON_BASIC_INFO_CHANGE,usnjrnl,NTFS:\$Extend\$UsnJrnl:$J,-
2023-12-26T23:27:10.607764+00:00,Metadata Modification Time,FILE,NTFS USN change,strings.json File reference: 143801-4 Parent file reference: 143800-4 Update source:  Update reason: USN_REASON_DATA_EXTEND  USN_REASON_FILE_CREATE  USN_REASON_BASIC_INFO_CHANGE  USN_REASON_CLOSE,usnjrnl,NTFS:\$Extend\$UsnJrnl:$J,-
2023-12-26T23:27:10.607764+00:00,Metadata Modification Time,FILE,NTFS USN change,strings.json File reference: 143801-4 Parent file reference: 143800-4 Update source:  Update reason: USN_REASON_FILE_CREATE,usnjrnl,NTFS:\$Extend\$UsnJrnl:$J,-
2023-12-26T23:27:10.624531+00:00,Metadata Modification Time,FILE,NTFS USN change,en-GB File reference: 143802-4 Parent file reference: 143797-4 Update source:  Update reason: USN_REASON_FILE_CREATE,usnjrnl,NTFS:\$Extend\$UsnJrnl:$J,-
2023-12-26T23:27:10.624531+00:00,Metadata Modification Time,FILE,NTFS USN change,en-GB File reference: 143802-4 Parent file reference: 143797-4 Update source:  Update reason: USN_REASON_FILE_CREATE  USN_REASON_CLOSE,usnjrnl,NTFS:\$Extend\$UsnJrnl:$J,-
2023-12-26T23:27:10.624531+00:00,Metadata Modification Time,FILE,NTFS USN change,es File reference: 143804-4 Parent file reference: 143797-4 Update source:  Update reason: USN_REASON_FILE_CREATE,usnjrnl,NTFS:\$Extend\$UsnJrnl:$J,-
2023-12-26T23:27:10.624531+00:00,Metadata Modification Time,FILE,NTFS USN change,es File reference: 143804-4 Parent file reference: 143797-4 Update source:  Update reason: USN_REASON_FILE_CREATE  USN_REASON_CLOSE,usnjrnl,NTFS:\$Extend\$UsnJrnl:$J,-
2023-12-26T23:27:10.624531+00:00,Metadata Modification Time,FILE,NTFS USN change,strings.json File reference: 143803-4 Parent file reference: 143802-4 Update source:  Update reason: USN_REASON_DATA_EXTEND  USN_REASON_FILE_CREATE,usnjrnl,NTFS:\$Extend\$UsnJrnl:$J,-
2023-12-26T23:27:10.624531+00:00,Metadata Modification Time,FILE,NTFS USN change,strings.json File reference: 143803-4 Parent file reference: 143802-4 Update source:  Update reason: USN_REASON_DATA_EXTEND  USN_REASON_FILE_CREATE  USN_REASON_BASIC_INFO_CHANGE,usnjrnl,NTFS:\$Extend\$UsnJrnl:$J,-
2023-12-26T23:27:10.624531+00:00,Metadata Modification Time,FILE,NTFS USN change,strings.json File reference: 143803-4 Parent file reference: 143802-4 Update source:  Update reason: USN_REASON_DATA_EXTEND  USN_REASON_FILE_CREATE  USN_REASON_BASIC_INFO_CHANGE  USN_REASON_CLOSE,usnjrnl,NTFS:\$Extend\$UsnJrnl:$J,-
2023-12-26T23:27:10.624531+00:00,Metadata Modification Time,FILE,NTFS USN change,strings.json File reference: 143803-4 Parent file reference: 143802-4 Update source:  Update reason: USN_REASON_FILE_CREATE,usnjrnl,NTFS:\$Extend\$UsnJrnl:$J,-
2023-12-26T23:27:10.639504+00:00,Metadata Modification Time,FILE,NTFS USN change,strings.json File reference: 143805-4 Parent file reference: 143804-4 Update source:  Update reason: USN_REASON_FILE_CREATE,usnjrnl,NTFS:\$Extend\$UsnJrnl:$J,-
2023-12-26T23:27:10.640757+00:00,Metadata Modification Time,FILE,NTFS USN change,fr File reference: 143806-4 Parent file reference: 143797-4 Update source:  Update reason: USN_REASON_FILE_CREATE,usnjrnl,NTFS:\$Extend\$UsnJrnl:$J,-
2023-12-26T23:27:10.640757+00:00,Metadata Modification Time,FILE,NTFS USN change,fr File reference: 143806-4 Parent file reference: 143797-4 Update source:  Update reason: USN_REASON_FILE_CREATE  USN_REASON_CLOSE,usnjrnl,NTFS:\$Extend\$UsnJrnl:$J,-
2023-12-26T23:27:10.640757+00:00,Metadata Modification Time,FILE,NTFS USN change,fr-CA File reference: 143807-4 Parent file reference: 143797-4 Update source:  Update reason: USN_REASON_FILE_CREATE,usnjrnl,NTFS:\$Extend\$UsnJrnl:$J,-
2023-12-26T23:27:10.640757+00:00,Metadata Modification Time,FILE,NTFS USN change,fr-CA File reference: 143807-4 Parent file reference: 143797-4 Update source:  Update reason: USN_REASON_FILE_CREATE  USN_REASON_CLOSE,usnjrnl,NTFS:\$Extend\$UsnJrnl:$J,-
2023-12-26T23:27:10.640757+00:00,Metadata Modification Time,FILE,NTFS USN change,strings.json File reference: 143805-4 Parent file reference: 143804-4 Update source:  Update reason: USN_REASON_DATA_EXTEND  USN_REASON_FILE_CREATE,usnjrnl,NTFS:\$Extend\$UsnJrnl:$J,-
2023-12-26T23:27:10.640757+00:00,Metadata Modification Time,FILE,NTFS USN change,strings.json File reference: 143805-4 Parent file reference: 143804-4 Update source:  Update reason: USN_REASON_DATA_EXTEND  USN_REASON_FILE_CREATE  USN_REASON_BASIC_INFO_CHANGE,usnjrnl,NTFS:\$Extend\$UsnJrnl:$J,-
2023-12-26T23:27:10.640757+00:00,Metadata Modification Time,FILE,NTFS USN change,strings.json File reference: 143805-4 Parent file reference: 143804-4 Update source:  Update reason: USN_REASON_DATA_EXTEND  USN_REASON_FILE_CREATE  USN_REASON_BASIC_INFO_CHANGE  USN_REASON_CLOSE,usnjrnl,NTFS:\$Extend\$UsnJrnl:$J,-
2023-12-26T23:27:10.640757+00:00,Metadata Modification Time,FILE,NTFS USN change,strings.json File reference: 143808-4 Parent file reference: 143807-4 Update source:  Update reason: USN_REASON_DATA_EXTEND  USN_REASON_FILE_CREATE,usnjrnl,NTFS:\$Extend\$UsnJrnl:$J,-
2023-12-26T23:27:10.640757+00:00,Metadata Modification Time,FILE,NTFS USN change,strings.json File reference: 143808-4 Parent file reference: 143807-4 Update source:  Update reason: USN_REASON_DATA_EXTEND  USN_REASON_FILE_CREATE  USN_REASON_BASIC_INFO_CHANGE,usnjrnl,NTFS:\$Extend\$UsnJrnl:$J,-
2023-12-26T23:27:10.640757+00:00,Metadata Modification Time,FILE,NTFS USN change,strings.json File reference: 143808-4 Parent file reference: 143807-4 Update source:  Update reason: USN_REASON_DATA_EXTEND  USN_REASON_FILE_CREATE  USN_REASON_BASIC_INFO_CHANGE  USN_REASON_CLOSE,usnjrnl,NTFS:\$Extend\$UsnJrnl:$J,-
2023-12-26T23:27:10.640757+00:00,Metadata Modification Time,FILE,NTFS USN change,strings.json File reference: 143808-4 Parent file reference: 143807-4 Update source:  Update reason: USN_REASON_FILE_CREATE,usnjrnl,NTFS:\$Extend\$UsnJrnl:$J,-
2023-12-26T23:27:10.657019+00:00,Metadata Modification Time,FILE,NTFS USN change,id File reference: 143812-4 Parent file reference: 143797-4 Update source:  Update reason: USN_REASON_FILE_CREATE,usnjrnl,NTFS:\$Extend\$UsnJrnl:$J,-
2023-12-26T23:27:10.657019+00:00,Metadata Modification Time,FILE,NTFS USN change,id File reference: 143812-4 Parent file reference: 143797-4 Update source:  Update reason: USN_REASON_FILE_CREATE  USN_REASON_CLOSE,usnjrnl,NTFS:\$Extend\$UsnJrnl:$J,-
2023-12-26T23:27:10.657019+00:00,Metadata Modification Time,FILE,NTFS USN change,strings.json File reference: 143809-4 Parent file reference: 143806-4 Update source:  Update reason: USN_REASON_DATA_EXTEND  USN_REASON_FILE_CREATE,usnjrnl,NTFS:\$Extend\$UsnJrnl:$J,-
2023-12-26T23:27:10.657019+00:00,Metadata Modification Time,FILE,NTFS USN change,strings.json File reference: 143809-4 Parent file reference: 143806-4 Update source:  Update reason: USN_REASON_DATA_EXTEND  USN_REASON_FILE_CREATE  USN_REASON_BASIC_INFO_CHANGE,usnjrnl,NTFS:\$Extend\$UsnJrnl:$J,-
2023-12-26T23:27:10.657019+00:00,Metadata Modification Time,FILE,NTFS USN change,strings.json File reference: 143809-4 Parent file reference: 143806-4 Update source:  Update reason: USN_REASON_DATA_EXTEND  USN_REASON_FILE_CREATE  USN_REASON_BASIC_INFO_CHANGE  USN_REASON_CLOSE,usnjrnl,NTFS:\$Extend\$UsnJrnl:$J,-
2023-12-26T23:27:10.657019+00:00,Metadata Modification Time,FILE,NTFS USN change,strings.json File reference: 143809-4 Parent file reference: 143806-4 Update source:  Update reason: USN_REASON_FILE_CREATE,usnjrnl,NTFS:\$Extend\$UsnJrnl:$J,-
2023-12-26T23:27:10.672670+00:00,Metadata Modification Time,FILE,NTFS USN change,it File reference: 143814-4 Parent file reference: 143797-4 Update source:  Update reason: USN_REASON_FILE_CREATE,usnjrnl,NTFS:\$Extend\$UsnJrnl:$J,-
2023-12-26T23:27:10.672670+00:00,Metadata Modification Time,FILE,NTFS USN change,it File reference: 143814-4 Parent file reference: 143797-4 Update source:  Update reason: USN_REASON_FILE_CREATE  USN_REASON_CLOSE,usnjrnl,NTFS:\$Extend\$UsnJrnl:$J,-
2023-12-26T23:27:10.672670+00:00,Metadata Modification Time,FILE,NTFS USN change,strings.json File reference: 143813-4 Parent file reference: 143812-4 Update source:  Update reason: USN_REASON_DATA_EXTEND  USN_REASON_FILE_CREATE,usnjrnl,NTFS:\$Extend\$UsnJrnl:$J,-
2023-12-26T23:27:10.672670+00:00,Metadata Modification Time,FILE,NTFS USN change,strings.json File reference: 143813-4 Parent file reference: 143812-4 Update source:  Update reason: USN_REASON_DATA_EXTEND  USN_REASON_FILE_CREATE  USN_REASON_BASIC_INFO_CHANGE,usnjrnl,NTFS:\$Extend\$UsnJrnl:$J,-
2023-12-26T23:27:10.672670+00:00,Metadata Modification Time,FILE,NTFS USN change,strings.json File reference: 143813-4 Parent file reference: 143812-4 Update source:  Update reason: USN_REASON_DATA_EXTEND  USN_REASON_FILE_CREATE  USN_REASON_BASIC_INFO_CHANGE  USN_REASON_CLOSE,usnjrnl,NTFS:\$Extend\$UsnJrnl:$J,-
2023-12-26T23:27:10.672670+00:00,Metadata Modification Time,FILE,NTFS USN change,strings.json File reference: 143813-4 Parent file reference: 143812-4 Update source:  Update reason: USN_REASON_FILE_CREATE,usnjrnl,NTFS:\$Extend\$UsnJrnl:$J,-
2023-12-26T23:27:10.672670+00:00,Metadata Modification Time,FILE,NTFS USN change,strings.json File reference: 143826-5 Parent file reference: 143814-4 Update source:  Update reason: USN_REASON_DATA_EXTEND  USN_REASON_FILE_CREATE,usnjrnl,NTFS:\$Extend\$UsnJrnl:$J,-
2023-12-26T23:27:10.672670+00:00,Metadata Modification Time,FILE,NTFS USN change,strings.json File reference: 143826-5 Parent file reference: 143814-4 Update source:  Update reason: USN_REASON_DATA_EXTEND  USN_REASON_FILE_CREATE  USN_REASON_BASIC_INFO_CHANGE,usnjrnl,NTFS:\$Extend\$UsnJrnl:$J,-
2023-12-26T23:27:10.672670+00:00,Metadata Modification Time,FILE,NTFS USN change,strings.json File reference: 143826-5 Parent file reference: 143814-4 Update source:  Update reason: USN_REASON_FILE_CREATE,usnjrnl,NTFS:\$Extend\$UsnJrnl:$J,-
2023-12-26T23:27:10.688091+00:00,Metadata Modification Time,FILE,NTFS USN change,ja File reference: 143847-4 Parent file reference: 143797-4 Update source:  Update reason: USN_REASON_FILE_CREATE,usnjrnl,NTFS:\$Extend\$UsnJrnl:$J,-
2023-12-26T23:27:10.688091+00:00,Metadata Modification Time,FILE,NTFS USN change,strings.json File reference: 143826-5 Parent file reference: 143814-4 Update source:  Update reason: USN_REASON_DATA_EXTEND  USN_REASON_FILE_CREATE  USN_REASON_BASIC_INFO_CHANGE  USN_REASON_CLOSE,usnjrnl,NTFS:\$Extend\$UsnJrnl:$J,-
2023-12-26T23:27:10.703874+00:00,Metadata Modification Time,FILE,NTFS USN change,ja File reference: 143847-4 Parent file reference: 143797-4 Update source:  Update reason: USN_REASON_FILE_CREATE  USN_REASON_CLOSE,usnjrnl,NTFS:\$Extend\$UsnJrnl:$J,-
2023-12-26T23:27:10.703874+00:00,Metadata Modification Time,FILE,NTFS USN change,strings.json File reference: 143848-4 Parent file reference: 143847-4 Update source:  Update reason: USN_REASON_DATA_EXTEND  USN_REASON_FILE_CREATE,usnjrnl,NTFS:\$Extend\$UsnJrnl:$J,-
2023-12-26T23:27:10.703874+00:00,Metadata Modification Time,FILE,NTFS USN change,strings.json File reference: 143848-4 Parent file reference: 143847-4 Update source:  Update reason: USN_REASON_DATA_EXTEND  USN_REASON_FILE_CREATE  USN_REASON_BASIC_INFO_CHANGE,usnjrnl,NTFS:\$Extend\$UsnJrnl:$J,-
2023-12-26T23:27:10.703874+00:00,Metadata Modification Time,FILE,NTFS USN change,strings.json File reference: 143848-4 Parent file reference: 143847-4 Update source:  Update reason: USN_REASON_DATA_EXTEND  USN_REASON_FILE_CREATE  USN_REASON_BASIC_INFO_CHANGE  USN_REASON_CLOSE,usnjrnl,NTFS:\$Extend\$UsnJrnl:$J,-
2023-12-26T23:27:10.703874+00:00,Metadata Modification Time,FILE,NTFS USN change,strings.json File reference: 143848-4 Parent file reference: 143847-4 Update source:  Update reason: USN_REASON_FILE_CREATE,usnjrnl,NTFS:\$Extend\$UsnJrnl:$J,-
2023-12-26T23:27:10.719645+00:00,Metadata Modification Time,FILE,NTFS USN change,nl File reference: 143849-4 Parent file reference: 143797-4 Update source:  Update reason: USN_REASON_FILE_CREATE,usnjrnl,NTFS:\$Extend\$UsnJrnl:$J,-
2023-12-26T23:27:10.719645+00:00,Metadata Modification Time,FILE,NTFS USN change,nl File reference: 143849-4 Parent file reference: 143797-4 Update source:  Update reason: USN_REASON_FILE_CREATE  USN_REASON_CLOSE,usnjrnl,NTFS:\$Extend\$UsnJrnl:$J,-
2023-12-26T23:27:10.734853+00:00,Metadata Modification Time,FILE,NTFS USN change,strings.json File reference: 143850-4 Parent file reference: 143849-4 Update source:  Update reason: USN_REASON_DATA_EXTEND  USN_REASON_FILE_CREATE,usnjrnl,NTFS:\$Extend\$UsnJrnl:$J,-
2023-12-26T23:27:10.734853+00:00,Metadata Modification Time,FILE,NTFS USN change,strings.json File reference: 143850-4 Parent file reference: 143849-4 Update source:  Update reason: USN_REASON_DATA_EXTEND  USN_REASON_FILE_CREATE  USN_REASON_BASIC_INFO_CHANGE,usnjrnl,NTFS:\$Extend\$UsnJrnl:$J,-
2023-12-26T23:27:10.734853+00:00,Metadata Modification Time,FILE,NTFS USN change,strings.json File reference: 143850-4 Parent file reference: 143849-4 Update source:  Update reason: USN_REASON_DATA_EXTEND  USN_REASON_FILE_CREATE  USN_REASON_BASIC_INFO_CHANGE  USN_REASON_CLOSE,usnjrnl,NTFS:\$Extend\$UsnJrnl:$J,-
2023-12-26T23:27:10.734853+00:00,Metadata Modification Time,FILE,NTFS USN change,strings.json File reference: 143850-4 Parent file reference: 143849-4 Update source:  Update reason: USN_REASON_FILE_CREATE,usnjrnl,NTFS:\$Extend\$UsnJrnl:$J,-
2023-12-26T23:27:10.766881+00:00,Metadata Modification Time,FILE,NTFS USN change,pt-BR File reference: 143851-4 Parent file reference: 143797-4 Update source:  Update reason: USN_REASON_FILE_CREATE,usnjrnl,NTFS:\$Extend\$UsnJrnl:$J,-
2023-12-26T23:27:10.766881+00:00,Metadata Modification Time,FILE,NTFS USN change,pt-BR File reference: 143851-4 Parent file reference: 143797-4 Update source:  Update reason: USN_REASON_FILE_CREATE  USN_REASON_CLOSE,usnjrnl,NTFS:\$Extend\$UsnJrnl:$J,-
2023-12-26T23:27:10.766881+00:00,Metadata Modification Time,FILE,NTFS USN change,strings.json File reference: 143852-4 Parent file reference: 143851-4 Update source:  Update reason: USN_REASON_DATA_EXTEND  USN_REASON_FILE_CREATE,usnjrnl,NTFS:\$Extend\$UsnJrnl:$J,-
2023-12-26T23:27:10.766881+00:00,Metadata Modification Time,FILE,NTFS USN change,strings.json File reference: 143852-4 Parent file reference: 143851-4 Update source:  Update reason: USN_REASON_DATA_EXTEND  USN_REASON_FILE_CREATE  USN_REASON_BASIC_INFO_CHANGE,usnjrnl,NTFS:\$Extend\$UsnJrnl:$J,-
2023-12-26T23:27:10.766881+00:00,Metadata Modification Time,FILE,NTFS USN change,strings.json File reference: 143852-4 Parent file reference: 143851-4 Update source:  Update reason: USN_REASON_FILE_CREATE,usnjrnl,NTFS:\$Extend\$UsnJrnl:$J,-
2023-12-26T23:27:10.782672+00:00,Metadata Modification Time,FILE,NTFS USN change,pt-PT File reference: 143853-4 Parent file reference: 143797-4 Update source:  Update reason: USN_REASON_FILE_CREATE,usnjrnl,NTFS:\$Extend\$UsnJrnl:$J,-
2023-12-26T23:27:10.782672+00:00,Metadata Modification Time,FILE,NTFS USN change,pt-PT File reference: 143853-4 Parent file reference: 143797-4 Update source:  Update reason: USN_REASON_FILE_CREATE  USN_REASON_CLOSE,usnjrnl,NTFS:\$Extend\$UsnJrnl:$J,-
2023-12-26T23:27:10.782672+00:00,Metadata Modification Time,FILE,NTFS USN change,strings.json File reference: 143852-4 Parent file reference: 143851-4 Update source:  Update reason: USN_REASON_DATA_EXTEND  USN_REASON_FILE_CREATE  USN_REASON_BASIC_INFO_CHANGE  USN_REASON_CLOSE,usnjrnl,NTFS:\$Extend\$UsnJrnl:$J,-
2023-12-26T23:27:10.782672+00:00,Metadata Modification Time,FILE,NTFS USN change,strings.json File reference: 144087-6 Parent file reference: 143853-4 Update source:  Update reason: USN_REASON_FILE_CREATE,usnjrnl,NTFS:\$Extend\$UsnJrnl:$J,-
2023-12-26T23:27:10.797600+00:00,Metadata Modification Time,FILE,NTFS USN change,strings.json File reference: 144087-6 Parent file reference: 143853-4 Update source:  Update reason: USN_REASON_DATA_EXTEND  USN_REASON_FILE_CREATE,usnjrnl,NTFS:\$Extend\$UsnJrnl:$J,-
2023-12-26T23:27:10.798765+00:00,Metadata Modification Time,FILE,NTFS USN change,ru File reference: 144530-8 Parent file reference: 143797-4 Update source:  Update reason: USN_REASON_FILE_CREATE,usnjrnl,NTFS:\$Extend\$UsnJrnl:$J,-
2023-12-26T23:27:10.798765+00:00,Metadata Modification Time,FILE,NTFS USN change,ru File reference: 144530-8 Parent file reference: 143797-4 Update source:  Update reason: USN_REASON_FILE_CREATE  USN_REASON_CLOSE,usnjrnl,NTFS:\$Extend\$UsnJrnl:$J,-
2023-12-26T23:27:10.798765+00:00,Metadata Modification Time,FILE,NTFS USN change,strings.json File reference: 144087-6 Parent file reference: 143853-4 Update source:  Update reason: USN_REASON_DATA_EXTEND  USN_REASON_FILE_CREATE  USN_REASON_BASIC_INFO_CHANGE,usnjrnl,NTFS:\$Extend\$UsnJrnl:$J,-
2023-12-26T23:27:10.798765+00:00,Metadata Modification Time,FILE,NTFS USN change,strings.json File reference: 144087-6 Parent file reference: 143853-4 Update source:  Update reason: USN_REASON_DATA_EXTEND  USN_REASON_FILE_CREATE  USN_REASON_BASIC_INFO_CHANGE  USN_REASON_CLOSE,usnjrnl,NTFS:\$Extend\$UsnJrnl:$J,-
2023-12-26T23:27:10.798765+00:00,Metadata Modification Time,FILE,NTFS USN change,strings.json File reference: 172098-11 Parent file reference: 144530-8 Update source:  Update reason: USN_REASON_DATA_EXTEND  USN_REASON_FILE_CREATE,usnjrnl,NTFS:\$Extend\$UsnJrnl:$J,-
2023-12-26T23:27:10.798765+00:00,Metadata Modification Time,FILE,NTFS USN change,strings.json File reference: 172098-11 Parent file reference: 144530-8 Update source:  Update reason: USN_REASON_DATA_EXTEND  USN_REASON_FILE_CREATE  USN_REASON_BASIC_INFO_CHANGE,usnjrnl,NTFS:\$Extend\$UsnJrnl:$J,-
2023-12-26T23:27:10.798765+00:00,Metadata Modification Time,FILE,NTFS USN change,strings.json File reference: 172098-11 Parent file reference: 144530-8 Update source:  Update reason: USN_REASON_DATA_EXTEND  USN_REASON_FILE_CREATE  USN_REASON_BASIC_INFO_CHANGE  USN_REASON_CLOSE,usnjrnl,NTFS:\$Extend\$UsnJrnl:$J,-
2023-12-26T23:27:10.798765+00:00,Metadata Modification Time,FILE,NTFS USN change,strings.json File reference: 172098-11 Parent file reference: 144530-8 Update source:  Update reason: USN_REASON_FILE_CREATE,usnjrnl,NTFS:\$Extend\$UsnJrnl:$J,-
2023-12-26T23:27:10.798765+00:00,Metadata Modification Time,FILE,NTFS USN change,sv File reference: 174629-3 Parent file reference: 143797-4 Update source:  Update reason: USN_REASON_FILE_CREATE,usnjrnl,NTFS:\$Extend\$UsnJrnl:$J,-
2023-12-26T23:27:10.798765+00:00,Metadata Modification Time,FILE,NTFS USN change,sv File reference: 174629-3 Parent file reference: 143797-4 Update source:  Update reason: USN_REASON_FILE_CREATE  USN_REASON_CLOSE,usnjrnl,NTFS:\$Extend\$UsnJrnl:$J,-
2023-12-26T23:27:10.815026+00:00,Metadata Modification Time,FILE,NTFS USN change,strings.json File reference: 174860-4 Parent file reference: 174629-3 Update source:  Update reason: USN_REASON_DATA_EXTEND  USN_REASON_FILE_CREATE,usnjrnl,NTFS:\$Extend\$UsnJrnl:$J,-
2023-12-26T23:27:10.815026+00:00,Metadata Modification Time,FILE,NTFS USN change,strings.json File reference: 174860-4 Parent file reference: 174629-3 Update source:  Update reason: USN_REASON_DATA_EXTEND  USN_REASON_FILE_CREATE  USN_REASON_BASIC_INFO_CHANGE,usnjrnl,NTFS:\$Extend\$UsnJrnl:$J,-
2023-12-26T23:27:10.815026+00:00,Metadata Modification Time,FILE,NTFS USN change,strings.json File reference: 174860-4 Parent file reference: 174629-3 Update source:  Update reason: USN_REASON_DATA_EXTEND  USN_REASON_FILE_CREATE  USN_REASON_BASIC_INFO_CHANGE  USN_REASON_CLOSE,usnjrnl,NTFS:\$Extend\$UsnJrnl:$J,-
2023-12-26T23:27:10.815026+00:00,Metadata Modification Time,FILE,NTFS USN change,strings.json File reference: 174860-4 Parent file reference: 174629-3 Update source:  Update reason: USN_REASON_FILE_CREATE,usnjrnl,NTFS:\$Extend\$UsnJrnl:$J,-
2023-12-26T23:27:10.815026+00:00,Metadata Modification Time,FILE,NTFS USN change,zh-Hans File reference: 175637-3 Parent file reference: 143797-4 Update source:  Update reason: USN_REASON_FILE_CREATE,usnjrnl,NTFS:\$Extend\$UsnJrnl:$J,-
2023-12-26T23:27:10.815026+00:00,Metadata Modification Time,FILE,NTFS USN change,zh-Hans File reference: 175637-3 Parent file reference: 143797-4 Update source:  Update reason: USN_REASON_FILE_CREATE  USN_REASON_CLOSE,usnjrnl,NTFS:\$Extend\$UsnJrnl:$J,-
2023-12-26T23:27:10.830359+00:00,Metadata Modification Time,FILE,NTFS USN change,strings.json File reference: 175638-3 Parent file reference: 175637-3 Update source:  Update reason: USN_REASON_DATA_EXTEND  USN_REASON_FILE_CREATE,usnjrnl,NTFS:\$Extend\$UsnJrnl:$J,-
2023-12-26T23:27:10.830359+00:00,Metadata Modification Time,FILE,NTFS USN change,strings.json File reference: 175638-3 Parent file reference: 175637-3 Update source:  Update reason: USN_REASON_DATA_EXTEND  USN_REASON_FILE_CREATE  USN_REASON_BASIC_INFO_CHANGE,usnjrnl,NTFS:\$Extend\$UsnJrnl:$J,-
2023-12-26T23:27:10.830359+00:00,Metadata Modification Time,FILE,NTFS USN change,strings.json File reference: 175638-3 Parent file reference: 175637-3 Update source:  Update reason: USN_REASON_DATA_EXTEND  USN_REASON_FILE_CREATE  USN_REASON_BASIC_INFO_CHANGE  USN_REASON_CLOSE,usnjrnl,NTFS:\$Extend\$UsnJrnl:$J,-
2023-12-26T23:27:10.830359+00:00,Metadata Modification Time,FILE,NTFS USN change,strings.json File reference: 175638-3 Parent file reference: 175637-3 Update source:  Update reason: USN_REASON_FILE_CREATE,usnjrnl,NTFS:\$Extend\$UsnJrnl:$J,-
2023-12-26T23:27:10.830359+00:00,Metadata Modification Time,FILE,NTFS USN change,strings.json File reference: 175640-3 Parent file reference: 175639-3 Update source:  Update reason: USN_REASON_DATA_EXTEND  USN_REASON_FILE_CREATE,usnjrnl,NTFS:\$Extend\$UsnJrnl:$J,-
2023-12-26T23:27:10.830359+00:00,Metadata Modification Time,FILE,NTFS USN change,strings.json File reference: 175640-3 Parent file reference: 175639-3 Update source:  Update reason: USN_REASON_DATA_EXTEND  USN_REASON_FILE_CREATE  USN_REASON_BASIC_INFO_CHANGE,usnjrnl,NTFS:\$Extend\$UsnJrnl:$J,-
2023-12-26T23:27:10.830359+00:00,Metadata Modification Time,FILE,NTFS USN change,strings.json File reference: 175640-3 Parent file reference: 175639-3 Update source:  Update reason: USN_REASON_DATA_EXTEND  USN_REASON_FILE_CREATE  USN_REASON_BASIC_INFO_CHANGE  USN_REASON_CLOSE,usnjrnl,NTFS:\$Extend\$UsnJrnl:$J,-
2023-12-26T23:27:10.830359+00:00,Metadata Modification Time,FILE,NTFS USN change,strings.json File reference: 175640-3 Parent file reference: 175639-3 Update source:  Update reason: USN_REASON_FILE_CREATE,usnjrnl,NTFS:\$Extend\$UsnJrnl:$J,-
2023-12-26T23:27:10.830359+00:00,Metadata Modification Time,FILE,NTFS USN change,wallet File reference: 175641-3 Parent file reference: 135289-6 Update source:  Update reason: USN_REASON_FILE_CREATE,usnjrnl,NTFS:\$Extend\$UsnJrnl:$J,-
2023-12-26T23:27:10.830359+00:00,Metadata Modification Time,FILE,NTFS USN change,zh-Hant File reference: 175639-3 Parent file reference: 143797-4 Update source:  Update reason: USN_REASON_FILE_CREATE,usnjrnl,NTFS:\$Extend\$UsnJrnl:$J,-
2023-12-26T23:27:10.830359+00:00,Metadata Modification Time,FILE,NTFS USN change,zh-Hant File reference: 175639-3 Parent file reference: 143797-4 Update source:  Update reason: USN_REASON_FILE_CREATE  USN_REASON_CLOSE,usnjrnl,NTFS:\$Extend\$UsnJrnl:$J,-
2023-12-26T23:27:10.830359+00:00,Content Modification Time,FILE,File stat,NTFS:\Users\User\AppData\Local\Microsoft\Edge\User Data\Edge Wallet\120.16992.16988.1\json Type: directory,filestat,NTFS:\Users\User\AppData\Local\Microsoft\Edge\User Data\Edge Wallet\120.16992.16988.1\json,-
2023-12-26T23:27:10.830359+00:00,Metadata Modification Time,FILE,File stat,NTFS:\Users\User\AppData\Local\Microsoft\Edge\User Data\Edge Wallet\120.16992.16988.1\json Type: directory,filestat,NTFS:\Users\User\AppData\Local\Microsoft\Edge\User Data\Edge Wallet\120.16992.16988.1\json,-
2023-12-26T23:27:10.846131+00:00,Metadata Modification Time,FILE,NTFS USN change,README.md File reference: 175642-3 Parent file reference: 175641-3 Update source:  Update reason: USN_REASON_DATA_EXTEND  USN_REASON_FILE_CREATE,usnjrnl,NTFS:\$Extend\$UsnJrnl:$J,-
2023-12-26T23:27:10.846131+00:00,Metadata Modification Time,FILE,NTFS USN change,README.md File reference: 175642-3 Parent file reference: 175641-3 Update source:  Update reason: USN_REASON_DATA_EXTEND  USN_REASON_FILE_CREATE  USN_REASON_BASIC_INFO_CHANGE,usnjrnl,NTFS:\$Extend\$UsnJrnl:$J,-
2023-12-26T23:27:10.846131+00:00,Metadata Modification Time,FILE,NTFS USN change,README.md File reference: 175642-3 Parent file reference: 175641-3 Update source:  Update reason: USN_REASON_DATA_EXTEND  USN_REASON_FILE_CREATE  USN_REASON_BASIC_INFO_CHANGE  USN_REASON_CLOSE,usnjrnl,NTFS:\$Extend\$UsnJrnl:$J,-
2023-12-26T23:27:10.846131+00:00,Metadata Modification Time,FILE,NTFS USN change,README.md File reference: 175642-3 Parent file reference: 175641-3 Update source:  Update reason: USN_REASON_FILE_CREATE,usnjrnl,NTFS:\$Extend\$UsnJrnl:$J,-
2023-12-26T23:27:10.846131+00:00,Metadata Modification Time,FILE,NTFS USN change,super_coupon.json File reference: 175643-3 Parent file reference: 175641-3 Update source:  Update reason: USN_REASON_DATA_EXTEND  USN_REASON_FILE_CREATE,usnjrnl,NTFS:\$Extend\$UsnJrnl:$J,-
2023-12-26T23:27:10.846131+00:00,Metadata Modification Time,FILE,NTFS USN change,super_coupon.json File reference: 175643-3 Parent file reference: 175641-3 Update source:  Update reason: USN_REASON_DATA_EXTEND  USN_REASON_FILE_CREATE  USN_REASON_BASIC_INFO_CHANGE,usnjrnl,NTFS:\$Extend\$UsnJrnl:$J,-
2023-12-26T23:27:10.846131+00:00,Metadata Modification Time,FILE,NTFS USN change,super_coupon.json File reference: 175643-3 Parent file reference: 175641-3 Update source:  Update reason: USN_REASON_DATA_EXTEND  USN_REASON_FILE_CREATE  USN_REASON_BASIC_INFO_CHANGE  USN_REASON_CLOSE,usnjrnl,NTFS:\$Extend\$UsnJrnl:$J,-
2023-12-26T23:27:10.846131+00:00,Metadata Modification Time,FILE,NTFS USN change,super_coupon.json File reference: 175643-3 Parent file reference: 175641-3 Update source:  Update reason: USN_REASON_FILE_CREATE,usnjrnl,NTFS:\$Extend\$UsnJrnl:$J,-
2023-12-26T23:27:10.846131+00:00,Metadata Modification Time,FILE,NTFS USN change,wallet File reference: 175641-3 Parent file reference: 135289-6 Update source:  Update reason: USN_REASON_FILE_CREATE  USN_REASON_CLOSE,usnjrnl,NTFS:\$Extend\$UsnJrnl:$J,-
2023-12-26T23:27:10.846131+00:00,Metadata Modification Time,FILE,NTFS USN change,wallet-checkout File reference: 175644-3 Parent file reference: 175641-3 Update source:  Update reason: USN_REASON_FILE_CREATE,usnjrnl,NTFS:\$Extend\$UsnJrnl:$J,-
2023-12-26T23:27:10.846131+00:00,Metadata Modification Time,FILE,NTFS USN change,wallet-checkout File reference: 175644-3 Parent file reference: 175641-3 Update source:  Update reason: USN_REASON_FILE_CREATE  USN_REASON_CLOSE,usnjrnl,NTFS:\$Extend\$UsnJrnl:$J,-
2023-12-26T23:27:10.861825+00:00,Metadata Modification Time,FILE,NTFS USN change,wallet-checkout-eligible-sites-pre-stable.json File reference: 175645-3 Parent file reference: 175641-3 Update source:  Update reason: USN_REASON_DATA_EXTEND  USN_REASON_FILE_CREATE,usnjrnl,NTFS:\$Extend\$UsnJrnl:$J,-
2023-12-26T23:27:10.861825+00:00,Metadata Modification Time,FILE,NTFS USN change,wallet-checkout-eligible-sites-pre-stable.json File reference: 175645-3 Parent file reference: 175641-3 Update source:  Update reason: USN_REASON_DATA_EXTEND  USN_REASON_FILE_CREATE  USN_REASON_BASIC_INFO_CHANGE,usnjrnl,NTFS:\$Extend\$UsnJrnl:$J,-
2023-12-26T23:27:10.861825+00:00,Metadata Modification Time,FILE,NTFS USN change,wallet-checkout-eligible-sites-pre-stable.json File reference: 175645-3 Parent file reference: 175641-3 Update source:  Update reason: USN_REASON_DATA_EXTEND  USN_REASON_FILE_CREATE  USN_REASON_BASIC_INFO_CHANGE  USN_REASON_CLOSE,usnjrnl,NTFS:\$Extend\$UsnJrnl:$J,-
2023-12-26T23:27:10.861825+00:00,Metadata Modification Time,FILE,NTFS USN change,wallet-checkout-eligible-sites-pre-stable.json File reference: 175645-3 Parent file reference: 175641-3 Update source:  Update reason: USN_REASON_FILE_CREATE,usnjrnl,NTFS:\$Extend\$UsnJrnl:$J,-
2023-12-26T23:27:10.861825+00:00,Metadata Modification Time,FILE,NTFS USN change,wallet-checkout-eligible-sites.json File reference: 175646-3 Parent file reference: 175641-3 Update source:  Update reason: USN_REASON_DATA_EXTEND  USN_REASON_FILE_CREATE,usnjrnl,NTFS:\$Extend\$UsnJrnl:$J,-
2023-12-26T23:27:10.861825+00:00,Metadata Modification Time,FILE,NTFS USN change,wallet-checkout-eligible-sites.json File reference: 175646-3 Parent file reference: 175641-3 Update source:  Update reason: USN_REASON_FILE_CREATE,usnjrnl,NTFS:\$Extend\$UsnJrnl:$J,-
2023-12-26T23:27:10.940368+00:00,Metadata Modification Time,FILE,NTFS USN change,checkoutdata.json File reference: 175647-3 Parent file reference: 175644-3 Update source:  Update reason: USN_REASON_FILE_CREATE,usnjrnl,NTFS:\$Extend\$UsnJrnl:$J,-
2023-12-26T23:27:10.940368+00:00,Metadata Modification Time,FILE,NTFS USN change,wallet-checkout-eligible-sites.json File reference: 175646-3 Parent file reference: 175641-3 Update source:  Update reason: USN_REASON_DATA_EXTEND  USN_REASON_FILE_CREATE  USN_REASON_BASIC_INFO_CHANGE,usnjrnl,NTFS:\$Extend\$UsnJrnl:$J,-
2023-12-26T23:27:10.940368+00:00,Metadata Modification Time,FILE,NTFS USN change,wallet-checkout-eligible-sites.json File reference: 175646-3 Parent file reference: 175641-3 Update source:  Update reason: USN_REASON_DATA_EXTEND  USN_REASON_FILE_CREATE  USN_REASON_BASIC_INFO_CHANGE  USN_REASON_CLOSE,usnjrnl,NTFS:\$Extend\$UsnJrnl:$J,-
2023-12-26T23:27:10.955771+00:00,Metadata Modification Time,FILE,NTFS USN change,checkoutdata.json File reference: 175647-3 Parent file reference: 175644-3 Update source:  Update reason: USN_REASON_DATA_EXTEND  USN_REASON_FILE_CREATE,usnjrnl,NTFS:\$Extend\$UsnJrnl:$J,-
2023-12-26T23:27:10.955771+00:00,Metadata Modification Time,FILE,NTFS USN change,checkoutdata.json File reference: 175647-3 Parent file reference: 175644-3 Update source:  Update reason: USN_REASON_DATA_EXTEND  USN_REASON_FILE_CREATE  USN_REASON_BASIC_INFO_CHANGE,usnjrnl,NTFS:\$Extend\$UsnJrnl:$J,-
2023-12-26T23:27:10.955771+00:00,Metadata Modification Time,FILE,NTFS USN change,checkoutdata.json File reference: 175647-3 Parent file reference: 175644-3 Update source:  Update reason: USN_REASON_DATA_EXTEND  USN_REASON_FILE_CREATE  USN_REASON_BASIC_INFO_CHANGE  USN_REASON_CLOSE,usnjrnl,NTFS:\$Extend\$UsnJrnl:$J,-
2023-12-26T23:27:10.955771+00:00,Metadata Modification Time,FILE,NTFS USN change,wallet-notification-config.json File reference: 175648-3 Parent file reference: 175641-3 Update source:  Update reason: USN_REASON_DATA_EXTEND  USN_REASON_FILE_CREATE,usnjrnl,NTFS:\$Extend\$UsnJrnl:$J,-
2023-12-26T23:27:10.955771+00:00,Metadata Modification Time,FILE,NTFS USN change,wallet-notification-config.json File reference: 175648-3 Parent file reference: 175641-3 Update source:  Update reason: USN_REASON_DATA_EXTEND  USN_REASON_FILE_CREATE  USN_REASON_BASIC_INFO_CHANGE,usnjrnl,NTFS:\$Extend\$UsnJrnl:$J,-
2023-12-26T23:27:10.955771+00:00,Metadata Modification Time,FILE,NTFS USN change,wallet-notification-config.json File reference: 175648-3 Parent file reference: 175641-3 Update source:  Update reason: USN_REASON_DATA_EXTEND  USN_REASON_FILE_CREATE  USN_REASON_BASIC_INFO_CHANGE  USN_REASON_CLOSE,usnjrnl,NTFS:\$Extend\$UsnJrnl:$J,-
2023-12-26T23:27:10.955771+00:00,Metadata Modification Time,FILE,NTFS USN change,wallet-notification-config.json File reference: 175648-3 Parent file reference: 175641-3 Update source:  Update reason: USN_REASON_FILE_CREATE,usnjrnl,NTFS:\$Extend\$UsnJrnl:$J,-
2023-12-26T23:27:10.955771+00:00,Metadata Modification Time,FILE,NTFS USN change,wallet-pre-stable.json File reference: 175649-3 Parent file reference: 175641-3 Update source:  Update reason: USN_REASON_DATA_EXTEND  USN_REASON_FILE_CREATE,usnjrnl,NTFS:\$Extend\$UsnJrnl:$J,-
2023-12-26T23:27:10.955771+00:00,Metadata Modification Time,FILE,NTFS USN change,wallet-pre-stable.json File reference: 175649-3 Parent file reference: 175641-3 Update source:  Update reason: USN_REASON_FILE_CREATE,usnjrnl,NTFS:\$Extend\$UsnJrnl:$J,-
2023-12-26T23:27:10.971349+00:00,Metadata Modification Time,FILE,NTFS USN change,wallet-pre-stable.json File reference: 175649-3 Parent file reference: 175641-3 Update source:  Update reason: USN_REASON_DATA_EXTEND  USN_REASON_FILE_CREATE  USN_REASON_BASIC_INFO_CHANGE,usnjrnl,NTFS:\$Extend\$UsnJrnl:$J,-
2023-12-26T23:27:10.971349+00:00,Metadata Modification Time,FILE,NTFS USN change,wallet-pre-stable.json File reference: 175649-3 Parent file reference: 175641-3 Update source:  Update reason: USN_REASON_DATA_EXTEND  USN_REASON_FILE_CREATE  USN_REASON_BASIC_INFO_CHANGE  USN_REASON_CLOSE,usnjrnl,NTFS:\$Extend\$UsnJrnl:$J,-
2023-12-26T23:27:10.987084+00:00,Metadata Modification Time,FILE,NTFS USN change,wallet-stable.json File reference: 175650-3 Parent file reference: 175641-3 Update source:  Update reason: USN_REASON_DATA_EXTEND  USN_REASON_FILE_CREATE,usnjrnl,NTFS:\$Extend\$UsnJrnl:$J,-
2023-12-26T23:27:10.987084+00:00,Metadata Modification Time,FILE,NTFS USN change,wallet-stable.json File reference: 175650-3 Parent file reference: 175641-3 Update source:  Update reason: USN_REASON_FILE_CREATE,usnjrnl,NTFS:\$Extend\$UsnJrnl:$J,-
2023-12-26T23:27:11.350042+00:00,Metadata Modification Time,FILE,NTFS USN change,load-hub-i18n.bundle.js File reference: 175652-3 Parent file reference: 135261-7 Update source:  Update reason: USN_REASON_DATA_EXTEND  USN_REASON_FILE_CREATE,usnjrnl,NTFS:\$Extend\$UsnJrnl:$J,-
2023-12-26T23:27:11.350042+00:00,Metadata Modification Time,FILE,NTFS USN change,load-hub-i18n.bundle.js File reference: 175652-3 Parent file reference: 135261-7 Update source:  Update reason: USN_REASON_DATA_EXTEND  USN_REASON_FILE_CREATE  USN_REASON_BASIC_INFO_CHANGE,usnjrnl,NTFS:\$Extend\$UsnJrnl:$J,-
2023-12-26T23:27:11.350042+00:00,Metadata Modification Time,FILE,NTFS USN change,load-hub-i18n.bundle.js File reference: 175652-3 Parent file reference: 135261-7 Update source:  Update reason: USN_REASON_DATA_EXTEND  USN_REASON_FILE_CREATE  USN_REASON_BASIC_INFO_CHANGE  USN_REASON_CLOSE,usnjrnl,NTFS:\$Extend\$UsnJrnl:$J,-
2023-12-26T23:27:11.350042+00:00,Metadata Modification Time,FILE,NTFS USN change,load-hub-i18n.bundle.js File reference: 175652-3 Parent file reference: 135261-7 Update source:  Update reason: USN_REASON_FILE_CREATE,usnjrnl,NTFS:\$Extend\$UsnJrnl:$J,-
2023-12-26T23:27:11.350042+00:00,Metadata Modification Time,FILE,NTFS USN change,wallet-stable.json File reference: 175650-3 Parent file reference: 175641-3 Update source:  Update reason: USN_REASON_DATA_EXTEND  USN_REASON_FILE_CREATE  USN_REASON_BASIC_INFO_CHANGE,usnjrnl,NTFS:\$Extend\$UsnJrnl:$J,-
